#
# OBJECT NAME
#
o model_2411
mtllib 2411.mtl

#
# VERTEX BUFFER 000
#
v 0.452476 0.491739 -0.0623703
v 0.452476 0.491739 -0.203705
v 0.452476 0.98246 -0.203705
v 0.452476 0.98246 -0.0623703
v 0.452476 0.98246 -0.0623703
v 0.452476 0.98246 -0.203705
v 0.427572 0.995743 -0.211884
v 0.427572 0.995743 -0.0542221
v 0.427572 0.509146 -0.0542221
v 0.452476 0.491739 -0.0623703
v 0.452476 0.98246 -0.0623703
v 0.427572 0.995743 -0.0542221
v 0.427572 0.509146 -0.211884
v 0.427572 0.995743 -0.211884
v 0.452476 0.98246 -0.203705
v 0.452476 0.491739 -0.203705
v 0.452476 0.491739 -0.0623703
v 0.427572 0.509146 -0.0542221
v 0.182585 0.342361 -0.0542221
v 0.189145 0.313356 -0.0623779
v 0.452476 0.491739 -0.203705
v 0.452476 0.491739 -0.0623703
v 0.189145 0.313356 -0.0623779
v 0.189145 0.313356 -0.203705
v 0.427572 0.509146 -0.211884
v 0.452476 0.491739 -0.203705
v 0.189145 0.313356 -0.203705
v 0.182585 0.342361 -0.211884
v -0.189151 0.313356 -0.0623703
v 0.189145 0.313356 -0.0623779
v 0.182585 0.342361 -0.0542221
v -0.182591 0.342361 -0.0542221
v -0.189151 0.313356 -0.203705
v 0.189145 0.313356 -0.203705
v 0.189145 0.313356 -0.0623779
v -0.189151 0.313356 -0.0623703
v -0.189151 0.313356 -0.203705
v -0.182591 0.342361 -0.211884
v 0.182585 0.342361 -0.211884
v 0.189145 0.313356 -0.203705
v -0.452482 0.98246 -0.203705
v -0.452482 0.491739 -0.203705
v -0.452482 0.491739 -0.0623779
v -0.452482 0.98246 -0.0623779
v -0.427576 0.995743 -0.211884
v -0.452482 0.98246 -0.203705
v -0.452482 0.98246 -0.0623779
v -0.427576 0.995743 -0.0542221
v -0.452482 0.98246 -0.0623779
v -0.452482 0.491739 -0.0623779
v -0.427576 0.509146 -0.0542221
v -0.427576 0.995743 -0.0542221
v -0.427576 0.509146 -0.211884
v -0.452482 0.491739 -0.203705
v -0.452482 0.98246 -0.203705
v -0.427576 0.995743 -0.211884
v -0.182591 0.342361 -0.0542221
v -0.427576 0.509146 -0.0542221
v -0.452482 0.491739 -0.0623779
v -0.189151 0.313356 -0.0623703
v -0.189151 0.313356 -0.0623703
v -0.452482 0.491739 -0.0623779
v -0.452482 0.491739 -0.203705
v -0.189151 0.313356 -0.203705
v -0.189151 0.313356 -0.203705
v -0.452482 0.491739 -0.203705
v -0.427576 0.509146 -0.211884
v -0.182591 0.342361 -0.211884
v 0.427897 0.995743 -0.446655
v 0.427897 0.995743 0.446655
v 0.427897 0.509147 0.446655
v 0.427897 0.509147 -0.446655
v -0.371232 0.541177 0.446648
v 0.371229 0.541177 0.446655
v 0.371229 0.995743 0.446655
v -0.371232 0.995743 0.446648
v 0.371229 0.995743 -0.389984
v 0.371229 0.995743 0.389969
v 0.427897 0.995743 0.446655
v 0.427897 0.995743 -0.446655
v -0.371232 0.995743 0.446648
v 0.371229 0.995743 0.446655
v 0.371229 0.995743 0.389969
v -0.371232 0.995743 0.389969
v 0.371229 0.539708 -0.389984
v 0.371229 0.539708 0.389969
v 0.371229 0.995743 0.389969
v 0.371229 0.995743 -0.389984
v -0.371232 0.995743 0.389969
v 0.371229 0.995743 0.389969
v 0.371229 0.539708 0.389969
v -0.371232 0.539708 0.389969
v -0.180286 0.340879 0.446655
v 0.18028 0.340879 0.446655
v 0.157842 0.401003 0.446648
v -0.157848 0.401003 0.446655
v 0.427897 0.509147 -0.446655
v 0.427897 0.509147 0.446655
v 0.18028 0.340879 0.446655
v 0.18028 0.340879 -0.446655
v 0.427897 0.995743 0.446655
v 0.371229 0.995743 0.446655
v 0.371229 0.541177 0.446655
v 0.427897 0.509147 0.446655
v 0.371229 0.995743 0.446655
v 0.18028 0.340879 0.446655
v 0.427897 0.509147 0.446655
v 0.371229 0.541177 0.446655
v 0.157842 0.401003 0.446648
v -0.157848 0.401003 0.446655
v 0.157842 0.401003 0.446648
v -0.371232 0.541177 0.446648
v -0.371232 0.995743 0.446648
v -0.427904 0.995743 0.446655
v -0.427904 0.509147 0.446655
v -0.427904 0.995743 0.446655
v -0.371232 0.995743 0.446648
v -0.371232 0.995743 0.389969
v -0.180286 0.340879 0.446655
v -0.157848 0.401003 0.446655
v -0.371232 0.541177 0.446648
v -0.427904 0.509147 0.446655
v 0.371229 0.541177 -0.446655
v 0.371229 0.995743 -0.446655
v 0.427897 0.995743 -0.446655
v 0.427897 0.509147 -0.446655
v 0.371229 0.995743 -0.446655
v 0.18028 0.340879 -0.446655
v 0.157842 0.401003 -0.446655
v 0.371229 0.541177 -0.446655
v 0.427897 0.509147 -0.446655
v -0.427904 0.509147 0.446655
v -0.427904 0.995743 0.446655
v -0.427904 0.995743 -0.446655
v -0.427904 0.509147 -0.446655
v 0.371229 0.539708 0.389969
v 0.371229 0.539708 -0.389984
v -0.371232 0.539708 -0.390015
v -0.371232 0.539708 0.389969
v -0.371232 0.995743 -0.446655
v 0.371229 0.995743 -0.446655
v 0.371229 0.541177 -0.446655
v -0.371232 0.541177 -0.446655
v 0.371229 0.995743 -0.389984
v 0.371229 0.995743 -0.446655
v -0.371232 0.995743 -0.446655
v -0.371232 0.995743 -0.390015
v -0.371232 0.995743 -0.390015
v -0.371232 0.995743 0.389969
v -0.371232 0.539708 0.389969
v -0.371232 0.539708 -0.390015
v -0.371232 0.539708 -0.390015
v 0.371229 0.539708 -0.389984
v 0.371229 0.995743 -0.389984
v -0.371232 0.995743 -0.390015
v 0.157842 0.401003 -0.446655
v 0.18028 0.340879 -0.446655
v -0.180286 0.340879 -0.446655
v -0.157848 0.401003 -0.446663
v 0.18028 0.340879 -0.446655
v 0.18028 0.340879 0.446655
v -0.180286 0.340879 0.446655
v -0.180286 0.340879 -0.446655
v -0.180286 0.340879 0.446655
v -0.427904 0.509147 0.446655
v -0.427904 0.509147 -0.446655
v -0.180286 0.340879 -0.446655
v -0.427904 0.995743 -0.446655
v -0.371232 0.995743 -0.446655
v -0.371232 0.541177 -0.446655
v -0.427904 0.509147 -0.446655
v -0.427904 0.995743 -0.446655
v -0.371232 0.995743 -0.390015
v -0.371232 0.995743 -0.446655
v -0.180286 0.340879 -0.446655
v -0.427904 0.509147 -0.446655
v -0.371232 0.541177 -0.446655
v -0.157848 0.401003 -0.446663
v 0.157842 0.401003 -0.446655
v -0.157848 0.401003 -0.446663
v 0.452476 0.98246 0.24118
v 0.452476 0.491739 0.24118
v 0.452476 0.491739 0.0998611
v 0.452476 0.98246 0.0998611
v 0.427572 0.995743 0.249374
v 0.452476 0.98246 0.24118
v 0.452476 0.98246 0.0998611
v 0.427572 0.995743 0.091713
v 0.452476 0.98246 0.0998611
v 0.452476 0.491739 0.0998611
v 0.427572 0.509146 0.091713
v 0.427572 0.995743 0.091713
v 0.427572 0.509146 0.249374
v 0.452476 0.491739 0.24118
v 0.452476 0.98246 0.24118
v 0.427572 0.995743 0.249374
v 0.182585 0.342361 0.091713
v 0.427572 0.509146 0.091713
v 0.452476 0.491739 0.0998611
v 0.189145 0.313356 0.0998611
v 0.189145 0.313356 0.0998611
v 0.452476 0.491739 0.0998611
v 0.452476 0.491739 0.24118
v 0.189145 0.313356 0.24118
v 0.189145 0.313356 0.24118
v 0.452476 0.491739 0.24118
v 0.427572 0.509146 0.249374
v 0.182585 0.342361 0.249367
v -0.452482 0.491739 0.0998611
v -0.452482 0.491739 0.241211
v -0.452482 0.98246 0.241211
v -0.452482 0.98246 0.0998611
v -0.452482 0.98246 0.0998611
v -0.452482 0.98246 0.241211
v -0.427576 0.995743 0.249374
v -0.427576 0.995743 0.0917053
v -0.427576 0.509146 0.0917053
v -0.452482 0.491739 0.0998611
v -0.452482 0.98246 0.0998611
v -0.427576 0.995743 0.0917053
v -0.427576 0.509146 0.249374
v -0.427576 0.995743 0.249374
v -0.452482 0.98246 0.241211
v -0.452482 0.491739 0.241211
v -0.452482 0.491739 0.0998611
v -0.427576 0.509146 0.0917053
v -0.182591 0.342361 0.091713
v -0.189151 0.313356 0.0998611
v -0.452482 0.491739 0.241211
v -0.452482 0.491739 0.0998611
v -0.189151 0.313356 0.0998611
v -0.189151 0.313356 0.241211
v -0.427576 0.509146 0.249374
v -0.452482 0.491739 0.241211
v -0.189151 0.313356 0.241211
v -0.182591 0.342361 0.249374
v 0.182585 0.342361 0.091713
v 0.189145 0.313356 0.0998611
v -0.189151 0.313356 0.0998611
v -0.182591 0.342361 0.091713
v 0.189145 0.313356 0.0998611
v 0.189145 0.313356 0.24118
v -0.189151 0.313356 0.241211
v -0.189151 0.313356 0.0998611
v 0.189145 0.313356 0.24118
v 0.182585 0.342361 0.249367
v -0.182591 0.342361 0.249374
v -0.189151 0.313356 0.241211
v -0.064548 0.326847 0.5
v -0.064548 0.192062 0.5
v 0.0645473 0.192062 0.499992
v 0.0645473 0.326847 0.499992
v -0.064548 0.192062 0.5
v -0.064548 0.192062 0.437706
v 0.0645473 0.192062 0.437714
v 0.0645473 0.192062 0.499992
v 0.0645473 0.192062 0.499992
v 0.0645473 0.192062 0.437714
v 0.0645473 0.326847 0.437714
v 0.0645473 0.326847 0.499992
v 0.0645473 0.326847 0.499992
v 0.0645473 0.326847 0.437714
v -0.064548 0.326847 0.437706
v -0.064548 0.326847 0.5
v -0.064548 0.326847 0.5
v -0.064548 0.326847 0.437706
v -0.064548 0.192062 0.437706
v -0.064548 0.192062 0.5
v 0.0645473 0.192062 -0.5
v -0.064548 0.192062 -0.5
v -0.064548 0.326847 -0.5
v 0.0645473 0.326847 -0.5
v 0.0645473 0.192062 -0.437714
v -0.064548 0.192062 -0.437714
v -0.064548 0.192062 -0.5
v 0.0645473 0.192062 -0.5
v 0.0645473 0.326847 -0.437714
v 0.0645473 0.192062 -0.437714
v 0.0645473 0.192062 -0.5
v 0.0645473 0.326847 -0.5
v -0.064548 0.326847 -0.437714
v 0.0645473 0.326847 -0.437714
v 0.0645473 0.326847 -0.5
v -0.064548 0.326847 -0.5
v -0.064548 0.192062 -0.437714
v -0.064548 0.326847 -0.437714
v -0.064548 0.326847 -0.5
v -0.064548 0.192062 -0.5
v 0.082711 0.342005 -0.437714
v 0.082711 0.342005 0.437714
v 0.082711 0.176904 0.437714
v 0.082711 0.176904 -0.437714
v -0.0827107 0.176904 -0.437706
v -0.0827107 0.176904 0.437706
v -0.0827107 0.342005 0.437706
v -0.0827107 0.342005 -0.437706
v 0.082711 0.176904 -0.437714
v 0.082711 0.176904 0.437714
v -0.0827107 0.176904 0.437706
v -0.0827107 0.176904 -0.437706
v -0.0827107 0.176904 0.437706
v 0.082711 0.176904 0.437714
v 0.082711 0.342005 0.437714
v -0.0827107 0.342005 0.437706
v -0.0827107 0.342005 -0.437706
v 0.082711 0.342005 -0.437714
v 0.082711 0.176904 -0.437714
v -0.0827107 0.176904 -0.437706
v -0.240841 0.923915 0.466382
v 0.240841 0.923915 0.466382
v 0.240841 0.923915 0.44545
v -0.240841 0.923915 0.44545
v -0.185935 0.442234 0.466382
v -0.185935 0.442234 0.44545
v 0.185935 0.442234 0.44545
v 0.185935 0.442234 0.466382
v 0.240841 0.49714 0.466382
v 0.240841 0.49714 0.44545
v 0.240841 0.923915 0.44545
v -0.240841 0.49714 0.44545
v -0.240841 0.49714 0.466382
v -0.240841 0.923915 0.44545
v -0.240841 0.49714 0.466382
v -0.240841 0.49714 0.44545
v 0.240841 0.49714 0.466382
v 0.240841 0.49714 0.44545
v -0.13072 0.615642 0.500373
v -0.13072 0.766585 0.500373
v -0.150942 0.691114 0.500373
v 0.13072 0.766585 0.461725
v 0.13072 0.766585 0.500373
v 0.150942 0.691114 0.500373
v 0.150942 0.691114 0.461725
v 0.13072 0.615642 0.500373
v 0.13072 0.615642 0.461725
v 0.0754714 0.560394 0.500373
v 0.0754714 0.560394 0.461725
v 0 0.540172 0.500373
v 0 0.540172 0.461725
v 0 0.540172 0.461725
v 0 0.540172 0.500373
v -0.0754714 0.560394 0.500373
v -0.0754714 0.560394 0.461725
v -0.13072 0.615642 0.500373
v -0.13072 0.615642 0.461725
v -0.150942 0.691114 0.500373
v -0.150942 0.691114 0.461725
v -0.13072 0.766585 0.500373
v -0.13072 0.766585 0.461725
v -0.0754714 0.821834 0.500373
v -0.0754714 0.821834 0.461725
v 0 0.842056 0.500373
v 0 0.842056 0.461725
v 0.0754714 0.821834 0.500373
v 0.0754714 0.821834 0.461725
v -0.0754714 0.560394 0.500373
v -0.0754714 0.821834 0.500373
v 0 0.540172 0.500373
v 0 0.842056 0.500373
v 0.13072 0.766585 0.500373
v 0.0754714 0.821834 0.500373
v 0.0754714 0.560394 0.500373
v 0.13072 0.615642 0.500373
v 0.150942 0.691114 0.500373
v 0.172177 0.790606 0.555487
v 0.172177 0.591793 0.555487
v 0.0994065 0.519021 0.555487
v 0.0994065 0.863377 0.555487
v 0.214626 0.815007 0.555487
v 0.123914 0.905719 0.555487
v 0.00984075 0.708174 1.19303
v 0.0170345 0.700965 1.19309
v 0.123914 0.905719 0.555487
v 0 0.938921 0.555487
v 0 0.710815 1.19301
v 0.00984075 0.708174 1.19303
v -0.123914 0.905719 0.555487
v -0.00984075 0.708174 1.19303
v -0.214626 0.815007 0.555487
v -0.0170345 0.700965 1.19309
v -0.214626 0.815007 0.555487
v -0.247829 0.691093 0.555487
v -0.0196538 0.691128 1.19318
v -0.0170345 0.700965 1.19309
v -0.214626 0.567178 0.555487
v -0.017007 0.68131 1.19326
v -0.123914 0.476466 0.555487
v -0.00981311 0.674131 1.19332
v -0.123914 0.476466 0.555487
v 0 0.443263 0.555487
v 0 0.671507 1.19334
v -0.00981311 0.674131 1.19332
v 0.123914 0.476466 0.555487
v 0.00981311 0.674131 1.19332
v 0.214626 0.567178 0.555487
v 0.017007 0.68131 1.19326
v 0.214626 0.567178 0.555487
v 0.247829 0.691093 0.555487
v 0.0196538 0.691128 1.19318
v 0.017007 0.68131 1.19326
v 0.214626 0.815007 0.555487
v 0.247829 0.691093 0.555487
v 0.198814 0.691199 0.555487
v 0.214626 0.567178 0.555487
v 0.123914 0.476466 0.555487
v 0 0.443263 0.555487
v 0 0.492385 0.555487
v -0.123914 0.476466 0.555487
v -0.0994065 0.519021 0.555487
v -0.214626 0.567178 0.555487
v -0.172177 0.591793 0.555487
v -0.247829 0.691093 0.555487
v -0.198814 0.691199 0.555487
v -0.214626 0.815007 0.555487
v -0.172177 0.790606 0.555487
v -0.123914 0.905719 0.555487
v -0.0994065 0.863377 0.555487
v 0 0.938921 0.555487
v 0 0.890013 0.555487
v 0.123914 0.905719 0.555487
v 0 0.691092 1.21018
v 0 0.691092 1.21018
v 0 0.691092 1.21018
v 0 0.691092 1.21018
v 0.100494 0.74922 0.499157
v 0.100494 0.74922 0.559132
v 0.11604 0.6912 0.559132
v 0.11604 0.6912 0.499157
v 0.100494 0.63318 0.559132
v 0.100494 0.63318 0.499157
v 0.0580198 0.590706 0.559132
v 0.0580198 0.590706 0.499157
v 0 0.57516 0.559132
v 0 0.57516 0.499157
v 0 0.57516 0.499157
v 0 0.57516 0.559132
v -0.0580198 0.590706 0.559132
v -0.0580198 0.590706 0.499157
v -0.100494 0.63318 0.559132
v -0.100494 0.63318 0.499157
v -0.11604 0.6912 0.559132
v -0.11604 0.6912 0.499157
v -0.100494 0.74922 0.559132
v -0.100494 0.74922 0.499157
v -0.0580198 0.791693 0.559132
v -0.0580198 0.791693 0.499157
v 0 0.807239 0.559132
v 0 0.807239 0.499157
v 0.0580198 0.791693 0.559132
v 0.0580198 0.791693 0.499157
v 0.374117 0.190517 0.219863
v 0.374117 0.331195 0.360535
v 0.374117 0.31499 0.376746
v 0.374117 0.174307 0.236067
v 0.374117 0.174307 0.236067
v 0.374117 0.31499 0.376746
v 0.299313 0.31499 0.376746
v 0.299313 0.174307 0.236067
v 0.299313 0.174307 0.236067
v 0.299313 0.31499 0.376746
v 0.299313 0.331195 0.360542
v 0.299313 0.190517 0.219849
v 0.299313 0.190517 0.219849
v 0.299313 0.331195 0.360542
v 0.374117 0.331195 0.360535
v 0.374117 0.190517 0.219863
v 0.387741 0.267667 0.331856
v 0.387741 0.230873 0.331856
v 0.399883 0.24927 0.3
v 0.387741 0.286063 0.3
v 0.387741 0.267667 0.268131
v 0.387741 0.230873 0.268131
v 0.387741 0.212477 0.3
v 0.387741 0.267667 0.331856
v 0.387741 0.286063 0.3
v 0.374157 0.286063 0.299993
v 0.374157 0.267667 0.331862
v 0.387741 0.286063 0.3
v 0.387741 0.267667 0.268131
v 0.374157 0.267667 0.268131
v 0.374157 0.286063 0.299993
v 0.387741 0.230873 0.268131
v 0.374157 0.230873 0.268131
v 0.387741 0.212477 0.3
v 0.374157 0.212477 0.299993
v 0.387741 0.212477 0.3
v 0.387741 0.230873 0.331856
v 0.374157 0.230873 0.331862
v 0.374157 0.212477 0.299993
v 0.374157 0.230873 0.268131
v 0.374157 0.212477 0.299993
v 0.374157 0.267667 0.268131
v 0.374157 0.286063 0.299993
v 0.374157 0.230873 0.331862
v 0.374157 0.267667 0.331862
v 0.374117 0.327715 0.237769
v 0.374117 0.187033 0.378435
v 0.374117 0.170825 0.362244
v 0.374117 0.311506 0.221552
v 0.374117 0.311506 0.221552
v 0.374117 0.170825 0.362244
v 0.299313 0.170825 0.362238
v 0.299313 0.311506 0.221545
v 0.299313 0.311506 0.221545
v 0.299313 0.170825 0.362238
v 0.299313 0.187033 0.378448
v 0.299313 0.327715 0.237762
v 0.299313 0.327715 0.237762
v 0.299313 0.187033 0.378448
v 0.374117 0.187033 0.378435
v 0.374117 0.327715 0.237769
v 0.287389 0.24927 0.401462
v 0.287389 0.300003 0.387876
v 0.384138 0.300003 0.387876
v 0.384138 0.24927 0.401462
v 0.287389 0.337142 0.350731
v 0.384138 0.337142 0.350724
v 0.287389 0.350736 0.3
v 0.384138 0.350736 0.299993
v 0.287389 0.337142 0.249262
v 0.384138 0.337142 0.249262
v 0.287389 0.300003 0.212124
v 0.384138 0.300003 0.212118
v 0.287389 0.24927 0.198538
v 0.384138 0.24927 0.198538
v 0.287389 0.24927 0.198538
v 0.287389 0.198537 0.212124
v 0.384138 0.198537 0.212118
v 0.384138 0.24927 0.198538
v 0.287389 0.161398 0.249262
v 0.384138 0.161398 0.249262
v 0.287389 0.147804 0.3
v 0.384138 0.147804 0.299993
v 0.287389 0.161398 0.350731
v 0.384138 0.161398 0.350724
v 0.287389 0.198537 0.387876
v 0.384138 0.198537 0.387876
v 0.287389 0.24927 0.401462
v 0.384138 0.24927 0.401462
v 0.384138 0.24927 0.401462
v 0.384138 0.300003 0.387876
v 0.384138 0.312686 0.40984
v 0.384138 0.24927 0.426831
v 0.384138 0.337142 0.350724
v 0.384138 0.35911 0.363415
v 0.384138 0.350736 0.299993
v 0.384138 0.376102 0.299993
v 0.384138 0.337142 0.249262
v 0.384138 0.35911 0.236578
v 0.384138 0.300003 0.212118
v 0.384138 0.312686 0.190167
v 0.384138 0.24927 0.198538
v 0.384138 0.24927 0.173163
v 0.384138 0.24927 0.198538
v 0.384138 0.198537 0.212118
v 0.384138 0.185854 0.190167
v 0.384138 0.24927 0.173163
v 0.384138 0.161398 0.249262
v 0.384138 0.13943 0.236578
v 0.384138 0.147804 0.299993
v 0.384138 0.122438 0.299993
v 0.384138 0.161398 0.350724
v 0.384138 0.13943 0.363415
v 0.384138 0.198537 0.387876
v 0.384138 0.185854 0.40984
v 0.384138 0.24927 0.401462
v 0.384138 0.24927 0.426831
v 0.384138 0.24927 0.426831
v 0.384138 0.312686 0.40984
v 0.309661 0.312686 0.40984
v 0.309661 0.24927 0.426831
v 0.384138 0.35911 0.363415
v 0.309661 0.35911 0.363415
v 0.384138 0.376102 0.299993
v 0.309661 0.376102 0.299987
v 0.384138 0.35911 0.236578
v 0.309661 0.35911 0.236578
v 0.384138 0.312686 0.190167
v 0.309661 0.312686 0.190154
v 0.384138 0.24927 0.173163
v 0.309661 0.24927 0.173176
v 0.384138 0.24927 0.173163
v 0.384138 0.185854 0.190167
v 0.309661 0.185854 0.190154
v 0.309661 0.24927 0.173176
v 0.384138 0.13943 0.236578
v 0.309661 0.13943 0.236578
v 0.384138 0.122438 0.299993
v 0.309661 0.122438 0.299987
v 0.384138 0.13943 0.363415
v 0.309661 0.13943 0.363415
v 0.384138 0.185854 0.40984
v 0.309661 0.185854 0.40984
v 0.384138 0.24927 0.426831
v 0.309661 0.24927 0.426831
v 0.287389 0.24927 0.443828
v 0.287389 0.321186 0.424556
v 0.287389 0.300003 0.387876
v 0.287389 0.24927 0.401462
v 0.287389 0.373832 0.371914
v 0.287389 0.337142 0.350731
v 0.287389 0.393102 0.3
v 0.287389 0.350736 0.3
v 0.287389 0.373832 0.228079
v 0.287389 0.337142 0.249262
v 0.287389 0.321186 0.17543
v 0.287389 0.300003 0.212124
v 0.287389 0.24927 0.156165
v 0.287389 0.24927 0.198538
v 0.287389 0.24927 0.156165
v 0.287389 0.177354 0.17543
v 0.287389 0.198537 0.212124
v 0.287389 0.24927 0.198538
v 0.287389 0.124707 0.228079
v 0.287389 0.161398 0.249262
v 0.287389 0.105438 0.3
v 0.287389 0.147804 0.3
v 0.287389 0.124707 0.371914
v 0.287389 0.161398 0.350731
v 0.287389 0.177354 0.424556
v 0.287389 0.198537 0.387876
v 0.287389 0.24927 0.443828
v 0.287389 0.24927 0.401462
v 0.303334 0.321186 0.175437
v 0.303334 0.24927 0.156165
v 0.287389 0.24927 0.156165
v 0.287389 0.321186 0.17543
v 0.303334 0.24927 0.156165
v 0.303334 0.177354 0.175437
v 0.287389 0.177354 0.17543
v 0.287389 0.24927 0.156165
v 0.303334 0.124707 0.228079
v 0.287389 0.124707 0.228079
v 0.303334 0.105438 0.299993
v 0.287389 0.105438 0.3
v 0.303334 0.124707 0.371914
v 0.287389 0.124707 0.371914
v 0.303334 0.177354 0.424556
v 0.287389 0.177354 0.424556
v 0.303334 0.24927 0.443828
v 0.287389 0.24927 0.443828
v 0.303334 0.24927 0.443828
v 0.303334 0.321186 0.424556
v 0.287389 0.321186 0.424556
v 0.287389 0.24927 0.443828
v 0.303334 0.373832 0.371914
v 0.287389 0.373832 0.371914
v 0.303334 0.393102 0.299993
v 0.287389 0.393102 0.3
v 0.303334 0.373832 0.228079
v 0.287389 0.373832 0.228079
v 0.309661 0.312686 0.190154
v 0.309661 0.24927 0.173176
v 0.303334 0.24927 0.156165
v 0.303334 0.321186 0.175437
v 0.309661 0.24927 0.173176
v 0.309661 0.185854 0.190154
v 0.303334 0.177354 0.175437
v 0.303334 0.24927 0.156165
v 0.309661 0.13943 0.236578
v 0.303334 0.124707 0.228079
v 0.309661 0.122438 0.299987
v 0.303334 0.105438 0.299993
v 0.309661 0.13943 0.363415
v 0.303334 0.124707 0.371914
v 0.309661 0.185854 0.40984
v 0.303334 0.177354 0.424556
v 0.309661 0.24927 0.426831
v 0.303334 0.24927 0.443828
v 0.309661 0.24927 0.426831
v 0.309661 0.312686 0.40984
v 0.303334 0.321186 0.424556
v 0.303334 0.24927 0.443828
v 0.309661 0.35911 0.363415
v 0.303334 0.373832 0.371914
v 0.309661 0.376102 0.299987
v 0.303334 0.393102 0.299993
v 0.309661 0.35911 0.236578
v 0.303334 0.373832 0.228079
v -0.287389 0.24927 0.198532
v -0.287389 0.300003 0.212118
v -0.384138 0.300003 0.212118
v -0.384138 0.24927 0.198532
v -0.287389 0.337142 0.249262
v -0.384138 0.337142 0.249269
v -0.287389 0.350736 0.299993
v -0.384138 0.350736 0.3
v -0.287389 0.337142 0.350731
v -0.384138 0.337142 0.350731
v -0.287389 0.300003 0.387869
v -0.384138 0.300003 0.387876
v -0.287389 0.24927 0.401455
v -0.384138 0.24927 0.401455
v -0.287389 0.24927 0.401455
v -0.287389 0.198537 0.387869
v -0.384138 0.198537 0.387876
v -0.384138 0.24927 0.401455
v -0.287389 0.161398 0.350731
v -0.384138 0.161398 0.350731
v -0.287389 0.147804 0.299993
v -0.384138 0.147804 0.3
v -0.287389 0.161398 0.249262
v -0.384138 0.161398 0.249269
v -0.287389 0.198537 0.212118
v -0.384138 0.198537 0.212118
v -0.287389 0.24927 0.198532
v -0.384138 0.24927 0.198532
v -0.384138 0.24927 0.198532
v -0.384138 0.300003 0.212118
v -0.384138 0.312686 0.190154
v -0.384138 0.24927 0.173163
v -0.384138 0.337142 0.249269
v -0.384138 0.35911 0.236578
v -0.384138 0.350736 0.3
v -0.384138 0.376102 0.3
v -0.384138 0.337142 0.350731
v -0.384138 0.35911 0.363415
v -0.384138 0.300003 0.387876
v -0.384138 0.312686 0.409826
v -0.384138 0.24927 0.401455
v -0.384138 0.24927 0.426831
v -0.384138 0.24927 0.401455
v -0.384138 0.198537 0.387876
v -0.384138 0.185854 0.409826
v -0.384138 0.24927 0.426831
v -0.384138 0.161398 0.350731
v -0.384138 0.13943 0.363415
v -0.384138 0.147804 0.3
v -0.384138 0.122438 0.3
v -0.384138 0.161398 0.249269
v -0.384138 0.13943 0.236578
v -0.384138 0.198537 0.212118
v -0.384138 0.185854 0.190154
v -0.384138 0.24927 0.198532
v -0.384138 0.24927 0.173163
v -0.384138 0.24927 0.173163
v -0.384138 0.312686 0.190154
v -0.309661 0.312686 0.190154
v -0.309661 0.24927 0.173163
v -0.384138 0.35911 0.236578
v -0.309661 0.35911 0.236578
v -0.384138 0.376102 0.3
v -0.309661 0.376102 0.300007
v -0.384138 0.35911 0.363415
v -0.309661 0.35911 0.363415
v -0.384138 0.312686 0.409826
v -0.309661 0.312686 0.40984
v -0.384138 0.24927 0.426831
v -0.309661 0.24927 0.426817
v -0.384138 0.24927 0.426831
v -0.384138 0.185854 0.409826
v -0.309661 0.185854 0.40984
v -0.309661 0.24927 0.426817
v -0.384138 0.13943 0.363415
v -0.309661 0.13943 0.363415
v -0.384138 0.122438 0.3
v -0.309661 0.122438 0.300007
v -0.384138 0.13943 0.236578
v -0.309661 0.13943 0.236578
v -0.384138 0.185854 0.190154
v -0.309661 0.185854 0.190154
v -0.384138 0.24927 0.173163
v -0.309661 0.24927 0.173163
v -0.287389 0.24927 0.156165
v -0.287389 0.321186 0.175437
v -0.287389 0.300003 0.212118
v -0.287389 0.24927 0.198532
v -0.287389 0.373832 0.228079
v -0.287389 0.337142 0.249262
v -0.287389 0.393102 0.299993
v -0.287389 0.350736 0.299993
v -0.287389 0.373832 0.371914
v -0.287389 0.337142 0.350731
v -0.287389 0.321186 0.424563
v -0.287389 0.300003 0.387869
v -0.287389 0.24927 0.443828
v -0.287389 0.24927 0.401455
v -0.287389 0.24927 0.443828
v -0.287389 0.177354 0.424563
v -0.287389 0.198537 0.387869
v -0.287389 0.24927 0.401455
v -0.287389 0.124707 0.371914
v -0.287389 0.161398 0.350731
v -0.287389 0.105438 0.299993
v -0.287389 0.147804 0.299993
v -0.287389 0.124707 0.228079
v -0.287389 0.161398 0.249262
v -0.287389 0.177354 0.175437
v -0.287389 0.198537 0.212118
v -0.287389 0.24927 0.156165
v -0.287389 0.24927 0.198532
v -0.303334 0.321186 0.424556
v -0.303334 0.24927 0.443828
v -0.287389 0.24927 0.443828
v -0.287389 0.321186 0.424563
v -0.303334 0.24927 0.443828
v -0.303334 0.177354 0.424556
v -0.287389 0.177354 0.424563
v -0.287389 0.24927 0.443828
v -0.303334 0.124707 0.371914
v -0.287389 0.124707 0.371914
v -0.303334 0.105438 0.3
v -0.287389 0.105438 0.299993
v -0.303334 0.124707 0.228079
v -0.287389 0.124707 0.228079
v -0.303334 0.177354 0.175437
v -0.287389 0.177354 0.175437
v -0.303334 0.24927 0.156165
v -0.287389 0.24927 0.156165
v -0.303334 0.24927 0.156165
v -0.303334 0.321186 0.175437
v -0.287389 0.321186 0.175437
v -0.287389 0.24927 0.156165
v -0.303334 0.373832 0.228079
v -0.287389 0.373832 0.228079
v -0.303334 0.393102 0.3
v -0.287389 0.393102 0.299993
v -0.303334 0.373832 0.371914
v -0.287389 0.373832 0.371914
v -0.309661 0.312686 0.40984
v -0.309661 0.24927 0.426817
v -0.303334 0.24927 0.443828
v -0.303334 0.321186 0.424556
v -0.309661 0.24927 0.426817
v -0.309661 0.185854 0.40984
v -0.303334 0.177354 0.424556
v -0.303334 0.24927 0.443828
v -0.309661 0.13943 0.363415
v -0.303334 0.124707 0.371914
v -0.309661 0.122438 0.300007
v -0.303334 0.105438 0.3
v -0.309661 0.13943 0.236578
v -0.303334 0.124707 0.228079
v -0.309661 0.185854 0.190154
v -0.303334 0.177354 0.175437
v -0.309661 0.24927 0.173163
v -0.303334 0.24927 0.156165
v -0.309661 0.24927 0.173163
v -0.309661 0.312686 0.190154
v -0.303334 0.321186 0.175437
v -0.303334 0.24927 0.156165
v -0.309661 0.35911 0.236578
v -0.303334 0.373832 0.228079
v -0.309661 0.376102 0.300007
v -0.303334 0.393102 0.3
v -0.309661 0.35911 0.363415
v -0.303334 0.373832 0.371914
v -0.374581 0.250164 0.331048
v 0.374581 0.250164 0.331048
v 0.374581 0.278622 0.302584
v -0.374581 0.278622 0.302584
v -0.374581 0.250164 0.274127
v 0.374581 0.250164 0.274127
v 0.374581 0.221705 0.302584
v -0.374581 0.221705 0.302584
v -0.374581 0.278622 0.302584
v 0.374581 0.278622 0.302584
v -0.374117 0.327715 0.362224
v -0.374117 0.187033 0.221559
v -0.374117 0.170825 0.237749
v -0.374117 0.311506 0.378441
v -0.374117 0.311506 0.378441
v -0.374117 0.170825 0.237749
v -0.299313 0.170825 0.237756
v -0.299313 0.311506 0.378448
v -0.299313 0.311506 0.378448
v -0.299313 0.170825 0.237756
v -0.299313 0.187033 0.221545
v -0.299313 0.327715 0.362231
v -0.299313 0.327715 0.362231
v -0.299313 0.187033 0.221545
v -0.374117 0.187033 0.221559
v -0.374117 0.327715 0.362224
v -0.387741 0.267667 0.268138
v -0.387741 0.230873 0.268138
v -0.399883 0.24927 0.299993
v -0.387741 0.286063 0.299993
v -0.387741 0.267667 0.331862
v -0.387741 0.230873 0.331862
v -0.387741 0.212477 0.299993
v -0.387741 0.267667 0.268138
v -0.387741 0.286063 0.299993
v -0.374157 0.286063 0.3
v -0.374157 0.267667 0.268131
v -0.387741 0.286063 0.299993
v -0.387741 0.267667 0.331862
v -0.374157 0.267667 0.331862
v -0.374157 0.286063 0.3
v -0.387741 0.230873 0.331862
v -0.374157 0.230873 0.331862
v -0.387741 0.212477 0.299993
v -0.374157 0.212477 0.3
v -0.387741 0.212477 0.299993
v -0.387741 0.230873 0.268138
v -0.374157 0.230873 0.268131
v -0.374157 0.212477 0.3
v -0.374157 0.230873 0.331862
v -0.374157 0.212477 0.3
v -0.374157 0.267667 0.331862
v -0.374157 0.286063 0.3
v -0.374157 0.230873 0.268131
v -0.374157 0.267667 0.268131
v -0.374117 0.190517 0.38013
v -0.374117 0.331195 0.239458
v -0.374117 0.31499 0.223248
v -0.374117 0.174307 0.363927
v -0.374117 0.174307 0.363927
v -0.374117 0.31499 0.223248
v -0.299313 0.31499 0.223248
v -0.299313 0.174307 0.363927
v -0.299313 0.174307 0.363927
v -0.299313 0.31499 0.223248
v -0.299313 0.331195 0.239451
v -0.299313 0.190517 0.380144
v -0.299313 0.190517 0.380144
v -0.299313 0.331195 0.239451
v -0.374117 0.331195 0.239458
v -0.374117 0.190517 0.38013
v 0.399883 0.24927 -0.3
v 0.387741 0.267667 -0.268144
v 0.387741 0.230873 -0.268144
v 0.387741 0.212477 -0.3
v 0.387741 0.286063 -0.3
v 0.387741 0.267667 -0.331869
v 0.387741 0.230873 -0.331869
v 0.387741 0.267667 -0.268144
v 0.387741 0.286063 -0.3
v 0.374157 0.286063 -0.300007
v 0.374157 0.267667 -0.268138
v 0.387741 0.286063 -0.3
v 0.387741 0.267667 -0.331869
v 0.374157 0.267667 -0.331869
v 0.374157 0.286063 -0.300007
v 0.387741 0.230873 -0.331869
v 0.374157 0.230873 -0.331869
v 0.387741 0.212477 -0.3
v 0.374157 0.212477 -0.300007
v 0.387741 0.212477 -0.3
v 0.387741 0.230873 -0.268144
v 0.374157 0.230873 -0.268138
v 0.374157 0.212477 -0.300007
v 0.374157 0.230873 -0.331869
v 0.374157 0.212477 -0.300007
v 0.374157 0.267667 -0.331869
v 0.374157 0.286063 -0.300007
v 0.374157 0.230873 -0.268138
v 0.374157 0.267667 -0.268138
v 0.374117 0.190517 -0.380137
v 0.374117 0.331195 -0.239465
v 0.374117 0.31499 -0.223254
v 0.374117 0.174307 -0.363933
v 0.374117 0.174307 -0.363933
v 0.374117 0.31499 -0.223254
v 0.299313 0.31499 -0.223254
v 0.299313 0.174307 -0.363933
v 0.299313 0.174307 -0.363933
v 0.299313 0.31499 -0.223254
v 0.299313 0.331195 -0.239458
v 0.299313 0.190517 -0.380151
v 0.299313 0.190517 -0.380151
v 0.299313 0.331195 -0.239458
v 0.374117 0.331195 -0.239465
v 0.374117 0.190517 -0.380137
v 0.374117 0.327715 -0.362231
v 0.374117 0.187033 -0.221565
v 0.374117 0.170825 -0.237756
v 0.374117 0.311506 -0.378448
v 0.374117 0.311506 -0.378448
v 0.374117 0.170825 -0.237756
v 0.299313 0.170825 -0.237762
v 0.299313 0.311506 -0.378455
v 0.299313 0.311506 -0.378455
v 0.299313 0.170825 -0.237762
v 0.299313 0.187033 -0.221552
v 0.299313 0.327715 -0.362238
v 0.299313 0.327715 -0.362238
v 0.299313 0.187033 -0.221552
v 0.374117 0.187033 -0.221565
v 0.374117 0.327715 -0.362231
v 0.287389 0.24927 -0.198538
v 0.287389 0.300003 -0.212124
v 0.384138 0.300003 -0.212124
v 0.384138 0.24927 -0.198538
v 0.287389 0.337142 -0.249269
v 0.384138 0.337142 -0.249276
v 0.287389 0.350736 -0.3
v 0.384138 0.350736 -0.300007
v 0.287389 0.337142 -0.350738
v 0.384138 0.337142 -0.350738
v 0.287389 0.300003 -0.387876
v 0.384138 0.300003 -0.387882
v 0.287389 0.24927 -0.401462
v 0.384138 0.24927 -0.401462
v 0.287389 0.24927 -0.401462
v 0.287389 0.198537 -0.387876
v 0.384138 0.198537 -0.387882
v 0.384138 0.24927 -0.401462
v 0.287389 0.161398 -0.350738
v 0.384138 0.161398 -0.350738
v 0.287389 0.147804 -0.3
v 0.384138 0.147804 -0.300007
v 0.287389 0.161398 -0.249269
v 0.384138 0.161398 -0.249276
v 0.287389 0.198537 -0.212124
v 0.384138 0.198537 -0.212124
v 0.287389 0.24927 -0.198538
v 0.384138 0.24927 -0.198538
v 0.384138 0.24927 -0.198538
v 0.384138 0.300003 -0.212124
v 0.384138 0.312686 -0.19016
v 0.384138 0.24927 -0.173169
v 0.384138 0.337142 -0.249276
v 0.384138 0.35911 -0.236585
v 0.384138 0.350736 -0.300007
v 0.384138 0.376102 -0.300007
v 0.384138 0.337142 -0.350738
v 0.384138 0.35911 -0.363422
v 0.384138 0.300003 -0.387882
v 0.384138 0.312686 -0.409833
v 0.384138 0.24927 -0.401462
v 0.384138 0.24927 -0.426837
v 0.384138 0.24927 -0.401462
v 0.384138 0.198537 -0.387882
v 0.384138 0.185854 -0.409833
v 0.384138 0.24927 -0.426837
v 0.384138 0.161398 -0.350738
v 0.384138 0.13943 -0.363422
v 0.384138 0.147804 -0.300007
v 0.384138 0.122438 -0.300007
v 0.384138 0.161398 -0.249276
v 0.384138 0.13943 -0.236585
v 0.384138 0.198537 -0.212124
v 0.384138 0.185854 -0.19016
v 0.384138 0.24927 -0.198538
v 0.384138 0.24927 -0.173169
v 0.384138 0.24927 -0.173169
v 0.384138 0.312686 -0.19016
v 0.309661 0.312686 -0.19016
v 0.309661 0.24927 -0.173169
v 0.384138 0.35911 -0.236585
v 0.309661 0.35911 -0.236585
v 0.384138 0.376102 -0.300007
v 0.309661 0.376102 -0.300013
v 0.384138 0.35911 -0.363422
v 0.309661 0.35911 -0.363422
v 0.384138 0.312686 -0.409833
v 0.309661 0.312686 -0.409846
v 0.384138 0.24927 -0.426837
v 0.309661 0.24927 -0.426824
v 0.384138 0.24927 -0.426837
v 0.384138 0.185854 -0.409833
v 0.309661 0.185854 -0.409846
v 0.309661 0.24927 -0.426824
v 0.384138 0.13943 -0.363422
v 0.309661 0.13943 -0.363422
v 0.384138 0.122438 -0.300007
v 0.309661 0.122438 -0.300013
v 0.384138 0.13943 -0.236585
v 0.309661 0.13943 -0.236585
v 0.384138 0.185854 -0.19016
v 0.309661 0.185854 -0.19016
v 0.384138 0.24927 -0.173169
v 0.309661 0.24927 -0.173169
v 0.287389 0.24927 -0.156172
v 0.287389 0.321186 -0.175444
v 0.287389 0.300003 -0.212124
v 0.287389 0.24927 -0.198538
v 0.287389 0.373832 -0.228086
v 0.287389 0.337142 -0.249269
v 0.287389 0.393102 -0.3
v 0.287389 0.350736 -0.3
v 0.287389 0.373832 -0.371921
v 0.287389 0.337142 -0.350738
v 0.287389 0.321186 -0.42457
v 0.287389 0.300003 -0.387876
v 0.287389 0.24927 -0.443835
v 0.287389 0.24927 -0.401462
v 0.287389 0.24927 -0.443835
v 0.287389 0.177354 -0.42457
v 0.287389 0.198537 -0.387876
v 0.287389 0.24927 -0.401462
v 0.287389 0.124707 -0.371921
v 0.287389 0.161398 -0.350738
v 0.287389 0.105438 -0.3
v 0.287389 0.147804 -0.3
v 0.287389 0.124707 -0.228086
v 0.287389 0.161398 -0.249269
v 0.287389 0.177354 -0.175444
v 0.287389 0.198537 -0.212124
v 0.287389 0.24927 -0.156172
v 0.287389 0.24927 -0.198538
v 0.303334 0.321186 -0.424563
v 0.303334 0.24927 -0.443835
v 0.287389 0.24927 -0.443835
v 0.287389 0.321186 -0.42457
v 0.303334 0.24927 -0.443835
v 0.303334 0.177354 -0.424563
v 0.287389 0.177354 -0.42457
v 0.287389 0.24927 -0.443835
v 0.303334 0.124707 -0.371921
v 0.287389 0.124707 -0.371921
v 0.303334 0.105438 -0.300007
v 0.287389 0.105438 -0.3
v 0.303334 0.124707 -0.228086
v 0.287389 0.124707 -0.228086
v 0.303334 0.177354 -0.175444
v 0.287389 0.177354 -0.175444
v 0.303334 0.24927 -0.156172
v 0.287389 0.24927 -0.156172
v 0.303334 0.24927 -0.156172
v 0.303334 0.321186 -0.175444
v 0.287389 0.321186 -0.175444
v 0.287389 0.24927 -0.156172
v 0.303334 0.373832 -0.228086
v 0.287389 0.373832 -0.228086
v 0.303334 0.393102 -0.300007
v 0.287389 0.393102 -0.3
v 0.303334 0.373832 -0.371921
v 0.287389 0.373832 -0.371921
v 0.309661 0.312686 -0.409846
v 0.309661 0.24927 -0.426824
v 0.303334 0.24927 -0.443835
v 0.303334 0.321186 -0.424563
v 0.309661 0.24927 -0.426824
v 0.309661 0.185854 -0.409846
v 0.303334 0.177354 -0.424563
v 0.303334 0.24927 -0.443835
v 0.309661 0.13943 -0.363422
v 0.303334 0.124707 -0.371921
v 0.309661 0.122438 -0.300013
v 0.303334 0.105438 -0.300007
v 0.309661 0.13943 -0.236585
v 0.303334 0.124707 -0.228086
v 0.309661 0.185854 -0.19016
v 0.303334 0.177354 -0.175444
v 0.309661 0.24927 -0.173169
v 0.303334 0.24927 -0.156172
v 0.309661 0.24927 -0.173169
v 0.309661 0.312686 -0.19016
v 0.303334 0.321186 -0.175444
v 0.303334 0.24927 -0.156172
v 0.309661 0.35911 -0.236585
v 0.303334 0.373832 -0.228086
v 0.309661 0.376102 -0.300013
v 0.303334 0.393102 -0.300007
v 0.309661 0.35911 -0.363422
v 0.303334 0.373832 -0.371921
v -0.374581 0.250164 -0.268952
v 0.374581 0.250164 -0.268952
v 0.374581 0.278622 -0.297416
v -0.374581 0.278622 -0.297416
v -0.374581 0.250164 -0.325873
v 0.374581 0.250164 -0.325873
v 0.374581 0.221705 -0.297416
v -0.374581 0.221705 -0.297416
v -0.374581 0.278622 -0.297416
v 0.374581 0.278622 -0.297416
v -0.387741 0.267667 -0.331862
v -0.387741 0.230873 -0.331862
v -0.399883 0.24927 -0.300007
v -0.387741 0.286063 -0.300007
v -0.387741 0.267667 -0.268138
v -0.387741 0.230873 -0.268138
v -0.387741 0.212477 -0.300007
v -0.387741 0.267667 -0.331862
v -0.387741 0.286063 -0.300007
v -0.374157 0.286063 -0.3
v -0.374157 0.267667 -0.331869
v -0.387741 0.286063 -0.300007
v -0.387741 0.267667 -0.268138
v -0.374157 0.267667 -0.268138
v -0.374157 0.286063 -0.3
v -0.387741 0.230873 -0.268138
v -0.374157 0.230873 -0.268138
v -0.387741 0.212477 -0.300007
v -0.374157 0.212477 -0.3
v -0.387741 0.212477 -0.300007
v -0.387741 0.230873 -0.331862
v -0.374157 0.230873 -0.331869
v -0.374157 0.212477 -0.3
v -0.374157 0.230873 -0.268138
v -0.374157 0.212477 -0.3
v -0.374157 0.267667 -0.268138
v -0.374157 0.286063 -0.3
v -0.374157 0.230873 -0.331869
v -0.374157 0.267667 -0.331869
v -0.374117 0.327715 -0.237776
v -0.374117 0.187033 -0.378441
v -0.374117 0.170825 -0.362251
v -0.374117 0.311506 -0.221559
v -0.374117 0.311506 -0.221559
v -0.374117 0.170825 -0.362251
v -0.299313 0.170825 -0.362244
v -0.299313 0.311506 -0.221552
v -0.299313 0.311506 -0.221552
v -0.299313 0.170825 -0.362244
v -0.299313 0.187033 -0.378455
v -0.299313 0.327715 -0.237769
v -0.299313 0.327715 -0.237769
v -0.299313 0.187033 -0.378455
v -0.374117 0.187033 -0.378441
v -0.374117 0.327715 -0.237776
v -0.374117 0.190517 -0.21987
v -0.374117 0.331195 -0.360542
v -0.374117 0.31499 -0.376752
v -0.374117 0.174307 -0.236073
v -0.374117 0.174307 -0.236073
v -0.374117 0.31499 -0.376752
v -0.299313 0.31499 -0.376752
v -0.299313 0.174307 -0.236073
v -0.299313 0.174307 -0.236073
v -0.299313 0.31499 -0.376752
v -0.299313 0.331195 -0.360549
v -0.299313 0.190517 -0.219856
v -0.299313 0.190517 -0.219856
v -0.299313 0.331195 -0.360549
v -0.374117 0.331195 -0.360542
v -0.374117 0.190517 -0.21987
v -0.287389 0.24927 -0.401469
v -0.287389 0.300003 -0.387882
v -0.384138 0.300003 -0.387882
v -0.384138 0.24927 -0.401469
v -0.287389 0.337142 -0.350738
v -0.384138 0.337142 -0.350731
v -0.287389 0.350736 -0.300007
v -0.384138 0.350736 -0.3
v -0.287389 0.337142 -0.249269
v -0.384138 0.337142 -0.249269
v -0.287389 0.300003 -0.212131
v -0.384138 0.300003 -0.212124
v -0.287389 0.24927 -0.198545
v -0.384138 0.24927 -0.198545
v -0.287389 0.24927 -0.198545
v -0.287389 0.198537 -0.212131
v -0.384138 0.198537 -0.212124
v -0.384138 0.24927 -0.198545
v -0.287389 0.161398 -0.249269
v -0.384138 0.161398 -0.249269
v -0.287389 0.147804 -0.300007
v -0.384138 0.147804 -0.3
v -0.287389 0.161398 -0.350738
v -0.384138 0.161398 -0.350731
v -0.287389 0.198537 -0.387882
v -0.384138 0.198537 -0.387882
v -0.287389 0.24927 -0.401469
v -0.384138 0.24927 -0.401469
v -0.384138 0.24927 -0.401469
v -0.384138 0.300003 -0.387882
v -0.384138 0.312686 -0.409846
v -0.384138 0.24927 -0.426837
v -0.384138 0.337142 -0.350731
v -0.384138 0.35911 -0.363422
v -0.384138 0.350736 -0.3
v -0.384138 0.376102 -0.3
v -0.384138 0.337142 -0.249269
v -0.384138 0.35911 -0.236585
v -0.384138 0.300003 -0.212124
v -0.384138 0.312686 -0.190174
v -0.384138 0.24927 -0.198545
v -0.384138 0.24927 -0.173169
v -0.384138 0.24927 -0.198545
v -0.384138 0.198537 -0.212124
v -0.384138 0.185854 -0.190174
v -0.384138 0.24927 -0.173169
v -0.384138 0.161398 -0.249269
v -0.384138 0.13943 -0.236585
v -0.384138 0.147804 -0.3
v -0.384138 0.122438 -0.3
v -0.384138 0.161398 -0.350731
v -0.384138 0.13943 -0.363422
v -0.384138 0.198537 -0.387882
v -0.384138 0.185854 -0.409846
v -0.384138 0.24927 -0.401469
v -0.384138 0.24927 -0.426837
v -0.384138 0.24927 -0.426837
v -0.384138 0.312686 -0.409846
v -0.309661 0.312686 -0.409846
v -0.309661 0.24927 -0.426837
v -0.384138 0.35911 -0.363422
v -0.309661 0.35911 -0.363422
v -0.384138 0.376102 -0.3
v -0.309661 0.376102 -0.299993
v -0.384138 0.35911 -0.236585
v -0.309661 0.35911 -0.236585
v -0.384138 0.312686 -0.190174
v -0.309661 0.312686 -0.19016
v -0.384138 0.24927 -0.173169
v -0.309661 0.24927 -0.173183
v -0.384138 0.24927 -0.173169
v -0.384138 0.185854 -0.190174
v -0.309661 0.185854 -0.19016
v -0.309661 0.24927 -0.173183
v -0.384138 0.13943 -0.236585
v -0.309661 0.13943 -0.236585
v -0.384138 0.122438 -0.3
v -0.309661 0.122438 -0.299993
v -0.384138 0.13943 -0.363422
v -0.309661 0.13943 -0.363422
v -0.384138 0.185854 -0.409846
v -0.309661 0.185854 -0.409846
v -0.384138 0.24927 -0.426837
v -0.309661 0.24927 -0.426837
v -0.287389 0.24927 -0.443835
v -0.287389 0.321186 -0.424563
v -0.287389 0.300003 -0.387882
v -0.287389 0.24927 -0.401469
v -0.287389 0.373832 -0.371921
v -0.287389 0.337142 -0.350738
v -0.287389 0.393102 -0.300007
v -0.287389 0.350736 -0.300007
v -0.287389 0.373832 -0.228086
v -0.287389 0.337142 -0.249269
v -0.287389 0.321186 -0.175437
v -0.287389 0.300003 -0.212131
v -0.287389 0.24927 -0.156172
v -0.287389 0.24927 -0.198545
v -0.287389 0.24927 -0.156172
v -0.287389 0.177354 -0.175437
v -0.287389 0.198537 -0.212131
v -0.287389 0.24927 -0.198545
v -0.287389 0.124707 -0.228086
v -0.287389 0.161398 -0.249269
v -0.287389 0.105438 -0.300007
v -0.287389 0.147804 -0.300007
v -0.287389 0.124707 -0.371921
v -0.287389 0.161398 -0.350738
v -0.287389 0.177354 -0.424563
v -0.287389 0.198537 -0.387882
v -0.287389 0.24927 -0.443835
v -0.287389 0.24927 -0.401469
v -0.303334 0.321186 -0.175444
v -0.303334 0.24927 -0.156172
v -0.287389 0.24927 -0.156172
v -0.287389 0.321186 -0.175437
v -0.303334 0.24927 -0.156172
v -0.303334 0.177354 -0.175444
v -0.287389 0.177354 -0.175437
v -0.287389 0.24927 -0.156172
v -0.303334 0.124707 -0.228086
v -0.287389 0.124707 -0.228086
v -0.303334 0.105438 -0.3
v -0.287389 0.105438 -0.300007
v -0.303334 0.124707 -0.371921
v -0.287389 0.124707 -0.371921
v -0.303334 0.177354 -0.424563
v -0.287389 0.177354 -0.424563
v -0.303334 0.24927 -0.443835
v -0.287389 0.24927 -0.443835
v -0.303334 0.24927 -0.443835
v -0.303334 0.321186 -0.424563
v -0.287389 0.321186 -0.424563
v -0.287389 0.24927 -0.443835
v -0.303334 0.373832 -0.371921
v -0.287389 0.373832 -0.371921
v -0.303334 0.393102 -0.3
v -0.287389 0.393102 -0.300007
v -0.303334 0.373832 -0.228086
v -0.287389 0.373832 -0.228086
v -0.309661 0.312686 -0.19016
v -0.309661 0.24927 -0.173183
v -0.303334 0.24927 -0.156172
v -0.303334 0.321186 -0.175444
v -0.309661 0.24927 -0.173183
v -0.309661 0.185854 -0.19016
v -0.303334 0.177354 -0.175444
v -0.303334 0.24927 -0.156172
v -0.309661 0.13943 -0.236585
v -0.303334 0.124707 -0.228086
v -0.309661 0.122438 -0.299993
v -0.303334 0.105438 -0.3
v -0.309661 0.13943 -0.363422
v -0.303334 0.124707 -0.371921
v -0.309661 0.185854 -0.409846
v -0.303334 0.177354 -0.424563
v -0.309661 0.24927 -0.426837
v -0.303334 0.24927 -0.443835
v -0.309661 0.24927 -0.426837
v -0.309661 0.312686 -0.409846
v -0.303334 0.321186 -0.424563
v -0.303334 0.24927 -0.443835
v -0.309661 0.35911 -0.363422
v -0.303334 0.373832 -0.371921
v -0.309661 0.376102 -0.299993
v -0.303334 0.393102 -0.3
v -0.309661 0.35911 -0.236585
v -0.303334 0.373832 -0.228086

vn 1 0 0
vn 1 0 0
vn 1 0 0
vn 1 0 0
vn 0.470459 0.882324 0
vn 0.470459 0.882324 0
vn 0.470459 0.882324 0
vn 0.470459 0.882324 0
vn 0.253906 -0.0895386 0.962891
vn 0.241699 -0.108276 0.963867
vn 0.310791 0 0.950195
vn 0.310791 0 0.950195
vn 0.254883 -0.0897827 -0.962402
vn 0.312012 0 -0.949707
vn 0.312012 0 -0.949707
vn 0.242432 -0.108582 -0.963867
vn 0.241699 -0.108276 0.963867
vn 0.253906 -0.0895386 0.962891
vn 0.0730591 -0.25293 0.964355
vn 0.0656128 -0.254639 0.964355
vn 0.560547 -0.827637 0
vn 0.560547 -0.827637 0
vn 0.560547 -0.827637 0
vn 0.560547 -0.827637 0
vn 0.254883 -0.0897827 -0.962402
vn 0.242432 -0.108582 -0.963867
vn 0.0657959 -0.255615 -0.964355
vn 0.0732422 -0.253662 -0.964355
vn -0.0656128 -0.254639 0.964355
vn 0.0656128 -0.254639 0.964355
vn 0.0730591 -0.25293 0.964355
vn -0.0730591 -0.25293 0.964355
vn 0 -1 0
vn 0 -1 0
vn 0 -1 0
vn 0 -1 0
vn -0.0657959 -0.255615 -0.964355
vn -0.0732422 -0.253662 -0.964355
vn 0.0732422 -0.253662 -0.964355
vn 0.0657959 -0.255615 -0.964355
vn -1 0 0
vn -1 0 0
vn -1 0 0
vn -1 0 0
vn -0.470459 0.882324 0
vn -0.470459 0.882324 0
vn -0.470459 0.882324 0
vn -0.470459 0.882324 0
vn -0.311035 0 0.950195
vn -0.241821 -0.108276 0.963867
vn -0.25415 -0.0895386 0.962891
vn -0.311035 0 0.950195
vn -0.254883 -0.0897827 -0.962402
vn -0.242432 -0.108582 -0.963867
vn -0.311768 0 -0.949707
vn -0.311768 0 -0.949707
vn -0.0730591 -0.25293 0.964355
vn -0.25415 -0.0895386 0.962891
vn -0.241821 -0.108276 0.963867
vn -0.0656128 -0.254639 0.964355
vn -0.560547 -0.827637 0
vn -0.560547 -0.827637 0
vn -0.560547 -0.827637 0
vn -0.560547 -0.827637 0
vn -0.0657959 -0.255615 -0.964355
vn -0.242432 -0.108582 -0.963867
vn -0.254883 -0.0897827 -0.962402
vn -0.0732422 -0.253662 -0.964355
vn 1 0 0
vn 1 0 0
vn 1 0 0
vn 1 0 0
vn -1.0252e-005 0 1
vn -1.0252e-005 0 1
vn -1.0252e-005 0 1
vn -1.0252e-005 0 1
vn 0 1 0
vn 0 1 0
vn 0 1 0
vn 0 1 0
vn 0 1 0
vn 0 1 0
vn 0 1 0
vn 0 1 0
vn -1 0 0
vn -1 0 0
vn -1 0 0
vn -1 0 0
vn 0 0 -1
vn 0 0 -1
vn 0 0 -1
vn 0 0 -1
vn 1.13249e-005 6.34193e-005 1
vn 1.13249e-005 6.34193e-005 1
vn 1.13249e-005 6.34193e-005 1
vn 1.13249e-005 6.34193e-005 1
vn 0.562012 -0.82666 0
vn 0.562012 -0.82666 0
vn 0.562012 -0.82666 0
vn 0.562012 -0.82666 0
vn -5.36442e-007 0 1
vn -1.0252e-005 0 1
vn -1.0252e-005 0 1
vn -5.36442e-007 0 1
vn 0 1 0
vn 1.13249e-005 6.34193e-005 1
vn -5.36442e-007 0 1
vn -1.0252e-005 0 1
vn 1.13249e-005 6.34193e-005 1
vn 1.13249e-005 6.34193e-005 1
vn 1.13249e-005 6.34193e-005 1
vn -1.0252e-005 0 1
vn -1.0252e-005 0 1
vn 0.000135183 0 1
vn 0.000135183 0 1
vn 0 1 0
vn 0 1 0
vn 0 1 0
vn 1.13249e-005 6.34193e-005 1
vn 1.13249e-005 6.34193e-005 1
vn -1.0252e-005 0 1
vn 0.000135183 0 1
vn -5.36442e-007 0 -1
vn -5.36442e-007 0 -1
vn -5.36442e-007 0 -1
vn -5.36442e-007 0 -1
vn 0 1 0
vn 4.17233e-007 0 -1
vn 4.17233e-007 0 -1
vn -5.36442e-007 0 -1
vn -5.36442e-007 0 -1
vn -1 0 0
vn -1 0 0
vn -1 0 0
vn -1 0 0
vn 0 1 0
vn 0 1 0
vn 0 1 0
vn 0 1 0
vn 0 0 -1
vn -5.36442e-007 0 -1
vn -5.36442e-007 0 -1
vn 0 0 -1
vn 0 1 0
vn 0 1 0
vn 0 1 0
vn 0 1 0
vn 1 0 0
vn 1 0 0
vn 1 0 0
vn 1 0 0
vn -4.10676e-005 0 1
vn -4.10676e-005 0 1
vn -4.10676e-005 0 1
vn -4.10676e-005 0 1
vn 4.17233e-007 0 -1
vn 4.17233e-007 0 -1
vn 1.13249e-005 -6.34193e-005 -1
vn 1.13249e-005 -6.34193e-005 -1
vn -9.53674e-007 -1 0
vn -9.53674e-007 -1 0
vn -9.53674e-007 -1 0
vn -9.53674e-007 -1 0
vn -0.562012 -0.82666 0
vn -0.562012 -0.82666 0
vn -0.562012 -0.82666 0
vn -0.562012 -0.82666 0
vn 4.17233e-007 0 -1
vn 0 0 -1
vn 0 0 -1
vn 4.17233e-007 0 -1
vn 0 1 0
vn 0 1 0
vn 0 1 0
vn 1.13249e-005 -6.34193e-005 -1
vn 4.17233e-007 0 -1
vn 0 0 -1
vn 1.13249e-005 -6.34193e-005 -1
vn 4.17233e-007 0 -1
vn 1.13249e-005 -6.34193e-005 -1
vn 1 0 0
vn 1 0 0
vn 1 0 0
vn 1 0 0
vn 0.470459 0.882324 0
vn 0.470459 0.882324 0
vn 0.470459 0.882324 0
vn 0.470459 0.882324 0
vn 0.310791 0 -0.950195
vn 0.241577 -0.108215 -0.963867
vn 0.253906 -0.0894775 -0.962891
vn 0.310791 0 -0.950195
vn 0.255127 -0.0899048 0.962402
vn 0.24292 -0.108765 0.963867
vn 0.3125 0 0.949707
vn 0.3125 0 0.949707
vn 0.072998 -0.252686 -0.964355
vn 0.253906 -0.0894775 -0.962891
vn 0.241577 -0.108215 -0.963867
vn 0.0655518 -0.254639 -0.964355
vn 0.560547 -0.827637 0
vn 0.560547 -0.827637 0
vn 0.560547 -0.827637 0
vn 0.560547 -0.827637 0
vn 0.065918 -0.255615 0.964355
vn 0.24292 -0.108765 0.963867
vn 0.255127 -0.0899048 0.962402
vn 0.0733643 -0.253662 0.964355
vn -1 0 0
vn -1 0 0
vn -1 0 0
vn -1 0 0
vn -0.470459 0.882324 0
vn -0.470459 0.882324 0
vn -0.470459 0.882324 0
vn -0.470459 0.882324 0
vn -0.25415 -0.0895386 -0.962891
vn -0.241821 -0.108276 -0.963867
vn -0.311035 0 -0.950195
vn -0.311035 0 -0.950195
vn -0.254395 -0.0896606 0.962891
vn -0.311279 0 0.950195
vn -0.311279 0 0.950195
vn -0.242065 -0.108398 0.963867
vn -0.241821 -0.108276 -0.963867
vn -0.25415 -0.0895386 -0.962891
vn -0.0730591 -0.25293 -0.964355
vn -0.0656128 -0.254639 -0.964355
vn -0.560547 -0.827637 0
vn -0.560547 -0.827637 0
vn -0.560547 -0.827637 0
vn -0.560547 -0.827637 0
vn -0.254395 -0.0896606 0.962891
vn -0.242065 -0.108398 0.963867
vn -0.0656738 -0.255371 0.964355
vn -0.0731201 -0.253418 0.964355
vn 0.072998 -0.252686 -0.964355
vn 0.0655518 -0.254639 -0.964355
vn -0.0656128 -0.254639 -0.964355
vn -0.0730591 -0.25293 -0.964355
vn 0 -1 0
vn 0 -1 0
vn 0 -1 0
vn 0 -1 0
vn 0.065918 -0.255615 0.964355
vn 0.0733643 -0.253662 0.964355
vn -0.0731201 -0.253418 0.964355
vn -0.0656738 -0.255371 0.964355
vn 5.90682e-005 0 1
vn 5.90682e-005 0 1
vn 5.90682e-005 0 1
vn 5.90682e-005 0 1
vn -0.722168 -0.691406 0
vn -0.722168 -0.691406 0
vn 0.72168 -0.691406 0
vn 0.72168 -0.691406 0
vn 0.72168 -0.691406 0
vn 0.72168 -0.691406 0
vn 0.72168 0.691406 0
vn 0.72168 0.691406 0
vn 0.72168 0.691406 0
vn 0.72168 0.691406 0
vn -0.722168 0.691406 0
vn -0.722168 0.691406 0
vn -0.722168 0.691406 0
vn -0.722168 0.691406 0
vn -0.722168 -0.691406 0
vn -0.722168 -0.691406 0
vn 0 0 -1
vn 0 0 -1
vn 0 0 -1
vn 0 0 -1
vn 0.722168 -0.691406 0
vn -0.722168 -0.691406 0
vn -0.722168 -0.691406 0
vn 0.722168 -0.691406 0
vn 0.722168 0.691406 0
vn 0.722168 -0.691406 0
vn 0.722168 -0.691406 0
vn 0.722168 0.691406 0
vn -0.722168 0.691406 0
vn 0.722168 0.691406 0
vn 0.722168 0.691406 0
vn -0.722168 0.691406 0
vn -0.722168 -0.691406 0
vn -0.722168 0.691406 0
vn -0.722168 0.691406 0
vn -0.722168 -0.691406 0
vn 1 0 0
vn 1 0 0
vn 0.706055 -0.70752 0
vn 0.706055 -0.70752 0
vn -0.706055 -0.70752 0
vn -0.706055 -0.70752 0
vn -1 0 0
vn -1 0 0
vn 0.706055 -0.70752 0
vn 0.706055 -0.70752 0
vn -0.706055 -0.70752 0
vn -0.706055 -0.70752 0
vn -4.63724e-005 0 1
vn -4.63724e-005 0 1
vn -4.63724e-005 0 1
vn -4.63724e-005 0 1
vn -4.63724e-005 0 -1
vn -4.63724e-005 0 -1
vn -4.63724e-005 0 -1
vn -4.63724e-005 0 -1
vn -0.043335 0.0489197 0.997559
vn 0.043335 0.0489197 0.997559
vn 0.663086 0.748047 0
vn -0.663086 0.748047 0
vn -0.0316467 -0.246094 0.968262
vn -0.127563 -0.991699 0
vn 0.127563 -0.991699 0
vn 0.0316467 -0.246094 0.968262
vn 0.0463257 -0.00528336 0.998535
vn 0.993164 -0.11322 0
vn 0.663086 0.748047 0
vn -0.993164 -0.11322 0
vn -0.0463257 -0.00528336 0.998535
vn -0.663086 0.748047 0
vn -0.0463257 -0.00528336 0.998535
vn -0.993164 -0.11322 0
vn 0.0463257 -0.00528336 0.998535
vn 0.993164 -0.11322 0
vn -1.19209e-007 0 1
vn -1.19209e-007 0 1
vn 5.96046e-007 0 1
vn 0.865723 0.499756 0
vn 0.865723 0.499756 0
vn 1 0 0
vn 1 0 0
vn 0.865723 -0.499756 0
vn 0.865723 -0.499756 0
vn 0.499756 -0.865723 0
vn 0.499756 -0.865723 0
vn 0 -1 0
vn 0 -1 0
vn 0 -1 0
vn 0 -1 0
vn -0.499756 -0.865723 0
vn -0.499756 -0.865723 0
vn -0.865723 -0.499756 0
vn -0.865723 -0.499756 0
vn -1 0 0
vn -1 0 0
vn -0.865723 0.499756 0
vn -0.865723 0.499756 0
vn -0.499756 0.865723 0
vn -0.499756 0.865723 0
vn 0 1 0
vn 0 1 0
vn 0.499756 0.865723 0
vn 0.499756 0.865723 0
vn 0 0 1
vn 0 0 1
vn 0 0 1
vn 0 0 1
vn 0 0 1
vn -1.19209e-007 0 1
vn -1.19209e-007 0 1
vn 0 0 1
vn -5.96046e-007 0 1
vn 0 0 -1
vn -2.38419e-007 0 -1
vn -2.38419e-007 0 -1
vn 0 0 -1
vn 0.647949 0.631836 -0.424316
vn 0.541992 0.666992 -0.510742
vn 0 0 1
vn 0 0 1
vn 0.541992 0.666992 -0.510742
vn 0 0.815918 -0.577148
vn 0 0 1
vn 0 0 1
vn -0.304688 0.675293 -0.670898
vn 0 0 1
vn -0.843262 0.326172 -0.426758
vn 0 0 1
vn -0.843262 0.326172 -0.426758
vn -0.967773 0.0411072 -0.247314
vn 0 0 1
vn 0 0 1
vn -0.878418 -0.391846 -0.272949
vn 0 0 1
vn -0.625 -0.689941 -0.364502
vn 0 0 1
vn -0.625 -0.689941 -0.364502
vn 0.00465393 -0.939941 -0.340332
vn 0 0 1
vn 0 0 1
vn 0.570313 -0.745117 -0.344482
vn 0 0 1
vn 0.816406 -0.462402 -0.344482
vn 0 0 1
vn 0.816406 -0.462402 -0.344482
vn 0.928223 0.0431824 -0.368408
vn 0 0 1
vn 0 0 1
vn 0.647949 0.631836 -0.424316
vn 0.928223 0.0431824 -0.368408
vn 3.57628e-007 0 -1
vn 0.816406 -0.462402 -0.344482
vn 0.570313 -0.745117 -0.344482
vn 0.00465393 -0.939941 -0.340332
vn 0 0 -1
vn -0.625 -0.689941 -0.364502
vn 1.78814e-007 0 -1
vn -0.878418 -0.391846 -0.272949
vn 3.57628e-007 0 -1
vn -0.967773 0.0411072 -0.247314
vn 0 0 -1
vn -0.843262 0.326172 -0.426758
vn 1.78814e-007 0 -1
vn -0.304688 0.675293 -0.670898
vn 1.78814e-007 0 -1
vn 0 0.815918 -0.577148
vn 0 0 -1
vn 0.541992 0.666992 -0.510742
vn 0 0 1
vn 0 0 1
vn 0 0 1
vn 0 0 1
vn 0.865723 0.5 0
vn 0.865723 0.5 0
vn 1 0 0
vn 1 0 0
vn 0.865723 -0.499756 0
vn 0.865723 -0.499756 0
vn 0.499756 -0.865723 0
vn 0.499756 -0.865723 0
vn 0 -1 0
vn 0 -1 0
vn 0 -1 0
vn 0 -1 0
vn -0.499756 -0.865723 0
vn -0.499756 -0.865723 0
vn -0.865723 -0.499756 0
vn -0.865723 -0.499756 0
vn -1 0 0
vn -1 0 0
vn -0.865723 0.5 0
vn -0.865723 0.5 0
vn -0.499756 0.865723 0
vn -0.499756 0.865723 0
vn 0 1 0
vn 0 1 0
vn 0.499756 0.865723 0
vn 0.499756 0.865723 0
vn 0.292969 0.675781 -0.675781
vn 0.292969 0.675781 -0.675781
vn 0.292725 -0.675781 0.675781
vn 0.292725 -0.675781 0.675781
vn 0.292725 -0.675781 0.675781
vn 0.292725 -0.675781 0.675781
vn -0.292969 -0.675781 0.675781
vn -0.292969 -0.675781 0.675781
vn -0.292969 -0.675781 0.675781
vn -0.292969 -0.675781 0.675781
vn -0.292969 0.675781 -0.675781
vn -0.292725 0.675781 -0.675781
vn -0.292725 0.675781 -0.675781
vn -0.292969 0.675781 -0.675781
vn 0.292969 0.675781 -0.675781
vn 0.292969 0.675781 -0.675781
vn 0.749023 0.331055 0.573242
vn 0.817383 -0.287842 0.498291
vn 1 2.92063e-006 5.24521e-006
vn 0.817383 0.575195 5.09024e-005
vn 0.749023 0.331055 -0.573242
vn 0.817383 -0.287598 -0.498291
vn 0.749023 -0.662109 6.54459e-005
vn 0.749023 0.331055 0.573242
vn 0.817383 0.575195 5.09024e-005
vn -0.946289 0.32251 -5.09024e-005
vn -0.669922 0.37085 0.642578
vn 0.817383 0.575195 5.09024e-005
vn 0.749023 0.331055 -0.573242
vn -0.946289 0.161255 -0.279297
vn -0.946289 0.32251 -5.09024e-005
vn 0.817383 -0.287598 -0.498291
vn -0.669922 -0.371094 -0.642578
vn 0.749023 -0.662109 6.54459e-005
vn -0.946289 -0.32251 -5.09024e-005
vn 0.749023 -0.662109 6.54459e-005
vn 0.817383 -0.287842 0.498291
vn -0.946289 -0.161255 0.279297
vn -0.946289 -0.32251 -5.09024e-005
vn -0.669922 -0.371094 -0.642578
vn -0.946289 -0.32251 -5.09024e-005
vn -0.946289 0.161255 -0.279297
vn -0.946289 0.32251 -5.09024e-005
vn -0.946289 -0.161255 0.279297
vn -0.669922 0.37085 0.642578
vn 0.292969 0.675781 0.675781
vn 0.292969 0.675781 0.675781
vn 0.292725 -0.675781 -0.675781
vn 0.292725 -0.675781 -0.675781
vn 0.292725 -0.675781 -0.675781
vn 0.292725 -0.675781 -0.675781
vn -0.292969 -0.675781 -0.675781
vn -0.292725 -0.675781 -0.675781
vn -0.292725 -0.675781 -0.675781
vn -0.292969 -0.675781 -0.675781
vn -0.292969 0.675781 0.675781
vn -0.292969 0.675781 0.675781
vn -0.292969 0.675781 0.675781
vn -0.292969 0.675781 0.675781
vn 0.292969 0.675781 0.675781
vn 0.292969 0.675781 0.675781
vn -0.524902 1.78814e-007 -0.850586
vn -0.525391 -0.425293 -0.736816
vn -1.26958e-005 -0.5 -0.865723
vn 0 0 -1
vn -0.525391 -0.736816 -0.425293
vn -2.19941e-005 -0.865723 -0.499756
vn -0.525391 -0.850586 -9.71556e-006
vn -4.58956e-006 -1 1.14441e-005
vn -0.525391 -0.736816 0.425293
vn 1.7345e-005 -0.865723 0.499756
vn -0.525391 -0.425293 0.736816
vn 3.016e-005 -0.499756 0.865723
vn -0.525391 0 0.850586
vn 3.48091e-005 0 1
vn -0.525391 0 0.850586
vn -0.525391 0.425293 0.736816
vn 3.00407e-005 0.499756 0.865723
vn 3.48091e-005 0 1
vn -0.525391 0.736816 0.425293
vn 1.7345e-005 0.865723 0.499756
vn -0.525391 0.850586 -9.77516e-006
vn -4.58956e-006 1 1.13845e-005
vn -0.525391 0.736816 -0.425293
vn -2.19941e-005 0.865723 -0.499756
vn -0.525391 0.425293 -0.736816
vn -1.26958e-005 0.5 -0.865723
vn -0.524902 1.78814e-007 -0.850586
vn 0 0 -1
vn 1 -2.98023e-007 0
vn 1 -2.98023e-007 0
vn 1 -2.98023e-007 0
vn 1 -2.98023e-007 0
vn 1 0 0
vn 1 0 0
vn 1 0 0
vn 1 0 0
vn 1 1.19209e-007 0
vn 1 1.19209e-007 0
vn 1 1.19209e-007 0
vn 1 1.19209e-007 0
vn 1 2.98023e-007 0
vn 1 2.98023e-007 0
vn 1 2.98023e-007 0
vn 1 2.98023e-007 0
vn 1 2.98023e-007 0
vn 1 2.98023e-007 0
vn 1 1.19209e-007 0
vn 1 1.19209e-007 0
vn 1 1.19209e-007 0
vn 1 1.19209e-007 0
vn 1 0 0
vn 1 0 0
vn 1 0 0
vn 1 0 0
vn 1 -2.98023e-007 0
vn 1 -2.98023e-007 0
vn 0 0 1
vn 0 0.499756 0.865723
vn 0 0.499756 0.865723
vn 0 0 1
vn -5.90086e-006 0.865723 0.499756
vn -5.90086e-006 0.865723 0.499756
vn 0 1 1.48416e-005
vn 0 1 -1.49012e-005
vn 3.91006e-005 0.865723 -0.5
vn 3.91006e-005 0.865723 -0.5
vn 3.31998e-005 0.499756 -0.865723
vn 3.31998e-005 0.499756 -0.865723
vn 1.78814e-007 0 -1
vn 1.78814e-007 0 -1
vn 1.78814e-007 0 -1
vn 3.31998e-005 -0.499756 -0.865723
vn 3.31998e-005 -0.499756 -0.865723
vn 1.78814e-007 0 -1
vn 3.91603e-005 -0.865723 -0.5
vn 3.91603e-005 -0.865723 -0.5
vn 0 -1 1.48416e-005
vn 0 -1 -1.49012e-005
vn -6.02007e-006 -0.865723 0.499756
vn -6.02007e-006 -0.865723 0.499756
vn 0 -0.499756 0.865723
vn 0 -0.499756 0.865723
vn 0 0 1
vn 0 0 1
vn -1 3.57628e-007 0
vn -1 3.57628e-007 0
vn -0.525391 -0.425293 -0.736816
vn -0.524902 1.78814e-007 -0.850586
vn -1 3.57628e-007 0
vn -0.525391 -0.736816 -0.425293
vn -1 3.57628e-007 0
vn -0.525391 -0.850586 -9.71556e-006
vn -1 0 0
vn -0.525391 -0.736816 0.425293
vn -1 0 0
vn -0.525391 -0.425293 0.736816
vn -1 0 0
vn -0.525391 0 0.850586
vn -1 0 0
vn -1 0 0
vn -0.525391 0.425293 0.736816
vn -0.525391 0 0.850586
vn -1 0 0
vn -0.525391 0.736816 0.425293
vn -1 -2.38419e-007 0
vn -0.525391 0.850586 -9.77516e-006
vn -1 -2.38419e-007 0
vn -0.525391 0.736816 -0.425293
vn -1 0 0
vn -0.525391 0.425293 -0.736816
vn -1 3.57628e-007 0
vn -0.524902 1.78814e-007 -0.850586
vn 0.000182629 0.5 -0.865723
vn 0.00021112 0 -1
vn 0.00021112 0 -1
vn 0.000182629 0.499756 -0.865723
vn 0.00021112 0 -1
vn 0.000183105 -0.5 -0.865723
vn 0.000183105 -0.499756 -0.865723
vn 0.00021112 0 -1
vn 4.91142e-005 -0.865723 -0.499756
vn 4.91142e-005 -0.865723 -0.499756
vn 0 -1 -6.95586e-005
vn 0 -1 6.95586e-005
vn 2.83718e-005 -0.865723 0.5
vn 2.83718e-005 -0.865723 0.5
vn 0 -0.499756 0.865723
vn 0 -0.499756 0.865723
vn 0 0 1
vn 0 0 1
vn 0 0 1
vn 0 0.499756 0.865723
vn 0 0.499756 0.865723
vn 0 0 1
vn 2.83718e-005 0.865723 0.5
vn 2.83718e-005 0.865723 0.5
vn 0 1 -6.95586e-005
vn 0 1 6.95586e-005
vn 4.8697e-005 0.865723 -0.499756
vn 4.8697e-005 0.865723 -0.499756
vn 0.937012 0.174316 -0.302002
vn 0.937012 0 -0.348633
vn 0.937012 0 -0.348633
vn 0.937012 0.174316 -0.302002
vn 0.937012 0 -0.348633
vn 0.937012 -0.174316 -0.302002
vn 0.937012 -0.174316 -0.302002
vn 0.937012 0 -0.348633
vn 0.937012 -0.302002 -0.174316
vn 0.937012 -0.302002 -0.174316
vn 0.937012 -0.348633 -2.09212e-005
vn 0.937012 -0.348633 2.68221e-005
vn 0.937012 -0.302002 0.174316
vn 0.937012 -0.302002 0.174316
vn 0.937012 -0.174316 0.302002
vn 0.937012 -0.174438 0.302002
vn 0.937012 0 0.348877
vn 0.937012 0 0.348877
vn 0.937012 0 0.348877
vn 0.937012 0.174316 0.302002
vn 0.937012 0.174438 0.302002
vn 0.937012 0 0.348877
vn 0.937012 0.302002 0.174316
vn 0.937012 0.302002 0.174316
vn 0.937012 0.348633 -2.08616e-005
vn 0.937012 0.348633 2.68221e-005
vn 0.937012 0.302002 -0.174316
vn 0.937012 0.302002 -0.174316
vn 0.524902 0 0.850586
vn 0.525391 -0.425293 0.736816
vn 1.26958e-005 -0.5 0.865723
vn 0 0 1
vn 0.525391 -0.736816 0.425293
vn 2.20537e-005 -0.865723 0.499756
vn 0.525391 -0.850586 9.71556e-006
vn 4.64916e-006 -1 -1.14441e-005
vn 0.525391 -0.736816 -0.425293
vn -1.7345e-005 -0.865723 -0.499756
vn 0.525391 -0.425293 -0.736816
vn -2.99215e-005 -0.499756 -0.865723
vn 0.525391 0 -0.850586
vn -3.46899e-005 0 -1
vn 0.525391 0 -0.850586
vn 0.525391 0.425293 -0.736816
vn -3.016e-005 0.499756 -0.865723
vn -3.46899e-005 0 -1
vn 0.525391 0.736816 -0.425293
vn -1.7345e-005 0.865723 -0.499756
vn 0.525391 0.850586 9.83477e-006
vn 4.64916e-006 1 -1.13249e-005
vn 0.525391 0.736816 0.425293
vn 2.21133e-005 0.865723 0.499756
vn 0.525391 0.425293 0.736816
vn 1.27554e-005 0.5 0.865723
vn 0.524902 0 0.850586
vn 0 0 1
vn -1 -2.38419e-007 0
vn -1 0 0
vn -1 0 0
vn -1 -2.38419e-007 0
vn -1 3.57628e-007 0
vn -1 3.57628e-007 0
vn -1 3.57628e-007 0
vn -1 3.57628e-007 0
vn -1 3.57628e-007 0
vn -1 3.57628e-007 0
vn -1 3.57628e-007 0
vn -1 3.57628e-007 0
vn -1 0 0
vn -1 0 0
vn -1 0 0
vn -1 0 0
vn -1 0 0
vn -1 0 0
vn -1 -2.38419e-007 0
vn -1 -2.38419e-007 0
vn -1 -9.53674e-007 0
vn -1 -9.53674e-007 0
vn -1 -2.38419e-007 0
vn -1 -2.38419e-007 0
vn -1 0 0
vn -1 0 0
vn -1 -2.38419e-007 0
vn -1 -2.38419e-007 0
vn 0 0 -1
vn 0 0.499756 -0.865723
vn 0 0.499756 -0.865723
vn 0 0 -1
vn 5.96046e-006 0.865723 -0.499756
vn 5.96046e-006 0.865723 -0.499756
vn 0 1 -1.49012e-005
vn 0 1 1.48416e-005
vn -3.93391e-005 0.865723 0.5
vn -3.93391e-005 0.865723 0.5
vn -3.33786e-005 0.499756 0.865723
vn -3.33786e-005 0.499756 0.865723
vn 0 0 1
vn 0 0 1
vn 0 0 1
vn -3.30806e-005 -0.499756 0.865723
vn -3.30806e-005 -0.499756 0.865723
vn 0 0 1
vn -3.91603e-005 -0.865723 0.5
vn -3.91603e-005 -0.865723 0.5
vn 0 -1 -1.49012e-005
vn 0 -1 1.48416e-005
vn 5.96046e-006 -0.865723 -0.499756
vn 5.96046e-006 -0.865723 -0.499756
vn 0 -0.499756 -0.865723
vn 0 -0.499756 -0.865723
vn 0 0 -1
vn 0 0 -1
vn 1 0 0
vn 1 1.19209e-007 0
vn 0.525391 -0.425293 0.736816
vn 0.524902 0 0.850586
vn 1 2.98023e-007 0
vn 0.525391 -0.736816 0.425293
vn 1 2.98023e-007 0
vn 0.525391 -0.850586 9.71556e-006
vn 1 1.19209e-007 0
vn 0.525391 -0.736816 -0.425293
vn 1 0 0
vn 0.525391 -0.425293 -0.736816
vn 1 -1.78814e-007 0
vn 0.525391 0 -0.850586
vn 1 -1.78814e-007 0
vn 1 -1.78814e-007 0
vn 0.525391 0.425293 -0.736816
vn 0.525391 0 -0.850586
vn 1 -1.78814e-007 0
vn 0.525391 0.736816 -0.425293
vn 1 -1.78814e-007 0
vn 0.525391 0.850586 9.83477e-006
vn 1 -1.78814e-007 0
vn 0.525391 0.736816 0.425293
vn 1 -1.78814e-007 0
vn 0.525391 0.425293 0.736816
vn 1 0 0
vn 0.524902 0 0.850586
vn -0.000183463 0.5 0.865723
vn -0.00021112 0 1
vn -0.00021112 0 1
vn -0.000183463 0.499756 0.865723
vn -0.00021112 0 1
vn -0.000183463 -0.5 0.865723
vn -0.000183463 -0.499756 0.865723
vn -0.00021112 0 1
vn -4.95315e-005 -0.865723 0.499756
vn -4.95315e-005 -0.865723 0.499756
vn 0 -1 6.95586e-005
vn 0 -1 -6.95586e-005
vn -2.83718e-005 -0.865723 -0.5
vn -2.83718e-005 -0.865723 -0.5
vn 0 -0.499756 -0.865723
vn 0 -0.499756 -0.865723
vn 0 0 -1
vn 0 0 -1
vn 0 0 -1
vn 0 0.499756 -0.865723
vn 0 0.499756 -0.865723
vn 0 0 -1
vn -2.83718e-005 0.865723 -0.5
vn -2.83718e-005 0.865723 -0.5
vn 0 1 6.95586e-005
vn 0 1 -6.95586e-005
vn -4.95315e-005 0.865723 0.499756
vn -4.95315e-005 0.865723 0.499756
vn -0.937012 0.174316 0.302002
vn -0.937012 1.78814e-007 0.348633
vn -0.937012 1.78814e-007 0.348633
vn -0.937012 0.174316 0.302002
vn -0.937012 1.78814e-007 0.348633
vn -0.937012 -0.174316 0.302002
vn -0.937012 -0.174316 0.302002
vn -0.937012 1.78814e-007 0.348633
vn -0.937012 -0.302002 0.174316
vn -0.937012 -0.302002 0.174316
vn -0.937012 -0.348633 2.09212e-005
vn -0.937012 -0.348633 -2.67625e-005
vn -0.937012 -0.302002 -0.174316
vn -0.937012 -0.302002 -0.174316
vn -0.937012 -0.174316 -0.302002
vn -0.937012 -0.174438 -0.302002
vn -0.937012 0 -0.348877
vn -0.937012 0 -0.348877
vn -0.937012 0 -0.348877
vn -0.937012 0.174316 -0.302002
vn -0.937012 0.174438 -0.302002
vn -0.937012 0 -0.348877
vn -0.937012 0.302002 -0.174316
vn -0.937012 0.302002 -0.174316
vn -0.937012 0.348633 2.08616e-005
vn -0.937012 0.348633 -2.68221e-005
vn -0.937012 0.302002 0.174316
vn -0.937012 0.302002 0.174316
vn 0 0 1
vn 0 0 1
vn 0 1 0
vn 0 1 0
vn 0 0 -1
vn 0 0 -1
vn 0 -1 0
vn 0 -1 0
vn 0 1 0
vn 0 1 0
vn -0.292969 0.675781 -0.675781
vn -0.292969 0.675781 -0.675781
vn -0.292725 -0.675781 0.675781
vn -0.292725 -0.675781 0.675781
vn -0.292725 -0.675781 0.675781
vn -0.292725 -0.675781 0.675781
vn 0.292969 -0.675781 0.675781
vn 0.292725 -0.675781 0.675781
vn 0.292725 -0.675781 0.675781
vn 0.292969 -0.675781 0.675781
vn 0.292969 0.675781 -0.675781
vn 0.292969 0.675781 -0.675781
vn 0.292969 0.675781 -0.675781
vn 0.292969 0.675781 -0.675781
vn -0.292969 0.675781 -0.675781
vn -0.292969 0.675781 -0.675781
vn -0.749023 0.331055 -0.573242
vn -0.817383 -0.287842 -0.498291
vn -1 2.92063e-006 -5.30481e-006
vn -0.817383 0.575195 -5.0962e-005
vn -0.749023 0.331055 0.573242
vn -0.817383 -0.287598 0.498291
vn -0.749023 -0.662109 -6.55055e-005
vn -0.749023 0.331055 -0.573242
vn -0.817383 0.575195 -5.0962e-005
vn 0.946289 0.32251 5.09024e-005
vn 0.669922 0.37085 -0.642578
vn -0.817383 0.575195 -5.0962e-005
vn -0.749023 0.331055 0.573242
vn 0.946289 0.161255 0.279297
vn 0.946289 0.32251 5.09024e-005
vn -0.817383 -0.287598 0.498291
vn 0.669922 -0.371094 0.642578
vn -0.749023 -0.662109 -6.55055e-005
vn 0.946289 -0.32251 5.09024e-005
vn -0.749023 -0.662109 -6.55055e-005
vn -0.817383 -0.287842 -0.498291
vn 0.946289 -0.161255 -0.279297
vn 0.946289 -0.32251 5.09024e-005
vn 0.669922 -0.371094 0.642578
vn 0.946289 -0.32251 5.09024e-005
vn 0.946289 0.161255 0.279297
vn 0.946289 0.32251 5.09024e-005
vn 0.946289 -0.161255 -0.279297
vn 0.669922 0.37085 -0.642578
vn -0.292969 0.675781 0.675781
vn -0.292969 0.675781 0.675781
vn -0.292725 -0.675781 -0.675781
vn -0.292725 -0.675781 -0.675781
vn -0.292725 -0.675781 -0.675781
vn -0.292725 -0.675781 -0.675781
vn 0.292969 -0.675781 -0.675781
vn 0.292969 -0.675781 -0.675781
vn 0.292969 -0.675781 -0.675781
vn 0.292969 -0.675781 -0.675781
vn 0.292969 0.675781 0.675781
vn 0.292725 0.675781 0.675781
vn 0.292725 0.675781 0.675781
vn 0.292969 0.675781 0.675781
vn -0.292969 0.675781 0.675781
vn -0.292969 0.675781 0.675781
vn 1 -3.21865e-006 5.24521e-006
vn 0.817383 0.287842 0.498291
vn 0.749023 -0.331055 0.573242
vn 0.817383 -0.575195 5.09024e-005
vn 0.749023 0.662109 6.54459e-005
vn 0.817383 0.287598 -0.498291
vn 0.749023 -0.331055 -0.573242
vn 0.817383 0.287842 0.498291
vn 0.749023 0.662109 6.54459e-005
vn -0.946289 0.32251 -5.09024e-005
vn -0.669922 0.37085 0.642578
vn 0.749023 0.662109 6.54459e-005
vn 0.817383 0.287598 -0.498291
vn -0.946289 0.161255 -0.279297
vn -0.946289 0.32251 -5.09024e-005
vn 0.749023 -0.331055 -0.573242
vn -0.669922 -0.371094 -0.642578
vn 0.817383 -0.575195 5.09024e-005
vn -0.946289 -0.32251 -5.09024e-005
vn 0.817383 -0.575195 5.09024e-005
vn 0.749023 -0.331055 0.573242
vn -0.946289 -0.161255 0.279297
vn -0.946289 -0.32251 -5.09024e-005
vn -0.669922 -0.371094 -0.642578
vn -0.946289 -0.32251 -5.09024e-005
vn -0.946289 0.161255 -0.279297
vn -0.946289 0.32251 -5.09024e-005
vn -0.946289 -0.161255 0.279297
vn -0.669922 0.37085 0.642578
vn 0.292969 0.675781 -0.675781
vn 0.292969 0.675781 -0.675781
vn 0.292725 -0.675781 0.675781
vn 0.292725 -0.675781 0.675781
vn 0.292725 -0.675781 0.675781
vn 0.292725 -0.675781 0.675781
vn -0.292969 -0.675781 0.675781
vn -0.292969 -0.675781 0.675781
vn -0.292969 -0.675781 0.675781
vn -0.292969 -0.675781 0.675781
vn -0.292969 0.675781 -0.675781
vn -0.292725 0.675781 -0.675781
vn -0.292725 0.675781 -0.675781
vn -0.292969 0.675781 -0.675781
vn 0.292969 0.675781 -0.675781
vn 0.292969 0.675781 -0.675781
vn 0.292969 0.675781 0.675781
vn 0.292969 0.675781 0.675781
vn 0.292725 -0.675781 -0.675781
vn 0.292725 -0.675781 -0.675781
vn 0.292725 -0.675781 -0.675781
vn 0.292725 -0.675781 -0.675781
vn -0.292969 -0.675781 -0.675781
vn -0.292725 -0.675781 -0.675781
vn -0.292725 -0.675781 -0.675781
vn -0.292969 -0.675781 -0.675781
vn -0.292969 0.675781 0.675781
vn -0.292969 0.675781 0.675781
vn -0.292969 0.675781 0.675781
vn -0.292969 0.675781 0.675781
vn 0.292969 0.675781 0.675781
vn 0.292969 0.675781 0.675781
vn -0.524902 0 -0.850586
vn -0.525391 -0.425293 -0.736816
vn -1.26958e-005 -0.5 -0.865723
vn 0 0 -1
vn -0.525391 -0.736816 -0.425293
vn -2.19941e-005 -0.865723 -0.499756
vn -0.525391 -0.850586 -9.71556e-006
vn -4.64916e-006 -1 1.14441e-005
vn -0.525391 -0.736816 0.425293
vn 1.7345e-005 -0.865723 0.499756
vn -0.525391 -0.425293 0.736816
vn 3.016e-005 -0.499756 0.865723
vn -0.525391 0 0.850586
vn 3.46899e-005 0 1
vn -0.525391 0 0.850586
vn -0.525391 0.425293 0.736816
vn 3.00407e-005 0.499756 0.865723
vn 3.46899e-005 0 1
vn -0.525391 0.736816 0.425293
vn 1.74642e-005 0.865723 0.499756
vn -0.525391 0.850586 -9.77516e-006
vn -4.58956e-006 1 1.13845e-005
vn -0.525391 0.736816 -0.425293
vn -2.19941e-005 0.865723 -0.499756
vn -0.525391 0.425293 -0.736816
vn -1.26958e-005 0.5 -0.865723
vn -0.524902 0 -0.850586
vn 0 0 -1
vn 1 -2.98023e-007 0
vn 1 -2.98023e-007 0
vn 1 -2.98023e-007 0
vn 1 -2.98023e-007 0
vn 1 0 0
vn 1 0 0
vn 1 0 0
vn 1 0 0
vn 1 1.19209e-007 0
vn 1 1.19209e-007 0
vn 1 1.19209e-007 0
vn 1 1.19209e-007 0
vn 1 2.98023e-007 0
vn 1 2.98023e-007 0
vn 1 2.98023e-007 0
vn 1 2.98023e-007 0
vn 1 2.98023e-007 0
vn 1 2.98023e-007 0
vn 1 1.19209e-007 0
vn 1 1.19209e-007 0
vn 1 1.19209e-007 0
vn 1 1.19209e-007 0
vn 1 0 0
vn 1 0 0
vn 1 0 0
vn 1 0 0
vn 1 -2.98023e-007 0
vn 1 -2.98023e-007 0
vn 0 0 1
vn 0 0.499756 0.865723
vn 0 0.499756 0.865723
vn 0 0 1
vn -6.02007e-006 0.865723 0.499756
vn -6.02007e-006 0.865723 0.499756
vn 0 1 1.48416e-005
vn 0 1 -1.49012e-005
vn 3.93391e-005 0.865723 -0.5
vn 3.93391e-005 0.865723 -0.5
vn 3.33786e-005 0.499756 -0.865723
vn 3.33786e-005 0.499756 -0.865723
vn 0 0 -1
vn 0 0 -1
vn 0 0 -1
vn 3.30806e-005 -0.499756 -0.865723
vn 3.30806e-005 -0.499756 -0.865723
vn 0 0 -1
vn 3.91603e-005 -0.865723 -0.5
vn 3.91603e-005 -0.865723 -0.5
vn 0 -1 1.48416e-005
vn 0 -1 -1.49012e-005
vn -6.02007e-006 -0.865723 0.499756
vn -6.02007e-006 -0.865723 0.499756
vn 0 -0.499756 0.865723
vn 0 -0.499756 0.865723
vn 0 0 1
vn 0 0 1
vn -1 1.78814e-007 0
vn -1 3.57628e-007 0
vn -0.525391 -0.425293 -0.736816
vn -0.524902 0 -0.850586
vn -1 3.57628e-007 0
vn -0.525391 -0.736816 -0.425293
vn -1 3.57628e-007 0
vn -0.525391 -0.850586 -9.71556e-006
vn -1 1.78814e-007 0
vn -0.525391 -0.736816 0.425293
vn -1 0 0
vn -0.525391 -0.425293 0.736816
vn -1 0 0
vn -0.525391 0 0.850586
vn -1 0 0
vn -1 0 0
vn -0.525391 0.425293 0.736816
vn -0.525391 0 0.850586
vn -1 0 0
vn -0.525391 0.736816 0.425293
vn -1 -2.38419e-007 0
vn -0.525391 0.850586 -9.77516e-006
vn -1 -2.38419e-007 0
vn -0.525391 0.736816 -0.425293
vn -1 0 0
vn -0.525391 0.425293 -0.736816
vn -1 1.78814e-007 0
vn -0.524902 0 -0.850586
vn 0.000183463 0.5 -0.865723
vn 0.00021112 0 -1
vn 0.00021112 0 -1
vn 0.000183463 0.499756 -0.865723
vn 0.00021112 0 -1
vn 0.000183463 -0.5 -0.865723
vn 0.000183463 -0.499756 -0.865723
vn 0.00021112 0 -1
vn 4.9293e-005 -0.865723 -0.499756
vn 4.9293e-005 -0.865723 -0.499756
vn 0 -1 -6.95586e-005
vn 0 -1 6.95586e-005
vn 2.86102e-005 -0.865723 0.5
vn 2.86102e-005 -0.865723 0.5
vn 0 -0.499756 0.865723
vn 0 -0.499756 0.865723
vn 0 0 1
vn 0 0 1
vn 0 0 1
vn 0 0.499756 0.865723
vn 0 0.499756 0.865723
vn 0 0 1
vn 2.86102e-005 0.865723 0.5
vn 2.86102e-005 0.865723 0.5
vn 1.78814e-007 1 -6.95586e-005
vn 1.78814e-007 1 6.95586e-005
vn 4.95315e-005 0.865723 -0.499756
vn 4.95315e-005 0.865723 -0.499756
vn 0.937012 0.174316 -0.302002
vn 0.937012 0 -0.348633
vn 0.937012 0 -0.348633
vn 0.937012 0.174316 -0.302002
vn 0.937012 0 -0.348633
vn 0.937012 -0.174316 -0.302002
vn 0.937012 -0.174316 -0.302002
vn 0.937012 0 -0.348633
vn 0.937012 -0.302002 -0.174316
vn 0.937012 -0.302002 -0.174316
vn 0.937012 -0.348633 -2.09212e-005
vn 0.937012 -0.348633 2.67625e-005
vn 0.937012 -0.302002 0.174316
vn 0.937012 -0.302002 0.174316
vn 0.937012 -0.174316 0.302002
vn 0.937012 -0.174438 0.302002
vn 0.937012 0 0.348877
vn 0.937012 0 0.348877
vn 0.937012 0 0.348877
vn 0.937012 0.174316 0.302002
vn 0.937012 0.174438 0.302002
vn 0.937012 0 0.348877
vn 0.937012 0.302002 0.174316
vn 0.937012 0.302002 0.174316
vn 0.937012 0.348633 -2.09212e-005
vn 0.937012 0.348633 2.68221e-005
vn 0.937012 0.302002 -0.174316
vn 0.937012 0.302002 -0.174316
vn 0 0 1
vn 0 0 1
vn 0 1 0
vn 0 1 0
vn 0 0 -1
vn 0 0 -1
vn 0 -1 0
vn 0 -1 0
vn 0 1 0
vn 0 1 0
vn -0.749023 0.331055 -0.573242
vn -0.817383 -0.287842 -0.498291
vn -1 2.98023e-006 -5.36442e-006
vn -0.817383 0.575195 -5.0962e-005
vn -0.749023 0.331055 0.573242
vn -0.817383 -0.287598 0.498291
vn -0.749023 -0.662109 -6.55055e-005
vn -0.749023 0.331055 -0.573242
vn -0.817383 0.575195 -5.0962e-005
vn 0.946289 0.32251 5.09024e-005
vn 0.669922 0.37085 -0.642578
vn -0.817383 0.575195 -5.0962e-005
vn -0.749023 0.331055 0.573242
vn 0.946289 0.161255 0.279297
vn 0.946289 0.32251 5.09024e-005
vn -0.817383 -0.287598 0.498291
vn 0.669922 -0.371094 0.642578
vn -0.749023 -0.662109 -6.55055e-005
vn 0.946289 -0.32251 5.09024e-005
vn -0.749023 -0.662109 -6.55055e-005
vn -0.817383 -0.287842 -0.498291
vn 0.946289 -0.161255 -0.279297
vn 0.946289 -0.32251 5.09024e-005
vn 0.669922 -0.371094 0.642578
vn 0.946289 -0.32251 5.09024e-005
vn 0.946289 0.161255 0.279297
vn 0.946289 0.32251 5.09024e-005
vn 0.946289 -0.161255 -0.279297
vn 0.669922 0.37085 -0.642578
vn -0.292969 0.675781 -0.675781
vn -0.292969 0.675781 -0.675781
vn -0.292725 -0.675781 0.675781
vn -0.292725 -0.675781 0.675781
vn -0.292725 -0.675781 0.675781
vn -0.292725 -0.675781 0.675781
vn 0.292969 -0.675781 0.675781
vn 0.292725 -0.675781 0.675781
vn 0.292725 -0.675781 0.675781
vn 0.292969 -0.675781 0.675781
vn 0.292969 0.675781 -0.675781
vn 0.292969 0.675781 -0.675781
vn 0.292969 0.675781 -0.675781
vn 0.292969 0.675781 -0.675781
vn -0.292969 0.675781 -0.675781
vn -0.292969 0.675781 -0.675781
vn -0.292969 0.675781 0.675781
vn -0.292969 0.675781 0.675781
vn -0.292725 -0.675781 -0.675781
vn -0.292725 -0.675781 -0.675781
vn -0.292725 -0.675781 -0.675781
vn -0.292725 -0.675781 -0.675781
vn 0.292969 -0.675781 -0.675781
vn 0.292969 -0.675781 -0.675781
vn 0.292969 -0.675781 -0.675781
vn 0.292969 -0.675781 -0.675781
vn 0.292969 0.675781 0.675781
vn 0.292725 0.675781 0.675781
vn 0.292725 0.675781 0.675781
vn 0.292969 0.675781 0.675781
vn -0.292969 0.675781 0.675781
vn -0.292969 0.675781 0.675781
vn 0.524902 1.78814e-007 0.850586
vn 0.525391 -0.425293 0.736816
vn 1.26958e-005 -0.5 0.865723
vn 0 0 1
vn 0.525391 -0.736816 0.425293
vn 2.20537e-005 -0.865723 0.499756
vn 0.525391 -0.850586 9.71556e-006
vn 4.64916e-006 -1 -1.14441e-005
vn 0.525391 -0.736816 -0.425293
vn -1.7345e-005 -0.865723 -0.499756
vn 0.525391 -0.425293 -0.736816
vn -3.016e-005 -0.499756 -0.865723
vn 0.525391 0 -0.850586
vn -3.48091e-005 0 -1
vn 0.525391 0 -0.850586
vn 0.525391 0.425293 -0.736816
vn -3.016e-005 0.499756 -0.865723
vn -3.48091e-005 0 -1
vn 0.525391 0.736816 -0.425293
vn -1.74642e-005 0.865723 -0.499756
vn 0.525391 0.850586 9.83477e-006
vn 4.64916e-006 1 -1.13249e-005
vn 0.525391 0.736816 0.425293
vn 2.21133e-005 0.865723 0.499756
vn 0.525391 0.425293 0.736816
vn 1.27554e-005 0.5 0.865723
vn 0.524902 1.78814e-007 0.850586
vn 0 0 1
vn -1 0 0
vn -1 0 0
vn -1 0 0
vn -1 0 0
vn -1 3.57628e-007 0
vn -1 3.57628e-007 0
vn -1 3.57628e-007 0
vn -1 3.57628e-007 0
vn -1 3.57628e-007 0
vn -1 3.57628e-007 0
vn -1 3.57628e-007 0
vn -1 3.57628e-007 0
vn -1 0 0
vn -1 0 0
vn -1 0 0
vn -1 0 0
vn -1 0 0
vn -1 0 0
vn -1 -2.38419e-007 0
vn -1 -2.38419e-007 0
vn -1 -9.53674e-007 0
vn -1 -9.53674e-007 0
vn -1 -2.38419e-007 0
vn -1 -2.38419e-007 0
vn -1 3.57628e-007 0
vn -1 3.57628e-007 0
vn -1 0 0
vn -1 0 0
vn 0 0 -1
vn 0 0.499756 -0.865723
vn 0 0.499756 -0.865723
vn 0 0 -1
vn 5.90086e-006 0.865723 -0.499756
vn 5.90086e-006 0.865723 -0.499756
vn 0 1 -1.49012e-005
vn 0 1 1.48416e-005
vn -3.91603e-005 0.865723 0.5
vn -3.91603e-005 0.865723 0.5
vn -3.30806e-005 0.499756 0.865723
vn -3.30806e-005 0.499756 0.865723
vn 0 0 1
vn 0 0 1
vn 0 0 1
vn -3.30806e-005 -0.499756 0.865723
vn -3.30806e-005 -0.499756 0.865723
vn 0 0 1
vn -3.91006e-005 -0.865723 0.5
vn -3.91006e-005 -0.865723 0.5
vn 0 -1 -1.49012e-005
vn 0 -1 1.48416e-005
vn 6.02007e-006 -0.865723 -0.499756
vn 6.02007e-006 -0.865723 -0.499756
vn 0 -0.499756 -0.865723
vn 0 -0.499756 -0.865723
vn 0 0 -1
vn 0 0 -1
vn 1 2.98023e-007 0
vn 1 2.98023e-007 0
vn 0.525391 -0.425293 0.736816
vn 0.524902 1.78814e-007 0.850586
vn 1 2.98023e-007 0
vn 0.525391 -0.736816 0.425293
vn 1 2.98023e-007 0
vn 0.525391 -0.850586 9.71556e-006
vn 1 1.19209e-007 0
vn 0.525391 -0.736816 -0.425293
vn 1 0 0
vn 0.525391 -0.425293 -0.736816
vn 1 0 0
vn 0.525391 0 -0.850586
vn 1 0 0
vn 1 0 0
vn 0.525391 0.425293 -0.736816
vn 0.525391 0 -0.850586
vn 1 0 0
vn 0.525391 0.736816 -0.425293
vn 1 -2.98023e-007 0
vn 0.525391 0.850586 9.83477e-006
vn 1 -2.98023e-007 0
vn 0.525391 0.736816 0.425293
vn 1 1.19209e-007 0
vn 0.525391 0.425293 0.736816
vn 1 2.98023e-007 0
vn 0.524902 1.78814e-007 0.850586
vn -0.000182629 0.5 0.865723
vn -0.00021112 0 1
vn -0.00021112 0 1
vn -0.000182748 0.499756 0.865723
vn -0.00021112 0 1
vn -0.000183105 -0.5 0.865723
vn -0.000183105 -0.499756 0.865723
vn -0.00021112 0 1
vn -4.88758e-005 -0.865723 0.499756
vn -4.88758e-005 -0.865723 0.499756
vn 0 -1 6.95586e-005
vn 0 -1 -6.95586e-005
vn -2.86102e-005 -0.865723 -0.5
vn -2.86102e-005 -0.865723 -0.5
vn 0 -0.499756 -0.865723
vn 0 -0.499756 -0.865723
vn 0 0 -1
vn 0 0 -1
vn 0 0 -1
vn 0 0.499756 -0.865723
vn 0 0.499756 -0.865723
vn 0 0 -1
vn -2.83718e-005 0.865723 -0.5
vn -2.83718e-005 0.865723 -0.5
vn 1.78814e-007 1 6.95586e-005
vn 1.78814e-007 1 -6.95586e-005
vn -4.85182e-005 0.865723 0.499756
vn -4.85182e-005 0.865723 0.499756
vn -0.937012 0.174316 0.302002
vn -0.937012 -1.78814e-007 0.348633
vn -0.937012 -1.78814e-007 0.348633
vn -0.937012 0.174316 0.302002
vn -0.937012 -1.78814e-007 0.348633
vn -0.937012 -0.174316 0.302002
vn -0.937012 -0.174316 0.302002
vn -0.937012 -1.78814e-007 0.348633
vn -0.937012 -0.302002 0.174316
vn -0.937012 -0.302002 0.174316
vn -0.937012 -0.348633 2.09212e-005
vn -0.937012 -0.348633 -2.68221e-005
vn -0.937012 -0.302002 -0.174316
vn -0.937012 -0.302002 -0.174316
vn -0.937012 -0.174316 -0.302002
vn -0.937012 -0.174438 -0.302002
vn -0.937012 -1.19209e-007 -0.348877
vn -0.937012 -1.19209e-007 -0.348877
vn -0.937012 -1.19209e-007 -0.348877
vn -0.937012 0.174316 -0.302002
vn -0.937012 0.174438 -0.302002
vn -0.937012 -1.19209e-007 -0.348877
vn -0.937012 0.302002 -0.174316
vn -0.937012 0.302002 -0.174316
vn -0.937012 0.348633 2.08616e-005
vn -0.937012 0.348633 -2.68221e-005
vn -0.937012 0.302002 0.174316
vn -0.937012 0.302002 0.174316

vt 0.247798 0.872399
vt 0.283131 0.872399
vt 0.283131 0.979825
vt 0.247798 0.979825
vt 0.386212 0.540252
vt 0.436779 0.540252
vt 0.439704 0.550329
vt 0.383297 0.550329
vt 0.312505 0.850395
vt 0.297834 0.852191
vt 0.297834 0.749143
vt 0.312505 0.744765
vt 0.337161 0.749143
vt 0.337161 0.852191
vt 0.322489 0.850395
vt 0.322489 0.744765
vt 0.594372 0.564395
vt 0.591651 0.571715
vt 0.51653 0.571715
vt 0.513782 0.564395
vt 0.283131 0.864388
vt 0.247798 0.864389
vt 0.247798 0.789898
vt 0.283131 0.789898
vt 0.321612 0.571715
vt 0.318864 0.564395
vt 0.399454 0.564395
vt 0.396733 0.571715
vt 0.408124 0.564395
vt 0.503768 0.564395
vt 0.502115 0.571715
vt 0.409776 0.571715
vt 0.283131 0.687385
vt 0.283131 0.779584
vt 0.247798 0.779588
vt 0.247798 0.687385
vt 0.503768 0.564395
vt 0.502115 0.571715
vt 0.409776 0.571715
vt 0.408124 0.564395
vt 0.203693 0.979825
vt 0.203693 0.872398
vt 0.239023 0.872399
vt 0.239023 0.979825
vt 0.314393 0.550329
vt 0.317325 0.540252
vt 0.367885 0.540252
vt 0.3708 0.550329
vt 0.322489 0.850395
vt 0.322489 0.744765
vt 0.337161 0.749143
vt 0.337161 0.852191
vt 0.312505 0.850395
vt 0.297834 0.852191
vt 0.297834 0.749143
vt 0.312505 0.744765
vt 0.396733 0.571715
vt 0.321612 0.571715
vt 0.318864 0.564395
vt 0.399454 0.564395
vt 0.239026 0.789898
vt 0.239023 0.864389
vt 0.203693 0.864387
vt 0.203693 0.789897
vt 0.513782 0.564395
vt 0.594372 0.564395
vt 0.591651 0.571715
vt 0.51653 0.571715
vt 0.582958 0.980808
vt 0.359631 0.980808
vt 0.359631 0.860454
vt 0.582958 0.860454
vt 0.00686687 0.867528
vt 0.192481 0.867528
vt 0.192481 0.980164
vt 0.00686687 0.980164
vt 0.767966 0.723441
vt 0.969412 0.723441
vt 0.984054 0.738047
vt 0.753329 0.738047
vt 0.977241 0.712969
vt 0.785478 0.712969
vt 0.785478 0.698362
vt 0.977242 0.698362
vt 0.591591 0.871375
vt 0.789639 0.871375
vt 0.789639 0.992408
vt 0.591591 0.992408
vt 0.789386 0.866632
vt 0.591338 0.866632
vt 0.591338 0.745599
vt 0.789386 0.745599
vt 0.492087 0.600745
vt 0.582228 0.600745
vt 0.576619 0.615745
vt 0.497696 0.615745
vt 0.582958 0.840903
vt 0.359631 0.840903
vt 0.359631 0.766215
vt 0.582958 0.766215
vt 0.336495 0.980808
vt 0.321464 0.980808
vt 0.321464 0.867719
vt 0.336495 0.860107
vt 0.984054 0.723441
vt 0.402549 0.600745
vt 0.477185 0.600745
vt 0.469884 0.615745
vt 0.406235 0.615745
vt 0.0602131 0.834479
vt 0.139135 0.834479
vt 0.313934 0.867719
vt 0.313934 0.980808
vt 0.298903 0.980808
vt 0.298903 0.860107
vt 0.753329 0.738047
vt 0.753329 0.723442
vt 0.767965 0.723441
vt 0.386634 0.600745
vt 0.382914 0.615745
vt 0.319319 0.615745
vt 0.311976 0.600745
vt 0.313934 0.867719
vt 0.313934 0.980808
vt 0.298903 0.980808
vt 0.298903 0.860107
vt 0.753329 0.723441
vt 0.386634 0.600745
vt 0.382914 0.615745
vt 0.319319 0.615745
vt 0.311976 0.600745
vt 0.582958 0.860454
vt 0.582958 0.980808
vt 0.359631 0.980808
vt 0.359631 0.860454
vt 0.995264 0.771777
vt 0.995264 0.979222
vt 0.797217 0.979222
vt 0.797217 0.771777
vt 0.192477 0.980164
vt 0.00686282 0.980164
vt 0.0068602 0.867528
vt 0.192474 0.867528
vt 0.977242 0.698362
vt 0.977242 0.712969
vt 0.785478 0.712969
vt 0.785478 0.698371
vt 0.789639 0.992408
vt 0.591591 0.992408
vt 0.591591 0.871375
vt 0.789639 0.871375
vt 0.591338 0.745599
vt 0.789386 0.745599
vt 0.789386 0.866632
vt 0.591338 0.866632
vt 0.4977 0.615745
vt 0.492084 0.600745
vt 0.582227 0.600745
vt 0.576622 0.615745
vt 0.582958 0.741842
vt 0.359631 0.741842
vt 0.359631 0.651889
vt 0.582958 0.651889
vt 0.582958 0.766215
vt 0.582958 0.840903
vt 0.359631 0.840903
vt 0.359631 0.766215
vt 0.336495 0.980808
vt 0.321464 0.980808
vt 0.321464 0.867719
vt 0.336495 0.860107
vt 0.984054 0.738048
vt 0.969412 0.723442
vt 0.984054 0.723442
vt 0.40255 0.600745
vt 0.477186 0.600745
vt 0.469883 0.615745
vt 0.406236 0.615745
vt 0.0602172 0.834479
vt 0.139138 0.834479
vt 0.247798 0.979825
vt 0.247798 0.872398
vt 0.283131 0.872399
vt 0.283131 0.979825
vt 0.314393 0.550329
vt 0.317325 0.540252
vt 0.367885 0.540252
vt 0.3708 0.550329
vt 0.322489 0.850395
vt 0.322489 0.744765
vt 0.337161 0.749143
vt 0.337161 0.852191
vt 0.312505 0.850395
vt 0.297834 0.852191
vt 0.297834 0.749143
vt 0.312505 0.744765
vt 0.396733 0.571715
vt 0.321612 0.571715
vt 0.318864 0.564395
vt 0.399454 0.564395
vt 0.283131 0.789898
vt 0.283131 0.864389
vt 0.247798 0.864387
vt 0.247798 0.789897
vt 0.513782 0.564395
vt 0.594372 0.564395
vt 0.591651 0.571715
vt 0.51653 0.571715
vt 0.203693 0.872399
vt 0.239023 0.872398
vt 0.239023 0.979825
vt 0.203693 0.979825
vt 0.386212 0.540252
vt 0.436779 0.540252
vt 0.439704 0.550329
vt 0.383297 0.550329
vt 0.312505 0.850395
vt 0.297834 0.852191
vt 0.297834 0.749143
vt 0.312505 0.744765
vt 0.337161 0.749143
vt 0.337161 0.852191
vt 0.322489 0.850395
vt 0.322489 0.744765
vt 0.594372 0.564395
vt 0.591651 0.571715
vt 0.51653 0.571715
vt 0.513782 0.564395
vt 0.239023 0.864388
vt 0.203693 0.864389
vt 0.203693 0.789898
vt 0.239026 0.789898
vt 0.321612 0.571715
vt 0.318864 0.564395
vt 0.399454 0.564395
vt 0.396733 0.571715
vt 0.409776 0.571715
vt 0.408124 0.564395
vt 0.503768 0.564395
vt 0.502115 0.571715
vt 0.283131 0.779575
vt 0.247798 0.779597
vt 0.247798 0.687385
vt 0.283131 0.687385
vt 0.503768 0.564395
vt 0.502115 0.571715
vt 0.409776 0.571715
vt 0.408124 0.564395
vt 0.487134 0.0508624
vt 0.487134 0.0150056
vt 0.521363 0.0150056
vt 0.521363 0.0508624
vt 0.292496 0.0776061
vt 0.271333 0.0776061
vt 0.271333 0.0335991
vt 0.292492 0.0335991
vt 0.291559 0.136324
vt 0.271333 0.136324
vt 0.271333 0.0924016
vt 0.291559 0.0924016
vt 0.292492 0.0776061
vt 0.271333 0.0776061
vt 0.271333 0.0335991
vt 0.292496 0.0335991
vt 0.271333 0.0924016
vt 0.291564 0.0924016
vt 0.291564 0.136324
vt 0.271333 0.136324
vt 0.487134 0.0150056
vt 0.521363 0.0150056
vt 0.521363 0.0508624
vt 0.487134 0.0508624
vt 0.271333 0.0776061
vt 0.271333 0.0335991
vt 0.292496 0.0335991
vt 0.292496 0.0776061
vt 0.271333 0.136324
vt 0.271333 0.0924016
vt 0.291564 0.0924016
vt 0.291564 0.136324
vt 0.271333 0.0776061
vt 0.271333 0.0335991
vt 0.292496 0.0335991
vt 0.292496 0.0776061
vt 0.291564 0.0924016
vt 0.291564 0.136324
vt 0.271333 0.136324
vt 0.271333 0.0924016
vt 0.249219 0.136324
vt 0.0171081 0.136324
vt 0.0171081 0.0924016
vt 0.249219 0.0924016
vt 0.0171081 0.0924016
vt 0.249219 0.0924016
vt 0.249219 0.136324
vt 0.0171081 0.136324
vt 0.015552 0.033599
vt 0.247664 0.0335989
vt 0.247662 0.0776061
vt 0.0155538 0.0776061
vt 0.678358 0.154933
vt 0.722218 0.154933
vt 0.722218 0.198856
vt 0.678358 0.198856
vt 0.722218 0.198856
vt 0.678358 0.198856
vt 0.678358 0.154933
vt 0.722218 0.154933
vt 0.67311 0.554673
vt 0.93041 0.554673
vt 0.93041 0.581446
vt 0.67311 0.581446
vt 0.70244 0.297374
vt 0.70244 0.263453
vt 0.90108 0.263453
vt 0.90108 0.297374
vt 0.93041 0.326703
vt 0.955396 0.326703
vt 0.955396 0.554673
vt 0.649018 0.326703
vt 0.67311 0.326703
vt 0.649018 0.554673
vt 0.67311 0.297374
vt 0.67311 0.263453
vt 0.93041 0.297374
vt 0.93041 0.263453
vt 0.397899 0.118534
vt 0.411972 0.066126
vt 0.411957 0.094215
vt 0.570184 0.147226
vt 0.570188 0.132672
vt 0.598274 0.132672
vt 0.598274 0.147226
vt 0.626363 0.132672
vt 0.626363 0.147226
vt 0.654453 0.132672
vt 0.654453 0.147226
vt 0.682543 0.132672
vt 0.682543 0.147226
vt 0.345468 0.147105
vt 0.345476 0.13255
vt 0.373565 0.132566
vt 0.373557 0.147119
vt 0.401655 0.132581
vt 0.401647 0.147135
vt 0.429744 0.132596
vt 0.429737 0.14715
vt 0.457834 0.132611
vt 0.457826 0.147165
vt 0.485924 0.132626
vt 0.485915 0.14718
vt 0.514013 0.132641
vt 0.514005 0.147195
vt 0.542103 0.132656
vt 0.542095 0.147211
vt 0.373565 0.132566
vt 0.39794 0.041792
vt 0.345476 0.13255
vt 0.373622 0.027734
vt 0.321198 0.04175
vt 0.345532 0.027719
vt 0.321157 0.118492
vt 0.307125 0.094159
vt 0.30714 0.066069
vt 0.192267 0.617728
vt 0.192267 0.702347
vt 0.161294 0.733321
vt 0.161294 0.586755
vt 0.327124 0.174789
vt 0.382236 0.175839
vt 0.282693 0.507215
vt 0.277145 0.507014
vt 0.242391 0.512245
vt 0.169266 0.512245
vt 0.169266 0.180064
vt 0.175073 0.180052
vt 0.0961404 0.512245
vt 0.163458 0.180052
vt 0.0426089 0.512245
vt 0.159213 0.18002
vt 0.442201 0.17346
vt 0.515326 0.17346
vt 0.515306 0.505729
vt 0.509501 0.505685
vt 0.588452 0.17346
vt 0.521099 0.505773
vt 0.641983 0.17346
vt 0.525336 0.505805
vt 0.49833 0.510073
vt 0.425205 0.510073
vt 0.425205 0.177717
vt 0.430996 0.177728
vt 0.35208 0.510073
vt 0.419414 0.177728
vt 0.298548 0.510073
vt 0.415169 0.17776
vt 0.180874 0.174789
vt 0.253999 0.174789
vt 0.27134 0.507058
vt 0.265546 0.507101
vt 0.210334 0.607342
vt 0.224466 0.660083
vt 0.203604 0.660037
vt 0.210334 0.712824
vt 0.171725 0.751433
vt 0.118984 0.765565
vt 0.118984 0.744658
vt 0.0662429 0.751433
vt 0.0766741 0.733321
vt 0.0276337 0.712824
vt 0.0457011 0.702347
vt 0.0135019 0.660083
vt 0.0343638 0.660037
vt 0.0276337 0.607342
vt 0.0457011 0.617728
vt 0.0662429 0.568733
vt 0.0766741 0.586755
vt 0.118984 0.554601
vt 0.118984 0.575417
vt 0.171725 0.568733
vt 0.271319 0.515917
vt 0.169266 0.171116
vt 0.515327 0.514589
vt 0.425205 0.168944
vt 0.747015 0.6114
vt 0.746886 0.634584
vt 0.720727 0.634584
vt 0.720856 0.6114
vt 0.694569 0.634584
vt 0.694697 0.6114
vt 0.66841 0.634584
vt 0.668539 0.6114
vt 0.642251 0.634584
vt 0.64238 0.6114
vt 0.956283 0.6114
vt 0.956155 0.634584
vt 0.929996 0.634584
vt 0.930125 0.6114
vt 0.903838 0.634584
vt 0.903966 0.6114
vt 0.877679 0.634584
vt 0.877808 0.6114
vt 0.85152 0.634584
vt 0.851649 0.6114
vt 0.825362 0.634584
vt 0.82549 0.6114
vt 0.799203 0.634584
vt 0.799332 0.6114
vt 0.773044 0.634584
vt 0.773173 0.6114
vt 0.699139 0.0780357
vt 0.699139 0.138045
vt 0.691145 0.138045
vt 0.691145 0.0780357
vt 0.719943 0.137831
vt 0.719943 0.0778211
vt 0.742429 0.0778211
vt 0.742429 0.137831
vt 0.699139 0.0780357
vt 0.699139 0.138045
vt 0.691145 0.138045
vt 0.691145 0.0780357
vt 0.742429 0.0778213
vt 0.742429 0.137831
vt 0.719943 0.137831
vt 0.719943 0.0778213
vt 0.768312 0.149459
vt 0.768315 0.126333
vt 0.788239 0.137896
vt 0.788212 0.161021
vt 0.808141 0.149459
vt 0.808144 0.126333
vt 0.788209 0.11477
vt 0.667346 0.0885647
vt 0.667346 0.0778
vt 0.673227 0.0777998
vt 0.673227 0.0885643
vt 0.667346 0.120858
vt 0.667346 0.110093
vt 0.673227 0.110093
vt 0.673227 0.120858
vt 0.667346 0.0885639
vt 0.673227 0.0885639
vt 0.667346 0.0778
vt 0.673227 0.0778
vt 0.667346 0.120858
vt 0.667346 0.110094
vt 0.673227 0.110094
vt 0.673227 0.120858
vt 0.755436 0.0902995
vt 0.764866 0.0848368
vt 0.755436 0.101225
vt 0.764866 0.106688
vt 0.774298 0.0902995
vt 0.774298 0.101225
vt 0.691145 0.138045
vt 0.691145 0.0780357
vt 0.699139 0.0780357
vt 0.699139 0.138045
vt 0.719943 0.137831
vt 0.719943 0.0778211
vt 0.742429 0.0778211
vt 0.742429 0.137831
vt 0.691145 0.138045
vt 0.691145 0.0780357
vt 0.699139 0.0780357
vt 0.699139 0.138045
vt 0.742429 0.0778213
vt 0.742429 0.137831
vt 0.719943 0.137831
vt 0.719943 0.0778213
vt 0.990699 0.12648
vt 0.962703 0.12648
vt 0.962772 0.0946454
vt 0.990685 0.0946454
vt 0.934839 0.12648
vt 0.935037 0.0946454
vt 0.906796 0.12648
vt 0.906761 0.0946454
vt 0.87876 0.12648
vt 0.878565 0.0946454
vt 0.850924 0.12648
vt 0.850849 0.0946454
vt 0.822937 0.12648
vt 0.822953 0.0946454
vt 0.990699 0.12648
vt 0.962703 0.12648
vt 0.962772 0.0946454
vt 0.990685 0.0946454
vt 0.934839 0.12648
vt 0.935037 0.0946454
vt 0.906796 0.12648
vt 0.906761 0.0946454
vt 0.87876 0.12648
vt 0.878565 0.0946454
vt 0.850924 0.12648
vt 0.850849 0.0946454
vt 0.822937 0.12648
vt 0.822953 0.0946454
vt 0.974382 0.155443
vt 0.952443 0.155443
vt 0.952548 0.144928
vt 0.977164 0.144928
vt 0.929816 0.155443
vt 0.929794 0.144928
vt 0.906824 0.155443
vt 0.906825 0.144928
vt 0.883824 0.155443
vt 0.883851 0.144928
vt 0.861185 0.155443
vt 0.861081 0.144928
vt 0.839229 0.155443
vt 0.836441 0.144928
vt 0.97438 0.155443
vt 0.952445 0.155443
vt 0.952548 0.144928
vt 0.977165 0.144928
vt 0.92982 0.155443
vt 0.929795 0.144928
vt 0.906828 0.155443
vt 0.906827 0.144928
vt 0.883824 0.155443
vt 0.88385 0.144928
vt 0.861184 0.155443
vt 0.861077 0.144928
vt 0.839226 0.155443
vt 0.836441 0.144928
vt 0.990699 0.12648
vt 0.962705 0.12648
vt 0.962774 0.0946454
vt 0.990687 0.0946454
vt 0.93484 0.12648
vt 0.935037 0.0946454
vt 0.906796 0.12648
vt 0.906787 0.0946454
vt 0.878759 0.12648
vt 0.878561 0.0946454
vt 0.850924 0.12648
vt 0.850849 0.0946454
vt 0.822939 0.12648
vt 0.822955 0.0946454
vt 0.990699 0.12648
vt 0.962703 0.12648
vt 0.962772 0.0946454
vt 0.990685 0.0946454
vt 0.934839 0.12648
vt 0.935041 0.0946454
vt 0.906801 0.12648
vt 0.906793 0.0946454
vt 0.87876 0.12648
vt 0.878565 0.0946454
vt 0.850923 0.12648
vt 0.850847 0.0946454
vt 0.822937 0.12648
vt 0.822953 0.0946454
vt 0.782333 0.0103796
vt 0.819491 0.0103794
vt 0.81946 0.0323907
vt 0.782333 0.0323907
vt 0.85673 0.0103797
vt 0.856233 0.0323907
vt 0.891422 0.0103793
vt 0.89144 0.0323908
vt 0.926711 0.0103797
vt 0.926734 0.0323907
vt 0.961817 0.0103794
vt 0.962301 0.0323907
vt 0.99896 0.0103793
vt 0.99896 0.0323907
vt 0.782333 0.0103794
vt 0.819486 0.0103794
vt 0.819462 0.0323907
vt 0.782333 0.0323908
vt 0.856724 0.0103794
vt 0.856231 0.0323907
vt 0.89142 0.0103794
vt 0.891438 0.0323907
vt 0.926705 0.0103794
vt 0.926733 0.0323907
vt 0.961814 0.0103794
vt 0.962303 0.0323907
vt 0.99896 0.0103796
vt 0.99896 0.0323907
vt 0.820488 0.0544698
vt 0.782333 0.0544698
vt 0.782333 0.0465707
vt 0.820488 0.0465707
vt 0.99896 0.0544698
vt 0.96078 0.0544698
vt 0.960755 0.0465707
vt 0.99896 0.0465707
vt 0.925311 0.0544698
vt 0.925308 0.0465707
vt 0.890588 0.0544698
vt 0.890582 0.0465707
vt 0.85593 0.0544698
vt 0.855937 0.0465707
vt 0.820471 0.0544698
vt 0.820488 0.0465707
vt 0.782333 0.0544698
vt 0.782333 0.0465707
vt 0.99896 0.0544698
vt 0.960759 0.0544698
vt 0.960755 0.0465707
vt 0.99896 0.0465707
vt 0.925305 0.0544698
vt 0.925308 0.0465707
vt 0.890588 0.0544698
vt 0.890586 0.0465707
vt 0.855944 0.0544698
vt 0.855937 0.0465707
vt 0.819322 0.0781579
vt 0.782333 0.0781579
vt 0.782333 0.0691398
vt 0.819284 0.0691398
vt 0.99896 0.0781579
vt 0.961971 0.0781579
vt 0.962013 0.0691398
vt 0.99896 0.0691398
vt 0.924112 0.0781579
vt 0.923931 0.0691398
vt 0.890649 0.0781579
vt 0.890649 0.0691398
vt 0.857092 0.0781579
vt 0.857266 0.0691398
vt 0.819339 0.0781579
vt 0.819302 0.0691398
vt 0.782333 0.0781579
vt 0.782333 0.0691398
vt 0.99896 0.0781579
vt 0.961954 0.0781579
vt 0.961995 0.0691398
vt 0.99896 0.0691398
vt 0.924104 0.0781579
vt 0.923923 0.0691398
vt 0.890631 0.0781579
vt 0.890636 0.0691398
vt 0.857085 0.0781579
vt 0.857261 0.0691398
vt 0.990699 0.12648
vt 0.962703 0.12648
vt 0.962772 0.0946454
vt 0.990685 0.0946454
vt 0.934839 0.12648
vt 0.935037 0.0946454
vt 0.906796 0.12648
vt 0.906761 0.0946454
vt 0.87876 0.12648
vt 0.878565 0.0946454
vt 0.850924 0.12648
vt 0.850849 0.0946454
vt 0.822937 0.12648
vt 0.822953 0.0946454
vt 0.990699 0.12648
vt 0.962703 0.12648
vt 0.962772 0.0946454
vt 0.990685 0.0946454
vt 0.934839 0.12648
vt 0.935037 0.0946454
vt 0.906796 0.12648
vt 0.906761 0.0946454
vt 0.87876 0.12648
vt 0.878565 0.0946454
vt 0.850924 0.12648
vt 0.850849 0.0946454
vt 0.822937 0.12648
vt 0.822953 0.0946454
vt 0.974382 0.155443
vt 0.952443 0.155443
vt 0.952548 0.144928
vt 0.977164 0.144928
vt 0.929816 0.155443
vt 0.929794 0.144928
vt 0.906824 0.155443
vt 0.906825 0.144928
vt 0.883824 0.155443
vt 0.883851 0.144928
vt 0.861185 0.155443
vt 0.861081 0.144928
vt 0.839229 0.155443
vt 0.836441 0.144928
vt 0.97438 0.155443
vt 0.952445 0.155443
vt 0.952548 0.144928
vt 0.977165 0.144928
vt 0.92982 0.155443
vt 0.929795 0.144928
vt 0.906828 0.155443
vt 0.906827 0.144928
vt 0.883824 0.155443
vt 0.88385 0.144928
vt 0.861184 0.155443
vt 0.861077 0.144928
vt 0.839226 0.155443
vt 0.836441 0.144928
vt 0.990699 0.12648
vt 0.962705 0.12648
vt 0.962774 0.0946454
vt 0.990687 0.0946454
vt 0.93484 0.12648
vt 0.935037 0.0946454
vt 0.906796 0.12648
vt 0.906787 0.0946454
vt 0.878759 0.12648
vt 0.878561 0.0946454
vt 0.850924 0.12648
vt 0.850849 0.0946454
vt 0.822939 0.12648
vt 0.822955 0.0946454
vt 0.990699 0.12648
vt 0.962703 0.12648
vt 0.962772 0.0946454
vt 0.990685 0.0946454
vt 0.934839 0.12648
vt 0.935041 0.0946454
vt 0.906801 0.12648
vt 0.906793 0.0946454
vt 0.87876 0.12648
vt 0.878565 0.0946454
vt 0.850923 0.12648
vt 0.850847 0.0946454
vt 0.822937 0.12648
vt 0.822953 0.0946454
vt 0.782333 0.0103796
vt 0.819491 0.0103794
vt 0.81946 0.0323907
vt 0.782333 0.0323907
vt 0.85673 0.0103797
vt 0.856233 0.0323907
vt 0.891422 0.0103793
vt 0.89144 0.0323908
vt 0.926711 0.0103797
vt 0.926734 0.0323907
vt 0.961817 0.0103794
vt 0.962301 0.0323907
vt 0.99896 0.0103793
vt 0.99896 0.0323907
vt 0.782333 0.0103794
vt 0.819486 0.0103794
vt 0.819462 0.0323907
vt 0.782333 0.0323908
vt 0.856724 0.0103794
vt 0.856231 0.0323907
vt 0.89142 0.0103794
vt 0.891438 0.0323907
vt 0.926705 0.0103794
vt 0.926733 0.0323907
vt 0.961814 0.0103794
vt 0.962303 0.0323907
vt 0.99896 0.0103796
vt 0.99896 0.0323907
vt 0.820488 0.0544698
vt 0.782333 0.0544698
vt 0.782333 0.0465707
vt 0.820488 0.0465707
vt 0.99896 0.0544698
vt 0.96078 0.0544698
vt 0.960755 0.0465707
vt 0.99896 0.0465707
vt 0.925311 0.0544698
vt 0.925308 0.0465707
vt 0.890588 0.0544698
vt 0.890582 0.0465707
vt 0.85593 0.0544698
vt 0.855937 0.0465707
vt 0.820471 0.0544698
vt 0.820488 0.0465707
vt 0.782333 0.0544698
vt 0.782333 0.0465707
vt 0.99896 0.0544698
vt 0.960759 0.0544698
vt 0.960755 0.0465707
vt 0.99896 0.0465707
vt 0.925305 0.0544698
vt 0.925308 0.0465707
vt 0.890588 0.0544698
vt 0.890586 0.0465707
vt 0.855944 0.0544698
vt 0.855937 0.0465707
vt 0.819322 0.0781579
vt 0.782333 0.0781579
vt 0.782333 0.0691398
vt 0.819284 0.0691398
vt 0.99896 0.0781579
vt 0.961971 0.0781579
vt 0.962013 0.0691398
vt 0.99896 0.0691398
vt 0.924112 0.0781579
vt 0.923931 0.0691398
vt 0.890649 0.0781579
vt 0.890649 0.0691398
vt 0.857092 0.0781579
vt 0.857266 0.0691398
vt 0.819339 0.0781579
vt 0.819302 0.0691398
vt 0.782333 0.0781579
vt 0.782333 0.0691398
vt 0.99896 0.0781579
vt 0.961954 0.0781579
vt 0.961995 0.0691398
vt 0.99896 0.0691398
vt 0.924104 0.0781579
vt 0.923923 0.0691398
vt 0.890631 0.0781579
vt 0.890636 0.0691398
vt 0.857085 0.0781579
vt 0.857261 0.0691398
vt 0.552935 0.042524
vt 0.764201 0.042524
vt 0.764201 0.0546635
vt 0.552972 0.0546635
vt 0.552745 0.0169963
vt 0.764201 0.0169963
vt 0.764201 0.0301436
vt 0.55284 0.0301436
vt 0.55271 0.00362557
vt 0.764201 0.00362557
vt 0.691145 0.138045
vt 0.691145 0.0780357
vt 0.699139 0.0780357
vt 0.699139 0.138045
vt 0.719943 0.137831
vt 0.719943 0.0778211
vt 0.742429 0.0778211
vt 0.742429 0.137831
vt 0.691145 0.138045
vt 0.691145 0.0780357
vt 0.699139 0.0780357
vt 0.699139 0.138045
vt 0.742429 0.0778213
vt 0.742429 0.137831
vt 0.719943 0.137831
vt 0.719943 0.0778213
vt 0.768312 0.149459
vt 0.768315 0.126333
vt 0.788239 0.137896
vt 0.788212 0.161021
vt 0.808141 0.149459
vt 0.808144 0.126333
vt 0.788209 0.11477
vt 0.667346 0.0885647
vt 0.667346 0.0778
vt 0.673227 0.0777998
vt 0.673227 0.0885643
vt 0.667346 0.120858
vt 0.667346 0.110093
vt 0.673227 0.110093
vt 0.673227 0.120858
vt 0.667346 0.0885639
vt 0.673227 0.0885639
vt 0.667346 0.0778
vt 0.673227 0.0778
vt 0.667346 0.120858
vt 0.667346 0.110094
vt 0.673227 0.110094
vt 0.673227 0.120858
vt 0.755436 0.0902995
vt 0.764866 0.0848368
vt 0.755436 0.101225
vt 0.764866 0.106688
vt 0.774298 0.0902995
vt 0.774298 0.101225
vt 0.699139 0.0780357
vt 0.699139 0.138045
vt 0.691145 0.138045
vt 0.691145 0.0780357
vt 0.719943 0.137831
vt 0.719943 0.0778211
vt 0.742429 0.0778211
vt 0.742429 0.137831
vt 0.699139 0.0780357
vt 0.699139 0.138045
vt 0.691145 0.138045
vt 0.691145 0.0780357
vt 0.742429 0.0778213
vt 0.742429 0.137831
vt 0.719943 0.137831
vt 0.719943 0.0778213
vt 0.788239 0.137896
vt 0.768312 0.149459
vt 0.768315 0.126333
vt 0.788209 0.11477
vt 0.788212 0.161021
vt 0.808141 0.149459
vt 0.808144 0.126333
vt 0.667346 0.0885647
vt 0.667346 0.0778
vt 0.673227 0.0777998
vt 0.673227 0.0885643
vt 0.667346 0.120858
vt 0.667346 0.110093
vt 0.673227 0.110093
vt 0.673227 0.120858
vt 0.667346 0.0885639
vt 0.673227 0.0885639
vt 0.667346 0.0778
vt 0.673227 0.0778
vt 0.667346 0.120858
vt 0.667346 0.110094
vt 0.673227 0.110094
vt 0.673227 0.120858
vt 0.755436 0.0902995
vt 0.764866 0.0848368
vt 0.755436 0.101225
vt 0.764866 0.106688
vt 0.774298 0.0902995
vt 0.774298 0.101225
vt 0.699139 0.0780357
vt 0.699139 0.138045
vt 0.691145 0.138045
vt 0.691145 0.0780357
vt 0.719943 0.137831
vt 0.719943 0.0778211
vt 0.742429 0.0778211
vt 0.742429 0.137831
vt 0.699139 0.0780357
vt 0.699139 0.138045
vt 0.691145 0.138045
vt 0.691145 0.0780357
vt 0.742429 0.0778213
vt 0.742429 0.137831
vt 0.719943 0.137831
vt 0.719943 0.0778213
vt 0.691145 0.138045
vt 0.691145 0.0780357
vt 0.699139 0.0780357
vt 0.699139 0.138045
vt 0.719943 0.137831
vt 0.719943 0.0778211
vt 0.742429 0.0778211
vt 0.742429 0.137831
vt 0.691145 0.138045
vt 0.691145 0.0780357
vt 0.699139 0.0780357
vt 0.699139 0.138045
vt 0.742429 0.0778213
vt 0.742429 0.137831
vt 0.719943 0.137831
vt 0.719943 0.0778213
vt 0.990699 0.12648
vt 0.962703 0.12648
vt 0.962772 0.0946454
vt 0.990685 0.0946454
vt 0.934839 0.12648
vt 0.935037 0.0946454
vt 0.906796 0.12648
vt 0.906761 0.0946454
vt 0.87876 0.12648
vt 0.878565 0.0946454
vt 0.850924 0.12648
vt 0.850849 0.0946454
vt 0.822937 0.12648
vt 0.822953 0.0946454
vt 0.990699 0.12648
vt 0.962703 0.12648
vt 0.962772 0.0946454
vt 0.990685 0.0946454
vt 0.934839 0.12648
vt 0.935037 0.0946454
vt 0.906796 0.12648
vt 0.906761 0.0946454
vt 0.87876 0.12648
vt 0.878565 0.0946454
vt 0.850924 0.12648
vt 0.850849 0.0946454
vt 0.822937 0.12648
vt 0.822953 0.0946454
vt 0.974382 0.155443
vt 0.952443 0.155443
vt 0.952548 0.144928
vt 0.977164 0.144928
vt 0.929816 0.155443
vt 0.929794 0.144928
vt 0.906824 0.155443
vt 0.906825 0.144928
vt 0.883824 0.155443
vt 0.883851 0.144928
vt 0.861185 0.155443
vt 0.861081 0.144928
vt 0.839229 0.155443
vt 0.836441 0.144928
vt 0.97438 0.155443
vt 0.952445 0.155443
vt 0.952548 0.144928
vt 0.977165 0.144928
vt 0.92982 0.155443
vt 0.929795 0.144928
vt 0.906828 0.155443
vt 0.906827 0.144928
vt 0.883824 0.155443
vt 0.88385 0.144928
vt 0.861184 0.155443
vt 0.861077 0.144928
vt 0.839226 0.155443
vt 0.836441 0.144928
vt 0.990699 0.12648
vt 0.962705 0.12648
vt 0.962774 0.0946454
vt 0.990687 0.0946454
vt 0.93484 0.12648
vt 0.935037 0.0946454
vt 0.906796 0.12648
vt 0.906787 0.0946454
vt 0.878759 0.12648
vt 0.878561 0.0946454
vt 0.850924 0.12648
vt 0.850849 0.0946454
vt 0.822939 0.12648
vt 0.822955 0.0946454
vt 0.990699 0.12648
vt 0.962703 0.12648
vt 0.962772 0.0946454
vt 0.990685 0.0946454
vt 0.934839 0.12648
vt 0.935041 0.0946454
vt 0.906801 0.12648
vt 0.906793 0.0946454
vt 0.87876 0.12648
vt 0.878565 0.0946454
vt 0.850923 0.12648
vt 0.850847 0.0946454
vt 0.822937 0.12648
vt 0.822953 0.0946454
vt 0.782333 0.0103796
vt 0.819491 0.0103794
vt 0.81946 0.0323907
vt 0.782333 0.0323907
vt 0.85673 0.0103797
vt 0.856233 0.0323907
vt 0.891422 0.0103793
vt 0.89144 0.0323908
vt 0.926711 0.0103797
vt 0.926734 0.0323907
vt 0.961817 0.0103794
vt 0.962301 0.0323907
vt 0.99896 0.0103793
vt 0.99896 0.0323907
vt 0.782333 0.0103794
vt 0.819486 0.0103794
vt 0.819462 0.0323907
vt 0.782333 0.0323908
vt 0.856724 0.0103794
vt 0.856231 0.0323907
vt 0.89142 0.0103794
vt 0.891438 0.0323907
vt 0.926705 0.0103794
vt 0.926733 0.0323907
vt 0.961814 0.0103794
vt 0.962303 0.0323907
vt 0.99896 0.0103796
vt 0.99896 0.0323907
vt 0.820488 0.0544698
vt 0.782333 0.0544698
vt 0.782333 0.0465707
vt 0.820488 0.0465707
vt 0.99896 0.0544698
vt 0.96078 0.0544698
vt 0.960755 0.0465707
vt 0.99896 0.0465707
vt 0.925311 0.0544698
vt 0.925308 0.0465707
vt 0.890588 0.0544698
vt 0.890582 0.0465707
vt 0.85593 0.0544698
vt 0.855937 0.0465707
vt 0.820471 0.0544698
vt 0.820488 0.0465707
vt 0.782333 0.0544698
vt 0.782333 0.0465707
vt 0.99896 0.0544698
vt 0.960759 0.0544698
vt 0.960755 0.0465707
vt 0.99896 0.0465707
vt 0.925305 0.0544698
vt 0.925308 0.0465707
vt 0.890588 0.0544698
vt 0.890586 0.0465707
vt 0.855944 0.0544698
vt 0.855937 0.0465707
vt 0.819322 0.0781579
vt 0.782333 0.0781579
vt 0.782333 0.0691398
vt 0.819284 0.0691398
vt 0.99896 0.0781579
vt 0.961971 0.0781579
vt 0.962013 0.0691398
vt 0.99896 0.0691398
vt 0.924112 0.0781579
vt 0.923931 0.0691398
vt 0.890649 0.0781579
vt 0.890649 0.0691398
vt 0.857092 0.0781579
vt 0.857266 0.0691398
vt 0.819339 0.0781579
vt 0.819302 0.0691398
vt 0.782333 0.0781579
vt 0.782333 0.0691398
vt 0.99896 0.0781579
vt 0.961954 0.0781579
vt 0.961995 0.0691398
vt 0.99896 0.0691398
vt 0.924104 0.0781579
vt 0.923923 0.0691398
vt 0.890631 0.0781579
vt 0.890636 0.0691398
vt 0.857085 0.0781579
vt 0.857261 0.0691398
vt 0.552935 0.042524
vt 0.764201 0.042524
vt 0.764201 0.0546635
vt 0.552972 0.0546635
vt 0.552745 0.0169963
vt 0.764201 0.0169963
vt 0.764201 0.0301436
vt 0.55284 0.0301436
vt 0.55271 0.00362557
vt 0.764201 0.00362557
vt 0.768312 0.149459
vt 0.768315 0.126333
vt 0.788239 0.137896
vt 0.788212 0.161021
vt 0.808141 0.149459
vt 0.808144 0.126333
vt 0.788209 0.11477
vt 0.667346 0.0885647
vt 0.667346 0.0778
vt 0.673227 0.0777998
vt 0.673227 0.0885643
vt 0.667346 0.120858
vt 0.667346 0.110093
vt 0.673227 0.110093
vt 0.673227 0.120858
vt 0.667346 0.0885639
vt 0.673227 0.0885639
vt 0.667346 0.0778
vt 0.673227 0.0778
vt 0.667346 0.120858
vt 0.667346 0.110094
vt 0.673227 0.110094
vt 0.673227 0.120858
vt 0.755436 0.0902995
vt 0.764866 0.0848368
vt 0.755436 0.101225
vt 0.764866 0.106688
vt 0.774298 0.0902995
vt 0.774298 0.101225
vt 0.691145 0.138045
vt 0.691145 0.0780357
vt 0.699139 0.0780357
vt 0.699139 0.138045
vt 0.719943 0.137831
vt 0.719943 0.0778211
vt 0.742429 0.0778211
vt 0.742429 0.137831
vt 0.691145 0.138045
vt 0.691145 0.0780357
vt 0.699139 0.0780357
vt 0.699139 0.138045
vt 0.742429 0.0778213
vt 0.742429 0.137831
vt 0.719943 0.137831
vt 0.719943 0.0778213
vt 0.699139 0.0780357
vt 0.699139 0.138045
vt 0.691145 0.138045
vt 0.691145 0.0780357
vt 0.719943 0.137831
vt 0.719943 0.0778211
vt 0.742429 0.0778211
vt 0.742429 0.137831
vt 0.699139 0.0780357
vt 0.699139 0.138045
vt 0.691145 0.138045
vt 0.691145 0.0780357
vt 0.742429 0.0778213
vt 0.742429 0.137831
vt 0.719943 0.137831
vt 0.719943 0.0778213
vt 0.990699 0.12648
vt 0.962703 0.12648
vt 0.962772 0.0946454
vt 0.990685 0.0946454
vt 0.934839 0.12648
vt 0.935037 0.0946454
vt 0.906796 0.12648
vt 0.906761 0.0946454
vt 0.87876 0.12648
vt 0.878565 0.0946454
vt 0.850924 0.12648
vt 0.850849 0.0946454
vt 0.822937 0.12648
vt 0.822953 0.0946454
vt 0.990699 0.12648
vt 0.962703 0.12648
vt 0.962772 0.0946454
vt 0.990685 0.0946454
vt 0.934839 0.12648
vt 0.935037 0.0946454
vt 0.906796 0.12648
vt 0.906761 0.0946454
vt 0.87876 0.12648
vt 0.878565 0.0946454
vt 0.850924 0.12648
vt 0.850849 0.0946454
vt 0.822937 0.12648
vt 0.822953 0.0946454
vt 0.974382 0.155443
vt 0.952443 0.155443
vt 0.952548 0.144928
vt 0.977164 0.144928
vt 0.929816 0.155443
vt 0.929794 0.144928
vt 0.906824 0.155443
vt 0.906825 0.144928
vt 0.883824 0.155443
vt 0.883851 0.144928
vt 0.861185 0.155443
vt 0.861081 0.144928
vt 0.839229 0.155443
vt 0.836441 0.144928
vt 0.97438 0.155443
vt 0.952445 0.155443
vt 0.952548 0.144928
vt 0.977165 0.144928
vt 0.92982 0.155443
vt 0.929795 0.144928
vt 0.906828 0.155443
vt 0.906827 0.144928
vt 0.883824 0.155443
vt 0.88385 0.144928
vt 0.861184 0.155443
vt 0.861077 0.144928
vt 0.839226 0.155443
vt 0.836441 0.144928
vt 0.990699 0.12648
vt 0.962705 0.12648
vt 0.962774 0.0946454
vt 0.990687 0.0946454
vt 0.93484 0.12648
vt 0.935037 0.0946454
vt 0.906796 0.12648
vt 0.906787 0.0946454
vt 0.878759 0.12648
vt 0.878561 0.0946454
vt 0.850924 0.12648
vt 0.850849 0.0946454
vt 0.822939 0.12648
vt 0.822955 0.0946454
vt 0.990699 0.12648
vt 0.962703 0.12648
vt 0.962772 0.0946454
vt 0.990685 0.0946454
vt 0.934839 0.12648
vt 0.935041 0.0946454
vt 0.906801 0.12648
vt 0.906793 0.0946454
vt 0.87876 0.12648
vt 0.878565 0.0946454
vt 0.850923 0.12648
vt 0.850847 0.0946454
vt 0.822937 0.12648
vt 0.822953 0.0946454
vt 0.782333 0.0103796
vt 0.819491 0.0103794
vt 0.81946 0.0323907
vt 0.782333 0.0323907
vt 0.85673 0.0103797
vt 0.856233 0.0323907
vt 0.891422 0.0103793
vt 0.89144 0.0323908
vt 0.926711 0.0103797
vt 0.926734 0.0323907
vt 0.961817 0.0103794
vt 0.962301 0.0323907
vt 0.99896 0.0103793
vt 0.99896 0.0323907
vt 0.782333 0.0103794
vt 0.819486 0.0103794
vt 0.819462 0.0323907
vt 0.782333 0.0323908
vt 0.856724 0.0103794
vt 0.856231 0.0323907
vt 0.89142 0.0103794
vt 0.891438 0.0323907
vt 0.926705 0.0103794
vt 0.926733 0.0323907
vt 0.961814 0.0103794
vt 0.962303 0.0323907
vt 0.99896 0.0103796
vt 0.99896 0.0323907
vt 0.820488 0.0544698
vt 0.782333 0.0544698
vt 0.782333 0.0465707
vt 0.820488 0.0465707
vt 0.99896 0.0544698
vt 0.96078 0.0544698
vt 0.960755 0.0465707
vt 0.99896 0.0465707
vt 0.925311 0.0544698
vt 0.925308 0.0465707
vt 0.890588 0.0544698
vt 0.890582 0.0465707
vt 0.85593 0.0544698
vt 0.855937 0.0465707
vt 0.820471 0.0544698
vt 0.820488 0.0465707
vt 0.782333 0.0544698
vt 0.782333 0.0465707
vt 0.99896 0.0544698
vt 0.960759 0.0544698
vt 0.960755 0.0465707
vt 0.99896 0.0465707
vt 0.925305 0.0544698
vt 0.925308 0.0465707
vt 0.890588 0.0544698
vt 0.890586 0.0465707
vt 0.855944 0.0544698
vt 0.855937 0.0465707
vt 0.819322 0.0781579
vt 0.782333 0.0781579
vt 0.782333 0.0691398
vt 0.819284 0.0691398
vt 0.99896 0.0781579
vt 0.961971 0.0781579
vt 0.962013 0.0691398
vt 0.99896 0.0691398
vt 0.924112 0.0781579
vt 0.923931 0.0691398
vt 0.890649 0.0781579
vt 0.890649 0.0691398
vt 0.857092 0.0781579
vt 0.857266 0.0691398
vt 0.819339 0.0781579
vt 0.819302 0.0691398
vt 0.782333 0.0781579
vt 0.782333 0.0691398
vt 0.99896 0.0781579
vt 0.961954 0.0781579
vt 0.961995 0.0691398
vt 0.99896 0.0691398
vt 0.924104 0.0781579
vt 0.923923 0.0691398
vt 0.890631 0.0781579
vt 0.890636 0.0691398
vt 0.857085 0.0781579
vt 0.857261 0.0691398


#
# MESH 000
#
g surface_000
usemtl surface_000
f 305/305/305 307/307/307 308/308/308
f 305/305/305 306/306/306 307/307/307
f 301/301/301 303/303/303 304/304/304
f 301/301/301 302/302/302 303/303/303
f 297/297/297 299/299/299 300/300/300
f 297/297/297 298/298/298 299/299/299
f 293/293/293 295/295/295 296/296/296
f 293/293/293 294/294/294 295/295/295
f 289/289/289 291/291/291 292/292/292
f 289/289/289 290/290/290 291/291/291
f 285/285/285 287/287/287 288/288/288
f 285/285/285 286/286/286 287/287/287
f 281/281/281 283/283/283 284/284/284
f 281/281/281 282/282/282 283/283/283
f 277/277/277 279/279/279 280/280/280
f 277/277/277 278/278/278 279/279/279
f 273/273/273 275/275/275 276/276/276
f 273/273/273 274/274/274 275/275/275
f 269/269/269 271/271/271 272/272/272
f 269/269/269 270/270/270 271/271/271
f 265/265/265 267/267/267 268/268/268
f 265/265/265 266/266/266 267/267/267
f 261/261/261 263/263/263 264/264/264
f 261/261/261 262/262/262 263/263/263
f 257/257/257 259/259/259 260/260/260
f 257/257/257 258/258/258 259/259/259
f 253/253/253 255/255/255 256/256/256
f 253/253/253 254/254/254 255/255/255
f 249/249/249 251/251/251 252/252/252
f 249/249/249 250/250/250 251/251/251
f 245/245/245 247/247/247 248/248/248
f 245/245/245 246/246/246 247/247/247
f 241/241/241 243/243/243 244/244/244
f 241/241/241 242/242/242 243/243/243
f 237/237/237 239/239/239 240/240/240
f 237/237/237 238/238/238 239/239/239
f 233/233/233 235/235/235 236/236/236
f 233/233/233 234/234/234 235/235/235
f 229/229/229 231/231/231 232/232/232
f 229/229/229 230/230/230 231/231/231
f 225/225/225 227/227/227 228/228/228
f 225/225/225 226/226/226 227/227/227
f 221/221/221 223/223/223 224/224/224
f 221/221/221 222/222/222 223/223/223
f 217/217/217 219/219/219 220/220/220
f 217/217/217 218/218/218 219/219/219
f 213/213/213 215/215/215 216/216/216
f 213/213/213 214/214/214 215/215/215
f 209/209/209 211/211/211 212/212/212
f 209/209/209 210/210/210 211/211/211
f 205/205/205 207/207/207 208/208/208
f 205/205/205 206/206/206 207/207/207
f 201/201/201 203/203/203 204/204/204
f 201/201/201 202/202/202 203/203/203
f 197/197/197 199/199/199 200/200/200
f 197/197/197 198/198/198 199/199/199
f 193/193/193 195/195/195 196/196/196
f 193/193/193 194/194/194 195/195/195
f 189/189/189 191/191/191 192/192/192
f 189/189/189 190/190/190 191/191/191
f 185/185/185 187/187/187 188/188/188
f 185/185/185 186/186/186 187/187/187
f 181/181/181 183/183/183 184/184/184
f 181/181/181 182/182/182 183/183/183
f 142/142/142 179/179/179 180/180/180
f 142/142/142 180/180/180 143/143/143
f 140/140/140 142/142/142 143/143/143
f 140/140/140 141/141/141 142/142/142
f 175/175/175 177/177/177 178/178/178
f 175/175/175 176/176/176 177/177/177
f 172/172/172 173/173/173 174/174/174
f 172/172/172 118/118/118 173/173/173
f 172/172/172 116/116/116 118/118/118
f 116/116/116 117/117/117 118/118/118
f 168/168/168 170/170/170 171/171/171
f 168/168/168 169/169/169 170/170/170
f 164/164/164 166/166/166 167/167/167
f 164/164/164 165/165/165 166/166/166
f 160/160/160 162/162/162 163/163/163
f 160/160/160 161/161/161 162/162/162
f 156/156/156 158/158/158 159/159/159
f 156/156/156 157/157/157 158/158/158
f 152/152/152 154/154/154 155/155/155
f 152/152/152 153/153/153 154/154/154
f 148/148/148 150/150/150 151/151/151
f 148/148/148 149/149/149 150/150/150
f 144/144/144 146/146/146 147/147/147
f 144/144/144 145/145/145 146/146/146
f 136/136/136 138/138/138 139/139/139
f 136/136/136 137/137/137 138/138/138
f 132/132/132 134/134/134 135/135/135
f 132/132/132 133/133/133 134/134/134
f 128/128/128 130/130/130 131/131/131
f 128/128/128 129/129/129 130/130/130
f 80/80/80 127/127/127 77/77/77
f 77/77/77 79/79/79 80/80/80
f 77/77/77 78/78/78 79/79/79
f 79/79/79 78/78/78 105/105/105
f 123/123/123 125/125/125 126/126/126
f 123/123/123 124/124/124 125/125/125
f 119/119/119 121/121/121 122/122/122
f 119/119/119 120/120/120 121/121/121
f 112/112/112 114/114/114 115/115/115
f 112/112/112 113/113/113 114/114/114
f 110/110/110 111/111/111 74/74/74
f 110/110/110 74/74/74 73/73/73
f 73/73/73 74/74/74 75/75/75
f 73/73/73 75/75/75 76/76/76
f 106/106/106 108/108/108 109/109/109
f 106/106/106 107/107/107 108/108/108
f 101/101/101 103/103/103 104/104/104
f 101/101/101 102/102/102 103/103/103
f 97/97/97 99/99/99 100/100/100
f 97/97/97 98/98/98 99/99/99
f 93/93/93 95/95/95 96/96/96
f 93/93/93 94/94/94 95/95/95
f 89/89/89 91/91/91 92/92/92
f 89/89/89 90/90/90 91/91/91
f 85/85/85 87/87/87 88/88/88
f 85/85/85 86/86/86 87/87/87
f 81/81/81 83/83/83 84/84/84
f 81/81/81 82/82/82 83/83/83
f 69/69/69 71/71/71 72/72/72
f 69/69/69 70/70/70 71/71/71
f 65/65/65 67/67/67 68/68/68
f 65/65/65 66/66/66 67/67/67
f 61/61/61 63/63/63 64/64/64
f 61/61/61 62/62/62 63/63/63
f 57/57/57 59/59/59 60/60/60
f 57/57/57 58/58/58 59/59/59
f 53/53/53 55/55/55 56/56/56
f 53/53/53 54/54/54 55/55/55
f 49/49/49 51/51/51 52/52/52
f 49/49/49 50/50/50 51/51/51
f 45/45/45 47/47/47 48/48/48
f 45/45/45 46/46/46 47/47/47
f 41/41/41 43/43/43 44/44/44
f 41/41/41 42/42/42 43/43/43
f 37/37/37 39/39/39 40/40/40
f 37/37/37 38/38/38 39/39/39
f 33/33/33 35/35/35 36/36/36
f 33/33/33 34/34/34 35/35/35
f 29/29/29 31/31/31 32/32/32
f 29/29/29 30/30/30 31/31/31
f 25/25/25 27/27/27 28/28/28
f 25/25/25 26/26/26 27/27/27
f 21/21/21 23/23/23 24/24/24
f 21/21/21 22/22/22 23/23/23
f 17/17/17 19/19/19 20/20/20
f 17/17/17 18/18/18 19/19/19
f 13/13/13 15/15/15 16/16/16
f 13/13/13 14/14/14 15/15/15
f 9/9/9 11/11/11 12/12/12
f 9/9/9 10/10/10 11/11/11
f 5/5/5 7/7/7 8/8/8
f 5/5/5 6/6/6 7/7/7
f 1/1/1 3/3/3 4/4/4
f 1/1/1 2/2/2 3/3/3
f 325/325/325 315/315/315 326/326/326
f 325/325/325 316/316/316 315/315/315
f 313/313/313 315/315/315 316/316/316
f 313/313/313 314/314/314 315/315/315
f 313/313/313 324/324/324 314/314/314
f 313/313/313 323/323/323 324/324/324
f 321/321/321 313/313/313 316/316/316
f 321/321/321 316/316/316 317/317/317
f 321/321/321 317/317/317 310/310/310
f 321/321/321 310/310/310 309/309/309
f 320/320/320 321/321/321 309/309/309
f 320/320/320 309/309/309 322/322/322
f 317/317/317 319/319/319 310/310/310
f 317/317/317 318/318/318 319/319/319
f 309/309/309 310/310/310 311/311/311
f 309/309/309 311/311/311 312/312/312
f 360/360/360 363/363/363 364/364/364
f 360/360/360 362/362/362 363/363/363
f 360/360/360 361/361/361 362/362/362
f 362/362/362 361/361/361 359/359/359
f 362/362/362 359/359/359 358/358/358
f 358/358/358 359/359/359 357/357/357
f 358/358/358 357/357/357 356/356/356
f 356/356/356 357/357/357 328/328/328
f 356/356/356 328/328/328 327/327/327
f 327/327/327 328/328/328 329/329/329
f 340/340/340 341/341/341 342/342/342
f 340/340/340 342/342/342 343/343/343
f 343/343/343 342/342/342 344/344/344
f 343/343/343 344/344/344 345/345/345
f 345/345/345 344/344/344 346/346/346
f 345/345/345 346/346/346 347/347/347
f 347/347/347 346/346/346 348/348/348
f 347/347/347 348/348/348 349/349/349
f 349/349/349 348/348/348 350/350/350
f 349/349/349 350/350/350 351/351/351
f 351/351/351 350/350/350 352/352/352
f 351/351/351 352/352/352 353/353/353
f 353/353/353 352/352/352 354/354/354
f 353/353/353 354/354/354 355/355/355
f 355/355/355 354/354/354 331/331/331
f 355/355/355 331/331/331 330/330/330
f 330/330/330 331/331/331 332/332/332
f 330/330/330 332/332/332 333/333/333
f 333/333/333 332/332/332 334/334/334
f 333/333/333 334/334/334 335/335/335
f 335/335/335 334/334/334 336/336/336
f 335/335/335 336/336/336 337/337/337
f 337/337/337 336/336/336 338/338/338
f 337/337/337 338/338/338 339/339/339
f 393/393/393 395/395/395 396/396/396
f 393/393/393 396/396/396 394/394/394
f 390/390/390 393/393/393 394/394/394
f 390/390/390 394/394/394 391/391/391
f 389/389/389 390/390/390 391/391/391
f 389/389/389 391/391/391 392/392/392
f 392/392/392 391/391/391 424/424/424
f 394/394/394 396/396/396 424/424/424
f 391/391/391 394/394/394 424/424/424
f 385/385/385 387/387/387 388/388/388
f 385/385/385 388/388/388 386/386/386
f 382/382/382 385/385/385 386/386/386
f 382/382/382 386/386/386 383/383/383
f 381/381/381 382/382/382 383/383/383
f 381/381/381 383/383/383 384/384/384
f 384/384/384 383/383/383 423/423/423
f 386/386/386 388/388/388 423/423/423
f 383/383/383 386/386/386 423/423/423
f 377/377/377 379/379/379 380/380/380
f 377/377/377 380/380/380 378/378/378
f 374/374/374 377/377/377 378/378/378
f 374/374/374 378/378/378 375/375/375
f 373/373/373 374/374/374 375/375/375
f 373/373/373 375/375/375 376/376/376
f 376/376/376 375/375/375 422/422/422
f 378/378/378 380/380/380 422/422/422
f 375/375/375 378/378/378 422/422/422
f 369/369/369 370/370/370 371/371/371
f 369/369/369 371/371/371 372/372/372
f 398/398/398 369/369/369 372/372/372
f 398/398/398 372/372/372 399/399/399
f 397/397/397 398/398/398 399/399/399
f 397/397/397 399/399/399 400/400/400
f 400/400/400 399/399/399 421/421/421
f 372/372/372 371/371/371 421/421/421
f 399/399/399 372/372/372 421/421/421
f 420/420/420 401/401/401 365/365/365
f 401/401/401 403/403/403 365/365/365
f 365/365/365 403/403/403 366/366/366
f 365/365/365 366/366/366 367/367/367
f 365/365/365 367/367/367 368/368/368
f 420/420/420 365/365/365 368/368/368
f 418/418/418 420/420/420 368/368/368
f 418/418/418 368/368/368 419/419/419
f 416/416/416 418/418/418 419/419/419
f 401/401/401 402/402/402 403/403/403
f 402/402/402 366/366/366 403/403/403
f 402/402/402 404/404/404 366/366/366
f 404/404/404 367/367/367 366/366/366
f 404/404/404 405/405/405 367/367/367
f 405/405/405 407/407/407 367/367/367
f 368/368/368 367/367/367 407/407/407
f 368/368/368 407/407/407 419/419/419
f 419/419/419 407/407/407 409/409/409
f 419/419/419 409/409/409 417/417/417
f 416/416/416 419/419/419 417/417/417
f 414/414/414 416/416/416 417/417/417
f 414/414/414 417/417/417 415/415/415
f 412/412/412 414/414/414 415/415/415
f 405/405/405 406/406/406 407/407/407
f 406/406/406 409/409/409 407/407/407
f 406/406/406 408/408/408 409/409/409
f 408/408/408 411/411/411 409/409/409
f 417/417/417 409/409/409 411/411/411
f 417/417/417 411/411/411 415/415/415
f 415/415/415 411/411/411 413/413/413
f 412/412/412 415/415/415 413/413/413
f 410/410/410 412/412/412 413/413/413
f 410/410/410 413/413/413 411/411/411
f 408/408/408 410/410/410 411/411/411
f 435/435/435 436/436/436 437/437/437
f 435/435/435 437/437/437 438/438/438
f 438/438/438 437/437/437 439/439/439
f 438/438/438 439/439/439 440/440/440
f 440/440/440 439/439/439 441/441/441
f 440/440/440 441/441/441 442/442/442
f 442/442/442 441/441/441 443/443/443
f 442/442/442 443/443/443 444/444/444
f 444/444/444 443/443/443 445/445/445
f 444/444/444 445/445/445 446/446/446
f 446/446/446 445/445/445 447/447/447
f 446/446/446 447/447/447 448/448/448
f 448/448/448 447/447/447 449/449/449
f 448/448/448 449/449/449 450/450/450
f 450/450/450 449/449/449 426/426/426
f 450/450/450 426/426/426 425/425/425
f 425/425/425 426/426/426 427/427/427
f 425/425/425 427/427/427 428/428/428
f 428/428/428 427/427/427 429/429/429
f 428/428/428 429/429/429 430/430/430
f 430/430/430 429/429/429 431/431/431
f 430/430/430 431/431/431 432/432/432
f 432/432/432 431/431/431 433/433/433
f 432/432/432 433/433/433 434/434/434
f 915/915/915 917/917/917 918/918/918
f 915/915/915 916/916/916 917/917/917
f 911/911/911 913/913/913 914/914/914
f 911/911/911 912/912/912 913/913/913
f 907/907/907 909/909/909 910/910/910
f 907/907/907 908/908/908 909/909/909
f 903/903/903 905/905/905 906/906/906
f 903/903/903 904/904/904 905/905/905
f 900/900/900 901/901/901 902/902/902
f 900/900/900 898/898/898 901/901/901
f 900/900/900 899/899/899 898/898/898
f 897/897/897 898/898/898 899/899/899
f 893/893/893 895/895/895 896/896/896
f 893/893/893 894/894/894 895/895/895
f 894/894/894 884/884/884 895/895/895
f 894/894/894 881/881/881 884/884/884
f 881/881/881 883/883/883 884/884/884
f 881/881/881 882/882/882 883/883/883
f 889/889/889 891/891/891 892/892/892
f 889/889/889 892/892/892 890/890/890
f 886/886/886 889/889/889 890/890/890
f 886/886/886 890/890/890 887/887/887
f 885/885/885 886/886/886 887/887/887
f 885/885/885 887/887/887 888/888/888
f 870/870/870 872/872/872 873/873/873
f 870/870/870 871/871/871 872/872/872
f 866/866/866 868/868/868 869/869/869
f 866/866/866 867/867/867 868/868/868
f 862/862/862 864/864/864 865/865/865
f 862/862/862 863/863/863 864/864/864
f 858/858/858 860/860/860 861/861/861
f 858/858/858 859/859/859 860/860/860
f 856/856/856 857/857/857 853/853/853
f 856/856/856 853/853/853 852/852/852
f 852/852/852 853/853/853 854/854/854
f 852/852/852 854/854/854 855/855/855
f 855/855/855 854/854/854 849/849/849
f 855/855/855 849/849/849 848/848/848
f 848/848/848 849/849/849 850/850/850
f 848/848/848 850/850/850 851/851/851
f 838/838/838 840/840/840 841/841/841
f 838/838/838 839/839/839 840/840/840
f 839/839/839 843/843/843 840/840/840
f 839/839/839 842/842/842 843/843/843
f 842/842/842 845/845/845 843/843/843
f 842/842/842 844/844/844 845/845/845
f 844/844/844 847/847/847 845/845/845
f 844/844/844 846/846/846 847/847/847
f 846/846/846 823/823/823 847/847/847
f 846/846/846 820/820/820 823/823/823
f 820/820/820 822/822/822 823/823/823
f 820/820/820 821/821/821 822/822/822
f 834/834/834 836/836/836 837/837/837
f 834/834/834 837/837/837 835/835/835
f 832/832/832 834/834/834 835/835/835
f 832/832/832 835/835/835 833/833/833
f 830/830/830 832/832/832 833/833/833
f 830/830/830 833/833/833 831/831/831
f 828/828/828 830/830/830 831/831/831
f 828/828/828 831/831/831 829/829/829
f 825/825/825 828/828/828 829/829/829
f 825/825/825 829/829/829 826/826/826
f 824/824/824 825/825/825 826/826/826
f 824/824/824 826/826/826 827/827/827
f 810/810/810 812/812/812 813/813/813
f 810/810/810 811/811/811 812/812/812
f 811/811/811 815/815/815 812/812/812
f 811/811/811 814/814/814 815/815/815
f 814/814/814 817/817/817 815/815/815
f 814/814/814 816/816/816 817/817/817
f 816/816/816 819/819/819 817/817/817
f 816/816/816 818/818/818 819/819/819
f 818/818/818 795/795/795 819/819/819
f 818/818/818 792/792/792 795/795/795
f 792/792/792 794/794/794 795/795/795
f 792/792/792 793/793/793 794/794/794
f 806/806/806 808/808/808 809/809/809
f 806/806/806 809/809/809 807/807/807
f 804/804/804 806/806/806 807/807/807
f 804/804/804 807/807/807 805/805/805
f 802/802/802 804/804/804 805/805/805
f 802/802/802 805/805/805 803/803/803
f 800/800/800 802/802/802 803/803/803
f 800/800/800 803/803/803 801/801/801
f 797/797/797 800/800/800 801/801/801
f 797/797/797 801/801/801 798/798/798
f 796/796/796 797/797/797 798/798/798
f 796/796/796 798/798/798 799/799/799
f 788/788/788 790/790/790 791/791/791
f 788/788/788 791/791/791 789/789/789
f 786/786/786 788/788/788 789/789/789
f 786/786/786 789/789/789 787/787/787
f 784/784/784 786/786/786 787/787/787
f 784/784/784 787/787/787 785/785/785
f 782/782/782 784/784/784 785/785/785
f 782/782/782 785/785/785 783/783/783
f 779/779/779 782/782/782 783/783/783
f 779/779/779 783/783/783 780/780/780
f 778/778/778 779/779/779 780/780/780
f 778/778/778 780/780/780 781/781/781
f 774/774/774 776/776/776 777/777/777
f 774/774/774 777/777/777 775/775/775
f 772/772/772 774/774/774 775/775/775
f 772/772/772 775/775/775 773/773/773
f 770/770/770 772/772/772 773/773/773
f 770/770/770 773/773/773 771/771/771
f 768/768/768 770/770/770 771/771/771
f 768/768/768 771/771/771 769/769/769
f 765/765/765 768/768/768 769/769/769
f 765/765/765 769/769/769 766/766/766
f 764/764/764 765/765/765 766/766/766
f 764/764/764 766/766/766 767/767/767
f 760/760/760 762/762/762 763/763/763
f 760/760/760 763/763/763 761/761/761
f 758/758/758 760/760/760 761/761/761
f 758/758/758 761/761/761 759/759/759
f 756/756/756 758/758/758 759/759/759
f 756/756/756 759/759/759 757/757/757
f 754/754/754 756/756/756 757/757/757
f 754/754/754 757/757/757 755/755/755
f 751/751/751 754/754/754 755/755/755
f 751/751/751 755/755/755 752/752/752
f 750/750/750 751/751/751 752/752/752
f 750/750/750 752/752/752 753/753/753
f 746/746/746 748/748/748 749/749/749
f 746/746/746 749/749/749 747/747/747
f 744/744/744 746/746/746 747/747/747
f 744/744/744 747/747/747 745/745/745
f 742/742/742 744/744/744 745/745/745
f 742/742/742 745/745/745 743/743/743
f 740/740/740 742/742/742 743/743/743
f 740/740/740 743/743/743 741/741/741
f 737/737/737 740/740/740 741/741/741
f 737/737/737 741/741/741 738/738/738
f 736/736/736 737/737/737 738/738/738
f 736/736/736 738/738/738 739/739/739
f 732/732/732 734/734/734 735/735/735
f 732/732/732 735/735/735 733/733/733
f 730/730/730 732/732/732 733/733/733
f 730/730/730 733/733/733 731/731/731
f 728/728/728 730/730/730 731/731/731
f 728/728/728 731/731/731 729/729/729
f 726/726/726 728/728/728 729/729/729
f 726/726/726 729/729/729 727/727/727
f 723/723/723 726/726/726 727/727/727
f 723/723/723 727/727/727 724/724/724
f 722/722/722 723/723/723 724/724/724
f 722/722/722 724/724/724 725/725/725
f 718/718/718 720/720/720 721/721/721
f 718/718/718 721/721/721 719/719/719
f 716/716/716 718/718/718 719/719/719
f 716/716/716 719/719/719 717/717/717
f 714/714/714 716/716/716 717/717/717
f 714/714/714 717/717/717 715/715/715
f 712/712/712 714/714/714 715/715/715
f 712/712/712 715/715/715 713/713/713
f 709/709/709 712/712/712 713/713/713
f 709/709/709 713/713/713 710/710/710
f 708/708/708 709/709/709 710/710/710
f 708/708/708 710/710/710 711/711/711
f 704/704/704 706/706/706 707/707/707
f 704/704/704 707/707/707 705/705/705
f 702/702/702 704/704/704 705/705/705
f 702/702/702 705/705/705 703/703/703
f 700/700/700 702/702/702 703/703/703
f 700/700/700 703/703/703 701/701/701
f 698/698/698 700/700/700 701/701/701
f 698/698/698 701/701/701 699/699/699
f 695/695/695 698/698/698 699/699/699
f 695/695/695 699/699/699 696/696/696
f 694/694/694 695/695/695 696/696/696
f 694/694/694 696/696/696 697/697/697
f 690/690/690 692/692/692 693/693/693
f 690/690/690 693/693/693 691/691/691
f 688/688/688 690/690/690 691/691/691
f 688/688/688 691/691/691 689/689/689
f 686/686/686 688/688/688 689/689/689
f 686/686/686 689/689/689 687/687/687
f 684/684/684 686/686/686 687/687/687
f 684/684/684 687/687/687 685/685/685
f 681/681/681 684/684/684 685/685/685
f 681/681/681 685/685/685 682/682/682
f 680/680/680 681/681/681 682/682/682
f 680/680/680 682/682/682 683/683/683
f 670/670/670 672/672/672 673/673/673
f 670/670/670 671/671/671 672/672/672
f 671/671/671 675/675/675 672/672/672
f 671/671/671 674/674/674 675/675/675
f 674/674/674 677/677/677 675/675/675
f 674/674/674 676/676/676 677/677/677
f 676/676/676 679/679/679 677/677/677
f 676/676/676 678/678/678 679/679/679
f 678/678/678 655/655/655 679/679/679
f 678/678/678 652/652/652 655/655/655
f 652/652/652 654/654/654 655/655/655
f 652/652/652 653/653/653 654/654/654
f 666/666/666 668/668/668 669/669/669
f 666/666/666 669/669/669 667/667/667
f 664/664/664 666/666/666 667/667/667
f 664/664/664 667/667/667 665/665/665
f 662/662/662 664/664/664 665/665/665
f 662/662/662 665/665/665 663/663/663
f 660/660/660 662/662/662 663/663/663
f 660/660/660 663/663/663 661/661/661
f 657/657/657 660/660/660 661/661/661
f 657/657/657 661/661/661 658/658/658
f 656/656/656 657/657/657 658/658/658
f 656/656/656 658/658/658 659/659/659
f 642/642/642 644/644/644 645/645/645
f 642/642/642 643/643/643 644/644/644
f 643/643/643 647/647/647 644/644/644
f 643/643/643 646/646/646 647/647/647
f 646/646/646 649/649/649 647/647/647
f 646/646/646 648/648/648 649/649/649
f 648/648/648 651/651/651 649/649/649
f 648/648/648 650/650/650 651/651/651
f 650/650/650 627/627/627 651/651/651
f 650/650/650 624/624/624 627/627/627
f 624/624/624 626/626/626 627/627/627
f 624/624/624 625/625/625 626/626/626
f 638/638/638 640/640/640 641/641/641
f 638/638/638 641/641/641 639/639/639
f 636/636/636 638/638/638 639/639/639
f 636/636/636 639/639/639 637/637/637
f 634/634/634 636/636/636 637/637/637
f 634/634/634 637/637/637 635/635/635
f 632/632/632 634/634/634 635/635/635
f 632/632/632 635/635/635 633/633/633
f 629/629/629 632/632/632 633/633/633
f 629/629/629 633/633/633 630/630/630
f 628/628/628 629/629/629 630/630/630
f 628/628/628 630/630/630 631/631/631
f 620/620/620 622/622/622 623/623/623
f 620/620/620 623/623/623 621/621/621
f 618/618/618 620/620/620 621/621/621
f 618/618/618 621/621/621 619/619/619
f 616/616/616 618/618/618 619/619/619
f 616/616/616 619/619/619 617/617/617
f 614/614/614 616/616/616 617/617/617
f 614/614/614 617/617/617 615/615/615
f 611/611/611 614/614/614 615/615/615
f 611/611/611 615/615/615 612/612/612
f 610/610/610 611/611/611 612/612/612
f 610/610/610 612/612/612 613/613/613
f 606/606/606 608/608/608 609/609/609
f 606/606/606 609/609/609 607/607/607
f 604/604/604 606/606/606 607/607/607
f 604/604/604 607/607/607 605/605/605
f 602/602/602 604/604/604 605/605/605
f 602/602/602 605/605/605 603/603/603
f 600/600/600 602/602/602 603/603/603
f 600/600/600 603/603/603 601/601/601
f 597/597/597 600/600/600 601/601/601
f 597/597/597 601/601/601 598/598/598
f 596/596/596 597/597/597 598/598/598
f 596/596/596 598/598/598 599/599/599
f 592/592/592 594/594/594 595/595/595
f 592/592/592 595/595/595 593/593/593
f 590/590/590 592/592/592 593/593/593
f 590/590/590 593/593/593 591/591/591
f 588/588/588 590/590/590 591/591/591
f 588/588/588 591/591/591 589/589/589
f 586/586/586 588/588/588 589/589/589
f 586/586/586 589/589/589 587/587/587
f 583/583/583 586/586/586 587/587/587
f 583/583/583 587/587/587 584/584/584
f 582/582/582 583/583/583 584/584/584
f 582/582/582 584/584/584 585/585/585
f 578/578/578 580/580/580 581/581/581
f 578/578/578 581/581/581 579/579/579
f 576/576/576 578/578/578 579/579/579
f 576/576/576 579/579/579 577/577/577
f 574/574/574 576/576/576 577/577/577
f 574/574/574 577/577/577 575/575/575
f 572/572/572 574/574/574 575/575/575
f 572/572/572 575/575/575 573/573/573
f 569/569/569 572/572/572 573/573/573
f 569/569/569 573/573/573 570/570/570
f 568/568/568 569/569/569 570/570/570
f 568/568/568 570/570/570 571/571/571
f 564/564/564 566/566/566 567/567/567
f 564/564/564 567/567/567 565/565/565
f 562/562/562 564/564/564 565/565/565
f 562/562/562 565/565/565 563/563/563
f 560/560/560 562/562/562 563/563/563
f 560/560/560 563/563/563 561/561/561
f 558/558/558 560/560/560 561/561/561
f 558/558/558 561/561/561 559/559/559
f 555/555/555 558/558/558 559/559/559
f 555/555/555 559/559/559 556/556/556
f 554/554/554 555/555/555 556/556/556
f 554/554/554 556/556/556 557/557/557
f 550/550/550 552/552/552 553/553/553
f 550/550/550 553/553/553 551/551/551
f 548/548/548 550/550/550 551/551/551
f 548/548/548 551/551/551 549/549/549
f 546/546/546 548/548/548 549/549/549
f 546/546/546 549/549/549 547/547/547
f 544/544/544 546/546/546 547/547/547
f 544/544/544 547/547/547 545/545/545
f 541/541/541 544/544/544 545/545/545
f 541/541/541 545/545/545 542/542/542
f 540/540/540 541/541/541 542/542/542
f 540/540/540 542/542/542 543/543/543
f 536/536/536 538/538/538 539/539/539
f 536/536/536 539/539/539 537/537/537
f 534/534/534 536/536/536 537/537/537
f 534/534/534 537/537/537 535/535/535
f 532/532/532 534/534/534 535/535/535
f 532/532/532 535/535/535 533/533/533
f 530/530/530 532/532/532 533/533/533
f 530/530/530 533/533/533 531/531/531
f 527/527/527 530/530/530 531/531/531
f 527/527/527 531/531/531 528/528/528
f 526/526/526 527/527/527 528/528/528
f 526/526/526 528/528/528 529/529/529
f 522/522/522 524/524/524 525/525/525
f 522/522/522 525/525/525 523/523/523
f 520/520/520 522/522/522 523/523/523
f 520/520/520 523/523/523 521/521/521
f 518/518/518 520/520/520 521/521/521
f 518/518/518 521/521/521 519/519/519
f 516/516/516 518/518/518 519/519/519
f 516/516/516 519/519/519 517/517/517
f 513/513/513 516/516/516 517/517/517
f 513/513/513 517/517/517 514/514/514
f 512/512/512 513/513/513 514/514/514
f 512/512/512 514/514/514 515/515/515
f 508/508/508 510/510/510 511/511/511
f 508/508/508 509/509/509 510/510/510
f 504/504/504 506/506/506 507/507/507
f 504/504/504 505/505/505 506/506/506
f 500/500/500 502/502/502 503/503/503
f 500/500/500 501/501/501 502/502/502
f 496/496/496 498/498/498 499/499/499
f 496/496/496 497/497/497 498/498/498
f 493/493/493 494/494/494 495/495/495
f 493/493/493 491/491/491 494/494/494
f 493/493/493 492/492/492 491/491/491
f 490/490/490 491/491/491 492/492/492
f 486/486/486 488/488/488 489/489/489
f 486/486/486 487/487/487 488/488/488
f 487/487/487 477/477/477 488/488/488
f 487/487/487 474/474/474 477/477/477
f 474/474/474 476/476/476 477/477/477
f 474/474/474 475/475/475 476/476/476
f 482/482/482 484/484/484 485/485/485
f 482/482/482 485/485/485 483/483/483
f 479/479/479 482/482/482 483/483/483
f 479/479/479 483/483/483 480/480/480
f 478/478/478 479/479/479 480/480/480
f 478/478/478 480/480/480 481/481/481
f 463/463/463 465/465/465 466/466/466
f 463/463/463 464/464/464 465/465/465
f 459/459/459 461/461/461 462/462/462
f 459/459/459 460/460/460 461/461/461
f 455/455/455 457/457/457 458/458/458
f 455/455/455 456/456/456 457/457/457
f 451/451/451 453/453/453 454/454/454
f 451/451/451 452/452/452 453/453/453
f 880/880/880 876/876/876 875/875/875
f 880/880/880 879/879/879 876/876/876
f 878/878/878 876/876/876 879/879/879
f 878/878/878 877/877/877 876/876/876
f 874/874/874 876/876/876 877/877/877
f 874/874/874 875/875/875 876/876/876
f 473/473/473 469/469/469 468/468/468
f 473/473/473 472/472/472 469/469/469
f 471/471/471 469/469/469 472/472/472
f 471/471/471 470/470/470 469/469/469
f 467/467/467 469/469/469 470/470/470
f 467/467/467 468/468/468 469/469/469
f 1377/1377/1377 1379/1379/1379 1380/1380/1380
f 1377/1377/1377 1378/1378/1378 1379/1379/1379
f 1378/1378/1378 1382/1382/1382 1379/1379/1379
f 1378/1378/1378 1381/1381/1381 1382/1382/1382
f 1381/1381/1381 1384/1384/1384 1382/1382/1382
f 1381/1381/1381 1383/1383/1383 1384/1384/1384
f 1383/1383/1383 1386/1386/1386 1384/1384/1384
f 1383/1383/1383 1385/1385/1385 1386/1386/1386
f 1385/1385/1385 1362/1362/1362 1386/1386/1386
f 1385/1385/1385 1359/1359/1359 1362/1362/1362
f 1359/1359/1359 1361/1361/1361 1362/1362/1362
f 1359/1359/1359 1360/1360/1360 1361/1361/1361
f 1373/1373/1373 1375/1375/1375 1376/1376/1376
f 1373/1373/1373 1376/1376/1376 1374/1374/1374
f 1371/1371/1371 1373/1373/1373 1374/1374/1374
f 1371/1371/1371 1374/1374/1374 1372/1372/1372
f 1369/1369/1369 1371/1371/1371 1372/1372/1372
f 1369/1369/1369 1372/1372/1372 1370/1370/1370
f 1367/1367/1367 1369/1369/1369 1370/1370/1370
f 1367/1367/1367 1370/1370/1370 1368/1368/1368
f 1364/1364/1364 1367/1367/1367 1368/1368/1368
f 1364/1364/1364 1368/1368/1368 1365/1365/1365
f 1363/1363/1363 1364/1364/1364 1365/1365/1365
f 1363/1363/1363 1365/1365/1365 1366/1366/1366
f 1349/1349/1349 1351/1351/1351 1352/1352/1352
f 1349/1349/1349 1350/1350/1350 1351/1351/1351
f 1350/1350/1350 1354/1354/1354 1351/1351/1351
f 1350/1350/1350 1353/1353/1353 1354/1354/1354
f 1353/1353/1353 1356/1356/1356 1354/1354/1354
f 1353/1353/1353 1355/1355/1355 1356/1356/1356
f 1355/1355/1355 1358/1358/1358 1356/1356/1356
f 1355/1355/1355 1357/1357/1357 1358/1358/1358
f 1357/1357/1357 1334/1334/1334 1358/1358/1358
f 1357/1357/1357 1331/1331/1331 1334/1334/1334
f 1331/1331/1331 1333/1333/1333 1334/1334/1334
f 1331/1331/1331 1332/1332/1332 1333/1333/1333
f 1345/1345/1345 1347/1347/1347 1348/1348/1348
f 1345/1345/1345 1348/1348/1348 1346/1346/1346
f 1343/1343/1343 1345/1345/1345 1346/1346/1346
f 1343/1343/1343 1346/1346/1346 1344/1344/1344
f 1341/1341/1341 1343/1343/1343 1344/1344/1344
f 1341/1341/1341 1344/1344/1344 1342/1342/1342
f 1339/1339/1339 1341/1341/1341 1342/1342/1342
f 1339/1339/1339 1342/1342/1342 1340/1340/1340
f 1336/1336/1336 1339/1339/1339 1340/1340/1340
f 1336/1336/1336 1340/1340/1340 1337/1337/1337
f 1335/1335/1335 1336/1336/1336 1337/1337/1337
f 1335/1335/1335 1337/1337/1337 1338/1338/1338
f 1327/1327/1327 1329/1329/1329 1330/1330/1330
f 1327/1327/1327 1330/1330/1330 1328/1328/1328
f 1325/1325/1325 1327/1327/1327 1328/1328/1328
f 1325/1325/1325 1328/1328/1328 1326/1326/1326
f 1323/1323/1323 1325/1325/1325 1326/1326/1326
f 1323/1323/1323 1326/1326/1326 1324/1324/1324
f 1321/1321/1321 1323/1323/1323 1324/1324/1324
f 1321/1321/1321 1324/1324/1324 1322/1322/1322
f 1318/1318/1318 1321/1321/1321 1322/1322/1322
f 1318/1318/1318 1322/1322/1322 1319/1319/1319
f 1317/1317/1317 1318/1318/1318 1319/1319/1319
f 1317/1317/1317 1319/1319/1319 1320/1320/1320
f 1313/1313/1313 1315/1315/1315 1316/1316/1316
f 1313/1313/1313 1316/1316/1316 1314/1314/1314
f 1311/1311/1311 1313/1313/1313 1314/1314/1314
f 1311/1311/1311 1314/1314/1314 1312/1312/1312
f 1309/1309/1309 1311/1311/1311 1312/1312/1312
f 1309/1309/1309 1312/1312/1312 1310/1310/1310
f 1307/1307/1307 1309/1309/1309 1310/1310/1310
f 1307/1307/1307 1310/1310/1310 1308/1308/1308
f 1304/1304/1304 1307/1307/1307 1308/1308/1308
f 1304/1304/1304 1308/1308/1308 1305/1305/1305
f 1303/1303/1303 1304/1304/1304 1305/1305/1305
f 1303/1303/1303 1305/1305/1305 1306/1306/1306
f 1299/1299/1299 1301/1301/1301 1302/1302/1302
f 1299/1299/1299 1302/1302/1302 1300/1300/1300
f 1297/1297/1297 1299/1299/1299 1300/1300/1300
f 1297/1297/1297 1300/1300/1300 1298/1298/1298
f 1295/1295/1295 1297/1297/1297 1298/1298/1298
f 1295/1295/1295 1298/1298/1298 1296/1296/1296
f 1293/1293/1293 1295/1295/1295 1296/1296/1296
f 1293/1293/1293 1296/1296/1296 1294/1294/1294
f 1290/1290/1290 1293/1293/1293 1294/1294/1294
f 1290/1290/1290 1294/1294/1294 1291/1291/1291
f 1289/1289/1289 1290/1290/1290 1291/1291/1291
f 1289/1289/1289 1291/1291/1291 1292/1292/1292
f 1285/1285/1285 1287/1287/1287 1288/1288/1288
f 1285/1285/1285 1288/1288/1288 1286/1286/1286
f 1283/1283/1283 1285/1285/1285 1286/1286/1286
f 1283/1283/1283 1286/1286/1286 1284/1284/1284
f 1281/1281/1281 1283/1283/1283 1284/1284/1284
f 1281/1281/1281 1284/1284/1284 1282/1282/1282
f 1279/1279/1279 1281/1281/1281 1282/1282/1282
f 1279/1279/1279 1282/1282/1282 1280/1280/1280
f 1276/1276/1276 1279/1279/1279 1280/1280/1280
f 1276/1276/1276 1280/1280/1280 1277/1277/1277
f 1275/1275/1275 1276/1276/1276 1277/1277/1277
f 1275/1275/1275 1277/1277/1277 1278/1278/1278
f 1271/1271/1271 1273/1273/1273 1274/1274/1274
f 1271/1271/1271 1274/1274/1274 1272/1272/1272
f 1269/1269/1269 1271/1271/1271 1272/1272/1272
f 1269/1269/1269 1272/1272/1272 1270/1270/1270
f 1267/1267/1267 1269/1269/1269 1270/1270/1270
f 1267/1267/1267 1270/1270/1270 1268/1268/1268
f 1265/1265/1265 1267/1267/1267 1268/1268/1268
f 1265/1265/1265 1268/1268/1268 1266/1266/1266
f 1262/1262/1262 1265/1265/1265 1266/1266/1266
f 1262/1262/1262 1266/1266/1266 1263/1263/1263
f 1261/1261/1261 1262/1262/1262 1263/1263/1263
f 1261/1261/1261 1263/1263/1263 1264/1264/1264
f 1257/1257/1257 1259/1259/1259 1260/1260/1260
f 1257/1257/1257 1260/1260/1260 1258/1258/1258
f 1255/1255/1255 1257/1257/1257 1258/1258/1258
f 1255/1255/1255 1258/1258/1258 1256/1256/1256
f 1253/1253/1253 1255/1255/1255 1256/1256/1256
f 1253/1253/1253 1256/1256/1256 1254/1254/1254
f 1251/1251/1251 1253/1253/1253 1254/1254/1254
f 1251/1251/1251 1254/1254/1254 1252/1252/1252
f 1248/1248/1248 1251/1251/1251 1252/1252/1252
f 1248/1248/1248 1252/1252/1252 1249/1249/1249
f 1247/1247/1247 1248/1248/1248 1249/1249/1249
f 1247/1247/1247 1249/1249/1249 1250/1250/1250
f 1243/1243/1243 1245/1245/1245 1246/1246/1246
f 1243/1243/1243 1246/1246/1246 1244/1244/1244
f 1241/1241/1241 1243/1243/1243 1244/1244/1244
f 1241/1241/1241 1244/1244/1244 1242/1242/1242
f 1239/1239/1239 1241/1241/1241 1242/1242/1242
f 1239/1239/1239 1242/1242/1242 1240/1240/1240
f 1237/1237/1237 1239/1239/1239 1240/1240/1240
f 1237/1237/1237 1240/1240/1240 1238/1238/1238
f 1234/1234/1234 1237/1237/1237 1238/1238/1238
f 1234/1234/1234 1238/1238/1238 1235/1235/1235
f 1233/1233/1233 1234/1234/1234 1235/1235/1235
f 1233/1233/1233 1235/1235/1235 1236/1236/1236
f 1229/1229/1229 1231/1231/1231 1232/1232/1232
f 1229/1229/1229 1232/1232/1232 1230/1230/1230
f 1227/1227/1227 1229/1229/1229 1230/1230/1230
f 1227/1227/1227 1230/1230/1230 1228/1228/1228
f 1225/1225/1225 1227/1227/1227 1228/1228/1228
f 1225/1225/1225 1228/1228/1228 1226/1226/1226
f 1223/1223/1223 1225/1225/1225 1226/1226/1226
f 1223/1223/1223 1226/1226/1226 1224/1224/1224
f 1220/1220/1220 1223/1223/1223 1224/1224/1224
f 1220/1220/1220 1224/1224/1224 1221/1221/1221
f 1219/1219/1219 1220/1220/1220 1221/1221/1221
f 1219/1219/1219 1221/1221/1221 1222/1222/1222
f 1215/1215/1215 1217/1217/1217 1218/1218/1218
f 1215/1215/1215 1216/1216/1216 1217/1217/1217
f 1211/1211/1211 1213/1213/1213 1214/1214/1214
f 1211/1211/1211 1212/1212/1212 1213/1213/1213
f 1207/1207/1207 1209/1209/1209 1210/1210/1210
f 1207/1207/1207 1208/1208/1208 1209/1209/1209
f 1203/1203/1203 1205/1205/1205 1206/1206/1206
f 1203/1203/1203 1204/1204/1204 1205/1205/1205
f 1199/1199/1199 1201/1201/1201 1202/1202/1202
f 1199/1199/1199 1200/1200/1200 1201/1201/1201
f 1195/1195/1195 1197/1197/1197 1198/1198/1198
f 1195/1195/1195 1196/1196/1196 1197/1197/1197
f 1191/1191/1191 1193/1193/1193 1194/1194/1194
f 1191/1191/1191 1192/1192/1192 1193/1193/1193
f 1187/1187/1187 1189/1189/1189 1190/1190/1190
f 1187/1187/1187 1188/1188/1188 1189/1189/1189
f 1184/1184/1184 1185/1185/1185 1186/1186/1186
f 1184/1184/1184 1182/1182/1182 1185/1185/1185
f 1184/1184/1184 1183/1183/1183 1182/1182/1182
f 1181/1181/1181 1182/1182/1182 1183/1183/1183
f 1177/1177/1177 1179/1179/1179 1180/1180/1180
f 1177/1177/1177 1178/1178/1178 1179/1179/1179
f 1178/1178/1178 1168/1168/1168 1179/1179/1179
f 1178/1178/1178 1165/1165/1165 1168/1168/1168
f 1165/1165/1165 1167/1167/1167 1168/1168/1168
f 1165/1165/1165 1166/1166/1166 1167/1167/1167
f 1173/1173/1173 1175/1175/1175 1176/1176/1176
f 1173/1173/1173 1176/1176/1176 1174/1174/1174
f 1170/1170/1170 1173/1173/1173 1174/1174/1174
f 1170/1170/1170 1174/1174/1174 1171/1171/1171
f 1169/1169/1169 1170/1170/1170 1171/1171/1171
f 1169/1169/1169 1171/1171/1171 1172/1172/1172
f 1156/1156/1156 1157/1157/1157 1153/1153/1153
f 1156/1156/1156 1153/1153/1153 1152/1152/1152
f 1152/1152/1152 1153/1153/1153 1154/1154/1154
f 1152/1152/1152 1154/1154/1154 1155/1155/1155
f 1155/1155/1155 1154/1154/1154 1149/1149/1149
f 1155/1155/1155 1149/1149/1149 1148/1148/1148
f 1148/1148/1148 1149/1149/1149 1150/1150/1150
f 1148/1148/1148 1150/1150/1150 1151/1151/1151
f 1138/1138/1138 1140/1140/1140 1141/1141/1141
f 1138/1138/1138 1139/1139/1139 1140/1140/1140
f 1139/1139/1139 1143/1143/1143 1140/1140/1140
f 1139/1139/1139 1142/1142/1142 1143/1143/1143
f 1142/1142/1142 1145/1145/1145 1143/1143/1143
f 1142/1142/1142 1144/1144/1144 1145/1145/1145
f 1144/1144/1144 1147/1147/1147 1145/1145/1145
f 1144/1144/1144 1146/1146/1146 1147/1147/1147
f 1146/1146/1146 1123/1123/1123 1147/1147/1147
f 1146/1146/1146 1120/1120/1120 1123/1123/1123
f 1120/1120/1120 1122/1122/1122 1123/1123/1123
f 1120/1120/1120 1121/1121/1121 1122/1122/1122
f 1134/1134/1134 1136/1136/1136 1137/1137/1137
f 1134/1134/1134 1137/1137/1137 1135/1135/1135
f 1132/1132/1132 1134/1134/1134 1135/1135/1135
f 1132/1132/1132 1135/1135/1135 1133/1133/1133
f 1130/1130/1130 1132/1132/1132 1133/1133/1133
f 1130/1130/1130 1133/1133/1133 1131/1131/1131
f 1128/1128/1128 1130/1130/1130 1131/1131/1131
f 1128/1128/1128 1131/1131/1131 1129/1129/1129
f 1125/1125/1125 1128/1128/1128 1129/1129/1129
f 1125/1125/1125 1129/1129/1129 1126/1126/1126
f 1124/1124/1124 1125/1125/1125 1126/1126/1126
f 1124/1124/1124 1126/1126/1126 1127/1127/1127
f 1110/1110/1110 1112/1112/1112 1113/1113/1113
f 1110/1110/1110 1111/1111/1111 1112/1112/1112
f 1111/1111/1111 1115/1115/1115 1112/1112/1112
f 1111/1111/1111 1114/1114/1114 1115/1115/1115
f 1114/1114/1114 1117/1117/1117 1115/1115/1115
f 1114/1114/1114 1116/1116/1116 1117/1117/1117
f 1116/1116/1116 1119/1119/1119 1117/1117/1117
f 1116/1116/1116 1118/1118/1118 1119/1119/1119
f 1118/1118/1118 1095/1095/1095 1119/1119/1119
f 1118/1118/1118 1092/1092/1092 1095/1095/1095
f 1092/1092/1092 1094/1094/1094 1095/1095/1095
f 1092/1092/1092 1093/1093/1093 1094/1094/1094
f 1106/1106/1106 1108/1108/1108 1109/1109/1109
f 1106/1106/1106 1109/1109/1109 1107/1107/1107
f 1104/1104/1104 1106/1106/1106 1107/1107/1107
f 1104/1104/1104 1107/1107/1107 1105/1105/1105
f 1102/1102/1102 1104/1104/1104 1105/1105/1105
f 1102/1102/1102 1105/1105/1105 1103/1103/1103
f 1100/1100/1100 1102/1102/1102 1103/1103/1103
f 1100/1100/1100 1103/1103/1103 1101/1101/1101
f 1097/1097/1097 1100/1100/1100 1101/1101/1101
f 1097/1097/1097 1101/1101/1101 1098/1098/1098
f 1096/1096/1096 1097/1097/1097 1098/1098/1098
f 1096/1096/1096 1098/1098/1098 1099/1099/1099
f 1088/1088/1088 1090/1090/1090 1091/1091/1091
f 1088/1088/1088 1091/1091/1091 1089/1089/1089
f 1086/1086/1086 1088/1088/1088 1089/1089/1089
f 1086/1086/1086 1089/1089/1089 1087/1087/1087
f 1084/1084/1084 1086/1086/1086 1087/1087/1087
f 1084/1084/1084 1087/1087/1087 1085/1085/1085
f 1082/1082/1082 1084/1084/1084 1085/1085/1085
f 1082/1082/1082 1085/1085/1085 1083/1083/1083
f 1079/1079/1079 1082/1082/1082 1083/1083/1083
f 1079/1079/1079 1083/1083/1083 1080/1080/1080
f 1078/1078/1078 1079/1079/1079 1080/1080/1080
f 1078/1078/1078 1080/1080/1080 1081/1081/1081
f 1074/1074/1074 1076/1076/1076 1077/1077/1077
f 1074/1074/1074 1077/1077/1077 1075/1075/1075
f 1072/1072/1072 1074/1074/1074 1075/1075/1075
f 1072/1072/1072 1075/1075/1075 1073/1073/1073
f 1070/1070/1070 1072/1072/1072 1073/1073/1073
f 1070/1070/1070 1073/1073/1073 1071/1071/1071
f 1068/1068/1068 1070/1070/1070 1071/1071/1071
f 1068/1068/1068 1071/1071/1071 1069/1069/1069
f 1065/1065/1065 1068/1068/1068 1069/1069/1069
f 1065/1065/1065 1069/1069/1069 1066/1066/1066
f 1064/1064/1064 1065/1065/1065 1066/1066/1066
f 1064/1064/1064 1066/1066/1066 1067/1067/1067
f 1060/1060/1060 1062/1062/1062 1063/1063/1063
f 1060/1060/1060 1063/1063/1063 1061/1061/1061
f 1058/1058/1058 1060/1060/1060 1061/1061/1061
f 1058/1058/1058 1061/1061/1061 1059/1059/1059
f 1056/1056/1056 1058/1058/1058 1059/1059/1059
f 1056/1056/1056 1059/1059/1059 1057/1057/1057
f 1054/1054/1054 1056/1056/1056 1057/1057/1057
f 1054/1054/1054 1057/1057/1057 1055/1055/1055
f 1051/1051/1051 1054/1054/1054 1055/1055/1055
f 1051/1051/1051 1055/1055/1055 1052/1052/1052
f 1050/1050/1050 1051/1051/1051 1052/1052/1052
f 1050/1050/1050 1052/1052/1052 1053/1053/1053
f 1046/1046/1046 1048/1048/1048 1049/1049/1049
f 1046/1046/1046 1049/1049/1049 1047/1047/1047
f 1044/1044/1044 1046/1046/1046 1047/1047/1047
f 1044/1044/1044 1047/1047/1047 1045/1045/1045
f 1042/1042/1042 1044/1044/1044 1045/1045/1045
f 1042/1042/1042 1045/1045/1045 1043/1043/1043
f 1040/1040/1040 1042/1042/1042 1043/1043/1043
f 1040/1040/1040 1043/1043/1043 1041/1041/1041
f 1037/1037/1037 1040/1040/1040 1041/1041/1041
f 1037/1037/1037 1041/1041/1041 1038/1038/1038
f 1036/1036/1036 1037/1037/1037 1038/1038/1038
f 1036/1036/1036 1038/1038/1038 1039/1039/1039
f 1032/1032/1032 1034/1034/1034 1035/1035/1035
f 1032/1032/1032 1035/1035/1035 1033/1033/1033
f 1030/1030/1030 1032/1032/1032 1033/1033/1033
f 1030/1030/1030 1033/1033/1033 1031/1031/1031
f 1028/1028/1028 1030/1030/1030 1031/1031/1031
f 1028/1028/1028 1031/1031/1031 1029/1029/1029
f 1026/1026/1026 1028/1028/1028 1029/1029/1029
f 1026/1026/1026 1029/1029/1029 1027/1027/1027
f 1023/1023/1023 1026/1026/1026 1027/1027/1027
f 1023/1023/1023 1027/1027/1027 1024/1024/1024
f 1022/1022/1022 1023/1023/1023 1024/1024/1024
f 1022/1022/1022 1024/1024/1024 1025/1025/1025
f 1018/1018/1018 1020/1020/1020 1021/1021/1021
f 1018/1018/1018 1021/1021/1021 1019/1019/1019
f 1016/1016/1016 1018/1018/1018 1019/1019/1019
f 1016/1016/1016 1019/1019/1019 1017/1017/1017
f 1014/1014/1014 1016/1016/1016 1017/1017/1017
f 1014/1014/1014 1017/1017/1017 1015/1015/1015
f 1012/1012/1012 1014/1014/1014 1015/1015/1015
f 1012/1012/1012 1015/1015/1015 1013/1013/1013
f 1009/1009/1009 1012/1012/1012 1013/1013/1013
f 1009/1009/1009 1013/1013/1013 1010/1010/1010
f 1008/1008/1008 1009/1009/1009 1010/1010/1010
f 1008/1008/1008 1010/1010/1010 1011/1011/1011
f 1004/1004/1004 1006/1006/1006 1007/1007/1007
f 1004/1004/1004 1007/1007/1007 1005/1005/1005
f 1002/1002/1002 1004/1004/1004 1005/1005/1005
f 1002/1002/1002 1005/1005/1005 1003/1003/1003
f 1000/1000/1000 1002/1002/1002 1003/1003/1003
f 1000/1000/1000 1003/1003/1003 1001/1001/1001
f 998/998/998 1000/1000/1000 1001/1001/1001
f 998/998/998 1001/1001/1001 999/999/999
f 995/995/995 998/998/998 999/999/999
f 995/995/995 999/999/999 996/996/996
f 994/994/994 995/995/995 996/996/996
f 994/994/994 996/996/996 997/997/997
f 990/990/990 992/992/992 993/993/993
f 990/990/990 993/993/993 991/991/991
f 988/988/988 990/990/990 991/991/991
f 988/988/988 991/991/991 989/989/989
f 986/986/986 988/988/988 989/989/989
f 986/986/986 989/989/989 987/987/987
f 984/984/984 986/986/986 987/987/987
f 984/984/984 987/987/987 985/985/985
f 981/981/981 984/984/984 985/985/985
f 981/981/981 985/985/985 982/982/982
f 980/980/980 981/981/981 982/982/982
f 980/980/980 982/982/982 983/983/983
f 976/976/976 978/978/978 979/979/979
f 976/976/976 977/977/977 978/978/978
f 972/972/972 974/974/974 975/975/975
f 972/972/972 973/973/973 974/974/974
f 968/968/968 970/970/970 971/971/971
f 968/968/968 969/969/969 970/970/970
f 964/964/964 966/966/966 967/967/967
f 964/964/964 965/965/965 966/966/966
f 960/960/960 962/962/962 963/963/963
f 960/960/960 961/961/961 962/962/962
f 956/956/956 958/958/958 959/959/959
f 956/956/956 957/957/957 958/958/958
f 952/952/952 954/954/954 955/955/955
f 952/952/952 953/953/953 954/954/954
f 948/948/948 950/950/950 951/951/951
f 948/948/948 949/949/949 950/950/950
f 945/945/945 946/946/946 947/947/947
f 945/945/945 943/943/943 946/946/946
f 945/945/945 944/944/944 943/943/943
f 942/942/942 943/943/943 944/944/944
f 938/938/938 940/940/940 941/941/941
f 938/938/938 939/939/939 940/940/940
f 939/939/939 929/929/929 940/940/940
f 939/939/939 926/926/926 929/929/929
f 926/926/926 928/928/928 929/929/929
f 926/926/926 927/927/927 928/928/928
f 934/934/934 936/936/936 937/937/937
f 934/934/934 937/937/937 935/935/935
f 931/931/931 934/934/934 935/935/935
f 931/931/931 935/935/935 932/932/932
f 930/930/930 931/931/931 932/932/932
f 930/930/930 932/932/932 933/933/933
f 1164/1164/1164 1160/1160/1160 1159/1159/1159
f 1164/1164/1164 1163/1163/1163 1160/1160/1160
f 1162/1162/1162 1160/1160/1160 1163/1163/1163
f 1162/1162/1162 1161/1161/1161 1160/1160/1160
f 1158/1158/1158 1160/1160/1160 1161/1161/1161
f 1158/1158/1158 1159/1159/1159 1160/1160/1160
f 925/925/925 919/919/919 922/922/922
f 925/925/925 924/924/924 919/919/919
f 923/923/923 919/919/919 924/924/924
f 923/923/923 920/920/920 919/919/919
f 919/919/919 920/920/920 921/921/921
f 919/919/919 921/921/921 922/922/922

