#
# OBJECT NAME
#
o model_3529
mtllib 3529.mtl

#
# VERTEX BUFFER 000
#
v 1.57967 0 -0.133486
v 1.51259 0 -0.295421
v 1.57967 0.140534 -0.133486
v 1.51259 0.140534 -0.295421
v 1.51259 0 0.0284496
v 1.51259 0.140534 0.0284496
v 1.35066 0 0.0955254
v 1.35066 0.140534 0.0955254
v 1.35066 0 -0.362497
v 1.35066 0.140534 -0.362497
v 1.35066 0.140534 0.0955254
v 1.51259 0.140534 0.0284496
v 1.35066 0.140534 -0.362497
v 1.51259 0.140534 -0.295421
v 1.35066 0 0.0955254
v 1.35066 0 -0.362497
v 1.51259 0 0.0284496
v 1.51259 0 -0.295421
v 1.57967 0 -0.133486
v 0.955805 0.140534 0.0955255
v 0.955805 0.140534 -0.362497
v 1.50947 0.13896 -0.133486
v 1.46295 0.13896 -0.245785
v 1.50947 0.229292 -0.133486
v 1.46295 0.229292 -0.245785
v 1.46295 0.13896 -0.0211866
v 1.46295 0.229292 -0.0211866
v 1.35066 0.13896 0.0253291
v 1.35066 0.229292 0.0253291
v 1.23836 0.13896 -0.0211867
v 1.35066 0.13896 0.0253291
v 1.23836 0.229292 -0.0211867
v 1.35066 0.229292 0.0253291
v 1.19184 0.13896 -0.133486
v 1.19184 0.229292 -0.133486
v 1.23836 0.13896 -0.245785
v 1.23836 0.229292 -0.245785
v 1.35066 0.13896 -0.292301
v 1.35066 0.229292 -0.292301
v 1.35066 0.13896 -0.292301
v 1.35066 0.229292 -0.292301
v 1.46295 0.229292 -0.0211866
v 1.50947 0.229292 -0.133486
v 1.44214 0.240289 -0.0420014
v 1.48003 0.240289 -0.133486
v 1.35066 0.229292 0.0253291
v 1.35066 0.240289 -0.00410724
v 1.23836 0.229292 -0.0211867
v 1.35066 0.229292 0.0253291
v 1.25917 0.240289 -0.0420014
v 1.35066 0.240289 -0.00410724
v 1.19184 0.229292 -0.133486
v 1.22128 0.240289 -0.133486
v 1.23836 0.229292 -0.245785
v 1.25917 0.240289 -0.22497
v 1.35066 0.229292 -0.292301
v 1.35066 0.240289 -0.262865
v 1.46295 0.229292 -0.245785
v 1.35066 0.229292 -0.292301
v 1.44214 0.240289 -0.22497
v 1.35066 0.240289 -0.262865
v 1.57967 0.140534 -0.133486
v 1.25917 0.240289 -0.0420014
v 1.35066 0.240289 -0.00410724
v 1.25917 0.661617 -0.0420013
v 1.35066 0.661617 -0.00410724
v 1.22128 0.240289 -0.133486
v 1.22128 0.661617 -0.133486
v 1.25917 0.240289 -0.22497
v 1.22128 0.240289 -0.133486
v 1.25917 0.661617 -0.22497
v 1.22128 0.661617 -0.133486
v 1.35066 0.240289 -0.262865
v 1.35066 0.661617 -0.262865
v 1.44214 0.240289 -0.22497
v 1.44214 0.661617 -0.22497
v 1.48003 0.240289 -0.133486
v 1.48003 0.661617 -0.133486
v 1.44214 0.240289 -0.0420014
v 1.48003 0.240289 -0.133486
v 1.44214 0.661617 -0.0420013
v 1.48003 0.661617 -0.133486
v -0.0278648 1.48082 0.820479
v -0.0295794 1.48214 0.786037
v -0.148894 1.48082 0.820479
v -0.147179 1.48214 0.786037
v -0.0278648 1.48082 0.820479
v -0.0883794 1.37117 0.904552
v 0.0574737 1.36772 0.878835
v -0.0128417 1.51978 0.74694
v -0.0295794 1.48214 0.786037
v -0.00378108 1.533 0.770979
v -0.0278648 1.48082 0.820479
v 0.189103 1.69646 0.55383
v 0.213724 1.74862 0.481899
v 0.0863828 1.73452 0.550452
v 0.136068 1.83409 0.371257
v 0.123457 1.80343 0.348246
v 0.0745224 1.71132 0.526802
v 0.136068 1.83409 0.371257
v 0.0863828 1.73452 0.550452
v -0.00378108 1.533 0.770979
v 0.101997 1.50215 0.788338
v -0.0278648 1.48082 0.820479
v 0.0574737 1.36772 0.878835
v 0.19581 1.67334 0.534614
v 0.216158 1.71506 0.478298
v 0.189103 1.69646 0.55383
v 0.213724 1.74862 0.481899
v 0.101997 1.50215 0.788338
v 0.110371 1.48253 0.764124
v 0.0643341 1.34733 0.854563
v 0.0574737 1.36772 0.878835
v -0.148894 1.48082 0.820479
v -0.147179 1.48214 0.786037
v -0.172978 1.533 0.770979
v -0.163917 1.51978 0.74694
v -0.312827 1.83409 0.371257
v -0.390483 1.74862 0.481899
v -0.263142 1.73452 0.550452
v -0.365862 1.69646 0.55383
v -0.263142 1.73452 0.550452
v -0.251281 1.71132 0.526802
v -0.312827 1.83409 0.371257
v -0.300216 1.80343 0.348246
v -0.172978 1.533 0.770979
v -0.278756 1.50215 0.788338
v -0.148894 1.48082 0.820479
v -0.234233 1.36772 0.878835
v -0.390483 1.74862 0.481899
v -0.392917 1.71506 0.478298
v -0.365862 1.69646 0.55383
v -0.372568 1.67334 0.534614
v -0.278756 1.50215 0.788338
v -0.28713 1.48253 0.764124
v -0.234233 1.36772 0.878835
v -0.241093 1.34733 0.854563
v -0.0435627 1.62695 0.639016
v -0.0130989 1.80203 0.410504
v -0.0516612 1.67729 0.641031
v -0.0267023 1.84735 0.410504
v -0.150057 1.84735 0.410504
v -0.16366 1.80203 0.410504
v -0.125098 1.67729 0.641031
v -0.133196 1.62695 0.639016
v -0.125098 1.67729 0.641031
v -0.133196 1.62695 0.639016
v -0.0516612 1.67729 0.641031
v -0.0435627 1.62695 0.639016
v -0.150057 1.84735 0.410504
v -0.125098 1.67729 0.641031
v -0.0267023 1.84735 0.410504
v -0.0516612 1.67729 0.641031
v -0.148894 1.48082 0.820479
v -0.234233 1.36772 0.878835
v 0.533448 0 -1.21052
v 0.233502 0 -1.33476
v 0.533448 0.125877 -1.21052
v 0.233502 0.125877 -1.33476
v -0.0883787 0 -1.37714
v -0.0883787 0.125877 -1.37714
v -0.41026 0 -1.33476
v -0.41026 0.125877 -1.33476
v -0.710206 0 -1.21052
v -0.710206 0.125877 -1.21052
v 1.15527 0 -0.133486
v 1.12512 0 -0.362536
v 1.15527 0.125877 -0.133486
v 1.1129 0 -0.455367
v 1.1129 0.125877 -0.455367
v 0.988656 0 -0.755312
v 0.988656 0.125877 -0.755312
v 0.791017 0 -1.01288
v 0.791017 0.125877 -1.01288
v 0.134057 1.59966 -0.518756
v 0.0267625 1.59966 -0.563198
v -0.0883794 1.59966 -0.133486
v -0.0883787 1.59966 -0.578356
v -0.20352 1.59966 -0.563199
v -0.310815 1.59966 -0.518756
v 0.356492 1.59966 -0.133485
v 0.341334 1.59966 -0.248627
v 0.296892 1.59966 -0.355921
v 0.226193 1.59966 -0.448057
v -0.374734 1.16841 -1.20218
v -0.641575 1.16841 -1.09165
v -0.327407 1.48736 -1.02555
v -0.550147 1.48736 -0.933292
v -0.0883786 1.16841 -1.23988
v -0.0883788 1.48736 -1.05702
v 0.197976 1.16841 -1.20218
v 0.15065 1.48736 -1.02555
v 0.464817 1.16841 -1.09165
v 0.373389 1.48736 -0.933291
v -0.233085 1.80456 -0.673538
v -0.367931 1.80456 -0.617684
v -0.233085 1.91339 -0.673538
v -0.367931 1.91339 -0.617684
v -0.0883787 1.80456 -0.692588
v -0.0883787 1.91339 -0.692588
v 0.0563278 1.80456 -0.673538
v 0.0563278 1.91339 -0.673538
v 0.191172 1.80456 -0.617684
v 0.191172 1.91339 -0.617684
v 0.306967 1.80456 -0.528831
v 0.306967 1.91339 -0.528831
v 0.39582 1.80456 -0.413037
v 0.39582 1.91339 -0.413037
v 0.451674 1.80456 -0.278192
v 0.451674 1.91339 -0.278193
v 0.470724 1.80456 -0.133485
v 0.470724 1.91339 -0.133485
v -0.40434 0.785153 -1.31267
v -0.69877 0.785153 -1.19071
v -0.0883788 0.785153 -1.35427
v 0.227582 0.785153 -1.31267
v 0.522012 0.785153 -1.19071
v -0.268487 1.71428 -0.805658
v -0.436321 1.71428 -0.736139
v -0.233085 1.80456 -0.673538
v -0.367931 1.80456 -0.617684
v -0.0883787 1.71428 -0.829369
v -0.0883787 1.80456 -0.692588
v 0.0917292 1.71428 -0.805658
v 0.0563278 1.80456 -0.673538
v 0.259563 1.71428 -0.736139
v 0.191172 1.80456 -0.617684
v 0.403685 1.71428 -0.62555
v 0.259563 1.71428 -0.736139
v 0.306967 1.80456 -0.528831
v 0.191172 1.80456 -0.617684
v 0.514274 1.71428 -0.481427
v 0.39582 1.80456 -0.413037
v 0.583793 1.71428 -0.313594
v 0.451674 1.80456 -0.278192
v 0.607505 1.71428 -0.133486
v 0.470724 1.80456 -0.133485
v -0.233085 1.91339 -0.673538
v -0.367931 1.91339 -0.617684
v -0.20352 1.91339 -0.563199
v -0.310815 1.91339 -0.518756
v -0.0883787 1.91339 -0.692588
v -0.0883787 1.91339 -0.578356
v 0.0563278 1.91339 -0.673538
v 0.0267625 1.91339 -0.563198
v 0.191172 1.91339 -0.617684
v 0.134057 1.91339 -0.518756
v 0.306967 1.91339 -0.528831
v 0.226193 1.91339 -0.448057
v 0.39582 1.91339 -0.413037
v 0.296892 1.91339 -0.355921
v 0.451674 1.91339 -0.278193
v 0.341334 1.91339 -0.248627
v 0.470724 1.91339 -0.133485
v 0.356492 1.91339 -0.133485
v 0.134057 1.91339 -0.518756
v 0.0267625 1.91339 -0.563198
v 0.134057 1.59966 -0.518756
v 0.0267625 1.59966 -0.563198
v -0.0883787 1.91339 -0.578356
v -0.0883787 1.59966 -0.578356
v -0.20352 1.91339 -0.563199
v -0.20352 1.59966 -0.563199
v -0.310815 1.91339 -0.518756
v -0.310815 1.59966 -0.518756
v 0.356492 1.91339 -0.133485
v 0.341334 1.91339 -0.248627
v 0.356492 1.59966 -0.133485
v 0.341334 1.59966 -0.248627
v 0.296892 1.91339 -0.355921
v 0.296892 1.59966 -0.355921
v 0.226193 1.91339 -0.448057
v 0.226193 1.59966 -0.448057
v -0.415901 0.529068 -1.35582
v -0.721104 0.529068 -1.2294
v -0.415901 0.771945 -1.35582
v -0.721104 0.771945 -1.2294
v -0.0883786 0.529068 -1.39893
v -0.0883786 0.771945 -1.39893
v 0.239143 0.529068 -1.35582
v 0.239143 0.771945 -1.35582
v 0.544346 0.529068 -1.2294
v 0.544346 0.771945 -1.2294
v 0.806429 0.529068 -1.02829
v 0.806429 0.771945 -1.02829
v 1.00753 0.529068 -0.766211
v 1.00753 0.771945 -0.766211
v 1.13395 0.529068 -0.461008
v 1.13395 0.771945 -0.461008
v 1.17707 0.529068 -0.133486
v 1.17707 0.771945 -0.133486
v -0.40434 0.51586 -1.31267
v -0.69877 0.51586 -1.19071
v -0.415901 0.529068 -1.35582
v -0.721104 0.529068 -1.2294
v -0.69877 0.785153 -1.19071
v -0.40434 0.785153 -1.31267
v -0.721104 0.771945 -1.2294
v -0.415901 0.771945 -1.35582
v -0.0883788 0.51586 -1.35427
v -0.0883786 0.529068 -1.39893
v -0.0883788 0.785153 -1.35427
v -0.0883786 0.771945 -1.39893
v 0.227582 0.51586 -1.31267
v 0.239143 0.529068 -1.35582
v 0.227582 0.785153 -1.31267
v 0.239143 0.771945 -1.35582
v 0.522012 0.51586 -1.19071
v 0.544346 0.529068 -1.2294
v 0.522012 0.785153 -1.19071
v 0.544346 0.771945 -1.2294
v 0.774844 0.51586 -0.996709
v 0.806429 0.529068 -1.02829
v 0.774844 0.785153 -0.996709
v 0.806429 0.771945 -1.02829
v 0.968849 0.51586 -0.743877
v 1.00753 0.529068 -0.766211
v 0.968849 0.785153 -0.743876
v 1.00753 0.771945 -0.766211
v 1.09081 0.51586 -0.449447
v 1.13395 0.529068 -0.461008
v 1.09081 0.785153 -0.449447
v 1.13395 0.771945 -0.461008
v 1.1324 0.51586 -0.133486
v 1.17707 0.529068 -0.133486
v 1.1324 0.785153 -0.133486
v 1.17707 0.771945 -0.133486
v -0.41026 0.125877 -1.33476
v -0.710206 0.125877 -1.21052
v -0.40434 0.141216 -1.31267
v -0.69877 0.141216 -1.19071
v -0.0883787 0.125877 -1.37714
v -0.0883786 0.141216 -1.35427
v 0.233502 0.125877 -1.33476
v 0.227582 0.141216 -1.31267
v 0.533448 0.125877 -1.21052
v 0.522012 0.141216 -1.19071
v 0.791017 0.125877 -1.01288
v 0.774844 0.141216 -0.996709
v 0.988656 0.125877 -0.755312
v 0.968849 0.141216 -0.743877
v 1.1129 0.125877 -0.455367
v 1.09081 0.141216 -0.449447
v 1.15527 0.125877 -0.133486
v 1.1324 0.141216 -0.133486
v -0.40434 0.141216 -1.31267
v -0.69877 0.141216 -1.19071
v -0.40434 0.51586 -1.31267
v -0.69877 0.51586 -1.19071
v -0.0883786 0.141216 -1.35427
v -0.0883788 0.51586 -1.35427
v 0.227582 0.141216 -1.31267
v 0.227582 0.51586 -1.31267
v 0.522012 0.141216 -1.19071
v 0.522012 0.51586 -1.19071
v 0.774844 0.141216 -0.996709
v 0.774844 0.51586 -0.996709
v 0.968849 0.141216 -0.743877
v 0.968849 0.51586 -0.743877
v 1.09081 0.141216 -0.449447
v 1.09081 0.51586 -0.449447
v 1.1324 0.141216 -0.133486
v 1.1324 0.51586 -0.133486
v 0.693958 1.16841 -0.915822
v 0.464817 1.16841 -1.09165
v 0.564659 1.48736 -0.786524
v 0.373389 1.48736 -0.933291
v 0.869784 1.16841 -0.686681
v 0.711426 1.48736 -0.595253
v 0.980314 1.16841 -0.419841
v 0.803688 1.48736 -0.372514
v 1.01801 1.16841 -0.133486
v 0.835157 1.48736 -0.133485
v 0.774844 0.785153 -0.996709
v 0.522012 0.785153 -1.19071
v 0.968849 0.785153 -0.743876
v 1.09081 0.785153 -0.449447
v 1.1324 0.785153 -0.133486
v 0.533446 0 0.943549
v 0.791015 0 0.745909
v 0.533446 0.125877 0.943549
v 0.791015 0.125877 0.745909
v 0.988654 0 0.488341
v 0.988654 0.125877 0.488341
v 1.1129 0 0.188395
v 1.1129 0.125877 0.188396
v 1.12501 0 0.0964177
v 1.15527 0.125877 -0.133486
v 1.15527 0 -0.133486
v -0.710206 0 0.943549
v -0.410261 0 1.06779
v -0.710206 0.125877 0.943549
v -0.410261 0.125877 1.06779
v -0.0883798 0 1.11017
v -0.0883798 0.125877 1.11017
v 0.233501 0 1.06779
v 0.233501 0.125877 1.06779
v 0.134056 1.59966 0.251784
v 0.226192 1.59966 0.181086
v 0.296889 1.59966 0.08895
v 0.341333 1.59966 -0.0183442
v -0.310816 1.59966 0.251784
v -0.203521 1.59966 0.296228
v -0.0883804 1.59966 0.311387
v 0.0267613 1.59966 0.296227
v 0.980313 1.16841 0.15287
v 1.01801 1.16841 -0.133486
v 0.803687 1.48736 0.105543
v 0.835157 1.48736 -0.133485
v 0.869783 1.16841 0.419711
v 0.711425 1.48736 0.328282
v 0.693957 1.16841 0.648852
v 0.564659 1.48736 0.519553
v 0.464816 1.16841 0.824678
v 0.373388 1.48736 0.66632
v 0.451672 1.80456 0.0112211
v 0.470724 1.80456 -0.133485
v 0.451672 1.91339 0.0112211
v 0.470724 1.91339 -0.133485
v 0.395817 1.80456 0.146066
v 0.395817 1.91339 0.146066
v 0.306966 1.80456 0.26186
v 0.306966 1.91339 0.26186
v 0.191172 1.80456 0.350712
v 0.191172 1.91339 0.350712
v 0.0563267 1.80456 0.406567
v 0.0563267 1.91339 0.406567
v -0.0883804 1.80456 0.425618
v -0.0883804 1.91339 0.425618
v -0.233086 1.80456 0.406567
v -0.233086 1.91339 0.406567
v -0.367931 1.80456 0.350711
v -0.367931 1.91339 0.350711
v 1.0908 0.785153 0.182476
v 1.1324 0.785153 -0.133486
v 0.968848 0.785153 0.476905
v 0.774843 0.785153 0.729737
v 0.522011 0.785153 0.923742
v 0.583792 1.71428 0.0466226
v 0.607505 1.71428 -0.133486
v 0.451672 1.80456 0.0112211
v 0.470724 1.80456 -0.133485
v 0.514273 1.71428 0.214456
v 0.395817 1.80456 0.146066
v 0.403684 1.71428 0.358579
v 0.306966 1.80456 0.26186
v 0.259562 1.71428 0.469168
v 0.191172 1.80456 0.350712
v 0.0917281 1.71428 0.538687
v 0.259562 1.71428 0.469168
v 0.0563267 1.80456 0.406567
v 0.191172 1.80456 0.350712
v -0.0883801 1.71428 0.562398
v -0.0883804 1.80456 0.425618
v -0.268488 1.71428 0.538687
v -0.233086 1.80456 0.406567
v -0.436322 1.71428 0.469167
v -0.367931 1.80456 0.350711
v 0.451672 1.91339 0.0112211
v 0.470724 1.91339 -0.133485
v 0.341333 1.91339 -0.0183442
v 0.356492 1.91339 -0.133485
v 0.395817 1.91339 0.146066
v 0.296889 1.91339 0.08895
v 0.306966 1.91339 0.26186
v 0.226192 1.91339 0.181086
v 0.191172 1.91339 0.350712
v 0.134056 1.91339 0.251784
v 0.0563267 1.91339 0.406567
v 0.0267613 1.91339 0.296227
v -0.0883804 1.91339 0.425618
v -0.0883804 1.91339 0.311387
v -0.233086 1.91339 0.406567
v -0.203521 1.91339 0.296228
v -0.367931 1.91339 0.350711
v -0.310816 1.91339 0.251784
v 0.134056 1.91339 0.251784
v 0.226192 1.91339 0.181086
v 0.134056 1.59966 0.251784
v 0.226192 1.59966 0.181086
v 0.296889 1.91339 0.08895
v 0.296889 1.59966 0.08895
v 0.341333 1.91339 -0.0183442
v 0.341333 1.59966 -0.0183442
v 0.356492 1.91339 -0.133485
v 0.356492 1.59966 -0.133485
v -0.310816 1.91339 0.251784
v -0.203521 1.91339 0.296228
v -0.310816 1.59966 0.251784
v -0.203521 1.59966 0.296228
v -0.0883804 1.91339 0.311387
v -0.0883804 1.59966 0.311387
v 0.0267613 1.91339 0.296227
v 0.0267613 1.59966 0.296227
v 1.13395 0.529068 0.194037
v 1.17707 0.529068 -0.133486
v 1.13395 0.771945 0.194037
v 1.17707 0.771945 -0.133486
v 1.00753 0.529068 0.499239
v 1.00753 0.771945 0.499239
v 0.806428 0.529068 0.761322
v 0.806428 0.771945 0.761322
v 0.544345 0.529068 0.962426
v 0.544345 0.771945 0.962426
v 0.239143 0.529068 1.08885
v 0.239143 0.771945 1.08885
v -0.0883798 0.529068 1.13196
v -0.0883798 0.771945 1.13196
v -0.415902 0.529068 1.08884
v -0.415902 0.771945 1.08884
v -0.721104 0.529068 0.962425
v -0.721104 0.771945 0.962425
v 1.0908 0.51586 0.182476
v 1.1324 0.51586 -0.133486
v 1.13395 0.529068 0.194037
v 1.17707 0.529068 -0.133486
v 1.1324 0.785153 -0.133486
v 1.0908 0.785153 0.182476
v 1.17707 0.771945 -0.133486
v 1.13395 0.771945 0.194037
v 0.968848 0.51586 0.476905
v 1.00753 0.529068 0.499239
v 0.968848 0.785153 0.476905
v 1.00753 0.771945 0.499239
v 0.774843 0.51586 0.729737
v 0.806428 0.529068 0.761322
v 0.774843 0.785153 0.729737
v 0.806428 0.771945 0.761322
v 0.522011 0.51586 0.923742
v 0.544345 0.529068 0.962426
v 0.522011 0.785153 0.923742
v 0.544345 0.771945 0.962426
v 0.227582 0.51586 1.0457
v 0.239143 0.529068 1.08885
v 0.227582 0.785153 1.0457
v 0.239143 0.771945 1.08885
v -0.0883798 0.51586 1.0873
v -0.0883798 0.529068 1.13196
v -0.0883799 0.785153 1.0873
v -0.0883798 0.771945 1.13196
v -0.404342 0.51586 1.0457
v -0.415902 0.529068 1.08884
v -0.404341 0.785153 1.0457
v -0.415902 0.771945 1.08884
v -0.698771 0.51586 0.923742
v -0.721104 0.529068 0.962425
v -0.698771 0.785153 0.923742
v -0.721104 0.771945 0.962425
v 1.1129 0.125877 0.188396
v 1.15527 0.125877 -0.133486
v 1.0908 0.141216 0.182476
v 1.1324 0.141216 -0.133486
v 0.988654 0.125877 0.488341
v 0.968847 0.141216 0.476905
v 0.791015 0.125877 0.745909
v 0.774843 0.141216 0.729737
v 0.533446 0.125877 0.943549
v 0.522011 0.141216 0.923742
v 0.233501 0.125877 1.06779
v 0.227582 0.141216 1.0457
v -0.0883798 0.125877 1.11017
v -0.0883798 0.141216 1.0873
v -0.410261 0.125877 1.06779
v -0.404342 0.141216 1.0457
v -0.710206 0.125877 0.943549
v -0.698771 0.141216 0.923742
v 1.0908 0.141216 0.182476
v 1.1324 0.141216 -0.133486
v 1.0908 0.51586 0.182476
v 1.1324 0.51586 -0.133486
v 0.968847 0.141216 0.476905
v 0.968848 0.51586 0.476905
v 0.774843 0.141216 0.729737
v 0.774843 0.51586 0.729737
v 0.522011 0.141216 0.923742
v 0.522011 0.51586 0.923742
v 0.227582 0.141216 1.0457
v 0.227582 0.51586 1.0457
v -0.0883798 0.141216 1.0873
v -0.0883798 0.51586 1.0873
v -0.404342 0.141216 1.0457
v -0.404342 0.51586 1.0457
v -0.698771 0.141216 0.923742
v -0.698771 0.51586 0.923742
v 0.197975 1.16841 0.935206
v 0.464816 1.16841 0.824678
v 0.150649 1.48736 0.758581
v 0.373388 1.48736 0.66632
v -0.0883801 1.16841 0.972906
v -0.08838 1.48736 0.79005
v -0.374735 1.16841 0.935207
v -0.327409 1.48736 0.758581
v -0.641576 1.16841 0.824678
v -0.550148 1.48736 0.66632
v 0.227582 0.785153 1.0457
v -0.0883799 0.785153 1.0873
v -0.404341 0.785153 1.0457
v -0.698771 0.785153 0.923742
v -1.33203 0 -0.133487
v -1.28966 0 0.188394
v -1.33203 0.125877 -0.133487
v -1.28966 0.125877 0.188394
v -1.16541 0 0.48834
v -1.16541 0.125877 0.488339
v -0.967774 0 0.745908
v -0.967774 0.125877 0.745908
v -0.710206 0 0.943549
v -0.710206 0.125877 0.943549
v -0.710206 0 -1.21052
v -0.967775 0 -1.01288
v -0.710206 0.125877 -1.21052
v -0.967775 0.125877 -1.01288
v -1.16541 0 -0.755313
v -1.16541 0.125877 -0.755313
v -1.28966 0 -0.455368
v -1.28966 0.125877 -0.455368
v -0.533251 1.59966 -0.133486
v -0.518092 1.59966 -0.0183455
v -0.473649 1.59966 0.0889486
v -0.402951 1.59966 0.181085
v -0.402951 1.59966 -0.448058
v -0.47365 1.59966 -0.355923
v -0.518092 1.59966 -0.248628
v -0.870717 1.16841 0.648851
v -0.641576 1.16841 0.824678
v -0.741418 1.48736 0.519552
v -0.550148 1.48736 0.66632
v -1.04654 1.16841 0.419709
v -0.888185 1.48736 0.328281
v -1.15707 1.16841 0.152869
v -0.980447 1.48736 0.105542
v -1.19477 1.16841 -0.133486
v -1.01192 1.48736 -0.133487
v -0.483725 1.80456 0.261859
v -0.367931 1.80456 0.350711
v -0.483725 1.91339 0.261859
v -0.367931 1.91339 0.350711
v -0.572576 1.80456 0.146064
v -0.572576 1.91339 0.146065
v -0.628432 1.80456 0.0112199
v -0.628432 1.91339 0.0112199
v -0.647483 1.80456 -0.133486
v -0.647483 1.91339 -0.133486
v -0.628432 1.80456 -0.278193
v -0.628432 1.91339 -0.278193
v -0.572577 1.80456 -0.413039
v -0.572577 1.91339 -0.413039
v -0.483725 1.80456 -0.528832
v -0.483726 1.91339 -0.528832
v -0.367931 1.80456 -0.617684
v -0.367931 1.91339 -0.617684
v -0.951602 0.785153 0.729736
v -0.698771 0.785153 0.923742
v -1.14561 0.785153 0.476904
v -1.26756 0.785153 0.182475
v -1.30916 0.785153 -0.133487
v -0.580444 1.71428 0.358578
v -0.436322 1.71428 0.469167
v -0.483725 1.80456 0.261859
v -0.367931 1.80456 0.350711
v -0.691032 1.71428 0.214455
v -0.572576 1.80456 0.146064
v -0.760552 1.71428 0.0466215
v -0.628432 1.80456 0.0112199
v -0.784263 1.71428 -0.133487
v -0.647483 1.80456 -0.133486
v -0.760552 1.71428 -0.313595
v -0.784263 1.71428 -0.133487
v -0.628432 1.80456 -0.278193
v -0.647483 1.80456 -0.133486
v -0.691032 1.71428 -0.481429
v -0.572577 1.80456 -0.413039
v -0.580444 1.71428 -0.625551
v -0.483725 1.80456 -0.528832
v -0.436321 1.71428 -0.736139
v -0.367931 1.80456 -0.617684
v -0.483725 1.91339 0.261859
v -0.367931 1.91339 0.350711
v -0.402951 1.91339 0.181085
v -0.310816 1.91339 0.251784
v -0.572576 1.91339 0.146065
v -0.473649 1.91339 0.0889486
v -0.628432 1.91339 0.0112199
v -0.518092 1.91339 -0.0183455
v -0.647483 1.91339 -0.133486
v -0.533251 1.91339 -0.133486
v -0.628432 1.91339 -0.278193
v -0.518092 1.91339 -0.248628
v -0.572577 1.91339 -0.413039
v -0.47365 1.91339 -0.355923
v -0.483726 1.91339 -0.528832
v -0.402951 1.91339 -0.448058
v -0.367931 1.91339 -0.617684
v -0.310815 1.91339 -0.518756
v -0.533251 1.91339 -0.133486
v -0.518092 1.91339 -0.0183455
v -0.533251 1.59966 -0.133486
v -0.518092 1.59966 -0.0183455
v -0.473649 1.91339 0.0889486
v -0.473649 1.59966 0.0889486
v -0.402951 1.91339 0.181085
v -0.402951 1.59966 0.181085
v -0.310816 1.91339 0.251784
v -0.310816 1.59966 0.251784
v -0.310815 1.91339 -0.518756
v -0.402951 1.91339 -0.448058
v -0.310815 1.59966 -0.518756
v -0.402951 1.59966 -0.448058
v -0.47365 1.91339 -0.355923
v -0.47365 1.59966 -0.355923
v -0.518092 1.91339 -0.248628
v -0.518092 1.59966 -0.248628
v -0.983187 0.529068 0.761321
v -0.721104 0.529068 0.962425
v -0.983187 0.771945 0.761321
v -0.721104 0.771945 0.962425
v -1.18429 0.529068 0.499238
v -1.18429 0.771945 0.499238
v -1.31071 0.529068 0.194036
v -1.31071 0.771945 0.194036
v -1.35383 0.529068 -0.133487
v -1.35383 0.771945 -0.133487
v -1.31071 0.529068 -0.461009
v -1.31071 0.771945 -0.461009
v -1.18429 0.529068 -0.766211
v -1.18429 0.771945 -0.766211
v -0.983187 0.529068 -1.02829
v -0.983187 0.771945 -1.02829
v -0.721104 0.529068 -1.2294
v -0.721104 0.771945 -1.2294
v -0.951602 0.51586 0.729736
v -0.698771 0.51586 0.923742
v -0.983187 0.529068 0.761321
v -0.721104 0.529068 0.962425
v -0.698771 0.785153 0.923742
v -0.951602 0.785153 0.729736
v -0.721104 0.771945 0.962425
v -0.983187 0.771945 0.761321
v -1.14561 0.51586 0.476904
v -1.18429 0.529068 0.499238
v -1.14561 0.785153 0.476904
v -1.18429 0.771945 0.499238
v -1.26756 0.51586 0.182475
v -1.31071 0.529068 0.194036
v -1.26756 0.785153 0.182475
v -1.31071 0.771945 0.194036
v -1.30916 0.51586 -0.133487
v -1.35383 0.529068 -0.133487
v -1.30916 0.785153 -0.133487
v -1.35383 0.771945 -0.133487
v -1.26756 0.51586 -0.449448
v -1.31071 0.529068 -0.461009
v -1.26756 0.785153 -0.449448
v -1.31071 0.771945 -0.461009
v -1.14561 0.51586 -0.743877
v -1.18429 0.529068 -0.766211
v -1.14561 0.785153 -0.743877
v -1.18429 0.771945 -0.766211
v -0.951602 0.51586 -0.996709
v -0.983187 0.529068 -1.02829
v -0.951602 0.785153 -0.996709
v -0.983187 0.771945 -1.02829
v -0.69877 0.51586 -1.19071
v -0.721104 0.529068 -1.2294
v -0.69877 0.785153 -1.19071
v -0.721104 0.771945 -1.2294
v -0.967774 0.125877 0.745908
v -0.710206 0.125877 0.943549
v -0.951602 0.141216 0.729736
v -0.698771 0.141216 0.923742
v -1.16541 0.125877 0.488339
v -1.14561 0.141216 0.476904
v -1.28966 0.125877 0.188394
v -1.26756 0.141216 0.182475
v -1.33203 0.125877 -0.133487
v -1.30916 0.141216 -0.133487
v -1.28966 0.125877 -0.455368
v -1.26756 0.141216 -0.449448
v -1.16541 0.125877 -0.755313
v -1.14561 0.141216 -0.743877
v -0.967775 0.125877 -1.01288
v -0.951602 0.141216 -0.996709
v -0.710206 0.125877 -1.21052
v -0.69877 0.141216 -1.19071
v -0.951602 0.141216 0.729736
v -0.698771 0.141216 0.923742
v -0.951602 0.51586 0.729736
v -0.698771 0.51586 0.923742
v -1.14561 0.141216 0.476904
v -1.14561 0.51586 0.476904
v -1.26756 0.141216 0.182475
v -1.26756 0.51586 0.182475
v -1.30916 0.141216 -0.133487
v -1.30916 0.51586 -0.133487
v -1.26756 0.141216 -0.449448
v -1.26756 0.51586 -0.449448
v -1.14561 0.141216 -0.743877
v -1.14561 0.51586 -0.743877
v -0.951602 0.141216 -0.996709
v -0.951602 0.51586 -0.996709
v -0.69877 0.141216 -1.19071
v -0.69877 0.51586 -1.19071
v -1.15707 1.16841 -0.419842
v -1.19477 1.16841 -0.133486
v -0.980446 1.48736 -0.372515
v -1.01192 1.48736 -0.133487
v -1.04654 1.16841 -0.686682
v -0.888184 1.48736 -0.595254
v -0.870717 1.16841 -0.915824
v -0.741418 1.48736 -0.786525
v -0.641575 1.16841 -1.09165
v -0.550147 1.48736 -0.933292
v -1.26756 0.785153 -0.449448
v -1.30916 0.785153 -0.133487
v -1.14561 0.785153 -0.743877
v -0.951602 0.785153 -0.996709
v -0.69877 0.785153 -1.19071
v 0.988868 0 -0.133486
v 0.952161 0 0.145327
v -0.0883793 0 -0.133486
v -0.0883797 0 0.943762
v 0.190432 0 0.907056
v 0.844543 0 0.405138
v 0.673349 0 0.628243
v 0.450244 0 0.799438
v 0.233502 0 -1.33476
v 0.533448 0 -1.21052
v 0.190433 0 -1.17403
v 0.450245 0 -1.06641
v 0.791017 0 -1.01288
v 0.67335 0 -0.895215
v 0.988656 0 -0.755312
v 0.844545 0 -0.67211
v 1.1129 0 -0.455367
v 0.952162 0 -0.412298
v 1.12512 0 -0.362536
v 0.988868 0 -0.133486
v 1.15527 0 -0.133486
v 1.12501 0 0.0964177
v 0.988868 0 -0.133486
v 1.1129 0 0.188395
v 0.988654 0 0.488341
v 0.952161 0 0.145327
v 0.844543 0 0.405138
v 0.791015 0 0.745909
v 0.673349 0 0.628243
v 0.533446 0 0.943549
v 0.450244 0 0.799438
v 0.233501 0 1.06779
v 0.190432 0 0.907056
v -0.0883798 0 1.11017
v -0.0883797 0 0.943762
v -0.0883798 0 1.11017
v -0.410261 0 1.06779
v -0.0883797 0 0.943762
v -0.367192 0 0.907056
v -0.710206 0 0.943549
v -0.627003 0 0.799438
v -0.967774 0 0.745908
v -0.850108 0 0.628242
v -1.16541 0 0.48834
v -1.0213 0 0.405137
v -1.28966 0 0.188394
v -1.12892 0 0.145326
v -1.33203 0 -0.133487
v -1.16563 0 -0.133487
v -1.33203 0 -0.133487
v -1.28966 0 -0.455368
v -1.16563 0 -0.133487
v -1.12892 0 -0.412299
v -1.16541 0 -0.755313
v -1.0213 0 -0.67211
v -0.967775 0 -1.01288
v -0.850109 0 -0.895215
v -0.710206 0 -1.21052
v -0.627003 0 -1.06641
v -0.41026 0 -1.33476
v -0.367191 0 -1.17403
v -0.0883787 0 -1.37714
v -0.0883788 0 -1.21073
v -0.0883787 0 -1.37714
v -0.0883788 0 -1.21073
v -0.0883797 0 0.943762
v -0.367192 0 0.907056
v -1.16563 0 -0.133487
v -1.12892 0 0.145326
v -0.627003 0 0.799438
v -0.850108 0 0.628242
v -1.0213 0 0.405137
v -0.0883788 0 -1.21073
v -0.367191 0 -1.17403
v -0.627003 0 -1.06641
v -1.16563 0 -0.133487
v -1.12892 0 -0.412299
v -1.0213 0 -0.67211
v -0.850109 0 -0.895215
v 0.988868 0 -0.133486
v 0.952162 0 -0.412298
v 0.844545 0 -0.67211
v 0.67335 0 -0.895215
v 0.450245 0 -1.06641
v 0.190433 0 -1.17403
v -0.0883788 0 -1.21073
v -0.544872 1.69646 0.450479
v -0.470267 1.74862 0.435836
v -0.593306 1.73452 0.359832
v -0.413276 1.83409 0.313263
v -0.399653 1.80343 0.290836
v -0.578755 1.71132 0.337735
v -0.413276 1.83409 0.313263
v -0.593306 1.73452 0.359832
v -0.524876 1.67334 0.446679
v -0.465931 1.71506 0.436143
v -0.544872 1.69646 0.450479
v -0.470267 1.74862 0.435836
v -0.63891 1.62237 0.466423
v -0.616946 1.60059 0.462221
v -0.683311 1.65769 0.372101
v -0.63891 1.62237 0.466423
v -0.668097 1.63829 0.350855
v -0.683311 1.65769 0.372101
v -0.637723 1.83409 -0.0754913
v -0.77237 1.74862 -0.0874226
v -0.768068 1.73452 0.0571349
v -0.822354 1.69646 -0.0301346
v -0.768068 1.73452 0.0571349
v -0.741657 1.71132 0.0555812
v -0.637723 1.83409 -0.0754913
v -0.61149 1.80343 -0.0760758
v -0.77237 1.74862 -0.0874226
v -0.770468 1.71506 -0.0913308
v -0.822354 1.69646 -0.0301346
v -0.809065 1.67334 -0.0455508
v -0.883181 1.62237 0.0433328
v -0.86856 1.60059 0.0264133
v -0.823696 1.65769 0.128947
v -0.883181 1.62237 0.0433328
v -0.823696 1.65769 0.128947
v -0.79769 1.63829 0.126394
v -0.692477 1.77047 0.15628
v -0.697374 1.72302 0.146091
v -0.641373 1.77047 0.244796
v -0.634998 1.72302 0.25413
v -0.692477 1.77047 0.15628
v -0.641373 1.77047 0.244796
v -0.590327 1.84735 0.0850949
v -0.52865 1.84735 0.191923
v -0.590327 1.84735 0.0850949
v -0.597129 1.80203 0.073314
v -0.692477 1.77047 0.15628
v -0.697374 1.72302 0.146091
v -0.634998 1.72302 0.25413
v -0.521848 1.80203 0.203704
v -0.641373 1.77047 0.244796
v -0.52865 1.84735 0.191923
v -1.50691 1.22541 -0.133486
v -1.50691 1.19012 -0.0723688
v -1.43861 1.22541 -0.133486
v -1.43861 1.19012 -0.0723688
v -1.50691 1.11955 -0.0723688
v -1.43861 1.11955 -0.0723688
v -1.50691 1.08427 -0.133486
v -1.43861 1.08427 -0.133486
v -1.50691 1.11955 -0.194603
v -1.43861 1.11955 -0.194603
v -1.50691 1.19012 -0.194603
v -1.43861 1.19012 -0.194603
v -1.50691 1.22541 -0.133486
v -1.43861 1.22541 -0.133486
v -1.06372 1.73462 -0.0723688
v -0.96916 1.77275 -0.0723688
v -1.08389 1.76356 -0.133486
v -0.96916 1.80803 -0.133486
v -1.06372 1.73462 -0.194603
v -1.08389 1.76356 -0.133486
v -0.96916 1.77275 -0.194603
v -0.96916 1.80803 -0.133486
v -1.02336 1.67672 -0.194603
v -0.96916 1.70218 -0.194603
v -1.00318 1.64778 -0.133486
v -0.96916 1.66689 -0.133486
v -1.02336 1.67672 -0.0723688
v -0.96916 1.70218 -0.0723688
v -1.24842 1.50269 -0.0723688
v -1.27644 1.52414 -0.133486
v -1.24842 1.50269 -0.194603
v -1.27644 1.52414 -0.133486
v -1.19239 1.45978 -0.194603
v -1.16437 1.43833 -0.133486
v -1.19239 1.45978 -0.0723688
v -1.38992 1.22521 -0.0723688
v -1.41627 1.24833 -0.133486
v -1.38992 1.22521 -0.194603
v -1.41627 1.24833 -0.133486
v -1.33721 1.17898 -0.194603
v -1.31086 1.15586 -0.133486
v -1.33721 1.17898 -0.0723688
v -0.870205 1.80803 -0.133486
v -0.870205 1.77275 -0.0723688
v -0.870205 1.77275 -0.194603
v -0.870205 1.80803 -0.133486
v -0.870205 1.70218 -0.194603
v -0.870205 1.66689 -0.133486
v -0.870205 1.70218 -0.0723688
v 0.645595 1.69646 -0.0301347
v 0.595611 1.74862 -0.0874228
v 0.59131 1.73452 0.0571347
v 0.460965 1.83409 -0.0754914
v 0.434731 1.80343 -0.076076
v 0.564898 1.71132 0.055581
v 0.460965 1.83409 -0.0754914
v 0.59131 1.73452 0.0571347
v 0.632307 1.67334 -0.0455509
v 0.59371 1.71506 -0.091331
v 0.645595 1.69646 -0.0301347
v 0.595611 1.74862 -0.0874228
v 0.706422 1.62237 0.0433326
v 0.691801 1.60059 0.0264132
v 0.646937 1.65769 0.128946
v 0.706422 1.62237 0.0433326
v 0.620931 1.63829 0.126394
v 0.646937 1.65769 0.128946
v 0.236517 1.83409 0.313263
v 0.293508 1.74862 0.435836
v 0.416548 1.73452 0.359832
v 0.368113 1.69646 0.450479
v 0.416548 1.73452 0.359832
v 0.401996 1.71132 0.337735
v 0.236517 1.83409 0.313263
v 0.222894 1.80343 0.290836
v 0.293508 1.74862 0.435836
v 0.289172 1.71506 0.436143
v 0.368113 1.69646 0.450479
v 0.348118 1.67334 0.446679
v 0.462151 1.62237 0.466423
v 0.440188 1.60059 0.462221
v 0.506552 1.65769 0.372101
v 0.462151 1.62237 0.466423
v 0.506552 1.65769 0.372101
v 0.491339 1.63829 0.350855
v 0.464614 1.77047 0.244796
v 0.458239 1.72302 0.25413
v 0.515719 1.77047 0.15628
v 0.520615 1.72302 0.146091
v 0.464614 1.77047 0.244796
v 0.515719 1.77047 0.15628
v 0.351891 1.84735 0.191923
v 0.413568 1.84735 0.085095
v 0.351891 1.84735 0.191923
v 0.345089 1.80203 0.203704
v 0.464614 1.77047 0.244796
v 0.458239 1.72302 0.25413
v 0.520615 1.72302 0.146091
v 0.42037 1.80203 0.0733141
v 0.515719 1.77047 0.15628
v 0.413568 1.84735 0.085095
v 0.368113 1.69646 -0.717451
v 0.293508 1.74862 -0.702808
v 0.416547 1.73452 -0.626804
v 0.236517 1.83409 -0.580234
v 0.222894 1.80343 -0.557808
v 0.401996 1.71132 -0.604707
v 0.236517 1.83409 -0.580234
v 0.416547 1.73452 -0.626804
v 0.348118 1.67334 -0.713651
v 0.289172 1.71506 -0.703115
v 0.368113 1.69646 -0.717451
v 0.293508 1.74862 -0.702808
v 0.462151 1.62237 -0.733395
v 0.440188 1.60059 -0.729193
v 0.506552 1.65769 -0.639073
v 0.462151 1.62237 -0.733395
v 0.491338 1.63829 -0.617827
v 0.506552 1.65769 -0.639073
v 0.460964 1.83409 -0.19148
v 0.595611 1.74862 -0.179549
v 0.59131 1.73452 -0.324107
v 0.645595 1.69646 -0.236837
v 0.59131 1.73452 -0.324107
v 0.564898 1.71132 -0.322553
v 0.460964 1.83409 -0.19148
v 0.434731 1.80343 -0.190896
v 0.595611 1.74862 -0.179549
v 0.593709 1.71506 -0.175641
v 0.645595 1.69646 -0.236837
v 0.632307 1.67334 -0.221421
v 0.706422 1.62237 -0.310305
v 0.691801 1.60059 -0.293385
v 0.646937 1.65769 -0.395918
v 0.706422 1.62237 -0.310305
v 0.646937 1.65769 -0.395918
v 0.620931 1.63829 -0.393366
v 0.515719 1.77047 -0.423251
v 0.520615 1.72302 -0.413063
v 0.464614 1.77047 -0.511767
v 0.458239 1.72302 -0.521102
v 0.515719 1.77047 -0.423251
v 0.464614 1.77047 -0.511767
v 0.413568 1.84735 -0.352067
v 0.351891 1.84735 -0.458895
v 0.413568 1.84735 -0.352067
v 0.42037 1.80203 -0.340286
v 0.515719 1.77047 -0.423251
v 0.520615 1.72302 -0.413063
v 0.458239 1.72302 -0.521102
v 0.345089 1.80203 -0.470676
v 0.464614 1.77047 -0.511767
v 0.351891 1.84735 -0.458895
v -0.822354 1.69646 -0.236837
v -0.77237 1.74862 -0.179549
v -0.768068 1.73452 -0.324106
v -0.637723 1.83409 -0.19148
v -0.61149 1.80343 -0.190896
v -0.741657 1.71132 -0.322553
v -0.637723 1.83409 -0.19148
v -0.768068 1.73452 -0.324106
v -0.809065 1.67334 -0.221421
v -0.770468 1.71506 -0.175641
v -0.822354 1.69646 -0.236837
v -0.77237 1.74862 -0.179549
v -0.883181 1.62237 -0.310304
v -0.86856 1.60059 -0.293385
v -0.823696 1.65769 -0.395918
v -0.883181 1.62237 -0.310304
v -0.79769 1.63829 -0.393366
v -0.823696 1.65769 -0.395918
v -0.413276 1.83409 -0.580234
v -0.470267 1.74862 -0.702808
v -0.593306 1.73452 -0.626803
v -0.544872 1.69646 -0.717451
v -0.593306 1.73452 -0.626803
v -0.578755 1.71132 -0.604707
v -0.413276 1.83409 -0.580234
v -0.399653 1.80343 -0.557808
v -0.470267 1.74862 -0.702808
v -0.465931 1.71506 -0.703114
v -0.544872 1.69646 -0.717451
v -0.524876 1.67334 -0.713651
v -0.63891 1.62237 -0.733395
v -0.616947 1.60059 -0.729193
v -0.683311 1.65769 -0.639072
v -0.63891 1.62237 -0.733395
v -0.683311 1.65769 -0.639072
v -0.668098 1.63829 -0.617826
v -0.641373 1.77047 -0.511767
v -0.634998 1.72302 -0.521102
v -0.692477 1.77047 -0.423251
v -0.697374 1.72302 -0.413063
v -0.641373 1.77047 -0.511767
v -0.692477 1.77047 -0.423251
v -0.52865 1.84735 -0.458895
v -0.590327 1.84735 -0.352067
v -0.52865 1.84735 -0.458895
v -0.521848 1.80203 -0.470676
v -0.641373 1.77047 -0.511767
v -0.634998 1.72302 -0.521102
v -0.697374 1.72302 -0.413063
v -0.597129 1.80203 -0.340286
v -0.692477 1.77047 -0.423251
v -0.590327 1.84735 -0.352067
v -0.365862 1.69646 -0.820802
v -0.390483 1.74862 -0.748871
v -0.263142 1.73452 -0.817424
v -0.312827 1.83409 -0.638229
v -0.300216 1.80343 -0.615218
v -0.251281 1.71132 -0.793774
v -0.312827 1.83409 -0.638229
v -0.263142 1.73452 -0.817424
v -0.372569 1.67334 -0.801586
v -0.392917 1.71506 -0.74527
v -0.365862 1.69646 -0.820802
v -0.390483 1.74862 -0.748871
v -0.332651 1.62237 -0.910213
v -0.339993 1.60059 -0.889092
v -0.228765 1.65769 -0.901505
v -0.332651 1.62237 -0.910213
v -0.217972 1.63829 -0.877707
v -0.228765 1.65769 -0.901505
v 0.136068 1.83409 -0.638229
v 0.213724 1.74862 -0.748871
v 0.0863826 1.73452 -0.817424
v 0.189103 1.69646 -0.820802
v 0.0863826 1.73452 -0.817424
v 0.0745223 1.71132 -0.793774
v 0.136068 1.83409 -0.638229
v 0.123457 1.80343 -0.615218
v 0.213724 1.74862 -0.748871
v 0.216158 1.71506 -0.74527
v 0.189103 1.69646 -0.820802
v 0.195809 1.67334 -0.801586
v 0.155892 1.62237 -0.910213
v 0.163234 1.60059 -0.889092
v 0.0520056 1.65769 -0.901505
v 0.155892 1.62237 -0.910213
v 0.0520056 1.65769 -0.901505
v 0.0412128 1.63829 -0.877707
v -0.0372746 1.77047 -0.801533
v -0.0260031 1.72302 -0.800679
v -0.139484 1.77047 -0.801533
v -0.150756 1.72302 -0.800679
v -0.0372746 1.77047 -0.801533
v -0.139484 1.77047 -0.801533
v -0.026702 1.84735 -0.677476
v -0.150057 1.84735 -0.677476
v -0.026702 1.84735 -0.677476
v -0.0130987 1.80203 -0.677476
v -0.0372746 1.77047 -0.801533
v -0.0260031 1.72302 -0.800679
v -0.150756 1.72302 -0.800679
v -0.16366 1.80203 -0.677476
v -0.139484 1.77047 -0.801533
v -0.150057 1.84735 -0.677476
v -0.218682 1.21629 1.08375
v -0.329147 1.14417 1.09948
v -0.0883794 0.908931 1.15077
v -0.402958 1.03624 1.12301
v -0.428877 0.908931 1.15077
v -0.428877 0.908931 1.15077
v -0.402958 0.781619 1.17853
v -0.329148 0.673689 1.20206
v -0.218682 0.601573 1.21778
v -0.0883795 0.576249 1.22331
v 0.0419233 0.601573 1.21778
v 0.152389 0.673689 1.20206
v 0.226199 0.781619 1.17853
v 0.252118 0.908931 1.15077
v 0.252118 0.908931 1.15077
v 0.226199 1.03624 1.12301
v 0.152389 1.14417 1.09948
v 0.0419234 1.21629 1.08375
v -0.0883794 1.24161 1.07823
v -0.0883794 1.41457 0.893271
v -0.298429 1.37375 0.902172
v -0.0883794 1.33898 0.951916
v -0.265384 1.30458 0.959417
v 0.121671 1.37375 0.902172
v 0.0886258 1.30458 0.959417
v 0.299742 1.25749 0.927519
v 0.238684 1.20661 0.980776
v 0.418726 1.08351 0.965454
v 0.338949 1.06 1.01274
v 0.460508 0.878282 1.0102
v 0.374157 0.887058 1.05045
v 0.418726 0.673054 1.05495
v 0.460508 0.878282 1.0102
v 0.338949 0.714116 1.08816
v 0.374157 0.887058 1.05045
v 0.299742 0.499069 1.09288
v 0.238683 0.567502 1.12013
v 0.12167 0.382817 1.11823
v 0.0886256 0.469539 1.14148
v -0.0883796 0.341994 1.12713
v -0.0883795 0.435138 1.14899
v -0.298429 0.382817 1.11823
v -0.265385 0.469539 1.14148
v -0.476501 0.49907 1.09288
v -0.415442 0.567503 1.12013
v -0.595485 0.673054 1.05495
v -0.515708 0.714116 1.08816
v -0.637266 0.878282 1.0102
v -0.550916 0.887058 1.05045
v -0.595485 1.08351 0.965454
v -0.637266 0.878282 1.0102
v -0.515707 1.06 1.01274
v -0.550916 0.887058 1.05045
v -0.476501 1.25749 0.927519
v -0.415442 1.20661 0.980776
v -0.0883794 1.33898 0.951916
v -0.265384 1.30458 0.959417
v -0.0883794 1.31899 1.06136
v -0.248988 1.28778 1.06817
v 0.0886258 1.30458 0.959417
v 0.0722298 1.28777 1.06817
v 0.238684 1.20661 0.980776
v 0.208388 1.19889 1.08755
v 0.338949 1.06 1.01274
v 0.299365 1.06585 1.11655
v 0.374157 0.887058 1.05045
v 0.331313 0.908931 1.15077
v 0.338949 0.714116 1.08816
v 0.374157 0.887058 1.05045
v 0.299365 0.752008 1.18498
v 0.331313 0.908931 1.15077
v 0.238683 0.567502 1.12013
v 0.208387 0.618976 1.21399
v 0.0886256 0.469539 1.14148
v 0.0722297 0.530087 1.23337
v -0.0883795 0.435138 1.14899
v -0.0883795 0.498873 1.24018
v -0.265385 0.469539 1.14148
v -0.248989 0.530087 1.23337
v -0.415442 0.567503 1.12013
v -0.385146 0.618976 1.21399
v -0.515708 0.714116 1.08816
v -0.476124 0.752008 1.18498
v -0.550916 0.887058 1.05045
v -0.508071 0.908931 1.15077
v -0.515707 1.06 1.01274
v -0.550916 0.887058 1.05045
v -0.476124 1.06585 1.11655
v -0.508071 0.908931 1.15077
v -0.415442 1.20661 0.980776
v -0.385146 1.19889 1.08755
v 0.299365 1.06585 1.11655
v 0.208388 1.19889 1.08755
v 0.226199 1.03624 1.12301
v 0.152389 1.14417 1.09948
v 0.331313 0.908931 1.15077
v 0.252118 0.908931 1.15077
v 0.299365 0.752008 1.18498
v 0.331313 0.908931 1.15077
v 0.226199 0.781619 1.17853
v 0.252118 0.908931 1.15077
v 0.208387 0.618976 1.21399
v 0.152389 0.673689 1.20206
v 0.0722297 0.530087 1.23337
v 0.0419233 0.601573 1.21778
v -0.0883795 0.498873 1.24018
v -0.0883795 0.576249 1.22331
v -0.248989 0.530087 1.23337
v -0.218682 0.601573 1.21778
v -0.385146 0.618976 1.21399
v -0.329148 0.673689 1.20206
v -0.476124 0.752008 1.18498
v -0.402958 0.781619 1.17853
v -0.508071 0.908931 1.15077
v -0.428877 0.908931 1.15077
v -0.476124 1.06585 1.11655
v -0.508071 0.908931 1.15077
v -0.402958 1.03624 1.12301
v -0.428877 0.908931 1.15077
v -0.385146 1.19889 1.08755
v -0.329147 1.14417 1.09948
v -0.248988 1.28778 1.06817
v -0.218682 1.21629 1.08375
v -0.0883794 1.31899 1.06136
v -0.0883794 1.24161 1.07823
v 0.0722298 1.28777 1.06817
v 0.0419234 1.21629 1.08375
v -0.479058 1.24284 0.848322
v -0.598826 1.06771 0.886507
v -0.476501 1.25749 0.927519
v -0.595485 1.08351 0.965454
v -0.299813 1.35986 0.822808
v -0.298429 1.37375 0.902172
v -0.0883794 1.40095 0.813849
v -0.0883794 1.41457 0.893271
v 0.123054 1.35986 0.822808
v 0.121671 1.37375 0.902172
v 0.302299 1.24284 0.848322
v 0.299742 1.25749 0.927519
v 0.422067 1.06771 0.886507
v 0.418726 1.08351 0.965454
v 0.464124 0.861133 0.931549
v 0.460508 0.878282 1.0102
v 0.422067 0.654552 0.976591
v 0.464124 0.861133 0.931549
v 0.418726 0.673054 1.05495
v 0.460508 0.878282 1.0102
v 0.302299 0.479422 1.01478
v 0.299742 0.499069 1.09288
v 0.123054 0.362403 1.04029
v 0.12167 0.382817 1.11823
v -0.0883796 0.321312 1.04925
v -0.0883796 0.341994 1.12713
v -0.299813 0.362404 1.04029
v -0.298429 0.382817 1.11823
v -0.479058 0.479422 1.01478
v -0.476501 0.49907 1.09288
v -0.598826 0.654553 0.976591
v -0.595485 0.673054 1.05495
v -0.640882 0.861133 0.931549
v -0.637266 0.878282 1.0102
v -0.640882 0.861133 0.931549
v -0.637266 0.878282 1.0102
v -0.151733 1.06122 1.13124
v -0.205442 1.02615 1.13888
v -0.0883794 0.911776 1.16382
v -0.241329 0.973676 1.15032
v -0.253931 0.911776 1.16382
v -0.253931 0.911776 1.16382
v -0.241329 0.849877 1.17732
v -0.205442 0.797401 1.18876
v -0.151733 0.762337 1.1964
v -0.0883794 0.750025 1.19909
v -0.0250255 0.762337 1.1964
v 0.0286834 0.797401 1.18876
v 0.0645705 0.849877 1.17732
v 0.0771725 0.911776 1.16382
v 0.0771725 0.911776 1.16382
v 0.0645705 0.973676 1.15032
v 0.0286835 1.02615 1.13888
v -0.0250254 1.06122 1.13124
v -0.0883794 1.07353 1.12855
v -0.0883794 1.16853 1.09069
v -0.190339 1.14871 1.09501
v -0.0883794 1.15056 1.12415
v -0.180895 1.13258 1.12807
v 0.0135809 1.14871 1.09501
v 0.00413632 1.13258 1.12807
v 0.100019 1.09228 1.10731
v 0.0825672 1.08138 1.13923
v 0.157774 1.00783 1.12573
v 0.134973 1.00475 1.15594
v 0.178056 0.908206 1.14745
v 0.153376 0.914356 1.17565
v 0.157774 0.808586 1.16917
v 0.178056 0.908206 1.14745
v 0.134973 0.823964 1.19536
v 0.153376 0.914356 1.17565
v 0.100019 0.724133 1.18758
v 0.0825672 0.747333 1.21207
v 0.0135808 0.667703 1.19988
v 0.00413626 0.69613 1.22323
v -0.0883794 0.647887 1.2042
v -0.0883794 0.67815 1.22715
v -0.19034 0.667703 1.19988
v -0.180895 0.69613 1.22323
v -0.276777 0.724133 1.18758
v -0.259326 0.747333 1.21207
v -0.334533 0.808586 1.16917
v -0.311732 0.823964 1.19536
v -0.354814 0.908206 1.14745
v -0.330134 0.914356 1.17565
v -0.334533 1.00783 1.12573
v -0.354814 0.908206 1.14745
v -0.311732 1.00475 1.15594
v -0.330134 0.914356 1.17565
v -0.276777 1.09228 1.10731
v -0.259326 1.08138 1.13923
v 0.134973 1.00475 1.15594
v 0.0825672 1.08138 1.13923
v 0.0749599 0.98046 1.16124
v 0.0366351 1.0365 1.14902
v 0.153376 0.914356 1.17565
v 0.134973 1.00475 1.15594
v 0.0884178 0.914356 1.17565
v 0.0749599 0.98046 1.16124
v 0.134973 0.823964 1.19536
v 0.153376 0.914356 1.17565
v 0.0749599 0.848252 1.19006
v 0.0884178 0.914356 1.17565
v 0.0825672 0.747333 1.21207
v 0.134973 0.823964 1.19536
v 0.0366351 0.792211 1.20228
v 0.0749599 0.848252 1.19006
v 0.00413626 0.69613 1.22323
v 0.0825672 0.747333 1.21207
v -0.0207221 0.754766 1.21045
v 0.0366351 0.792211 1.20228
v -0.0883794 0.67815 1.22715
v 0.00413626 0.69613 1.22323
v -0.0883794 0.741617 1.21331
v -0.0207221 0.754766 1.21045
v -0.180895 0.69613 1.22323
v -0.0883794 0.67815 1.22715
v -0.156037 0.754766 1.21045
v -0.0883794 0.741617 1.21331
v -0.259326 0.747333 1.21207
v -0.180895 0.69613 1.22323
v -0.213394 0.792211 1.20228
v -0.156037 0.754766 1.21045
v -0.311732 0.823964 1.19536
v -0.259326 0.747333 1.21207
v -0.251719 0.848252 1.19006
v -0.213394 0.792211 1.20228
v -0.330134 0.914356 1.17565
v -0.311732 0.823964 1.19536
v -0.265176 0.914356 1.17565
v -0.251719 0.848252 1.19006
v -0.311732 1.00475 1.15594
v -0.330134 0.914356 1.17565
v -0.251719 0.98046 1.16124
v -0.265176 0.914356 1.17565
v -0.259326 1.08138 1.13923
v -0.311732 1.00475 1.15594
v -0.213394 1.0365 1.14902
v -0.251719 0.98046 1.16124
v -0.180895 1.13258 1.12807
v -0.259326 1.08138 1.13923
v -0.156037 1.07395 1.14085
v -0.213394 1.0365 1.14902
v -0.0883794 1.15056 1.12415
v -0.180895 1.13258 1.12807
v -0.0883793 1.08709 1.13799
v -0.156037 1.07395 1.14085
v 0.00413632 1.13258 1.12807
v -0.0883794 1.15056 1.12415
v -0.020722 1.07395 1.14085
v -0.0883793 1.08709 1.13799
v 0.0825672 1.08138 1.13923
v 0.00413632 1.13258 1.12807
v 0.0366351 1.0365 1.14902
v -0.020722 1.07395 1.14085
v -0.156037 1.07395 1.14085
v -0.213394 1.0365 1.14902
v -0.151733 1.06122 1.13124
v -0.205442 1.02615 1.13888
v -0.251719 0.98046 1.16124
v -0.241329 0.973676 1.15032
v -0.265176 0.914356 1.17565
v -0.253931 0.911776 1.16382
v -0.265176 0.914356 1.17565
v -0.251719 0.848252 1.19006
v -0.253931 0.911776 1.16382
v -0.241329 0.849877 1.17732
v -0.213394 0.792211 1.20228
v -0.205442 0.797401 1.18876
v -0.156037 0.754766 1.21045
v -0.151733 0.762337 1.1964
v -0.0883794 0.741617 1.21331
v -0.0883794 0.750025 1.19909
v -0.0207221 0.754766 1.21045
v -0.0250255 0.762337 1.1964
v 0.0366351 0.792211 1.20228
v 0.0286834 0.797401 1.18876
v 0.0749599 0.848252 1.19006
v 0.0645705 0.849877 1.17732
v 0.0884178 0.914356 1.17565
v 0.0771725 0.911776 1.16382
v 0.0884178 0.914356 1.17565
v 0.0749599 0.98046 1.16124
v 0.0771725 0.911776 1.16382
v 0.0645705 0.973676 1.15032
v 0.0366351 1.0365 1.14902
v 0.0286835 1.02615 1.13888
v -0.020722 1.07395 1.14085
v -0.0250254 1.06122 1.13124
v -0.0883793 1.08709 1.13799
v -0.0883794 1.07353 1.12855
v -0.0798281 0.88361 1.17894
v -0.120287 0.913943 1.17233
v -0.180339 0.755628 1.20685
v -0.220798 0.785961 1.20024
v -0.180339 0.755628 1.20685
v -0.173711 0.746168 1.18733
v -0.0798281 0.88361 1.17894
v -0.0732002 0.87415 1.15943
v -0.120287 0.913943 1.17233
v -0.126914 0.91442 1.15065
v -0.220798 0.785961 1.20024
v -0.227426 0.786438 1.17855
v -0.119278 0.921428 1.1707
v -0.072163 0.940496 1.16654
v -0.182462 1.07047 1.1382
v -0.135347 1.08953 1.13405
v -0.182462 1.07047 1.1382
v -0.19018 1.06285 1.11828
v -0.119278 0.921428 1.1707
v -0.126996 0.913813 1.15078
v -0.072163 0.940496 1.16654
v -0.0644446 0.939128 1.14526
v -0.135347 1.08953 1.13405
v -0.127629 1.08817 1.11277
v -0.0660323 0.935899 1.16754
v -0.0726887 0.8865 1.17831
v 0.0976629 0.914843 1.17213
v 0.0910065 0.865443 1.1829
v 0.0976629 0.914843 1.17213
v 0.0987534 0.918445 1.14977
v -0.0660323 0.935899 1.16754
v -0.0649418 0.939501 1.14518
v -0.0726887 0.8865 1.17831
v -0.0737791 0.873916 1.15948
v 0.0910065 0.865443 1.1829
v 0.0899161 0.852859 1.16407
v -0.133544 0.898942 1.19277
v -0.107087 0.873092 1.19841
v -0.0432146 0.935498 1.1848
v -0.0432146 0.898942 1.19277
v -0.133544 0.935499 1.1848
v -0.0696715 0.961348 1.17917
v -0.107087 0.961348 1.17917
v -0.133544 0.935499 1.1848
v -0.107087 0.961348 1.17917
v -0.144891 0.933991 1.15583
v -0.111787 0.966335 1.14877
v -0.0696715 0.961348 1.17917
v -0.0649713 0.966335 1.14877
v -0.0696715 0.961348 1.17917
v -0.0432146 0.935498 1.1848
v -0.0649713 0.966335 1.14877
v -0.0318674 0.933991 1.15583
v -0.0432146 0.898942 1.19277
v -0.0318674 0.88825 1.1658
v -0.0696715 0.873092 1.19841
v -0.0649714 0.855906 1.17285
v -0.107087 0.873092 1.19841
v -0.111787 0.855906 1.17285
v -0.107087 0.873092 1.19841
v -0.133544 0.898942 1.19277
v -0.111787 0.855906 1.17285
v -0.144891 0.88825 1.1658
v -0.133544 0.935499 1.1848
v -0.0696715 0.961348 1.17917
v -0.0432146 0.898942 1.19277
v -0.107087 0.873092 1.19841
v -0.0696715 0.873092 1.19841
v -0.40901 1.0846 1.09452
v -0.402653 1.04033 1.10417
v -0.447818 1.0846 1.09452
v -0.454175 1.04033 1.10417
v -0.447818 1.08202 1.21946
v -0.40901 1.08202 1.21946
v -0.447818 1.0846 1.09452
v -0.40901 1.0846 1.09452
v -0.454175 1.04033 1.10417
v -0.454175 1.03802 1.18887
v -0.447818 1.0846 1.09452
v -0.447818 1.08202 1.21946
v -0.402653 1.03802 1.18887
v -0.454175 1.03802 1.18887
v -0.402653 1.04033 1.10417
v -0.454175 1.04033 1.10417
v -0.40901 1.08202 1.21946
v -0.402653 1.03802 1.18887
v -0.40901 1.0846 1.09452
v -0.402653 1.04033 1.10417
v -0.40901 0.725791 1.17275
v -0.447818 0.725791 1.17275
v -0.402653 0.77006 1.1631
v -0.454175 0.77006 1.1631
v -0.447818 0.780147 1.28528
v -0.447818 0.725791 1.17275
v -0.40901 0.780147 1.28528
v -0.40901 0.725791 1.17275
v -0.447818 0.780147 1.28528
v -0.454175 0.807419 1.23915
v -0.447818 0.725791 1.17275
v -0.454175 0.77006 1.1631
v -0.402653 0.807419 1.23915
v -0.402653 0.77006 1.1631
v -0.454175 0.807419 1.23915
v -0.454175 0.77006 1.1631
v -0.40901 0.780147 1.28528
v -0.40901 0.725791 1.17275
v -0.402653 0.807419 1.23915
v -0.402653 0.77006 1.1631
v -0.447818 1.08202 1.21946
v -0.447818 0.780147 1.28528
v -0.40901 1.08202 1.21946
v -0.40901 0.780147 1.28528
v -0.454175 1.03802 1.18887
v -0.454175 0.807419 1.23915
v -0.447818 1.08202 1.21946
v -0.447818 0.780147 1.28528
v -0.402653 1.03802 1.18887
v -0.402653 0.807419 1.23915
v -0.454175 1.03802 1.18887
v -0.454175 0.807419 1.23915
v -0.40901 1.08202 1.21946
v -0.40901 0.780147 1.28528
v -0.402653 1.03802 1.18887
v -0.402653 0.807419 1.23915
v 0.39447 0.748751 1.11979
v 0.39447 0.732222 1.04398
v 0.39447 1.04168 1.05592
v 0.39447 1.02515 0.980111
v 0.39447 1.04168 1.05592
v 0.39447 1.02515 0.980111
v 0.330388 1.04168 1.05592
v 0.330388 1.02515 0.980111
v 0.330388 1.04168 1.05592
v 0.330388 1.02515 0.980111
v 0.330388 0.748751 1.11979
v 0.330388 0.732222 1.04398
v 0.330388 0.748751 1.11979
v 0.330388 0.732222 1.04398
v 0.39447 0.748751 1.11979
v 0.39447 0.732222 1.04398
v 0.330388 0.748751 1.11979
v 0.39447 0.748751 1.11979
v 0.330388 1.04168 1.05592
v 0.39447 1.04168 1.05592
v -0.607424 1.51224 0.652629
v -0.700157 1.18416 0.813248
v -0.509653 1.51224 0.709077
v -0.602387 1.18416 0.869696
v -0.428438 1.94281 0.342617
v -0.428441 1.82058 0.342622
v -0.33067 1.94281 0.39907
v -0.33067 1.82058 0.39907
v -0.759062 0.768121 0.915275
v -0.661291 0.768121 0.971722
v -0.428441 1.82058 0.342622
v -0.490874 1.73676 0.450758
v -0.33067 1.82058 0.39907
v -0.393103 1.73676 0.507206
v -0.341889 1.94281 0.19271
v -0.428438 1.94281 0.342617
v -0.244119 1.94281 0.249158
v -0.33067 1.94281 0.39907
v -0.244119 1.59263 0.249158
v -0.341889 1.59263 0.19271
v -0.244119 1.94281 0.249158
v -0.341889 1.94281 0.19271
v -0.607424 1.51224 0.652629
v -0.604771 1.4878 0.628221
v -0.700157 1.18416 0.813248
v -0.69427 1.16803 0.783238
v -0.759062 0.768121 0.915275
v -0.749217 0.781452 0.87841
v -0.490874 1.73676 0.450758
v -0.490478 1.71062 0.430261
v -0.428441 1.82058 0.342622
v -0.421146 1.8001 0.310173
v -0.428438 1.94281 0.342617
v -0.421146 1.91075 0.310173
v -0.428441 1.82058 0.342622
v -0.421146 1.8001 0.310173
v -0.341889 1.94281 0.19271
v -0.341889 1.59263 0.19271
v -0.366181 1.91075 0.214973
v -0.366181 1.59263 0.214973
v -0.428438 1.94281 0.342617
v -0.341889 1.94281 0.19271
v -0.421146 1.91075 0.310173
v -0.366181 1.91075 0.214973
v -0.579341 1.16803 0.849592
v -0.489842 1.4878 0.694576
v -0.602387 1.18416 0.869696
v -0.509653 1.51224 0.709077
v -0.661291 0.768121 0.971722
v -0.634288 0.781452 0.944764
v -0.375549 1.71062 0.496615
v -0.393103 1.73676 0.507206
v -0.33067 1.82058 0.39907
v -0.306217 1.8001 0.376528
v -0.306217 1.8001 0.376528
v -0.306217 1.91075 0.376528
v -0.33067 1.82058 0.39907
v -0.33067 1.94281 0.39907
v -0.244119 1.94281 0.249158
v -0.251253 1.91075 0.281327
v -0.244119 1.59263 0.249158
v -0.251253 1.59263 0.281327
v -0.33067 1.94281 0.39907
v -0.306217 1.91075 0.376528
v -0.244119 1.94281 0.249158
v -0.251253 1.91075 0.281327
v 0.332894 1.51224 0.709077
v 0.437434 1.17967 0.890146
v 0.430665 1.51224 0.652629
v 0.535205 1.17967 0.833698
v 0.153908 1.94281 0.399065
v 0.153911 1.82058 0.39907
v 0.251682 1.94281 0.342622
v 0.251682 1.82058 0.342622
v 0.484532 0.768121 0.971722
v 0.582303 0.768121 0.915274
v 0.153911 1.82058 0.39907
v 0.216344 1.73676 0.507206
v 0.251682 1.82058 0.342622
v 0.314114 1.73676 0.450758
v 0.0673593 1.94281 0.249158
v 0.153908 1.94281 0.399065
v 0.16513 1.94281 0.19271
v 0.251682 1.94281 0.342622
v 0.16513 1.59263 0.19271
v 0.0673593 1.59263 0.249158
v 0.16513 1.94281 0.19271
v 0.0673593 1.94281 0.249158
v 0.332894 1.51224 0.709077
v 0.313083 1.4878 0.694576
v 0.437434 1.17967 0.890146
v 0.414388 1.16354 0.870042
v 0.484532 0.768121 0.971722
v 0.457529 0.781452 0.944764
v 0.216344 1.73676 0.507206
v 0.19879 1.71062 0.496615
v 0.153911 1.82058 0.39907
v 0.129457 1.8001 0.376528
v 0.153908 1.94281 0.399065
v 0.129457 1.91075 0.376528
v 0.153911 1.82058 0.39907
v 0.129457 1.8001 0.376528
v 0.0673593 1.94281 0.249158
v 0.0673593 1.59263 0.249158
v 0.0744933 1.91075 0.281327
v 0.0744933 1.59263 0.281327
v 0.153908 1.94281 0.399065
v 0.0673593 1.94281 0.249158
v 0.129457 1.91075 0.376528
v 0.0744933 1.91075 0.281327
v 0.529317 1.16354 0.803688
v 0.428011 1.4878 0.628221
v 0.535205 1.17967 0.833698
v 0.430665 1.51224 0.652629
v 0.582303 0.768121 0.915274
v 0.572457 0.781452 0.87841
v 0.313719 1.71062 0.430261
v 0.314114 1.73676 0.450758
v 0.251682 1.82058 0.342622
v 0.244386 1.8001 0.310173
v 0.244386 1.8001 0.310173
v 0.244386 1.91075 0.310173
v 0.251682 1.82058 0.342622
v 0.251682 1.94281 0.342622
v 0.16513 1.94281 0.19271
v 0.189422 1.91075 0.214973
v 0.16513 1.59263 0.19271
v 0.189422 1.59263 0.214973
v 0.251682 1.94281 0.342622
v 0.244386 1.91075 0.310173
v 0.16513 1.94281 0.19271
v 0.189422 1.91075 0.214973
v -0.509653 1.51224 -0.976049
v -0.602311 1.18482 -1.13654
v -0.607424 1.51224 -0.919601
v -0.700082 1.18482 -1.08009
v -0.330667 1.94281 -0.666037
v -0.33067 1.82058 -0.666042
v -0.428441 1.94281 -0.609594
v -0.428441 1.82058 -0.609594
v -0.661291 0.768121 -1.23869
v -0.759062 0.768121 -1.18225
v -0.33067 1.82058 -0.666042
v -0.393103 1.73676 -0.774178
v -0.428441 1.82058 -0.609594
v -0.490873 1.73676 -0.71773
v -0.244118 1.94281 -0.51613
v -0.330667 1.94281 -0.666037
v -0.341889 1.94281 -0.459682
v -0.428441 1.94281 -0.609594
v -0.341889 1.59263 -0.459682
v -0.244118 1.59263 -0.51613
v -0.341889 1.94281 -0.459682
v -0.244118 1.94281 -0.51613
v -0.509653 1.51224 -0.976049
v -0.489842 1.4878 -0.961547
v -0.602311 1.18482 -1.13654
v -0.579265 1.16869 -1.11643
v -0.661291 0.768121 -1.23869
v -0.634288 0.781452 -1.21174
v -0.393103 1.73676 -0.774178
v -0.375549 1.71062 -0.763587
v -0.33067 1.82058 -0.666042
v -0.306217 1.8001 -0.6435
v -0.330667 1.94281 -0.666037
v -0.306217 1.91075 -0.6435
v -0.33067 1.82058 -0.666042
v -0.306217 1.8001 -0.6435
v -0.244118 1.94281 -0.51613
v -0.244118 1.59263 -0.51613
v -0.251252 1.91075 -0.548299
v -0.251252 1.59263 -0.548299
v -0.330667 1.94281 -0.666037
v -0.244118 1.94281 -0.51613
v -0.306217 1.91075 -0.6435
v -0.251252 1.91075 -0.548299
v -0.694194 1.16869 -1.05008
v -0.604771 1.4878 -0.895193
v -0.700082 1.18482 -1.08009
v -0.607424 1.51224 -0.919601
v -0.759062 0.768121 -1.18225
v -0.749217 0.781452 -1.14538
v -0.490478 1.71062 -0.697232
v -0.490873 1.73676 -0.71773
v -0.428441 1.82058 -0.609594
v -0.421145 1.8001 -0.577145
v -0.421145 1.8001 -0.577145
v -0.421145 1.91075 -0.577145
v -0.428441 1.82058 -0.609594
v -0.428441 1.94281 -0.609594
v -0.341889 1.94281 -0.459682
v -0.366181 1.91075 -0.481945
v -0.341889 1.59263 -0.459682
v -0.366181 1.59263 -0.481945
v -0.428441 1.94281 -0.609594
v -0.421145 1.91075 -0.577145
v -0.341889 1.94281 -0.459682
v -0.366181 1.91075 -0.481945
v -1.0243 1.51224 -0.189934
v -1.21463 1.18356 -0.189934
v -1.0243 1.51224 -0.0770382
v -1.21463 1.18356 -0.0770383
v -0.670726 1.94281 -0.189934
v -0.670732 1.82058 -0.189934
v -0.670732 1.94281 -0.0770382
v -0.670732 1.82058 -0.0770382
v -1.33197 0.768121 -0.189934
v -1.33197 0.768121 -0.0770383
v -0.670732 1.82058 -0.189934
v -0.795597 1.73676 -0.189934
v -0.670732 1.82058 -0.0770382
v -0.795597 1.73676 -0.0770382
v -0.497628 1.94281 -0.189934
v -0.670726 1.94281 -0.189934
v -0.497628 1.94281 -0.0770382
v -0.670732 1.94281 -0.0770382
v -0.497628 1.59263 -0.0770382
v -0.497628 1.59263 -0.189934
v -0.497628 1.94281 -0.0770382
v -0.497628 1.94281 -0.189934
v -1.0243 1.51224 -0.189934
v -1.00183 1.4878 -0.19984
v -1.21463 1.18356 -0.189934
v -1.1857 1.16743 -0.19984
v -1.33197 0.768121 -0.189934
v -1.29513 0.781452 -0.19984
v -0.795597 1.73676 -0.189934
v -0.777647 1.71062 -0.19984
v -0.670732 1.82058 -0.189934
v -0.638983 1.8001 -0.19984
v -0.670726 1.94281 -0.189934
v -0.638983 1.91075 -0.19984
v -0.670732 1.82058 -0.189934
v -0.638983 1.8001 -0.19984
v -0.497628 1.94281 -0.189934
v -0.497628 1.59263 -0.189934
v -0.529054 1.91075 -0.19984
v -0.529054 1.59263 -0.19984
v -0.670726 1.94281 -0.189934
v -0.497628 1.94281 -0.189934
v -0.638983 1.91075 -0.19984
v -0.529054 1.91075 -0.19984
v -1.1857 1.16743 -0.0671321
v -1.00183 1.4878 -0.0671321
v -1.21463 1.18356 -0.0770383
v -1.0243 1.51224 -0.0770382
v -1.33197 0.768121 -0.0770383
v -1.29513 0.781452 -0.0671321
v -0.777647 1.71062 -0.067132
v -0.795597 1.73676 -0.0770382
v -0.670732 1.82058 -0.0770382
v -0.638983 1.8001 -0.067132
v -0.638983 1.8001 -0.067132
v -0.638983 1.91075 -0.067132
v -0.670732 1.82058 -0.0770382
v -0.670732 1.94281 -0.0770382
v -0.497628 1.94281 -0.0770382
v -0.529054 1.91075 -0.067132
v -0.497628 1.59263 -0.0770382
v -0.529054 1.59263 -0.067132
v -0.670732 1.94281 -0.0770382
v -0.638983 1.91075 -0.067132
v -0.497628 1.94281 -0.0770382
v -0.529054 1.91075 -0.067132
v 0.850785 1.50908 -0.0770378
v 1.03774 1.18421 -0.0770378
v 0.850785 1.50908 -0.189934
v 1.03774 1.18421 -0.189934
v 0.493968 1.94281 -0.0770378
v 0.493973 1.82058 -0.0770378
v 0.493973 1.94281 -0.189934
v 0.493973 1.82058 -0.189934
v 1.15522 0.768121 -0.0770378
v 1.15522 0.768121 -0.189934
v 0.493973 1.82058 -0.0770378
v 0.618838 1.73676 -0.0770377
v 0.493973 1.82058 -0.189934
v 0.618838 1.73676 -0.189934
v 0.32087 1.94281 -0.0770378
v 0.493968 1.94281 -0.0770378
v 0.32087 1.94281 -0.189934
v 0.493973 1.94281 -0.189934
v 0.32087 1.59263 -0.189934
v 0.32087 1.59263 -0.0770378
v 0.32087 1.94281 -0.189934
v 0.32087 1.94281 -0.0770378
v 0.850785 1.50908 -0.0770378
v 0.828321 1.48464 -0.0671316
v 1.03774 1.18421 -0.0770378
v 1.00881 1.16808 -0.0671316
v 1.15522 0.768121 -0.0770378
v 1.11837 0.781452 -0.0671315
v 0.618838 1.73676 -0.0770377
v 0.600889 1.71062 -0.0671316
v 0.493973 1.82058 -0.0770378
v 0.462224 1.8001 -0.0671316
v 0.493968 1.94281 -0.0770378
v 0.462224 1.91075 -0.0671316
v 0.493973 1.82058 -0.0770378
v 0.462224 1.8001 -0.0671316
v 0.32087 1.94281 -0.0770378
v 0.32087 1.59263 -0.0770378
v 0.352296 1.91075 -0.0671316
v 0.352296 1.59263 -0.0671316
v 0.493968 1.94281 -0.0770378
v 0.32087 1.94281 -0.0770378
v 0.462224 1.91075 -0.0671316
v 0.352296 1.91075 -0.0671316
v 1.00881 1.16808 -0.19984
v 0.828321 1.48464 -0.19984
v 1.03774 1.18421 -0.189934
v 0.850785 1.50908 -0.189934
v 1.15522 0.768121 -0.189934
v 1.11837 0.781452 -0.19984
v 0.600889 1.71062 -0.19984
v 0.618838 1.73676 -0.189934
v 0.493973 1.82058 -0.189934
v 0.462224 1.8001 -0.19984
v 0.462224 1.8001 -0.19984
v 0.462224 1.91075 -0.19984
v 0.493973 1.82058 -0.189934
v 0.493973 1.94281 -0.189934
v 0.32087 1.94281 -0.189934
v 0.352296 1.91075 -0.19984
v 0.32087 1.59263 -0.189934
v 0.352296 1.59263 -0.19984
v 0.493973 1.94281 -0.189934
v 0.462224 1.91075 -0.19984
v 0.32087 1.94281 -0.189934
v 0.352296 1.91075 -0.19984
v 0.430665 1.51224 -0.919601
v 0.52343 1.18307 -1.08027
v 0.332894 1.51224 -0.976049
v 0.425659 1.18307 -1.13672
v 0.25168 1.94281 -0.609589
v 0.251682 1.82058 -0.609594
v 0.153912 1.94281 -0.666042
v 0.153912 1.82058 -0.666042
v 0.582303 0.768121 -1.18225
v 0.484533 0.768121 -1.23869
v 0.251682 1.82058 -0.609594
v 0.314115 1.73676 -0.71773
v 0.153912 1.82058 -0.666042
v 0.216344 1.73676 -0.774178
v 0.16513 1.94281 -0.459682
v 0.25168 1.94281 -0.609589
v 0.0673598 1.94281 -0.516129
v 0.153912 1.94281 -0.666042
v 0.0673598 1.59263 -0.516129
v 0.16513 1.59263 -0.459682
v 0.0673598 1.94281 -0.516129
v 0.16513 1.94281 -0.459682
v 0.430665 1.51224 -0.919601
v 0.428012 1.4878 -0.895193
v 0.52343 1.18307 -1.08027
v 0.517543 1.16695 -1.05026
v 0.582303 0.768121 -1.18225
v 0.572458 0.781452 -1.14538
v 0.314115 1.73676 -0.71773
v 0.313719 1.71062 -0.697232
v 0.251682 1.82058 -0.609594
v 0.244387 1.8001 -0.577145
v 0.25168 1.94281 -0.609589
v 0.244387 1.91075 -0.577145
v 0.251682 1.82058 -0.609594
v 0.244387 1.8001 -0.577145
v 0.16513 1.94281 -0.459682
v 0.16513 1.59263 -0.459682
v 0.189423 1.91075 -0.481944
v 0.189423 1.59263 -0.481944
v 0.25168 1.94281 -0.609589
v 0.16513 1.94281 -0.459682
v 0.244387 1.91075 -0.577145
v 0.189423 1.91075 -0.481944
v 0.402614 1.16695 -1.11662
v 0.313083 1.4878 -0.961547
v 0.425659 1.18307 -1.13672
v 0.332894 1.51224 -0.976049
v 0.484533 0.768121 -1.23869
v 0.457529 0.781452 -1.21174
v 0.19879 1.71062 -0.763586
v 0.216344 1.73676 -0.774178
v 0.153912 1.82058 -0.666042
v 0.129458 1.8001 -0.643499
v 0.129458 1.8001 -0.643499
v 0.129458 1.91075 -0.643499
v 0.153912 1.82058 -0.666042
v 0.153912 1.94281 -0.666042
v 0.0673598 1.94281 -0.516129
v 0.0744938 1.91075 -0.548298
v 0.0673598 1.59263 -0.516129
v 0.0744938 1.59263 -0.548298
v 0.153912 1.94281 -0.666042
v 0.129458 1.91075 -0.643499
v 0.0673598 1.94281 -0.516129
v 0.0744938 1.91075 -0.548298
v -0.810622 1.32546 0.627267
v -0.764171 1.45306 0.554392
v -0.986677 1.34433 0.385147
v -0.89696 1.19787 0.631058
v -1.00005 1.10446 0.564749
v -1.09227 1.07027 0.446109
v -0.770051 1.54646 0.43196
v -0.826688 1.58065 0.292777
v -0.720817 1.31564 0.750114
v -0.650759 1.50807 0.640206
v -0.810603 1.33561 0.661088
v -0.759579 1.47576 0.581041
v -0.85103 1.1232 0.755832
v -0.905437 1.19546 0.665252
v -0.973646 1.0142 0.677551
v -1.01867 1.09286 0.592418
v -0.659627 1.64894 0.455556
v -0.745047 1.70051 0.245641
v -0.766039 1.57836 0.44656
v -0.82825 1.61591 0.293679
v -0.661326 1.28103 0.737947
v -0.588271 1.48169 0.623336
v -0.720817 1.31564 0.750114
v -0.650759 1.50807 0.640206
v -0.793822 1.08606 0.742747
v -0.85103 1.1232 0.755832
v -0.597519 1.62859 0.430787
v -0.686592 1.68236 0.211893
v -0.659627 1.64894 0.455556
v -0.745047 1.70051 0.245641
v -0.919255 0.995692 0.679139
v -0.973646 1.0142 0.677551
v -1.04445 1.06068 0.576665
v -1.06742 1.00274 0.570759
v -0.977364 0.991288 0.683848
v -0.913931 0.976606 0.675617
v -0.973646 1.0142 0.677551
v -1.06742 1.00274 0.570759
v -1.06507 0.937342 0.593728
v -1.01867 1.09286 0.592418
v -1.11997 1.05531 0.462101
v -1.02253 1.03736 0.536421
v -1.08188 0.994743 0.440114
v -1.06742 1.00274 0.570759
v -1.04048 0.992053 0.530771
v -1.06507 0.937342 0.593728
v -1.04312 0.912071 0.559256
v -1.04445 1.06068 0.576665
v -1.01867 1.09286 0.592418
v -1.02253 1.03736 0.536421
v -0.977364 0.991288 0.683848
v -0.939311 0.75109 0.736552
v -0.94372 0.755017 0.783744
v -0.796108 0.748735 0.90276
v -0.94372 0.755017 0.783744
v -0.796108 0.748735 0.90276
v -0.728089 0.736807 0.876823
v -0.810603 1.33561 0.661088
v -0.759579 1.47576 0.581041
v -0.810622 1.32546 0.627267
v -0.764171 1.45306 0.554392
v -0.905437 1.19546 0.665252
v -0.89696 1.19787 0.631058
v -1.01867 1.09286 0.592418
v -1.00005 1.10446 0.564749
v -1.11997 1.05531 0.462101
v -1.01867 1.09286 0.592418
v -1.09227 1.07027 0.446109
v -1.00005 1.10446 0.564749
v -0.766039 1.57836 0.44656
v -0.82825 1.61591 0.293679
v -0.770051 1.54646 0.43196
v -0.826688 1.58065 0.292777
v -1.10833 1.32546 0.111619
v -1.02199 1.45306 0.107828
v -1.15478 1.19787 0.184494
v -1.1489 1.10446 0.306925
v -0.918906 1.54646 0.174136
v -1.16982 1.31564 -0.0275791
v -1.13761 1.33561 0.0946912
v -1.03961 1.50807 -0.0332967
v -1.04278 1.47576 0.0905271
v -1.23988 1.1232 0.0823298
v -1.18864 1.19546 0.174738
v -1.23339 1.0142 0.22766
v -1.18218 1.09286 0.309219
v -0.884128 1.64894 0.0667089
v -0.929543 1.57836 0.163362
v -1.12954 1.28103 -0.0730161
v -1.16982 1.31564 -0.0275791
v -0.993752 1.48169 -0.0789782
v -1.03961 1.50807 -0.0332967
v -1.23988 1.1232 0.0823298
v -1.19994 1.08606 0.0393286
v -0.831624 1.62859 0.0253054
v -0.884128 1.64894 0.0667089
v -1.23339 1.0142 0.22766
v -1.20757 0.995693 0.179761
v -1.18142 1.06068 0.339421
v -1.18779 1.00274 0.362265
v -1.20186 0.976606 0.176911
v -1.2407 0.991288 0.227731
v -1.23339 1.0142 0.22766
v -1.20651 0.937342 0.348744
v -1.18779 1.00274 0.362265
v -1.18218 1.09286 0.309219
v -1.13561 1.03736 0.340555
v -1.16568 0.912071 0.346973
v -1.13969 0.992053 0.358929
v -1.20651 0.937342 0.348744
v -1.18779 1.00274 0.362265
v -1.18142 1.06068 0.339421
v -1.13561 1.03736 0.340555
v -1.18218 1.09286 0.309219
v -1.2407 0.991288 0.227731
v -1.31039 0.755017 0.148646
v -1.26732 0.75109 0.168424
v -1.33966 0.748735 -0.0386976
v -1.31039 0.755017 0.148646
v -1.28319 0.736807 -0.0846356
v -1.33966 0.748735 -0.0386976
v -1.13761 1.33561 0.0946912
v -1.10833 1.32546 0.111619
v -1.04278 1.47576 0.0905271
v -1.02199 1.45306 0.107828
v -1.18864 1.19546 0.174738
v -1.15478 1.19787 0.184494
v -1.18218 1.09286 0.309219
v -1.1489 1.10446 0.306925
v -1.18218 1.09286 0.309219
v -1.1489 1.10446 0.306925
v -0.929543 1.57836 0.163362
v -0.918906 1.54646 0.174136
v -1.10833 1.32546 -0.37859
v -1.02199 1.45306 -0.374799
v -0.986677 1.34433 -0.652118
v -1.15478 1.19787 -0.451465
v -1.1489 1.10446 -0.573897
v -1.09227 1.07027 -0.71308
v -0.918906 1.54646 -0.441108
v -0.826688 1.58065 -0.559749
v -1.16982 1.31564 -0.239392
v -1.03961 1.50807 -0.233675
v -1.13761 1.33561 -0.361663
v -1.04278 1.47576 -0.357499
v -1.23988 1.1232 -0.349301
v -1.18864 1.19546 -0.44171
v -1.23339 1.0142 -0.494631
v -1.18218 1.09286 -0.576191
v -0.884128 1.64894 -0.333681
v -0.745047 1.70051 -0.512613
v -0.929543 1.57836 -0.430333
v -0.82825 1.61591 -0.56065
v -1.12954 1.28103 -0.193955
v -0.993752 1.48169 -0.187993
v -1.16982 1.31564 -0.239392
v -1.03961 1.50807 -0.233675
v -1.19994 1.08606 -0.3063
v -1.23988 1.1232 -0.349301
v -0.831624 1.62859 -0.292277
v -0.686592 1.68236 -0.478864
v -0.884128 1.64894 -0.333681
v -0.745047 1.70051 -0.512613
v -1.20757 0.995692 -0.446733
v -1.23339 1.0142 -0.494631
v -1.18142 1.06068 -0.606392
v -1.18779 1.00274 -0.629236
v -1.2407 0.991288 -0.494702
v -1.20186 0.976606 -0.443883
v -1.23339 1.0142 -0.494631
v -1.18779 1.00274 -0.629236
v -1.20651 0.937342 -0.615716
v -1.18218 1.09286 -0.576191
v -1.11997 1.05531 -0.729072
v -1.13561 1.03736 -0.607527
v -1.08188 0.994743 -0.707086
v -1.18779 1.00274 -0.629236
v -1.13969 0.992053 -0.6259
v -1.20651 0.937342 -0.615716
v -1.16568 0.912071 -0.613944
v -1.18142 1.06068 -0.606392
v -1.18218 1.09286 -0.576191
v -1.13561 1.03736 -0.607527
v -1.2407 0.991288 -0.494702
v -1.26732 0.75109 -0.435395
v -1.31039 0.755017 -0.415617
v -1.33966 0.748735 -0.228274
v -1.31039 0.755017 -0.415617
v -1.33966 0.748735 -0.228274
v -1.28319 0.736807 -0.182336
v -1.13761 1.33561 -0.361663
v -1.04278 1.47576 -0.357499
v -1.10833 1.32546 -0.37859
v -1.02199 1.45306 -0.374799
v -1.18864 1.19546 -0.44171
v -1.15478 1.19787 -0.451465
v -1.18218 1.09286 -0.576191
v -1.1489 1.10446 -0.573897
v -1.11997 1.05531 -0.729072
v -1.18218 1.09286 -0.576191
v -1.09227 1.07027 -0.71308
v -1.1489 1.10446 -0.573897
v -0.929543 1.57836 -0.430333
v -0.82825 1.61591 -0.56065
v -0.918906 1.54646 -0.441108
v -0.826688 1.58065 -0.559749
v -0.810623 1.32546 -0.894239
v -0.764171 1.45306 -0.821364
v -0.89696 1.19787 -0.89803
v -1.00005 1.10446 -0.831721
v -0.770051 1.54646 -0.698932
v -0.720817 1.31564 -1.01709
v -0.810603 1.33561 -0.92806
v -0.650759 1.50807 -0.907177
v -0.75958 1.47576 -0.848012
v -0.85103 1.1232 -1.0228
v -0.905437 1.19546 -0.932224
v -0.973647 1.0142 -0.944522
v -1.01867 1.09286 -0.859389
v -0.659628 1.64894 -0.722527
v -0.766039 1.57836 -0.713531
v -0.661326 1.28103 -1.00492
v -0.720817 1.31564 -1.01709
v -0.588271 1.48169 -0.890308
v -0.650759 1.50807 -0.907177
v -0.85103 1.1232 -1.0228
v -0.793822 1.08606 -1.00972
v -0.597519 1.62859 -0.697759
v -0.659628 1.64894 -0.722527
v -0.973647 1.0142 -0.944522
v -0.919255 0.995693 -0.94611
v -1.04445 1.06068 -0.843637
v -1.06742 1.00274 -0.837731
v -0.913931 0.976606 -0.942589
v -0.977364 0.991288 -0.95082
v -0.973647 1.0142 -0.944522
v -1.06507 0.937342 -0.860699
v -1.06742 1.00274 -0.837731
v -1.01867 1.09286 -0.859389
v -1.02253 1.03736 -0.803393
v -1.04312 0.912071 -0.826227
v -1.04048 0.992053 -0.797742
v -1.06507 0.937342 -0.860699
v -1.06742 1.00274 -0.837731
v -1.04445 1.06068 -0.843637
v -1.02253 1.03736 -0.803393
v -1.01867 1.09286 -0.859389
v -0.977364 0.991288 -0.95082
v -0.94372 0.755017 -1.05072
v -0.939311 0.75109 -1.00352
v -0.796108 0.748735 -1.16973
v -0.94372 0.755017 -1.05072
v -0.728089 0.736807 -1.14379
v -0.796108 0.748735 -1.16973
v -0.810603 1.33561 -0.92806
v -0.810623 1.32546 -0.894239
v -0.75958 1.47576 -0.848012
v -0.764171 1.45306 -0.821364
v -0.905437 1.19546 -0.932224
v -0.89696 1.19787 -0.89803
v -1.01867 1.09286 -0.859389
v -1.00005 1.10446 -0.831721
v -1.01867 1.09286 -0.859389
v -1.00005 1.10446 -0.831721
v -0.766039 1.57836 -0.713531
v -0.770051 1.54646 -0.698932
v -0.386089 1.32546 -1.13934
v -0.346204 1.45306 -1.06268
v -0.0883795 1.34433 -1.17075
v -0.346204 1.19787 -1.21601
v -0.237234 1.10446 -1.27213
v -0.0883795 1.07027 -1.29267
v -0.237234 1.54646 -1.00655
v -0.0883795 1.58065 -0.986012
v -0.537381 1.31564 -1.12299
v -0.477226 1.50807 -1.00737
v -0.415389 1.33561 -1.15624
v -0.371578 1.47576 -1.07203
v -0.477226 1.1232 -1.23862
v -0.371578 1.19546 -1.24045
v -0.348124 1.0142 -1.30567
v -0.251884 1.09286 -1.30209
v -0.31288 1.64894 -0.922722
v -0.0883795 1.70051 -0.89174
v -0.251884 1.57836 -1.01038
v -0.0883796 1.61591 -0.987815
v -0.556589 1.28103 -1.06539
v -0.493861 1.48169 -0.944816
v -0.537381 1.31564 -1.12299
v -0.477226 1.50807 -1.00737
v -0.494499 1.08606 -1.18253
v -0.477226 1.1232 -1.23862
v -0.322484 1.62859 -0.85655
v -0.0883795 1.68236 -0.824243
v -0.31288 1.64894 -0.922722
v -0.0883795 1.70051 -0.89174
v -0.376695 0.995692 -1.25936
v -0.348124 1.0142 -1.30567
v -0.225353 1.06068 -1.31654
v -0.208754 1.00274 -1.33348
v -0.351719 0.991288 -1.31204
v -0.376307 0.976606 -1.25299
v -0.348124 1.0142 -1.30567
v -0.208754 1.00274 -1.33348
v -0.229821 0.937342 -1.34293
v -0.251884 1.09286 -1.30209
v -0.0883795 1.05531 -1.32466
v -0.201463 1.03736 -1.27743
v -0.0883795 0.994743 -1.28069
v -0.208754 1.00274 -1.33348
v -0.187593 0.992053 -1.29016
v -0.229821 0.937342 -1.34293
v -0.210941 0.912071 -1.30669
v -0.225353 1.06068 -1.31654
v -0.251884 1.09286 -1.30209
v -0.201463 1.03736 -1.27743
v -0.351719 0.991288 -1.31204
v -0.416388 0.75109 -1.30543
v -0.455054 0.755017 -1.33285
v -0.63193 0.748735 -1.26452
v -0.455054 0.755017 -1.33285
v -0.63193 0.748735 -1.26452
v -0.643478 0.736807 -1.19264
v -0.415389 1.33561 -1.15624
v -0.371578 1.47576 -1.07203
v -0.386089 1.32546 -1.13934
v -0.346204 1.45306 -1.06268
v -0.371578 1.19546 -1.24045
v -0.346204 1.19787 -1.21601
v -0.251884 1.09286 -1.30209
v -0.237234 1.10446 -1.27213
v -0.0883795 1.05531 -1.32466
v -0.251884 1.09286 -1.30209
v -0.0883795 1.07027 -1.29267
v -0.237234 1.10446 -1.27213
v -0.251884 1.57836 -1.01038
v -0.0883796 1.61591 -0.987815
v -0.237234 1.54646 -1.00655
v -0.0883795 1.58065 -0.986012
v 0.20933 1.32546 -1.13934
v 0.169445 1.45306 -1.06268
v 0.169445 1.19787 -1.21601
v 0.0604754 1.10446 -1.27213
v 0.0604754 1.54646 -1.00655
v 0.360622 1.31564 -1.12299
v 0.23863 1.33561 -1.15624
v 0.300467 1.50807 -1.00737
v 0.194819 1.47576 -1.07203
v 0.300467 1.1232 -1.23862
v 0.194819 1.19546 -1.24045
v 0.171365 1.0142 -1.30567
v 0.0751252 1.09286 -1.30209
v 0.136121 1.64894 -0.922722
v 0.0751252 1.57836 -1.01038
v 0.37983 1.28103 -1.06539
v 0.360622 1.31564 -1.12299
v 0.317102 1.48169 -0.944816
v 0.300467 1.50807 -1.00737
v 0.300467 1.1232 -1.23862
v 0.31774 1.08606 -1.18253
v 0.145725 1.62859 -0.85655
v 0.136121 1.64894 -0.922722
v 0.171365 1.0142 -1.30567
v 0.199936 0.995693 -1.25936
v 0.0485937 1.06068 -1.31654
v 0.031995 1.00274 -1.33348
v 0.199548 0.976606 -1.25299
v 0.17496 0.991288 -1.31204
v 0.171365 1.0142 -1.30567
v 0.0530619 0.937342 -1.34293
v 0.031995 1.00274 -1.33348
v 0.0751252 1.09286 -1.30209
v 0.0247036 1.03736 -1.27743
v 0.0341822 0.912071 -1.30669
v 0.0108336 0.992053 -1.29016
v 0.0530619 0.937342 -1.34293
v 0.031995 1.00274 -1.33348
v 0.0485937 1.06068 -1.31654
v 0.0247036 1.03736 -1.27743
v 0.0751252 1.09286 -1.30209
v 0.17496 0.991288 -1.31204
v 0.278295 0.755017 -1.33285
v 0.239629 0.75109 -1.30543
v 0.455171 0.748735 -1.26452
v 0.278295 0.755017 -1.33285
v 0.466719 0.736807 -1.19264
v 0.455171 0.748735 -1.26452
v 0.23863 1.33561 -1.15624
v 0.20933 1.32546 -1.13934
v 0.194819 1.47576 -1.07203
v 0.169445 1.45306 -1.06268
v 0.194819 1.19546 -1.24045
v 0.169445 1.19787 -1.21601
v 0.0751252 1.09286 -1.30209
v 0.0604754 1.10446 -1.27213
v 0.0751252 1.09286 -1.30209
v 0.0604754 1.10446 -1.27213
v 0.0751252 1.57836 -1.01038
v 0.0604754 1.54646 -1.00655
v 0.633864 1.32546 -0.894239
v 0.587412 1.45306 -0.821364
v 0.809918 1.34433 -0.652118
v 0.720201 1.19787 -0.89803
v 0.82329 1.10446 -0.831721
v 0.915508 1.07027 -0.71308
v 0.593292 1.54646 -0.698932
v 0.64993 1.58065 -0.559749
v 0.544058 1.31564 -1.01709
v 0.474 1.50807 -0.907177
v 0.633844 1.33561 -0.92806
v 0.58282 1.47576 -0.848013
v 0.674271 1.1232 -1.0228
v 0.728678 1.19546 -0.932224
v 0.796888 1.0142 -0.944523
v 0.841913 1.09286 -0.859389
v 0.482869 1.64894 -0.722527
v 0.568288 1.70051 -0.512613
v 0.58928 1.57836 -0.713532
v 0.651491 1.61591 -0.56065
v 0.484567 1.28103 -1.00492
v 0.411512 1.48169 -0.890308
v 0.544058 1.31564 -1.01709
v 0.474 1.50807 -0.907177
v 0.617063 1.08606 -1.00972
v 0.674271 1.1232 -1.0228
v 0.42076 1.62859 -0.697759
v 0.509833 1.68236 -0.478864
v 0.482869 1.64894 -0.722527
v 0.568288 1.70051 -0.512613
v 0.742496 0.995692 -0.94611
v 0.796888 1.0142 -0.944523
v 0.867692 1.06068 -0.843637
v 0.89066 1.00274 -0.837731
v 0.800605 0.991288 -0.95082
v 0.737172 0.976606 -0.942589
v 0.796888 1.0142 -0.944523
v 0.89066 1.00274 -0.837731
v 0.888308 0.937342 -0.8607
v 0.841913 1.09286 -0.859389
v 0.943206 1.05531 -0.729072
v 0.845767 1.03736 -0.803393
v 0.905124 0.994743 -0.707086
v 0.89066 1.00274 -0.837731
v 0.86372 0.992053 -0.797742
v 0.888308 0.937342 -0.8607
v 0.866361 0.912071 -0.826228
v 0.867692 1.06068 -0.843637
v 0.841913 1.09286 -0.859389
v 0.845767 1.03736 -0.803393
v 0.800605 0.991288 -0.95082
v 0.762552 0.75109 -1.00352
v 0.766961 0.755017 -1.05072
v 0.619349 0.748735 -1.16973
v 0.766961 0.755017 -1.05072
v 0.619349 0.748735 -1.16973
v 0.55133 0.736807 -1.1438
v 0.633844 1.33561 -0.92806
v 0.58282 1.47576 -0.848013
v 0.633864 1.32546 -0.894239
v 0.587412 1.45306 -0.821364
v 0.728678 1.19546 -0.932224
v 0.720201 1.19787 -0.89803
v 0.841913 1.09286 -0.859389
v 0.82329 1.10446 -0.831721
v 0.943206 1.05531 -0.729072
v 0.841913 1.09286 -0.859389
v 0.915508 1.07027 -0.71308
v 0.82329 1.10446 -0.831721
v 0.58928 1.57836 -0.713532
v 0.651491 1.61591 -0.56065
v 0.593292 1.54646 -0.698932
v 0.64993 1.58065 -0.559749
v 0.931574 1.32546 -0.37859
v 0.845236 1.45306 -0.374799
v 0.978025 1.19787 -0.451465
v 0.972145 1.10446 -0.573897
v 0.742147 1.54646 -0.441108
v 0.99306 1.31564 -0.239393
v 0.960853 1.33561 -0.361663
v 0.862847 1.50807 -0.233675
v 0.866019 1.47576 -0.357499
v 1.06312 1.1232 -0.349302
v 1.01188 1.19546 -0.44171
v 1.05663 1.0142 -0.494631
v 1.00542 1.09286 -0.576191
v 0.70737 1.64894 -0.333681
v 0.752785 1.57836 -0.430333
v 0.952777 1.28103 -0.193956
v 0.99306 1.31564 -0.239393
v 0.816993 1.48169 -0.187994
v 0.862847 1.50807 -0.233675
v 1.06312 1.1232 -0.349302
v 1.02318 1.08606 -0.3063
v 0.654865 1.62859 -0.292277
v 0.70737 1.64894 -0.333681
v 1.05663 1.0142 -0.494631
v 1.03081 0.995693 -0.446733
v 1.00466 1.06068 -0.606392
v 1.01103 1.00274 -0.629236
v 1.0251 0.976606 -0.443883
v 1.06394 0.991288 -0.494702
v 1.05663 1.0142 -0.494631
v 1.02975 0.937342 -0.615716
v 1.01103 1.00274 -0.629236
v 1.00542 1.09286 -0.576191
v 0.95885 1.03736 -0.607527
v 0.988922 0.912071 -0.613944
v 0.962933 0.992053 -0.6259
v 1.02975 0.937342 -0.615716
v 1.01103 1.00274 -0.629236
v 1.00466 1.06068 -0.606392
v 0.95885 1.03736 -0.607527
v 1.00542 1.09286 -0.576191
v 1.06394 0.991288 -0.494702
v 1.13364 0.755017 -0.415618
v 1.09056 0.75109 -0.435396
v 1.1629 0.748735 -0.228274
v 1.13364 0.755017 -0.415618
v 1.10643 0.736807 -0.182336
v 1.1629 0.748735 -0.228274
v 0.960853 1.33561 -0.361663
v 0.931574 1.32546 -0.37859
v 0.866019 1.47576 -0.357499
v 0.845236 1.45306 -0.374799
v 1.01188 1.19546 -0.44171
v 0.978025 1.19787 -0.451465
v 1.00542 1.09286 -0.576191
v 0.972145 1.10446 -0.573897
v 1.00542 1.09286 -0.576191
v 0.972145 1.10446 -0.573897
v 0.752785 1.57836 -0.430333
v 0.742147 1.54646 -0.441108
v 0.931573 1.32546 0.111619
v 0.845236 1.45306 0.107827
v 0.809918 1.34433 0.385146
v 0.978025 1.19787 0.184493
v 0.972145 1.10446 0.306925
v 0.915508 1.07027 0.446108
v 0.742147 1.54646 0.174136
v 0.64993 1.58065 0.292777
v 0.99306 1.31564 -0.0275794
v 0.862847 1.50807 -0.0332969
v 0.960853 1.33561 0.094691
v 0.866019 1.47576 0.0905269
v 1.06312 1.1232 0.0823296
v 1.01188 1.19546 0.174738
v 1.05663 1.0142 0.22766
v 1.00542 1.09286 0.309219
v 0.70737 1.64894 0.0667087
v 0.568288 1.70051 0.245641
v 0.752785 1.57836 0.163361
v 0.651491 1.61591 0.293678
v 0.952777 1.28103 -0.0730163
v 0.816993 1.48169 -0.0789784
v 0.99306 1.31564 -0.0275794
v 0.862847 1.50807 -0.0332969
v 1.02318 1.08606 0.0393284
v 1.06312 1.1232 0.0823296
v 0.654865 1.62859 0.0253053
v 0.509834 1.68236 0.211892
v 0.70737 1.64894 0.0667087
v 0.568288 1.70051 0.245641
v 1.03081 0.995692 0.179761
v 1.05663 1.0142 0.22766
v 1.00466 1.06068 0.33942
v 1.01103 1.00274 0.362264
v 1.06394 0.991288 0.22773
v 1.0251 0.976606 0.176911
v 1.05663 1.0142 0.22766
v 1.01103 1.00274 0.362264
v 1.02975 0.937342 0.348744
v 1.00542 1.09286 0.309219
v 0.943206 1.05531 0.4621
v 0.95885 1.03736 0.340555
v 0.905125 0.994743 0.440114
v 1.01103 1.00274 0.362264
v 0.962933 0.992053 0.358928
v 1.02975 0.937342 0.348744
v 0.988923 0.912071 0.346972
v 1.00466 1.06068 0.33942
v 1.00542 1.09286 0.309219
v 0.95885 1.03736 0.340555
v 1.06394 0.991288 0.22773
v 1.09056 0.75109 0.168424
v 1.13364 0.755017 0.148646
v 1.1629 0.748735 -0.0386977
v 1.13364 0.755017 0.148646
v 1.1629 0.748735 -0.0386977
v 1.10643 0.736807 -0.0846359
v 0.960853 1.33561 0.094691
v 0.866019 1.47576 0.0905269
v 0.931573 1.32546 0.111619
v 0.845236 1.45306 0.107827
v 1.01188 1.19546 0.174738
v 0.978025 1.19787 0.184493
v 1.00542 1.09286 0.309219
v 0.972145 1.10446 0.306925
v 0.943206 1.05531 0.4621
v 1.00542 1.09286 0.309219
v 0.915508 1.07027 0.446108
v 0.972145 1.10446 0.306925
v 0.752785 1.57836 0.163361
v 0.651491 1.61591 0.293678
v 0.742147 1.54646 0.174136
v 0.64993 1.58065 0.292777
v 0.633864 1.32546 0.627267
v 0.587412 1.45306 0.554392
v 0.720201 1.19787 0.631058
v 0.82329 1.10446 0.564749
v 0.593292 1.54646 0.43196
v 0.544058 1.31564 0.750114
v 0.633844 1.33561 0.661088
v 0.474 1.50807 0.640206
v 0.582821 1.47576 0.581041
v 0.674271 1.1232 0.755832
v 0.728679 1.19546 0.665252
v 0.796888 1.0142 0.67755
v 0.841913 1.09286 0.592417
v 0.482869 1.64894 0.455556
v 0.58928 1.57836 0.44656
v 0.484567 1.28103 0.737947
v 0.544058 1.31564 0.750114
v 0.411512 1.48169 0.623336
v 0.474 1.50807 0.640206
v 0.674271 1.1232 0.755832
v 0.617063 1.08606 0.742747
v 0.42076 1.62859 0.430787
v 0.482869 1.64894 0.455556
v 0.796888 1.0142 0.67755
v 0.742496 0.995693 0.679139
v 0.867692 1.06068 0.576665
v 0.89066 1.00274 0.570759
v 0.737172 0.976606 0.675617
v 0.800605 0.991288 0.683848
v 0.796888 1.0142 0.67755
v 0.888309 0.937342 0.593728
v 0.89066 1.00274 0.570759
v 0.841913 1.09286 0.592417
v 0.845767 1.03736 0.536421
v 0.866361 0.912071 0.559256
v 0.86372 0.992053 0.53077
v 0.888309 0.937342 0.593728
v 0.89066 1.00274 0.570759
v 0.867692 1.06068 0.576665
v 0.845767 1.03736 0.536421
v 0.841913 1.09286 0.592417
v 0.800605 0.991288 0.683848
v 0.766961 0.755017 0.783744
v 0.762552 0.75109 0.736552
v 0.61935 0.748735 0.90276
v 0.766961 0.755017 0.783744
v 0.55133 0.736807 0.876823
v 0.61935 0.748735 0.90276
v 0.633844 1.33561 0.661088
v 0.633864 1.32546 0.627267
v 0.582821 1.47576 0.581041
v 0.587412 1.45306 0.554392
v 0.728679 1.19546 0.665252
v 0.720201 1.19787 0.631058
v 0.841913 1.09286 0.592417
v 0.82329 1.10446 0.564749
v 0.841913 1.09286 0.592417
v 0.82329 1.10446 0.564749
v 0.58928 1.57836 0.44656
v 0.593292 1.54646 0.43196
v -1.22166 0.588051 -0.244814
v -1.22166 0.541937 -0.133486
v -1.44551 0.588051 -0.244814
v -1.44551 0.541937 -0.133486
v -1.22166 0.541937 -0.133486
v -1.22166 0.588051 -0.0221581
v -1.44551 0.541937 -0.133486
v -1.44551 0.588051 -0.0221581
v -1.22166 0.699378 0.0239554
v -1.44551 0.699378 0.0239554
v -1.22166 0.810706 -0.0221581
v -1.44551 0.810706 -0.0221581
v -1.22166 0.85682 -0.133486
v -1.44551 0.85682 -0.133486
v -1.22166 0.85682 -0.133486
v -1.22166 0.810706 -0.244814
v -1.44551 0.85682 -0.133486
v -1.44551 0.810706 -0.244814
v -1.22166 0.699378 -0.290927
v -1.44551 0.699378 -0.290927
v -1.75407 1.47355 -0.229987
v -1.79404 1.47355 -0.133486
v -1.65757 1.47355 -0.133486
v -1.75407 1.47355 -0.0369852
v -1.65757 1.47355 0.00298676
v -1.56107 1.47355 -0.0369852
v -1.5211 1.47355 -0.133486
v -1.56107 1.47355 -0.229987
v -1.65757 1.47355 -0.269959
v -1.75407 0.757343 -0.0369852
v -1.65757 0.801711 0.00298676
v -1.75407 1.03375 -0.0369852
v -1.65757 1.03375 0.00298676
v -1.79404 0.739129 -0.133486
v -1.79404 1.03375 -0.133486
v -1.75407 0.757343 -0.229987
v -1.75407 1.03375 -0.229987
v -1.65757 0.801711 -0.269959
v -1.65757 1.03375 -0.269959
v -1.56107 0.841911 -0.229987
v -1.56107 1.03375 -0.229987
v -1.5211 0.857523 -0.133486
v -1.5211 1.03375 -0.133486
v -1.56107 0.841911 -0.0369852
v -1.5211 0.857523 -0.133486
v -1.56107 1.03375 -0.0369852
v -1.5211 1.03375 -0.133486
v -1.54335 0.699378 0.00298676
v -1.61656 0.738835 0.00298676
v -1.57588 0.602878 -0.0369852
v -1.69181 0.662491 -0.0369852
v -1.58759 0.562906 -0.133486
v -1.71907 0.628637 -0.133486
v -1.57588 0.602878 -0.229987
v -1.69181 0.662491 -0.229987
v -1.54335 0.699378 -0.269959
v -1.61656 0.738835 -0.269959
v -1.51329 0.795879 -0.229987
v -1.54484 0.811641 -0.229987
v -1.50042 0.835851 -0.133486
v -1.51291 0.845486 -0.133486
v -1.50042 0.835851 -0.133486
v -1.51291 0.845486 -0.133486
v -1.51329 0.795879 -0.0369852
v -1.54484 0.811641 -0.0369852
v -1.75407 1.30282 -0.0369852
v -1.65757 1.30282 0.00298676
v -1.75407 1.47355 -0.0369852
v -1.65757 1.47355 0.00298676
v -1.79404 1.30282 -0.133486
v -1.79404 1.47355 -0.133486
v -1.75407 1.30282 -0.229987
v -1.79404 1.30282 -0.133486
v -1.75407 1.47355 -0.229987
v -1.79404 1.47355 -0.133486
v -1.65757 1.30282 -0.269959
v -1.65757 1.47355 -0.269959
v -1.56107 1.30282 -0.229987
v -1.56107 1.47355 -0.229987
v -1.5211 1.30282 -0.133486
v -1.5211 1.47355 -0.133486
v -1.56107 1.30282 -0.0369852
v -1.5211 1.30282 -0.133486
v -1.56107 1.47355 -0.0369852
v -1.5211 1.47355 -0.133486
v -1.75407 1.03375 -0.0369852
v -1.65757 1.03375 0.00298676
v -1.78514 1.05521 -0.00591299
v -1.65757 1.05521 0.0469295
v -1.79404 1.03375 -0.133486
v -1.83799 1.05521 -0.133486
v -1.75407 1.03375 -0.229987
v -1.79404 1.03375 -0.133486
v -1.78514 1.05521 -0.261059
v -1.83799 1.05521 -0.133486
v -1.65757 1.03375 -0.269959
v -1.65757 1.05521 -0.313901
v -1.56107 1.03375 -0.229987
v -1.53 1.05521 -0.261059
v -1.5211 1.03375 -0.133486
v -1.47716 1.05521 -0.133486
v -1.56107 1.03375 -0.0369852
v -1.5211 1.03375 -0.133486
v -1.53 1.05521 -0.00591299
v -1.47716 1.05521 -0.133486
v -1.78514 1.05521 -0.00591299
v -1.65757 1.05521 0.0469295
v -1.78514 1.2486 -0.00591299
v -1.65757 1.2486 0.0469295
v -1.83799 1.05521 -0.133486
v -1.83799 1.2486 -0.133486
v -1.78514 1.05521 -0.261059
v -1.83799 1.05521 -0.133486
v -1.78514 1.2486 -0.261059
v -1.83799 1.2486 -0.133486
v -1.65757 1.05521 -0.313901
v -1.65757 1.2486 -0.313901
v -1.53 1.05521 -0.261059
v -1.53 1.2486 -0.261059
v -1.47716 1.05521 -0.133486
v -1.47716 1.2486 -0.133486
v -1.53 1.05521 -0.00591299
v -1.47716 1.05521 -0.133486
v -1.53 1.2486 -0.00591299
v -1.47716 1.2486 -0.133486
v -1.78514 1.2486 -0.00591299
v -1.65757 1.2486 0.0469295
v -1.75407 1.30282 -0.0369852
v -1.65757 1.30282 0.00298676
v -1.83799 1.2486 -0.133486
v -1.79404 1.30282 -0.133486
v -1.78514 1.2486 -0.261059
v -1.83799 1.2486 -0.133486
v -1.75407 1.30282 -0.229987
v -1.79404 1.30282 -0.133486
v -1.65757 1.2486 -0.313901
v -1.65757 1.30282 -0.269959
v -1.53 1.2486 -0.261059
v -1.56107 1.30282 -0.229987
v -1.47716 1.2486 -0.133486
v -1.5211 1.30282 -0.133486
v -1.53 1.2486 -0.00591299
v -1.47716 1.2486 -0.133486
v -1.56107 1.30282 -0.0369852
v -1.5211 1.30282 -0.133486
v -1.44551 0.699378 0.0239554
v -1.44551 0.810706 -0.0221581
v -1.45784 0.699378 0.00298676
v -1.45784 0.795879 -0.0369852
v -1.44551 0.588051 -0.0221581
v -1.45784 0.602878 -0.0369852
v -1.44551 0.541937 -0.133486
v -1.45784 0.562906 -0.133486
v -1.44551 0.588051 -0.244814
v -1.44551 0.541937 -0.133486
v -1.45784 0.602878 -0.229987
v -1.45784 0.562906 -0.133486
v -1.44551 0.699378 -0.290927
v -1.45784 0.699378 -0.269959
v -1.44551 0.810706 -0.244814
v -1.45784 0.795879 -0.229987
v -1.44551 0.85682 -0.133486
v -1.45784 0.835851 -0.133486
v -1.44551 0.85682 -0.133486
v -1.45784 0.835851 -0.133486
v -1.45784 0.795879 -0.0369852
v -1.45784 0.699378 0.00298676
v -1.45784 0.602878 -0.0369852
v -1.45784 0.562906 -0.133486
v -1.45784 0.602878 -0.229987
v -1.45784 0.699378 -0.269959
v -1.45784 0.795879 -0.229987
v -1.45784 0.835851 -0.133486
v -1.45784 0.835851 -0.133486
v -0.626596 1.86695 -0.0230973
v -0.626596 1.86695 -0.243874
v -0.86757 1.86695 -0.0230973
v -0.86757 1.86695 -0.243874
v -0.86757 1.86695 -0.0230973
v -0.86757 1.86695 -0.243874
v -0.92424 1.55799 -0.0230973
v -0.92424 1.55799 -0.243874
v -0.92424 1.55799 -0.243874
v -0.86757 1.86695 -0.243874
v -0.626596 1.79891 -0.243874
v -0.626596 1.86695 -0.243874
v -0.92424 1.55799 -0.0230973
v -0.626596 1.79891 -0.0230973
v -0.86757 1.86695 -0.0230973
v -0.626596 1.86695 -0.0230973
v 1.68317 0.631784 0.0166568
v 1.68317 0.543833 -0.0712945
v 1.68317 0.693975 -0.133485
v 1.68317 0.543833 -0.195677
v 1.68317 0.631784 -0.283628
v 1.68317 0.756167 -0.283628
v 1.68317 0.844118 -0.195677
v 1.68317 0.844118 -0.0712945
v 1.68317 0.756167 0.0166568
v 1.50992 0.844118 -0.195677
v 1.50992 0.844118 -0.0712945
v 1.68317 0.844118 -0.195677
v 1.68317 0.844118 -0.0712945
v 1.50992 0.756167 -0.283628
v 1.50992 0.844118 -0.195677
v 1.68317 0.756167 -0.283628
v 1.68317 0.844118 -0.195677
v 1.50992 0.631784 -0.283628
v 1.68317 0.631784 -0.283628
v 1.50992 0.543833 -0.195677
v 1.68317 0.543833 -0.195677
v 1.50992 0.543833 -0.0712945
v 1.68317 0.543833 -0.0712945
v 1.50992 0.631784 0.0166568
v 1.50992 0.543833 -0.0712945
v 1.68317 0.631784 0.0166568
v 1.68317 0.543833 -0.0712945
v 1.50992 0.756167 0.0166568
v 1.68317 0.756167 0.0166568
v 1.49048 0.826906 -0.188547
v 1.49048 0.826906 -0.0784237
v 1.50992 0.844118 -0.195677
v 1.50992 0.844118 -0.0712945
v 1.49048 0.749037 -0.266416
v 1.49048 0.826906 -0.188547
v 1.50992 0.756167 -0.283628
v 1.50992 0.844118 -0.195677
v 1.49048 0.638914 -0.266416
v 1.50992 0.631784 -0.283628
v 1.49048 0.561045 -0.188547
v 1.50992 0.543833 -0.195677
v 1.49048 0.561045 -0.0784237
v 1.50992 0.543833 -0.0712945
v 1.49048 0.638914 -0.000554502
v 1.49048 0.561045 -0.0784237
v 1.50992 0.631784 0.0166568
v 1.50992 0.543833 -0.0712945
v 1.49048 0.749037 -0.000554502
v 1.50992 0.756167 0.0166568
v 1.49048 0.826906 -0.188547
v 1.21083 0.826907 -0.188547
v 1.49048 0.826906 -0.0784237
v 1.21083 0.826906 -0.0784237
v 1.49048 0.749037 -0.266416
v 1.21083 0.749037 -0.266416
v 1.49048 0.826906 -0.188547
v 1.21083 0.826907 -0.188547
v 1.49048 0.638914 -0.266416
v 1.21083 0.638914 -0.266416
v 1.49048 0.561045 -0.188547
v 1.21083 0.561045 -0.188547
v 1.49048 0.561045 -0.0784237
v 1.21083 0.561045 -0.0784237
v 1.49048 0.638914 -0.000554502
v 1.21083 0.638914 -0.000554502
v 1.49048 0.561045 -0.0784237
v 1.21083 0.561045 -0.0784237
v 1.49048 0.749037 -0.000554502
v 1.21083 0.749037 -0.000554502
v 1.19139 0.844118 -0.195677
v 1.01814 0.844118 -0.195677
v 1.19139 0.844118 -0.0712945
v 1.01814 0.844118 -0.0712945
v 1.19139 0.756167 -0.283628
v 1.01814 0.756167 -0.283628
v 1.19139 0.844118 -0.195677
v 1.01814 0.844118 -0.195677
v 1.19139 0.631784 -0.283628
v 1.01814 0.631785 -0.283628
v 1.19139 0.543833 -0.195677
v 1.01814 0.543833 -0.195677
v 1.19139 0.543833 -0.0712945
v 1.01814 0.543833 -0.0712945
v 1.19139 0.631784 0.0166568
v 1.01814 0.631785 0.0166568
v 1.19139 0.543833 -0.0712945
v 1.01814 0.543833 -0.0712945
v 1.19139 0.756167 0.0166568
v 1.01814 0.756167 0.0166568
v 1.21083 0.826907 -0.188547
v 1.19139 0.844118 -0.195677
v 1.21083 0.826906 -0.0784237
v 1.19139 0.844118 -0.0712945
v 1.21083 0.749037 -0.266416
v 1.19139 0.756167 -0.283628
v 1.21083 0.826907 -0.188547
v 1.19139 0.844118 -0.195677
v 1.21083 0.638914 -0.266416
v 1.19139 0.631784 -0.283628
v 1.21083 0.561045 -0.188547
v 1.19139 0.543833 -0.195677
v 1.21083 0.561045 -0.0784237
v 1.19139 0.543833 -0.0712945
v 1.21083 0.638914 -0.000554502
v 1.19139 0.631784 0.0166568
v 1.21083 0.561045 -0.0784237
v 1.19139 0.543833 -0.0712945
v 1.21083 0.749037 -0.000554502
v 1.19139 0.756167 0.0166568
v 1.12501 0 0.0964177
v 0.955805 0.140534 0.0955255
v 1.12512 0 -0.362536
v 0.955805 0.140534 -0.362497
v 1.15527 0 -0.133486
v 1.12512 0 -0.362536
v 1.12501 0 0.0964177
v 1.15527 0 -0.133486

vn 1 0 0
vn 0.707031 0 -0.707031
vn 1 0 0
vn 0.707031 0 -0.707031
vn 0.707031 0 0.707031
vn 0.707031 0 0.707031
vn 0.141479 0.00262642 0.989746
vn 0.141479 0.00262642 0.989746
vn 0.140625 0.000113249 -0.989746
vn 0.140625 0.000113249 -0.989746
vn 0 1 0
vn 0 1 0
vn 0 1 0
vn 0 1 0
vn 0 -1 0
vn 0 -1 0
vn 0 -1 0
vn 0 -1 0
vn 0 -1 0
vn 0 1 0
vn 0 1 0
vn 1 0 4.76837e-007
vn 0.707031 0 -0.707031
vn 1 0 4.76837e-007
vn 0.707031 0 -0.707031
vn 0.707031 0 0.707031
vn 0.707031 0 0.707031
vn -4.76837e-007 0 1
vn -4.76837e-007 0 1
vn -0.707031 0 0.707031
vn -4.76837e-007 0 1
vn -0.707031 0 0.707031
vn -4.76837e-007 0 1
vn -1 0 0
vn -1 0 0
vn -0.707031 0 -0.707031
vn -0.707031 0 -0.707031
vn -7.15256e-007 0 -1
vn -7.15256e-007 0 -1
vn -7.15256e-007 0 -1
vn -7.15256e-007 0 -1
vn 0.247437 0.936523 0.247437
vn 0.349854 0.936523 4.76837e-007
vn 0.247437 0.936523 0.247437
vn 0.349854 0.936523 0
vn -6.55651e-007 0.936523 0.349854
vn 0 0.936523 0.349854
vn -0.247437 0.936523 0.247437
vn -6.55651e-007 0.936523 0.349854
vn -0.247437 0.936523 0.247437
vn 0 0.936523 0.349854
vn -0.349854 0.936523 4.17233e-007
vn -0.349854 0.936523 -2.98023e-007
vn -0.247437 0.936523 -0.247437
vn -0.247437 0.936523 -0.247437
vn -1.19209e-007 0.936523 -0.349854
vn 0 0.936523 -0.349854
vn 0.247437 0.936523 -0.247437
vn -1.19209e-007 0.936523 -0.349854
vn 0.247437 0.936523 -0.247437
vn 0 0.936523 -0.349854
vn 0 1 0
vn -0.707031 0 0.707031
vn 0 0 1
vn -0.707031 0 0.707031
vn 0 0 1
vn -1 1.78814e-007 0
vn -1 1.78814e-007 0
vn -0.707031 0 -0.707031
vn -1 1.78814e-007 0
vn -0.707031 0 -0.707031
vn -1 1.78814e-007 0
vn 2.98023e-007 0 -1
vn 2.98023e-007 0 -1
vn 0.707031 0 -0.707031
vn 0.707031 0 -0.707031
vn 1 1.78814e-007 3.57628e-007
vn 1 1.78814e-007 3.57628e-007
vn 0.707031 1.19209e-007 0.707031
vn 1 1.78814e-007 3.57628e-007
vn 0.707031 1.19209e-007 0.707031
vn 1 1.78814e-007 3.57628e-007
vn 0 0.999023 0.0383606
vn 0 0.999023 0.0383606
vn 0 0.999023 0.0383606
vn 0 0.999023 0.0383606
vn 0.0939331 0.571289 0.814941
vn 1.19209e-007 0.56543 0.824219
vn 0.141724 0.536133 0.832031
vn -0.88916 0.454346 0.047699
vn -0.881348 0.467041 0.0673218
vn -0.888672 0.455322 0.0490723
vn -0.881348 0.467041 0.0673218
vn 0.180542 0.745605 0.641113
vn 0.206421 0.809082 0.549805
vn 0.179932 0.744141 0.643066
vn 0.206421 0.809082 0.549805
vn -0.90332 0.427734 -0.0198822
vn -0.896973 0.441162 0.0144043
vn -0.90332 0.427734 -0.0198822
vn -0.896484 0.442383 0.0176086
vn 0.15686 0.706543 0.689941
vn 0.157104 0.683594 0.712402
vn 0.0939331 0.571289 0.814941
vn 0.141724 0.536133 0.832031
vn 0.94043 -0.00665665 0.339355
vn 0.939941 0.014595 0.340332
vn 0.94043 -0.00766373 0.339355
vn 0.939941 0.014595 0.340332
vn 0.9375 -0.0375977 0.345459
vn 0.937988 -0.0331421 0.344238
vn 0.931641 -0.0749512 0.354492
vn 0.931641 -0.0749512 0.354492
vn 0.881348 0.467041 0.0673218
vn 0.881348 0.467041 0.0673218
vn 0.888672 0.455322 0.0490723
vn 0.88916 0.454346 0.047699
vn -0.206421 0.809082 0.549805
vn -0.206421 0.809082 0.549805
vn -0.179932 0.744141 0.643066
vn -0.180542 0.745605 0.641113
vn 0.896484 0.442383 0.0176086
vn 0.896973 0.441162 0.0144043
vn 0.90332 0.427734 -0.0198822
vn 0.90332 0.427734 -0.0198822
vn -0.15686 0.706543 0.689941
vn -0.157104 0.683594 0.712402
vn -0.0939331 0.571289 0.814941
vn -0.141724 0.536133 0.832031
vn -0.939941 0.014595 0.340332
vn -0.939941 0.014595 0.340332
vn -0.94043 -0.00766373 0.339355
vn -0.94043 -0.00665665 0.339355
vn -0.9375 -0.0375977 0.345459
vn -0.937988 -0.0331421 0.344238
vn -0.931641 -0.0749512 0.354492
vn -0.931641 -0.0749512 0.354492
vn 0.939941 0.20752 0.269531
vn 0.939941 0.20752 0.269531
vn 0.939941 0.20752 0.269531
vn 0.939941 0.20752 0.269531
vn -0.939941 0.20752 0.269531
vn -0.939941 0.20752 0.269531
vn -0.939941 0.20752 0.269531
vn -0.939941 0.20752 0.269531
vn 0 -0.039978 0.999023
vn 0 -0.039978 0.999023
vn 0 -0.039978 0.999023
vn 0 -0.039978 0.999023
vn 0 0.804688 0.593262
vn 0 0.804688 0.593262
vn 0 0.804688 0.593262
vn 0 0.804688 0.593262
vn -0.0939331 0.571289 0.814941
vn -0.141724 0.536133 0.832031
vn 0.499756 0 -0.865723
vn 0.258789 4.17233e-007 -0.96582
vn 0.499756 0 -0.865723
vn 0.258789 4.17233e-007 -0.96582
vn 1.78814e-007 9.53674e-007 -1
vn 1.78814e-007 9.53674e-007 -1
vn -0.258789 6.55651e-007 -0.96582
vn -0.258789 6.55651e-007 -0.96582
vn -0.499756 3.57628e-007 -0.865723
vn -0.499756 3.57628e-007 -0.865723
vn 0.999512 1.01328e-006 0.000247717
vn 0.991211 2.38419e-007 -0.130493
vn 1 5.96046e-007 0.000127792
vn 0.935547 1.13249e-006 -0.352051
vn 0.947754 8.34465e-007 -0.318604
vn 0.865723 4.76837e-007 -0.499756
vn 0.865723 4.76837e-007 -0.499756
vn 0.707031 0 -0.707031
vn 0.707031 0 -0.707031
vn 0 1 1.13249e-006
vn 0 1 0
vn 0 1 0
vn 0 1 0
vn 0 1 0
vn 0 1 5.36442e-007
vn 0 1 0
vn 0 1 1.13249e-006
vn 0 1 -1.13249e-006
vn 0 1 0
vn -0.23938 0.378906 -0.893555
vn -0.462646 0.378906 -0.80127
vn -0.210083 0.583496 -0.78418
vn -0.405762 0.583496 -0.702637
vn 0 0.378906 -0.925293
vn 0 0.583496 -0.811523
vn 0.23938 0.378906 -0.893555
vn 0.210083 0.583496 -0.78418
vn 0.462646 0.378906 -0.80127
vn 0.405762 0.583496 -0.702637
vn -0.258789 -2.38419e-007 -0.96582
vn -0.499756 -2.98023e-007 -0.865723
vn -0.258789 -2.38419e-007 -0.96582
vn -0.499756 -2.98023e-007 -0.865723
vn 1.13249e-006 -5.36442e-007 -1
vn 1.13249e-006 -5.36442e-007 -1
vn 0.258789 -2.38419e-007 -0.96582
vn 0.258789 -2.38419e-007 -0.96582
vn 0.499756 0 -0.865723
vn 0.499756 0 -0.865723
vn 0.707031 0 -0.707031
vn 0.707031 0 -0.707031
vn 0.865723 -2.38419e-007 -0.5
vn 0.865723 -2.38419e-007 -0.5
vn 0.96582 -7.15256e-007 -0.258789
vn 0.96582 -7.15256e-007 -0.258789
vn 1 -4.17233e-007 4.82798e-006
vn 1 -4.17233e-007 4.82798e-006
vn -0.247925 0.285889 -0.925293
vn -0.479004 0.285889 -0.82959
vn 0 0.285889 -0.958008
vn 0.247925 0.285889 -0.925293
vn 0.479004 0.285889 -0.82959
vn -0.172974 0.743652 -0.645508
vn -0.334229 0.743652 -0.578613
vn -0.142456 0.834473 -0.531738
vn -0.275391 0.834473 -0.476807
vn 1.19209e-007 0.743652 -0.668457
vn 2.98023e-007 0.834473 -0.550781
vn 0.172974 0.743652 -0.645508
vn 0.142456 0.834473 -0.531738
vn 0.334229 0.743652 -0.578613
vn 0.275391 0.834473 -0.476807
vn 0.472656 0.743652 -0.472656
vn 0.334229 0.743652 -0.578613
vn 0.389404 0.834473 -0.389404
vn 0.275391 0.834473 -0.476807
vn 0.578613 0.743652 -0.334229
vn 0.476807 0.834473 -0.275391
vn 0.645508 0.743652 -0.172974
vn 0.531738 0.834473 -0.142456
vn 0.668457 0.743652 1.72853e-006
vn 0.550781 0.834473 1.84774e-006
vn 0 1 0
vn 0 1 -3.57628e-007
vn 0 1 0
vn 0 1 -3.57628e-007
vn 0 1 1.78814e-007
vn 0 1 1.78814e-007
vn 0 1 -3.57628e-007
vn 0 1 -3.57628e-007
vn 0 1 -2.38419e-007
vn 0 1 -2.38419e-007
vn 0 1 0
vn 0 1 0
vn 0 1 5.36442e-007
vn 0 1 5.36442e-007
vn 0 1 5.36442e-007
vn 0 1 5.36442e-007
vn 0 1 -4.76837e-007
vn 0 1 -4.76837e-007
vn -0.5 0 0.865723
vn -0.258789 0 0.96582
vn -0.5 0 0.865723
vn -0.258789 0 0.96582
vn -4.76837e-007 0 1
vn -4.76837e-007 0 1
vn 0.258789 0 0.96582
vn 0.258789 0 0.96582
vn 0.499756 0 0.865723
vn 0.499756 0 0.865723
vn -1 0 -5.90086e-006
vn -0.96582 0 0.258789
vn -1 0 -5.90086e-006
vn -0.96582 0 0.258789
vn -0.865723 0 0.5
vn -0.865723 0 0.5
vn -0.707031 0 0.707031
vn -0.707031 0 0.707031
vn -0.258789 0 -0.96582
vn -0.499756 0 -0.865723
vn -0.258789 0 -0.96582
vn -0.499756 0 -0.865723
vn -1.78814e-007 0 -1
vn -1.78814e-007 0 -1
vn 0.258789 0 -0.96582
vn 0.258789 0 -0.96582
vn 0.499756 0 -0.865723
vn 0.499756 0 -0.865723
vn 0.707031 0 -0.707031
vn 0.707031 0 -0.707031
vn 0.865723 0 -0.499756
vn 0.865723 0 -0.499756
vn 0.96582 0 -0.258789
vn 0.96582 0 -0.258789
vn 1 0 2.5034e-006
vn 1 0 2.5034e-006
vn -0.0733643 -0.958496 -0.273682
vn -0.141724 -0.958496 -0.245483
vn -0.0733643 -0.958496 -0.273682
vn -0.141724 -0.958496 -0.245483
vn -0.141724 0.958496 -0.245483
vn -0.0733643 0.958496 -0.273682
vn -0.141724 0.958496 -0.245483
vn -0.0733643 0.958496 -0.273682
vn -1.19209e-007 -0.958496 -0.283447
vn 0 -0.958496 -0.283447
vn 0 0.958496 -0.283447
vn 0 0.958496 -0.283447
vn 0.0733643 -0.958496 -0.273682
vn 0.0733643 -0.958496 -0.273682
vn 0.0733643 0.958496 -0.273682
vn 0.0733643 0.958496 -0.273682
vn 0.141724 -0.958496 -0.245483
vn 0.141724 -0.958496 -0.245483
vn 0.141724 0.958496 -0.245483
vn 0.141724 0.958496 -0.245483
vn 0.200439 -0.958496 -0.200439
vn 0.200439 -0.958496 -0.200439
vn 0.200439 0.958496 -0.200439
vn 0.200439 0.958496 -0.200439
vn 0.245483 -0.958496 -0.141724
vn 0.245483 -0.958496 -0.141724
vn 0.245483 0.958496 -0.141724
vn 0.245483 0.958496 -0.141724
vn 0.273682 -0.958496 -0.0733643
vn 0.273682 -0.958496 -0.0733643
vn 0.273682 0.958496 -0.0733643
vn 0.273682 0.958496 -0.0733643
vn 0.283447 -0.958496 7.7486e-007
vn 0.283447 -0.958496 6.55651e-007
vn 0.283447 0.958496 5.36442e-007
vn 0.283447 0.958496 3.57628e-007
vn -0.144165 0.830078 -0.537598
vn -0.27832 0.830078 -0.482178
vn -0.144165 0.830078 -0.537598
vn -0.27832 0.830078 -0.482178
vn 0 0.830078 -0.556641
vn 0 0.830078 -0.556641
vn 0.144165 0.830078 -0.537598
vn 0.144165 0.830078 -0.537598
vn 0.27832 0.830078 -0.482178
vn 0.27832 0.830078 -0.482178
vn 0.393799 0.830078 -0.393799
vn 0.393799 0.830078 -0.393799
vn 0.482178 0.830078 -0.27832
vn 0.482178 0.830078 -0.27832
vn 0.537598 0.830078 -0.144165
vn 0.537598 0.830078 -0.144165
vn 0.556641 0.830078 1.2517e-006
vn 0.556641 0.830078 1.54972e-006
vn -0.258789 -1.78814e-007 -0.96582
vn -0.499756 0 -0.865723
vn -0.258789 -1.78814e-007 -0.96582
vn -0.499756 0 -0.865723
vn -1.78814e-007 -2.98023e-007 -1
vn -1.78814e-007 -2.98023e-007 -1
vn 0.258789 0 -0.96582
vn 0.258789 0 -0.96582
vn 0.499756 1.78814e-007 -0.865723
vn 0.499756 1.78814e-007 -0.865723
vn 0.707031 1.19209e-007 -0.707031
vn 0.707031 1.19209e-007 -0.707031
vn 0.865723 0 -0.499756
vn 0.865723 0 -0.499756
vn 0.96582 0 -0.258789
vn 0.96582 0 -0.258789
vn 1 0 2.5034e-006
vn 1 0 2.5034e-006
vn 0.654297 0.378906 -0.654297
vn 0.462646 0.378906 -0.80127
vn 0.57373 0.583496 -0.57373
vn 0.405762 0.583496 -0.702637
vn 0.80127 0.378906 -0.462646
vn 0.702637 0.583496 -0.405762
vn 0.893555 0.378906 -0.23938
vn 0.78418 0.583496 -0.210083
vn 0.925293 0.378906 1.72853e-006
vn 0.811523 0.583496 1.66893e-006
vn 0.677246 0.285889 -0.677246
vn 0.479004 0.285889 -0.82959
vn 0.82959 0.285889 -0.479004
vn 0.925293 0.285889 -0.247925
vn 0.958008 0.285889 1.84774e-006
vn 0.5 0 0.865723
vn 0.707031 5.36442e-007 0.707031
vn 0.5 0 0.865723
vn 0.707031 5.36442e-007 0.707031
vn 0.865723 5.36442e-007 0.5
vn 0.865723 5.36442e-007 0.5
vn 0.935547 0 0.352295
vn 0.947754 0 0.318604
vn 0.991211 2.38419e-007 0.130493
vn 1 5.96046e-007 0.000127792
vn 0.999512 1.01328e-006 0.000247717
vn -0.5 0 0.865723
vn -0.258789 2.98023e-007 0.96582
vn -0.5 0 0.865723
vn -0.258789 2.98023e-007 0.96582
vn -1.19209e-007 1.78814e-007 1
vn -1.19209e-007 1.78814e-007 1
vn 0.258789 0 0.96582
vn 0.258789 0 0.96582
vn 0 1 0
vn 0 1 0
vn 0 1 0
vn 0 1 -1.13249e-006
vn 0 1 0
vn 0 1 0
vn 0 1 0
vn 0 1 0
vn 0.893555 0.378906 0.23938
vn 0.925293 0.378906 1.72853e-006
vn 0.78418 0.583496 0.210083
vn 0.811523 0.583496 1.66893e-006
vn 0.80127 0.378906 0.462646
vn 0.702637 0.583496 0.405762
vn 0.654297 0.378906 0.654297
vn 0.57373 0.583496 0.57373
vn 0.462646 0.378906 0.80127
vn 0.405762 0.583496 0.702637
vn 0.96582 -1.78814e-007 0.258789
vn 1 -4.17233e-007 4.82798e-006
vn 0.96582 -1.78814e-007 0.258789
vn 1 -4.17233e-007 4.82798e-006
vn 0.865723 -4.17233e-007 0.5
vn 0.865723 -4.17233e-007 0.5
vn 0.707031 -1.78814e-007 0.707031
vn 0.707031 -1.78814e-007 0.707031
vn 0.5 0 0.865723
vn 0.5 0 0.865723
vn 0.258789 0 0.96582
vn 0.258789 0 0.96582
vn 1.60933e-006 -5.36442e-007 1
vn 1.60933e-006 -5.36442e-007 1
vn -0.258789 -8.9407e-007 0.96582
vn -0.258789 -8.9407e-007 0.96582
vn -0.5 -3.57628e-007 0.865723
vn -0.5 -3.57628e-007 0.865723
vn 0.925293 0.285889 0.247925
vn 0.958008 0.285889 1.84774e-006
vn 0.82959 0.285889 0.479004
vn 0.677246 0.285889 0.677246
vn 0.479004 0.285889 0.82959
vn 0.645508 0.743652 0.172974
vn 0.668457 0.743652 1.72853e-006
vn 0.531738 0.834473 0.142456
vn 0.550781 0.834473 1.84774e-006
vn 0.578613 0.743652 0.334229
vn 0.476807 0.834473 0.275391
vn 0.472656 0.743652 0.472656
vn 0.389404 0.834473 0.389404
vn 0.334229 0.743652 0.578613
vn 0.275391 0.834473 0.476807
vn 0.172974 0.743652 0.645508
vn 0.334229 0.743652 0.578613
vn 0.142456 0.834473 0.531738
vn 0.275391 0.834473 0.476807
vn 0 0.743652 0.668457
vn 1.78814e-007 0.834473 0.550781
vn -0.172974 0.743652 0.645508
vn -0.142456 0.834473 0.531738
vn -0.334229 0.743652 0.578613
vn -0.275391 0.834473 0.476807
vn 0 1 -4.76837e-007
vn 0 1 -4.76837e-007
vn 0 1 -4.76837e-007
vn 0 1 -4.76837e-007
vn 0 1 5.36442e-007
vn 0 1 5.36442e-007
vn 0 1 7.15256e-007
vn 0 1 7.15256e-007
vn 0 1 5.36442e-007
vn 0 1 5.36442e-007
vn 0 1 9.53674e-007
vn 0 1 9.53674e-007
vn 0 1 7.15256e-007
vn 0 1 7.15256e-007
vn 0 1 -2.38419e-007
vn 0 1 -2.38419e-007
vn 0 1 -2.38419e-007
vn 0 1 -2.38419e-007
vn -0.499756 0 -0.865723
vn -0.707031 0 -0.707031
vn -0.499756 0 -0.865723
vn -0.707031 0 -0.707031
vn -0.865723 0 -0.5
vn -0.865723 0 -0.5
vn -0.96582 0 -0.258789
vn -0.96582 0 -0.258789
vn -1 0 -5.90086e-006
vn -1 0 -5.90086e-006
vn 0.5 0 -0.865723
vn 0.258789 0 -0.96582
vn 0.5 0 -0.865723
vn 0.258789 0 -0.96582
vn -1.84774e-006 0 -1
vn -1.84774e-006 0 -1
vn -0.258789 0 -0.96582
vn -0.258789 0 -0.96582
vn 0.96582 0 0.258789
vn 1 0 2.5034e-006
vn 0.96582 0 0.258789
vn 1 0 2.5034e-006
vn 0.865723 0 0.499756
vn 0.865723 0 0.499756
vn 0.707031 0 0.707031
vn 0.707031 0 0.707031
vn 0.5 0 0.865723
vn 0.5 0 0.865723
vn 0.258789 0 0.96582
vn 0.258789 0 0.96582
vn -4.76837e-007 0 1
vn -4.76837e-007 0 1
vn -0.258789 0 0.96582
vn -0.258789 0 0.96582
vn -0.5 0 0.865723
vn -0.5 0 0.865723
vn 0.273682 -0.958496 0.0733643
vn 0.283447 -0.958496 7.7486e-007
vn 0.273682 -0.958496 0.0733643
vn 0.283447 -0.958496 6.55651e-007
vn 0.283447 0.958496 5.36442e-007
vn 0.273682 0.958496 0.0733643
vn 0.283447 0.958496 3.57628e-007
vn 0.273682 0.958496 0.0733643
vn 0.245483 -0.958496 0.141724
vn 0.245483 -0.958496 0.141724
vn 0.245483 0.958496 0.141724
vn 0.245483 0.958496 0.141724
vn 0.200439 -0.958496 0.200439
vn 0.200439 -0.958496 0.200439
vn 0.200439 0.958496 0.200439
vn 0.200439 0.958496 0.200439
vn 0.141724 -0.958496 0.245483
vn 0.141724 -0.958496 0.245483
vn 0.141724 0.958496 0.245483
vn 0.141724 0.958496 0.245483
vn 0.0733643 -0.958496 0.273682
vn 0.0733643 -0.958496 0.273682
vn 0.0733643 0.958496 0.273682
vn 0.0733643 0.958496 0.273682
vn -1.19209e-007 -0.958496 0.283447
vn -1.19209e-007 -0.958496 0.283447
vn -1.19209e-007 0.958496 0.283447
vn 0 0.958496 0.283447
vn -0.0733643 -0.958496 0.273682
vn -0.0733643 -0.958496 0.273682
vn -0.0733643 0.958496 0.273682
vn -0.0733643 0.958496 0.273682
vn -0.141724 -0.958496 0.245483
vn -0.141724 -0.958496 0.245483
vn -0.141724 0.958496 0.245483
vn -0.141724 0.958496 0.245483
vn 0.537598 0.830078 0.144165
vn 0.556641 0.830078 1.2517e-006
vn 0.537598 0.830078 0.144165
vn 0.556641 0.830078 1.54972e-006
vn 0.482178 0.830078 0.27832
vn 0.482178 0.830078 0.27832
vn 0.393799 0.830078 0.393799
vn 0.393799 0.830078 0.393799
vn 0.27832 0.830078 0.482178
vn 0.27832 0.830078 0.482178
vn 0.144165 0.830078 0.537598
vn 0.144165 0.830078 0.537598
vn -1.78814e-007 0.830078 0.556641
vn -1.78814e-007 0.830078 0.556641
vn -0.144165 0.830078 0.537598
vn -0.144165 0.830078 0.537598
vn -0.27832 0.830078 0.482178
vn -0.27832 0.830078 0.482178
vn 0.96582 -2.38419e-007 0.258789
vn 1 0 2.5034e-006
vn 0.96582 -2.38419e-007 0.258789
vn 1 0 2.5034e-006
vn 0.865723 -4.17233e-007 0.499756
vn 0.865723 -4.17233e-007 0.499756
vn 0.707031 -1.19209e-007 0.707031
vn 0.707031 -1.19209e-007 0.707031
vn 0.5 1.19209e-007 0.865723
vn 0.5 1.19209e-007 0.865723
vn 0.258789 0 0.96582
vn 0.258789 0 0.96582
vn -4.76837e-007 0 1
vn -4.76837e-007 0 1
vn -0.258789 0 0.96582
vn -0.258789 0 0.96582
vn -0.5 0 0.865723
vn -0.5 0 0.865723
vn 0.23938 0.378906 0.893555
vn 0.462646 0.378906 0.80127
vn 0.210083 0.583496 0.78418
vn 0.405762 0.583496 0.702637
vn 1.19209e-007 0.378906 0.925293
vn 1.78814e-007 0.583496 0.811523
vn -0.23938 0.378906 0.893555
vn -0.210083 0.583496 0.78418
vn -0.462646 0.378906 0.80127
vn -0.405762 0.583496 0.702637
vn 0.247925 0.285889 0.925293
vn 1.19209e-007 0.285889 0.958008
vn -0.247925 0.285889 0.925293
vn -0.479004 0.285889 0.82959
vn -1 0 1.2517e-006
vn -0.96582 7.15256e-007 0.258789
vn -1 0 1.2517e-006
vn -0.96582 7.15256e-007 0.258789
vn -0.865723 1.19209e-006 0.499756
vn -0.865723 1.19209e-006 0.499756
vn -0.707031 4.76837e-007 0.707031
vn -0.707031 4.76837e-007 0.707031
vn -0.5 0 0.865723
vn -0.5 0 0.865723
vn -0.499756 3.57628e-007 -0.865723
vn -0.707031 1.78814e-007 -0.707031
vn -0.499756 3.57628e-007 -0.865723
vn -0.707031 1.78814e-007 -0.707031
vn -0.865723 0 -0.5
vn -0.865723 0 -0.5
vn -0.96582 0 -0.258789
vn -0.96582 0 -0.258789
vn 0 1 0
vn 0 1 0
vn 0 1 0
vn 0 1 0
vn 0 1 -4.76837e-007
vn 0 1 0
vn 0 1 1.13249e-006
vn -0.654297 0.378906 0.654297
vn -0.462646 0.378906 0.80127
vn -0.57373 0.583496 0.57373
vn -0.405762 0.583496 0.702637
vn -0.80127 0.378906 0.462646
vn -0.702637 0.583496 0.405762
vn -0.893555 0.378906 0.23938
vn -0.78418 0.583496 0.210083
vn -0.925293 0.378906 -4.17233e-007
vn -0.811523 0.583496 -3.57628e-007
vn -0.707031 -1.19209e-007 0.707031
vn -0.5 -3.57628e-007 0.865723
vn -0.707031 -1.19209e-007 0.707031
vn -0.5 -3.57628e-007 0.865723
vn -0.865723 -3.57628e-007 0.499756
vn -0.865723 -3.57628e-007 0.499756
vn -0.96582 -1.78814e-007 0.258789
vn -0.96582 -1.78814e-007 0.258789
vn -1 0 4.17233e-007
vn -1 0 4.17233e-007
vn -0.96582 0 -0.258789
vn -0.96582 0 -0.258789
vn -0.865723 -5.96046e-007 -0.499756
vn -0.865723 -5.96046e-007 -0.499756
vn -0.707031 -9.53674e-007 -0.707031
vn -0.707031 -9.53674e-007 -0.707031
vn -0.499756 -2.98023e-007 -0.865723
vn -0.499756 -2.98023e-007 -0.865723
vn -0.677246 0.285889 0.677246
vn -0.479004 0.285889 0.82959
vn -0.82959 0.285889 0.479004
vn -0.925293 0.285889 0.247925
vn -0.958008 0.285889 -2.98023e-007
vn -0.472656 0.743652 0.472656
vn -0.334229 0.743652 0.578613
vn -0.389404 0.834473 0.389404
vn -0.275391 0.834473 0.476807
vn -0.578613 0.743652 0.334229
vn -0.476807 0.834473 0.275391
vn -0.645508 0.743652 0.172974
vn -0.531738 0.834473 0.142456
vn -0.668457 0.743652 0
vn -0.550781 0.834473 4.17233e-007
vn -0.645508 0.743652 -0.172974
vn -0.668457 0.743652 0
vn -0.531738 0.834473 -0.142456
vn -0.550781 0.834473 4.17233e-007
vn -0.578613 0.743652 -0.334229
vn -0.476807 0.834473 -0.275391
vn -0.472656 0.743652 -0.472656
vn -0.389404 0.834473 -0.389404
vn -0.334229 0.743652 -0.578613
vn -0.275391 0.834473 -0.476807
vn 0 1 0
vn 0 1 -2.38419e-007
vn 0 1 0
vn 0 1 -2.38419e-007
vn 0 1 5.36442e-007
vn 0 1 5.36442e-007
vn 0 1 0
vn 0 1 0
vn 0 1 -4.76837e-007
vn 0 1 -4.76837e-007
vn 0 1 -4.76837e-007
vn 0 1 -4.76837e-007
vn 0 1 -4.76837e-007
vn 0 1 -4.76837e-007
vn 0 1 0
vn 0 1 0
vn 0 1 -3.57628e-007
vn 0 1 -3.57628e-007
vn 1 0 2.38419e-007
vn 0.96582 0 -0.258789
vn 1 0 2.38419e-007
vn 0.96582 0 -0.258789
vn 0.865723 0 -0.499756
vn 0.865723 0 -0.499756
vn 0.707031 0 -0.707031
vn 0.707031 0 -0.707031
vn 0.5 0 -0.865723
vn 0.5 0 -0.865723
vn 0.499756 0 0.865723
vn 0.707031 0 0.707031
vn 0.499756 0 0.865723
vn 0.707031 0 0.707031
vn 0.865723 0 0.499756
vn 0.865723 0 0.499756
vn 0.96582 0 0.258789
vn 0.96582 0 0.258789
vn -0.707031 0 0.707031
vn -0.5 0 0.865723
vn -0.707031 0 0.707031
vn -0.5 0 0.865723
vn -0.865723 0 0.5
vn -0.865723 0 0.5
vn -0.96582 0 0.258789
vn -0.96582 0 0.258789
vn -1 0 1.07288e-006
vn -1 0 1.07288e-006
vn -0.96582 0 -0.258789
vn -0.96582 0 -0.258789
vn -0.865723 0 -0.5
vn -0.865723 0 -0.5
vn -0.707031 0 -0.707031
vn -0.707031 0 -0.707031
vn -0.499756 0 -0.865723
vn -0.499756 0 -0.865723
vn -0.200439 -0.958496 0.200439
vn -0.141724 -0.958496 0.245483
vn -0.200439 -0.958496 0.200439
vn -0.141724 -0.958496 0.245483
vn -0.141724 0.958496 0.245483
vn -0.200439 0.958496 0.200439
vn -0.141724 0.958496 0.245483
vn -0.200439 0.958496 0.200439
vn -0.245483 -0.958496 0.141724
vn -0.245483 -0.958496 0.141724
vn -0.245483 0.958496 0.141724
vn -0.245483 0.958496 0.141724
vn -0.273682 -0.958496 0.0733643
vn -0.273682 -0.958496 0.0733643
vn -0.273682 0.958496 0.0733643
vn -0.273682 0.958496 0.0733643
vn -0.283447 -0.958496 2.98023e-007
vn -0.283447 -0.958496 2.98023e-007
vn -0.283447 0.958496 3.57628e-007
vn -0.283447 0.958496 3.57628e-007
vn -0.273682 -0.958496 -0.0733643
vn -0.273682 -0.958496 -0.0733643
vn -0.273682 0.958496 -0.0733643
vn -0.273682 0.958496 -0.0733643
vn -0.245483 -0.958496 -0.141724
vn -0.245483 -0.958496 -0.141724
vn -0.245483 0.958496 -0.141724
vn -0.245483 0.958496 -0.141724
vn -0.200439 -0.958496 -0.200439
vn -0.200439 -0.958496 -0.200439
vn -0.200439 0.958496 -0.200439
vn -0.200439 0.958496 -0.200439
vn -0.141724 -0.958496 -0.245483
vn -0.141724 -0.958496 -0.245483
vn -0.141724 0.958496 -0.245483
vn -0.141724 0.958496 -0.245483
vn -0.393799 0.830078 0.393799
vn -0.27832 0.830078 0.482178
vn -0.393799 0.830078 0.393799
vn -0.27832 0.830078 0.482178
vn -0.482178 0.830078 0.27832
vn -0.482178 0.830078 0.27832
vn -0.537598 0.830078 0.144165
vn -0.537598 0.830078 0.144165
vn -0.556641 0.830078 4.17233e-007
vn -0.556641 0.830078 7.15256e-007
vn -0.537598 0.830078 -0.144165
vn -0.537598 0.830078 -0.144165
vn -0.482178 0.830078 -0.27832
vn -0.482178 0.830078 -0.27832
vn -0.393799 0.830078 -0.393799
vn -0.393799 0.830078 -0.393799
vn -0.27832 0.830078 -0.482178
vn -0.27832 0.830078 -0.482178
vn -0.707031 -1.19209e-007 0.707031
vn -0.5 0 0.865723
vn -0.707031 -1.19209e-007 0.707031
vn -0.5 0 0.865723
vn -0.865723 0 0.5
vn -0.865723 0 0.5
vn -0.96582 0 0.258789
vn -0.96582 0 0.258789
vn -1 0 8.9407e-007
vn -1 0 8.9407e-007
vn -0.96582 1.19209e-007 -0.258789
vn -0.96582 1.19209e-007 -0.258789
vn -0.865723 0 -0.5
vn -0.865723 0 -0.5
vn -0.707031 0 -0.707031
vn -0.707031 0 -0.707031
vn -0.499756 0 -0.865723
vn -0.499756 0 -0.865723
vn -0.893555 0.378906 -0.23938
vn -0.925293 0.378906 -4.17233e-007
vn -0.78418 0.583496 -0.210083
vn -0.811523 0.583496 -3.57628e-007
vn -0.80127 0.378906 -0.462646
vn -0.702637 0.583496 -0.405762
vn -0.654297 0.378906 -0.654297
vn -0.57373 0.583496 -0.57373
vn -0.462646 0.378906 -0.80127
vn -0.405762 0.583496 -0.702637
vn -0.925293 0.285889 -0.247925
vn -0.958008 0.285889 -2.98023e-007
vn -0.82959 0.285889 -0.479004
vn -0.677246 0.285889 -0.677246
vn -0.479004 0.285889 -0.82959
vn 0 -1 0
vn 0 -1 0
vn 0 -1 0
vn 0 -1 0
vn 0 -1 0
vn 0 -1 0
vn 0 -1 0
vn 0 -1 0
vn 0 -1 0
vn 0 -1 0
vn 0 -1 0
vn 0 -1 0
vn 0 -1 0
vn 0 -1 0
vn 0 -1 0
vn 0 -1 0
vn 0 -1 0
vn 0 -1 0
vn 0 -1 0
vn 0 -1 0
vn 0 -1 0
vn 0 -1 0
vn 0 -1 0
vn 0 -1 0
vn 0 -1 0
vn 0 -1 0
vn 0 -1 0
vn 0 -1 0
vn 0 -1 0
vn 0 -1 0
vn 0 -1 0
vn 0 -1 0
vn 0 -1 0
vn 0 -1 0
vn 0 -1 0
vn 0 -1 0
vn 0 -1 0
vn 0 -1 0
vn 0 -1 0
vn 0 -1 0
vn 0 -1 0
vn 0 -1 0
vn 0 -1 0
vn 0 -1 0
vn 0 -1 0
vn 0 -1 0
vn 0 -1 0
vn 0 -1 0
vn 0 -1 0
vn 0 -1 0
vn 0 -1 0
vn 0 -1 0
vn 0 -1 0
vn 0 -1 0
vn 0 -1 0
vn 0 -1 0
vn 0 -1 0
vn 0 -1 0
vn 0 -1 0
vn 0 -1 0
vn 0 -1 0
vn 0 -1 0
vn 0 -1 0
vn 0 -1 0
vn 0 -1 0
vn 0 -1 0
vn 0 -1 0
vn 0 -1 0
vn 0 -1 0
vn 0 -1 0
vn 0 -1 0
vn 0 -1 0
vn 0 -1 0
vn 0 -1 0
vn 0 -1 0
vn 0 -1 0
vn 0 -1 0
vn 0 -1 0
vn 0 -1 0
vn 0 -1 0
vn 0 -1 0
vn 0 -1 0
vn 0 -1 0
vn 0 -1 0
vn 0 -1 0
vn 0 -1 0
vn -0.425781 0.763184 0.485596
vn -0.373047 0.809082 0.453613
vn -0.427734 0.76123 0.486816
vn -0.373047 0.809082 0.453613
vn -0.43457 0.427734 -0.79248
vn -0.447754 0.431885 -0.782715
vn -0.43457 0.427734 -0.79248
vn -0.449463 0.432617 -0.78125
vn 0.175415 -0.00020647 0.984375
vn 0.175293 0.014595 0.984375
vn 0.175415 -0.00162411 0.984375
vn 0.175293 0.014595 0.984375
vn 0.175537 -0.0114059 0.984375
vn 0.175537 -0.0114059 0.984375
vn -0.490967 0.696289 0.522461
vn -0.490967 0.696289 0.522461
vn -0.476074 0.440918 -0.760254
vn -0.476074 0.440918 -0.760254
vn -0.579102 0.809082 0.0961304
vn -0.579102 0.809082 0.0961304
vn -0.635254 0.76123 0.127075
vn -0.633301 0.763184 0.125977
vn 0.45166 0.432617 0.779785
vn 0.453857 0.431885 0.778809
vn 0.468994 0.427734 0.772461
vn 0.468994 0.427734 0.772461
vn -0.764648 0.014595 -0.644043
vn -0.764648 0.014595 -0.644043
vn -0.764648 -0.00162411 -0.644043
vn -0.764648 -0.000206232 -0.644043
vn -0.764648 -0.0114059 -0.644043
vn -0.764648 -0.0114059 -0.644043
vn -0.698242 0.696289 0.163818
vn -0.698242 0.696289 0.163818
vn 0.42041 0.440918 0.79248
vn 0.42041 0.440918 0.79248
vn -0.865723 -0.0179749 0.499756
vn -0.865723 -0.0179749 0.499756
vn -0.865723 -0.0179749 0.499756
vn -0.865723 -0.0179749 0.499756
vn -0.456055 0.849609 0.263184
vn -0.456055 0.849609 0.263184
vn -0.456055 0.849609 0.263184
vn -0.456055 0.849609 0.263184
vn -0.681152 0.248901 -0.687988
vn -0.681152 0.248901 -0.687988
vn -0.681152 0.248901 -0.687988
vn -0.681152 0.248901 -0.687988
vn 0.255371 0.248901 0.934082
vn 0.255371 0.248901 0.934082
vn 0.255371 0.248901 0.934082
vn 0.255371 0.248901 0.934082
vn 0 1 0
vn 0 0.5 0.865723
vn -0.303955 0.952637 -1.19209e-007
vn -0.0828247 0.341797 0.936035
vn 0 -0.5 0.865723
vn 0.22583 -0.597168 0.769043
vn 0 -1 0
vn 0.317383 -0.948242 0
vn 0 -0.5 -0.865723
vn 0.22583 -0.597168 -0.769043
vn 0 0.5 -0.865723
vn -0.0828247 0.341797 -0.936035
vn 0 1 0
vn -0.303955 0.952637 -1.19209e-007
vn -0.40918 0.431641 0.803223
vn -0.12207 0.570313 0.812012
vn -0.685059 0.728027 0
vn -0.187256 0.981934 0
vn -0.40918 0.431641 -0.803711
vn -0.685059 0.728027 0
vn -0.12207 0.570313 -0.812012
vn -0.187256 0.981934 0
vn 0.302734 -0.270508 -0.913574
vn 0.0569763 -0.405762 -0.912109
vn 0.749512 -0.661133 1.01328e-006
vn 0.169434 -0.985352 4.17233e-007
vn 0.302734 -0.270508 0.913574
vn 0.0569763 -0.405762 0.912109
vn -0.452637 0.289307 0.843262
vn -0.839355 0.54248 0
vn -0.452637 0.289307 -0.843262
vn -0.839355 0.54248 0
vn 0.404785 -0.255615 -0.877441
vn 0.847656 -0.529785 7.15256e-007
vn 0.404785 -0.255615 0.877441
vn -0.366699 0.211548 0.905762
vn -0.867676 0.49707 0
vn -0.366699 0.211548 -0.905762
vn -0.867676 0.49707 0
vn 0.4729 -0.356445 -0.805176
vn 0.802246 -0.596191 2.98023e-007
vn 0.4729 -0.356445 0.805176
vn 0 1 0
vn 0 0.5 0.865723
vn 0 0.5 -0.865723
vn 0 1 0
vn 0 -0.5 -0.865723
vn 0 -1 0
vn 0 -0.5 0.865723
vn 0.633301 0.763184 0.125977
vn 0.579102 0.809082 0.0961304
vn 0.635254 0.76123 0.127075
vn 0.579102 0.809082 0.0961304
vn -0.468994 0.427734 0.772461
vn -0.453857 0.431885 0.778809
vn -0.468994 0.427734 0.772461
vn -0.45166 0.432617 0.779785
vn 0.764648 -0.000206709 -0.644043
vn 0.764648 0.014595 -0.644043
vn 0.764648 -0.00162411 -0.644043
vn 0.764648 0.014595 -0.644043
vn 0.764648 -0.0114059 -0.644043
vn 0.764648 -0.0114059 -0.644043
vn 0.698242 0.696289 0.163818
vn 0.698242 0.696289 0.163818
vn -0.42041 0.440918 0.79248
vn -0.42041 0.440918 0.79248
vn 0.373047 0.809082 0.453613
vn 0.373047 0.809082 0.453613
vn 0.427734 0.76123 0.486816
vn 0.425781 0.763184 0.485596
vn 0.449463 0.432617 -0.78125
vn 0.447754 0.431885 -0.782715
vn 0.43457 0.427734 -0.79248
vn 0.43457 0.427734 -0.79248
vn -0.175293 0.014595 0.984375
vn -0.175293 0.014595 0.984375
vn -0.175415 -0.00162315 0.984375
vn -0.175415 -0.000205994 0.984375
vn -0.175537 -0.0113983 0.984375
vn -0.175537 -0.0113983 0.984375
vn 0.490967 0.696289 0.522461
vn 0.490967 0.696289 0.522461
vn 0.476074 0.440918 -0.760254
vn 0.476074 0.440918 -0.760254
vn 0.865723 -0.0179749 0.499756
vn 0.865723 -0.0179749 0.499756
vn 0.865723 -0.0179749 0.499756
vn 0.865723 -0.0179749 0.499756
vn 0.456055 0.849609 0.263184
vn 0.456055 0.849609 0.263184
vn 0.456055 0.849609 0.263184
vn 0.456055 0.849609 0.263184
vn -0.255371 0.248901 0.934082
vn -0.255371 0.248901 0.934082
vn -0.255371 0.248901 0.934082
vn -0.255371 0.248901 0.934082
vn 0.681152 0.248901 -0.687988
vn 0.681152 0.248901 -0.687988
vn 0.681152 0.248901 -0.687988
vn 0.681152 0.248901 -0.687988
vn 0.425781 0.763184 -0.485596
vn 0.373047 0.809082 -0.453613
vn 0.427734 0.76123 -0.486816
vn 0.373047 0.809082 -0.453613
vn 0.43457 0.427734 0.79248
vn 0.447754 0.431885 0.782715
vn 0.43457 0.427734 0.79248
vn 0.449463 0.432617 0.78125
vn -0.175415 -0.000208378 -0.984375
vn -0.175293 0.014595 -0.984375
vn -0.175415 -0.00162601 -0.984375
vn -0.175293 0.014595 -0.984375
vn -0.175537 -0.0114059 -0.984375
vn -0.175537 -0.0114059 -0.984375
vn 0.490967 0.696289 -0.522461
vn 0.490967 0.696289 -0.522461
vn 0.476074 0.440918 0.760254
vn 0.476074 0.440918 0.760254
vn 0.579102 0.809082 -0.0961304
vn 0.579102 0.809082 -0.0961304
vn 0.635254 0.76123 -0.127075
vn 0.633301 0.763184 -0.125977
vn -0.45166 0.432617 -0.779785
vn -0.453857 0.431885 -0.778809
vn -0.468994 0.427734 -0.772461
vn -0.468994 0.427734 -0.772461
vn 0.764648 0.014595 0.644043
vn 0.764648 0.014595 0.644043
vn 0.764648 -0.00162411 0.644043
vn 0.764648 -0.000206351 0.644043
vn 0.764648 -0.0114059 0.644043
vn 0.764648 -0.0114059 0.644043
vn 0.698242 0.696289 -0.163818
vn 0.698242 0.696289 -0.163818
vn -0.42041 0.440918 -0.79248
vn -0.42041 0.440918 -0.79248
vn 0.865723 -0.0179749 -0.499756
vn 0.865723 -0.0179749 -0.499756
vn 0.865723 -0.0179749 -0.499756
vn 0.865723 -0.0179749 -0.499756
vn 0.456055 0.849609 -0.263184
vn 0.456055 0.849609 -0.263184
vn 0.456055 0.849609 -0.263184
vn 0.456055 0.849609 -0.263184
vn 0.681152 0.248901 0.687988
vn 0.681152 0.248901 0.687988
vn 0.681152 0.248901 0.687988
vn 0.681152 0.248901 0.687988
vn -0.255371 0.248901 -0.934082
vn -0.255371 0.248901 -0.934082
vn -0.255371 0.248901 -0.934082
vn -0.255371 0.248901 -0.934082
vn -0.633301 0.763184 -0.125977
vn -0.579102 0.809082 -0.0961304
vn -0.635254 0.76123 -0.127075
vn -0.579102 0.809082 -0.0961304
vn 0.468994 0.427734 -0.772461
vn 0.453857 0.431885 -0.778809
vn 0.468994 0.427734 -0.772461
vn 0.45166 0.432617 -0.779785
vn -0.764648 -0.000206709 0.644043
vn -0.764648 0.014595 0.644043
vn -0.764648 -0.00162411 0.644043
vn -0.764648 0.014595 0.644043
vn -0.764648 -0.0114059 0.644043
vn -0.764648 -0.0114059 0.644043
vn -0.698242 0.696289 -0.163818
vn -0.698242 0.696289 -0.163818
vn 0.42041 0.440918 -0.79248
vn 0.42041 0.440918 -0.79248
vn -0.373047 0.809082 -0.453613
vn -0.373047 0.809082 -0.453613
vn -0.427734 0.76123 -0.486816
vn -0.425781 0.763184 -0.485596
vn -0.449463 0.432617 0.78125
vn -0.447754 0.431885 0.782715
vn -0.43457 0.427734 0.79248
vn -0.43457 0.427734 0.79248
vn 0.175293 0.014595 -0.984375
vn 0.175293 0.014595 -0.984375
vn 0.175415 -0.00162315 -0.984375
vn 0.175415 -0.000205874 -0.984375
vn 0.175537 -0.0114059 -0.984375
vn 0.175537 -0.0114059 -0.984375
vn -0.490967 0.696289 -0.522461
vn -0.490967 0.696289 -0.522461
vn -0.476074 0.440918 0.760254
vn -0.476074 0.440918 0.760254
vn -0.865723 -0.0179749 -0.499756
vn -0.865723 -0.0179749 -0.499756
vn -0.865723 -0.0179749 -0.499756
vn -0.865723 -0.0179749 -0.499756
vn -0.456055 0.849609 -0.263184
vn -0.456055 0.849609 -0.263184
vn -0.456055 0.849609 -0.263184
vn -0.456055 0.849609 -0.263184
vn 0.255371 0.248901 -0.934082
vn 0.255371 0.248901 -0.934082
vn 0.255371 0.248901 -0.934082
vn 0.255371 0.248901 -0.934082
vn -0.681152 0.248901 0.687988
vn -0.681152 0.248901 0.687988
vn -0.681152 0.248901 0.687988
vn -0.681152 0.248901 0.687988
vn -0.20752 0.763184 -0.611328
vn -0.206421 0.809082 -0.549805
vn -0.207642 0.76123 -0.61377
vn -0.206421 0.809082 -0.549805
vn 0.90332 0.427734 0.0198822
vn 0.901367 0.431885 0.00356674
vn 0.90332 0.427734 0.0198822
vn 0.901367 0.432617 0.00124836
vn -0.939941 -0.000207663 -0.340088
vn -0.939941 0.014595 -0.340332
vn -0.939941 -0.00162506 -0.340088
vn -0.939941 0.014595 -0.340332
vn -0.939941 -0.0114059 -0.340088
vn -0.939941 -0.0114059 -0.340088
vn -0.207153 0.696289 -0.686523
vn -0.207153 0.696289 -0.686523
vn 0.896484 0.440918 -0.032135
vn 0.896484 0.440918 -0.032135
vn 0.206421 0.809082 -0.549805
vn 0.206421 0.809082 -0.549805
vn 0.207642 0.76123 -0.61377
vn 0.20752 0.763184 -0.611328
vn -0.901367 0.432617 0.00124836
vn -0.901367 0.431885 0.00356674
vn -0.90332 0.427734 0.0198822
vn -0.90332 0.427734 0.0198822
vn 0.939941 0.014595 -0.340332
vn 0.939941 0.014595 -0.340332
vn 0.939941 -0.00162315 -0.340088
vn 0.939941 -0.000206232 -0.340088
vn 0.939941 -0.0114059 -0.340088
vn 0.939941 -0.0114059 -0.340088
vn 0.207153 0.696289 -0.686523
vn 0.207153 0.696289 -0.686523
vn -0.896484 0.440918 -0.032135
vn -0.896484 0.440918 -0.032135
vn 0 -0.0179749 -0.999512
vn 0 -0.0179749 -0.999512
vn 0 -0.0179749 -0.999512
vn 0 -0.0179749 -0.999512
vn 0 0.849609 -0.526367
vn 0 0.849609 -0.526367
vn 0 0.849609 -0.526367
vn 0 0.849609 -0.526367
vn 0.936523 0.248901 -0.24585
vn 0.936523 0.248901 -0.24585
vn 0.936523 0.248901 -0.24585
vn 0.936523 0.248901 -0.24585
vn -0.936523 0.248901 -0.24585
vn -0.936523 0.248901 -0.24585
vn -0.936523 0.248901 -0.24585
vn -0.936523 0.248901 -0.24585
vn -6.55651e-007 0.213013 0.976563
vn 0 0.213013 0.976563
vn 0 0.213013 0.976563
vn 0 0.213013 0.976563
vn -7.15256e-007 0.213013 0.976563
vn -7.15256e-007 0.213013 0.976563
vn -4.17233e-007 0.213013 0.976563
vn -6.55651e-007 0.213013 0.976563
vn 1.19209e-007 0.213013 0.976563
vn 0 0.213013 0.976563
vn 0 0.213013 0.976563
vn 7.7486e-007 0.213013 0.976563
vn -3.57628e-007 0.213013 0.976563
vn 1.19209e-007 0.213013 0.976563
vn 1.19209e-007 0.213013 0.976563
vn 2.38419e-007 0.213013 0.976563
vn 0 0.213013 0.976563
vn 3.57628e-007 0.213013 0.976563
vn -3.57628e-007 0.213013 0.976563
vn 1.78814e-007 0.612793 0.790039
vn -0.164673 0.580566 0.796875
vn 1.78814e-007 0.612793 0.790039
vn -0.164673 0.580566 0.796875
vn 0.164673 0.580566 0.796875
vn 0.164673 0.580566 0.796875
vn 0.304443 0.489746 0.816895
vn 0.304443 0.489746 0.816895
vn 0.397705 0.353027 0.84668
vn 0.397705 0.353027 0.84668
vn 0.43042 0.192261 0.881348
vn 0.43042 0.192261 0.881348
vn 0.397705 0.03125 0.916504
vn 0.43042 0.192261 0.881348
vn 0.397705 0.03125 0.916504
vn 0.43042 0.192261 0.881348
vn 0.304443 -0.105164 0.946289
vn 0.304443 -0.105164 0.946289
vn 0.164673 -0.196289 0.966309
vn 0.164673 -0.196289 0.966309
vn 1.78814e-007 -0.228394 0.973145
vn 1.78814e-007 -0.228394 0.973145
vn -0.164673 -0.196289 0.966309
vn -0.164673 -0.196289 0.966309
vn -0.304443 -0.105164 0.946289
vn -0.304443 -0.105164 0.946289
vn -0.397705 0.03125 0.916504
vn -0.397705 0.03125 0.916504
vn -0.43042 0.192261 0.881348
vn -0.43042 0.192261 0.881348
vn -0.397705 0.353027 0.84668
vn -0.43042 0.192261 0.881348
vn -0.397705 0.353027 0.84668
vn -0.43042 0.192261 0.881348
vn -0.304443 0.489746 0.816895
vn -0.304443 0.489746 0.816895
vn 3.57628e-007 0.983398 0.179565
vn -0.353027 0.915039 0.19458
vn 5.36442e-007 0.983398 0.179565
vn -0.353027 0.915039 0.19458
vn 0.353027 0.915039 0.19458
vn 0.353027 0.915039 0.19458
vn 0.652344 0.719238 0.237183
vn 0.652344 0.719238 0.237183
vn 0.852539 0.427002 0.301025
vn 0.852539 0.427002 0.301025
vn 0.922852 0.0820313 0.376221
vn 0.922852 0.0820313 0.376221
vn 0.852539 -0.262939 0.451416
vn 0.922852 0.0820313 0.376221
vn 0.852539 -0.262939 0.451416
vn 0.922852 0.0820313 0.376221
vn 0.652344 -0.555176 0.515137
vn 0.652344 -0.555176 0.515137
vn 0.353027 -0.750977 0.557617
vn 0.353027 -0.750977 0.557617
vn -4.17233e-007 -0.819336 0.572754
vn -4.17233e-007 -0.819336 0.572754
vn -0.353027 -0.750977 0.557617
vn -0.353027 -0.750977 0.557617
vn -0.652344 -0.555176 0.515137
vn -0.652344 -0.555176 0.515137
vn -0.852539 -0.262939 0.451416
vn -0.852539 -0.262939 0.451416
vn -0.922852 0.0820313 0.376221
vn -0.922852 0.0820313 0.376221
vn -0.852539 0.427002 0.301025
vn -0.922852 0.0820313 0.376221
vn -0.852539 0.427002 0.301025
vn -0.922852 0.0820313 0.376221
vn -0.652344 0.719238 0.237183
vn -0.652344 0.719238 0.237183
vn 1.19209e-006 0.213013 0.976563
vn 4.76837e-007 0.213013 0.976563
vn 2.38419e-007 0.213013 0.976563
vn 0 0.213013 0.976563
vn 3.57628e-007 0.213013 0.976563
vn 1.19209e-007 0.213013 0.976563
vn 0 0.213013 0.976563
vn 3.57628e-007 0.213013 0.976563
vn -3.57628e-007 0.213013 0.976563
vn 1.19209e-007 0.213013 0.976563
vn 9.53674e-007 0.213013 0.976563
vn 7.7486e-007 0.213013 0.976563
vn 0 0.213013 0.976563
vn 0 0.213013 0.976563
vn 0 0.213013 0.976563
vn 0 0.213013 0.976563
vn 2.98023e-007 0.213013 0.976563
vn 1.19209e-007 0.213013 0.976563
vn -5.96046e-007 0.213013 0.976563
vn -6.55651e-007 0.213013 0.976563
vn -1.90735e-006 0.213013 0.976563
vn -4.17233e-007 0.213013 0.976563
vn -1.07288e-006 0.213013 0.976563
vn -7.15256e-007 0.213013 0.976563
vn 3.57628e-007 0.213013 0.976563
vn -1.07288e-006 0.213013 0.976563
vn 0 0.213013 0.976563
vn -7.15256e-007 0.213013 0.976563
vn 1.19209e-007 0.213013 0.976563
vn 0 0.213013 0.976563
vn -5.96046e-007 0.213013 0.976563
vn -6.55651e-007 0.213013 0.976563
vn -9.53674e-007 0.213013 0.976563
vn -3.57628e-007 0.213013 0.976563
vn 0 0.213013 0.976563
vn 3.57628e-007 0.213013 0.976563
vn -0.706055 0.699707 -0.106628
vn -0.922852 0.383057 -0.0375671
vn -0.706055 0.699707 -0.106628
vn -0.922852 0.383057 -0.0375671
vn -0.38208 0.911133 -0.15271
vn -0.38208 0.911133 -0.15271
vn 4.17233e-007 0.985352 -0.168945
vn 5.96046e-007 0.985352 -0.168945
vn 0.38208 0.911133 -0.15271
vn 0.38208 0.911133 -0.15271
vn 0.706055 0.699707 -0.106628
vn 0.706055 0.699707 -0.106628
vn 0.922852 0.383057 -0.0375671
vn 0.922852 0.383057 -0.0375671
vn 0.998535 0.00955963 0.0438232
vn 0.998535 0.00955963 0.0438232
vn 0.922852 -0.36377 0.125244
vn 0.998535 0.00955963 0.0438232
vn 0.922852 -0.36377 0.125244
vn 0.998535 0.00955963 0.0438232
vn 0.706055 -0.680176 0.194214
vn 0.706055 -0.680176 0.194214
vn 0.38208 -0.89209 0.240356
vn 0.38208 -0.89209 0.240356
vn -2.98023e-007 -0.966309 0.256592
vn -1.19209e-007 -0.966309 0.256592
vn -0.38208 -0.89209 0.240356
vn -0.38208 -0.89209 0.240356
vn -0.706055 -0.680176 0.194214
vn -0.706055 -0.680176 0.194214
vn -0.922852 -0.36377 0.125244
vn -0.922852 -0.36377 0.125244
vn -0.998535 0.00955963 0.0438232
vn -0.998535 0.00955963 0.0438232
vn -0.998535 0.00955963 0.0438232
vn -0.998535 0.00955963 0.0438232
vn 0 0.213013 0.976563
vn 0 0.213013 0.976563
vn 0 0.213013 0.976563
vn 0 0.213013 0.976563
vn 0 0.213013 0.976563
vn 0 0.213013 0.976563
vn 0 0.213013 0.976563
vn -1.37091e-006 0.213013 0.976563
vn 0 0.213013 0.976563
vn 2.80142e-006 0.213013 0.976563
vn 0 0.213013 0.976563
vn 0 0.213013 0.976563
vn 0 0.213013 0.976563
vn 0 0.213013 0.976563
vn 0 0.213013 0.976563
vn 0 0.213013 0.976563
vn 0 0.213013 0.976563
vn 0 0.213013 0.976563
vn 0 0.213013 0.976563
vn 2.38419e-007 0.880859 0.4729
vn -0.290771 0.824219 0.485107
vn 2.38419e-007 0.880859 0.4729
vn -0.290771 0.824219 0.485107
vn 0.290771 0.824219 0.485107
vn 0.290771 0.824219 0.485107
vn 0.537109 0.663086 0.52002
vn 0.537109 0.663086 0.52002
vn 0.702148 0.422607 0.572754
vn 0.702148 0.422607 0.572754
vn 0.759766 0.138428 0.634766
vn 0.759766 0.138428 0.634766
vn 0.702148 -0.145752 0.696777
vn 0.759766 0.138428 0.634766
vn 0.702148 -0.145752 0.696777
vn 0.759766 0.138428 0.634766
vn 0.537109 -0.386475 0.749023
vn 0.537109 -0.386475 0.749023
vn 0.290771 -0.547363 0.78418
vn 0.290771 -0.547363 0.78418
vn 0 -0.604004 0.796387
vn 0 -0.604004 0.796387
vn -0.290771 -0.547363 0.78418
vn -0.290771 -0.547363 0.78418
vn -0.537109 -0.386475 0.749023
vn -0.537109 -0.386475 0.749023
vn -0.702148 -0.145752 0.696777
vn -0.702148 -0.145752 0.696777
vn -0.759766 0.138428 0.634766
vn -0.759766 0.138428 0.634766
vn -0.702148 0.422607 0.572754
vn -0.759766 0.138428 0.634766
vn -0.702148 0.422607 0.572754
vn -0.759766 0.138428 0.634766
vn -0.537109 0.663086 0.52002
vn -0.537109 0.663086 0.52002
vn 3.57628e-007 0.213013 0.976563
vn 3.57628e-007 0.213013 0.976563
vn 3.57628e-007 0.213013 0.976563
vn 3.57628e-007 0.213013 0.976563
vn 3.03984e-006 0.213013 0.976563
vn 2.86102e-006 0.213013 0.976563
vn 3.03984e-006 0.213013 0.976563
vn 2.86102e-006 0.213013 0.976563
vn 3.21865e-006 0.213013 0.976563
vn 3.03984e-006 0.213013 0.976563
vn 3.21865e-006 0.213013 0.976563
vn 3.03984e-006 0.213013 0.976563
vn 0 0.213013 0.976563
vn 0 0.213013 0.976563
vn 0 0.213013 0.976563
vn 0 0.213013 0.976563
vn -1.43051e-006 0.213013 0.976563
vn -1.43051e-006 0.213013 0.976563
vn -1.43051e-006 0.213013 0.976563
vn -1.43051e-006 0.213013 0.976563
vn -1.43051e-006 0.213013 0.976563
vn -1.43051e-006 0.213013 0.976563
vn -1.43051e-006 0.213013 0.976563
vn -1.43051e-006 0.213013 0.976563
vn 1.43051e-006 0.213013 0.976563
vn 1.43051e-006 0.213013 0.976563
vn 1.43051e-006 0.213013 0.976563
vn 1.43051e-006 0.213013 0.976563
vn 2.14577e-006 0.213013 0.976563
vn 2.14577e-006 0.213013 0.976563
vn 2.14577e-006 0.213013 0.976563
vn 2.14577e-006 0.213013 0.976563
vn 1.07288e-006 0.213013 0.976563
vn 1.07288e-006 0.213013 0.976563
vn 1.07288e-006 0.213013 0.976563
vn 1.07288e-006 0.213013 0.976563
vn -3.03984e-006 0.213013 0.976563
vn -4.29153e-006 0.213013 0.976563
vn -3.03984e-006 0.213013 0.976563
vn -4.29153e-006 0.213013 0.976563
vn -1.78814e-006 0.213013 0.976563
vn -3.03984e-006 0.213013 0.976563
vn -1.78814e-006 0.213013 0.976563
vn -3.03984e-006 0.213013 0.976563
vn -6.55651e-007 0.213013 0.976563
vn -6.55651e-007 0.213013 0.976563
vn -6.55651e-007 0.213013 0.976563
vn -6.55651e-007 0.213013 0.976563
vn 2.86102e-006 0.213013 0.976563
vn 2.86102e-006 0.213013 0.976563
vn 2.86102e-006 0.213013 0.976563
vn 2.86102e-006 0.213013 0.976563
vn 0 0.213013 0.976563
vn 0 0.213013 0.976563
vn 0 0.213013 0.976563
vn 0 0.213013 0.976563
vn 0 0.213013 0.976563
vn 0 0.213013 0.976563
vn 0 0.213013 0.976563
vn 0 0.213013 0.976563
vn -3.57628e-006 0.213013 0.976563
vn -3.57628e-006 0.213013 0.976563
vn -3.57628e-006 0.213013 0.976563
vn -3.57628e-006 0.213013 0.976563
vn 0.280273 -0.516113 0.809082
vn 0.518066 -0.361084 0.774902
vn 0.280273 -0.516113 0.809082
vn 0.518066 -0.361084 0.774902
vn 0.676758 -0.128906 0.724609
vn 0.676758 -0.128906 0.724609
vn 0.732422 0.144897 0.664551
vn 0.732422 0.144897 0.664551
vn 0.732422 0.144897 0.664551
vn 0.676758 0.418701 0.60498
vn 0.732422 0.144897 0.664551
vn 0.676758 0.418701 0.60498
vn 0.518066 0.650879 0.554199
vn 0.518066 0.650879 0.554199
vn 0.280273 0.806152 0.520508
vn 0.280273 0.806152 0.520508
vn -1.19209e-007 0.86084 0.508789
vn 1.78814e-007 0.86084 0.508789
vn -0.280273 0.806152 0.520508
vn -0.280273 0.806152 0.520508
vn -0.518066 0.650879 0.554199
vn -0.518066 0.650879 0.554199
vn -0.676758 0.418701 0.60498
vn -0.676758 0.418701 0.60498
vn -0.732422 0.144897 0.664551
vn -0.732422 0.144897 0.664551
vn -0.732422 0.144897 0.664551
vn -0.676758 -0.128906 0.724609
vn -0.732422 0.144897 0.664551
vn -0.676758 -0.128906 0.724609
vn -0.518066 -0.361084 0.774902
vn -0.518066 -0.361084 0.774902
vn -0.280273 -0.516113 0.809082
vn -0.280273 -0.516113 0.809082
vn -5.36442e-007 -0.570801 0.820801
vn 0 -0.570801 0.820801
vn 0 0.213013 0.976563
vn 0 0.213013 0.976563
vn 0 0.213013 0.976563
vn 0 0.213013 0.976563
vn 0.737305 -0.474365 0.480469
vn 0.737305 -0.474365 0.480469
vn 0.737305 -0.474365 0.480469
vn 0.737305 -0.474365 0.480469
vn -0.737305 0.631348 0.239258
vn -0.737305 0.631348 0.239258
vn -0.737305 0.631348 0.239258
vn -0.737305 0.631348 0.239258
vn 0 0.213013 0.976563
vn 0 0.213013 0.976563
vn 0 0.213013 0.976563
vn 0 0.213013 0.976563
vn -0.858887 -0.269043 0.435547
vn -0.858887 -0.269043 0.435547
vn -0.858887 -0.269043 0.435547
vn -0.858887 -0.269043 0.435547
vn 0.858887 0.426025 0.283936
vn 0.858887 0.426025 0.283936
vn 0.858887 0.426025 0.283936
vn 0.858887 0.426025 0.283936
vn 1.78814e-007 0.213013 0.976563
vn 1.78814e-007 0.213013 0.976563
vn 1.78814e-007 0.213013 0.976563
vn 1.78814e-007 0.213013 0.976563
vn 0.121338 0.979004 0.163574
vn 0.121338 0.979004 0.163574
vn 0.121338 0.979004 0.163574
vn 0.121338 0.979004 0.163574
vn -0.121338 -0.821777 0.556152
vn -0.121338 -0.821777 0.556152
vn -0.121338 -0.821777 0.556152
vn -0.121338 -0.821777 0.556152
vn 5.96046e-007 0.213013 0.976563
vn 1.2517e-006 0.213013 0.976563
vn 5.96046e-007 0.213013 0.976563
vn 1.2517e-006 0.213013 0.976563
vn 0 0.213013 0.976563
vn 0 0.213013 0.976563
vn 0 0.213013 0.976563
vn -0.848633 0.42749 0.310059
vn -0.351563 0.913086 0.204224
vn -0.848633 0.42749 0.310059
vn -0.351563 0.913086 0.204224
vn 0.351563 0.913086 0.204224
vn 0.351563 0.913086 0.204224
vn 0.351563 0.913086 0.204224
vn 0.848633 0.42749 0.310059
vn 0.351563 0.913086 0.204224
vn 0.848633 0.42749 0.310059
vn 0.848633 -0.259521 0.459961
vn 0.848633 -0.259521 0.459961
vn 0.351563 -0.745117 0.565918
vn 0.351563 -0.745117 0.565918
vn -0.351563 -0.745117 0.565918
vn -0.351563 -0.745117 0.565918
vn -0.351563 -0.745117 0.565918
vn -0.848633 -0.259521 0.459961
vn -0.351563 -0.745117 0.565918
vn -0.848633 -0.259521 0.459961
vn 0 0.213013 0.976563
vn 0 0.213013 0.976563
vn 0 0.213013 0.976563
vn 0 0.213013 0.976563
vn 0 0.213013 0.976563
vn 0 -0.213013 -0.976563
vn 0 -0.213013 -0.976563
vn 0 -0.213013 -0.976563
vn 0 -0.213013 -0.976563
vn 0 0.999512 0.0206146
vn 0 0.999512 0.0206146
vn 0 0.999512 0.0206146
vn 0 0.999512 0.0206146
vn -0.989746 0.141724 0.00330353
vn -0.991211 0.0651855 0.112671
vn -0.989746 0.141724 0.00330353
vn -0.991699 0.0710449 0.104431
vn 0 -0.999512 -0.0272217
vn 0 -0.999512 -0.0272217
vn 0 -0.999512 -0.0272217
vn 0 -0.999512 -0.0272217
vn 0.991699 0.0710449 0.104431
vn 0.991211 0.0651855 0.112671
vn 0.989746 0.141724 0.00330353
vn 0.989746 0.141724 0.00330353
vn 0 -0.213013 -0.976563
vn 0 -0.213013 -0.976563
vn 0 -0.213013 -0.976563
vn 0 -0.213013 -0.976563
vn 0 -0.900391 0.434814
vn 0 -0.900391 0.434814
vn 0 -0.900391 0.434814
vn 0 -0.900391 0.434814
vn -0.991699 -0.0211334 0.124573
vn -0.991211 -0.0123596 0.129517
vn -0.989746 -0.127441 0.0620117
vn -0.989746 -0.127441 0.0620117
vn 0 0.897461 -0.440674
vn 0 0.897461 -0.440674
vn 0 0.897461 -0.440674
vn 0 0.897461 -0.440674
vn 0.991699 -0.0211334 0.124573
vn 0.989746 -0.127441 0.0620117
vn 0.991211 -0.0123596 0.129517
vn 0.989746 -0.127441 0.0620117
vn 0 0.213013 0.976563
vn 0 0.213013 0.976563
vn 0 0.213013 0.976563
vn 0 0.213013 0.976563
vn -0.991211 0.0651855 0.112671
vn -0.991211 -0.0123596 0.129517
vn -0.991699 0.0710449 0.104431
vn -0.991699 -0.0211334 0.124573
vn 0 -0.213013 -0.976563
vn 0 -0.213013 -0.976563
vn 0 -0.213013 -0.976563
vn 0 -0.213013 -0.976563
vn 0.991699 0.0710449 0.104431
vn 0.991699 -0.0211334 0.124573
vn 0.991211 0.0651855 0.112671
vn 0.991211 -0.0123596 0.129517
vn 1 0 0
vn 1 0 0
vn 1 0 0
vn 1 0 0
vn 0 0.976563 -0.213013
vn 0 0.976563 -0.213013
vn 0 0.976563 -0.213013
vn 0 0.976563 -0.213013
vn -1 0 0
vn -1 0 0
vn -1 0 0
vn -1 0 0
vn 0 -0.976563 0.213013
vn 0 -0.976563 0.213013
vn 0 -0.976563 0.213013
vn 0 -0.976563 0.213013
vn 0 0.213013 0.976563
vn 0 0.213013 0.976563
vn 0 0.213013 0.976563
vn 0 0.213013 0.976563
vn -0.398438 0.603516 0.689941
vn -0.462891 0.377197 0.801758
vn -0.398438 0.603516 0.689941
vn -0.462891 0.377197 0.801758
vn -0.5 2.22325e-005 0.865723
vn -0.5 2.22325e-005 0.865723
vn -0.5 2.22325e-005 0.865723
vn -0.5 2.22325e-005 0.865723
vn -0.480957 0.272217 0.833008
vn -0.480957 0.272217 0.833008
vn -0.278564 0.830078 0.482666
vn -0.326172 0.757324 0.564941
vn -0.278564 0.830078 0.482666
vn -0.326172 0.757324 0.564941
vn 0 1 0
vn 0 1 0
vn 0 1 0
vn 0 1 0
vn 0.5 0 -0.865723
vn 0.5 0 -0.865723
vn 0.5 0 -0.865723
vn 0.5 0 -0.865723
vn -0.942871 0.178711 -0.280029
vn -0.945801 0.171631 -0.275391
vn -0.962891 0.112854 -0.244629
vn -0.963867 0.108459 -0.242798
vn -0.969238 0.0806274 -0.231445
vn -0.969238 0.0806274 -0.231445
vn -0.922363 0.221191 -0.315918
vn -0.92334 0.219971 -0.314209
vn -0.946289 0.136597 -0.291748
vn -0.942383 0.148804 -0.297852
vn -0.913574 0.167114 -0.370361
vn -0.914063 0.165894 -0.369385
vn -0.946289 0.136597 -0.291748
vn -0.942383 0.148804 -0.297852
vn -0.73584 0.0921631 -0.67041
vn -0.675293 0 -0.736816
vn -0.734863 0.0900879 -0.671875
vn -0.675293 0 -0.736816
vn -0.913574 0.167114 -0.370361
vn -0.73584 0.0921631 -0.67041
vn -0.914063 0.165894 -0.369385
vn -0.734863 0.0900879 -0.671875
vn 0.691895 0.108459 0.713379
vn 0.711426 0.171631 0.681152
vn 0.693359 0.112854 0.711426
vn 0.713867 0.178711 0.676758
vn 0.685059 0.0806274 0.723633
vn 0.685059 0.0806274 0.723633
vn 0.733398 0.219971 0.642578
vn 0.734863 0.221191 0.640625
vn 0.726074 0.136597 0.673828
vn 0.729492 0.148804 0.66748
vn 0.729492 0.148804 0.66748
vn 0.776855 0.165894 0.606934
vn 0.726074 0.136597 0.673828
vn 0.777344 0.167114 0.605957
vn 0.94873 0.0921631 0.302246
vn 0.949219 0.0901489 0.300293
vn 0.976074 0 0.216431
vn 0.976074 0 0.216431
vn 0.777344 0.167114 0.605957
vn 0.776855 0.165894 0.606934
vn 0.94873 0.0921631 0.302246
vn 0.949219 0.0901489 0.300293
vn 0.391602 0.621582 0.678223
vn 0.462891 0.377197 0.801758
vn 0.391602 0.621582 0.678223
vn 0.462891 0.377197 0.801758
vn 0.499756 2.20537e-005 0.865723
vn 0.499756 2.20537e-005 0.865723
vn 0.499756 2.20537e-005 0.865723
vn 0.499756 2.20537e-005 0.865723
vn 0.487305 0.223022 0.84375
vn 0.487305 0.223022 0.84375
vn 0.278564 0.830078 0.482666
vn 0.326172 0.757324 0.564941
vn 0.278564 0.830078 0.482666
vn 0.326172 0.757324 0.564941
vn 0 1 1.49012e-006
vn 0 1 1.49012e-006
vn 0 1 1.49012e-006
vn 0 1 1.49012e-006
vn -0.499756 0 -0.865723
vn -0.499756 0 -0.865723
vn -0.499756 0 -0.865723
vn -0.499756 0 -0.865723
vn -0.715332 0.182861 0.673828
vn -0.713867 0.177734 0.677246
vn -0.696289 0.112366 0.708008
vn -0.694824 0.105957 0.710449
vn -0.685059 0.0648193 0.725098
vn -0.685059 0.0648193 0.725098
vn -0.734863 0.221191 0.640625
vn -0.733398 0.219971 0.642578
vn -0.726074 0.136597 0.673828
vn -0.729492 0.148804 0.66748
vn -0.777344 0.167114 0.605957
vn -0.776855 0.165894 0.606934
vn -0.726074 0.136597 0.673828
vn -0.729492 0.148804 0.66748
vn -0.94873 0.0921631 0.302246
vn -0.976074 0 0.216431
vn -0.949219 0.0900879 0.300293
vn -0.976074 0 0.216431
vn -0.777344 0.167114 0.605957
vn -0.94873 0.0921631 0.302246
vn -0.776855 0.165894 0.606934
vn -0.949219 0.0900879 0.300293
vn 0.962891 0.105957 -0.246704
vn 0.943359 0.177734 -0.279541
vn 0.961914 0.112366 -0.249023
vn 0.941406 0.182861 -0.282715
vn 0.970703 0.0648193 -0.231079
vn 0.970703 0.0648193 -0.231079
vn 0.92334 0.219971 -0.314209
vn 0.922363 0.221191 -0.315918
vn 0.946289 0.136597 -0.291748
vn 0.942383 0.148804 -0.298096
vn 0.942383 0.148804 -0.298096
vn 0.914063 0.165894 -0.369385
vn 0.946289 0.136597 -0.291748
vn 0.913574 0.167114 -0.370361
vn 0.73584 0.0921631 -0.67041
vn 0.734863 0.0901489 -0.671875
vn 0.675293 0 -0.736816
vn 0.675293 0 -0.736816
vn 0.913574 0.167114 -0.370361
vn 0.914063 0.165894 -0.369385
vn 0.73584 0.0921631 -0.67041
vn 0.734863 0.0901489 -0.671875
vn -0.398438 0.604004 -0.689941
vn -0.462891 0.377197 -0.801758
vn -0.398438 0.604004 -0.689941
vn -0.462891 0.377197 -0.801758
vn -0.499756 2.25306e-005 -0.865723
vn -0.499756 2.25306e-005 -0.865723
vn -0.499756 2.25306e-005 -0.865723
vn -0.499756 2.25306e-005 -0.865723
vn -0.480957 0.272217 -0.833008
vn -0.480957 0.272217 -0.833008
vn -0.278564 0.830078 -0.482666
vn -0.326172 0.757324 -0.564941
vn -0.278564 0.830078 -0.482666
vn -0.326172 0.757324 -0.564941
vn 0 1 0
vn 0 1 0
vn 0 1 0
vn 0 1 0
vn 0.5 0 0.865723
vn 0.5 0 0.865723
vn 0.5 0 0.865723
vn 0.5 0 0.865723
vn 0.713867 0.178833 -0.676758
vn 0.711426 0.171753 -0.681152
vn 0.693359 0.112854 -0.711426
vn 0.691895 0.108459 -0.712891
vn 0.685059 0.0806274 -0.723633
vn 0.685059 0.0806274 -0.723633
vn 0.734863 0.221191 -0.640625
vn 0.733398 0.219971 -0.642578
vn 0.726074 0.136597 -0.673828
vn 0.729492 0.148804 -0.66748
vn 0.777344 0.167114 -0.605957
vn 0.776855 0.165894 -0.606934
vn 0.726074 0.136597 -0.673828
vn 0.729492 0.148804 -0.66748
vn 0.94873 0.0921631 -0.302246
vn 0.976074 0 -0.216431
vn 0.949219 0.0900879 -0.300293
vn 0.976074 0 -0.216431
vn 0.777344 0.167114 -0.605957
vn 0.94873 0.0921631 -0.302246
vn 0.776855 0.165894 -0.606934
vn 0.949219 0.0900879 -0.300293
vn -0.963867 0.108459 0.242798
vn -0.945801 0.171753 0.275391
vn -0.962891 0.112854 0.244629
vn -0.942871 0.178833 0.280029
vn -0.969238 0.0806274 0.231445
vn -0.969238 0.0806274 0.231445
vn -0.92334 0.219971 0.314209
vn -0.922363 0.221191 0.315918
vn -0.946289 0.136597 0.291748
vn -0.942383 0.148804 0.298096
vn -0.942383 0.148804 0.298096
vn -0.914063 0.165894 0.369385
vn -0.946289 0.136597 0.291748
vn -0.913574 0.167114 0.370361
vn -0.73584 0.0921631 0.67041
vn -0.734863 0.0901489 0.671875
vn -0.675293 0 0.736816
vn -0.675293 0 0.736816
vn -0.913574 0.167114 0.370361
vn -0.914063 0.165894 0.369385
vn -0.73584 0.0921631 0.67041
vn -0.734863 0.0901489 0.671875
vn -0.796875 0.603516 -7.7486e-007
vn -0.923828 0.38208 -6.55651e-007
vn -0.796875 0.603516 -7.7486e-007
vn -0.923828 0.38208 -6.55651e-007
vn -1 2.26498e-005 -2.5332e-005
vn -1 2.26498e-005 -2.5332e-005
vn -1 2.26498e-005 -2.5332e-005
vn -1 2.26498e-005 -2.5332e-005
vn -0.961914 0.271729 -5.96046e-007
vn -0.961914 0.271729 -5.96046e-007
vn -0.557129 0.830078 -4.76837e-007
vn -0.657227 0.753418 -7.15256e-007
vn -0.557129 0.830078 -4.76837e-007
vn -0.657227 0.753418 -7.15256e-007
vn 0 1 -1.60933e-006
vn 0 1 -1.60933e-006
vn 0 1 -1.60933e-006
vn 0 1 -1.60933e-006
vn 1 0 -2.38419e-007
vn 1 0 -2.38419e-007
vn 1 0 -2.38419e-007
vn 1 0 -2.38419e-007
vn -0.229492 0.178589 -0.956543
vn -0.234375 0.171997 -0.956543
vn -0.268555 0.114075 -0.956055
vn -0.270508 0.10968 -0.956055
vn -0.28418 0.0804443 -0.955078
vn -0.28418 0.0804443 -0.955078
vn -0.188843 0.220093 -0.956543
vn -0.19104 0.218872 -0.956543
vn -0.220459 0.136597 -0.965332
vn -0.213257 0.148804 -0.965332
vn -0.135864 0.167114 -0.976074
vn -0.137085 0.165894 -0.976074
vn -0.220459 0.136597 -0.965332
vn -0.213257 0.148804 -0.965332
vn 0.212524 0.0921631 -0.972656
vn 0.300537 0 -0.953613
vn 0.2146 0.0900879 -0.972168
vn 0.300537 0 -0.953613
vn -0.135864 0.167114 -0.976074
vn 0.212524 0.0921631 -0.972656
vn -0.137085 0.165894 -0.976074
vn 0.2146 0.0900879 -0.972168
vn -0.270508 0.10968 0.956055
vn -0.234375 0.171997 0.956543
vn -0.268555 0.114075 0.956055
vn -0.229492 0.178589 0.956543
vn -0.28418 0.0804443 0.955078
vn -0.28418 0.0804443 0.955078
vn -0.19104 0.218872 0.956543
vn -0.188843 0.220093 0.956543
vn -0.220459 0.136597 0.965332
vn -0.213257 0.148804 0.965332
vn -0.213257 0.148804 0.965332
vn -0.137085 0.165894 0.976074
vn -0.220459 0.136597 0.965332
vn -0.135864 0.167114 0.976074
vn 0.212524 0.0921631 0.972656
vn 0.2146 0.0901489 0.972168
vn 0.300537 0 0.953613
vn 0.300537 0 0.953613
vn -0.135864 0.167114 0.976074
vn -0.137085 0.165894 0.976074
vn 0.212524 0.0921631 0.972656
vn 0.2146 0.0901489 0.972168
vn 0.796875 0.604004 0
vn 0.924805 0.379883 2.38419e-007
vn 0.796875 0.604004 0
vn 0.924805 0.379883 2.38419e-007
vn 1 2.23517e-005 2.42591e-005
vn 1 2.23517e-005 2.42591e-005
vn 1 2.23517e-005 2.42591e-005
vn 1 2.23517e-005 2.42591e-005
vn 0.961914 0.271484 4.17233e-007
vn 0.961914 0.271484 4.17233e-007
vn 0.557129 0.830078 0
vn 0.657227 0.75293 0
vn 0.557129 0.830078 0
vn 0.657227 0.75293 0
vn 0 1 1.49012e-006
vn 0 1 1.49012e-006
vn 0 1 1.49012e-006
vn 0 1 1.49012e-006
vn -1 0 0
vn -1 0 0
vn -1 0 0
vn -1 0 0
vn 0.22937 0.178711 0.956543
vn 0.234253 0.172119 0.956543
vn 0.268799 0.113525 0.956055
vn 0.270996 0.109131 0.956055
vn 0.28418 0.0803833 0.955078
vn 0.28418 0.0803833 0.955078
vn 0.189087 0.220093 0.956543
vn 0.191162 0.21875 0.956543
vn 0.220459 0.136597 0.965332
vn 0.213257 0.148804 0.965332
vn 0.135864 0.167114 0.976074
vn 0.137085 0.165894 0.976074
vn 0.220459 0.136597 0.965332
vn 0.213257 0.148804 0.965332
vn -0.212524 0.0921631 0.972656
vn -0.300537 0 0.953613
vn -0.2146 0.0900879 0.972168
vn -0.300537 0 0.953613
vn 0.135864 0.167114 0.976074
vn -0.212524 0.0921631 0.972656
vn 0.137085 0.165894 0.976074
vn -0.2146 0.0900879 0.972168
vn 0.270996 0.109131 -0.956055
vn 0.234253 0.172119 -0.956543
vn 0.268799 0.113525 -0.956055
vn 0.22937 0.178711 -0.956543
vn 0.28418 0.0803833 -0.955078
vn 0.28418 0.0803833 -0.955078
vn 0.191162 0.21875 -0.956543
vn 0.189087 0.220093 -0.956543
vn 0.220459 0.136597 -0.965332
vn 0.213257 0.148804 -0.965332
vn 0.213257 0.148804 -0.965332
vn 0.137085 0.165894 -0.976074
vn 0.220459 0.136597 -0.965332
vn 0.135864 0.167114 -0.976074
vn -0.212524 0.0921631 -0.972656
vn -0.2146 0.0901489 -0.972168
vn -0.300537 0 -0.953613
vn -0.300537 0 -0.953613
vn 0.135864 0.167114 -0.976074
vn 0.137085 0.165894 -0.976074
vn -0.212524 0.0921631 -0.972656
vn -0.2146 0.0901489 -0.972168
vn 0.398682 0.603027 -0.69043
vn 0.462891 0.377197 -0.801758
vn 0.398682 0.603027 -0.69043
vn 0.462891 0.377197 -0.801758
vn 0.5 2.23517e-005 -0.865723
vn 0.5 2.23517e-005 -0.865723
vn 0.5 2.23517e-005 -0.865723
vn 0.5 2.23517e-005 -0.865723
vn 0.480957 0.272949 -0.833008
vn 0.480957 0.272949 -0.833008
vn 0.278564 0.830078 -0.482666
vn 0.326172 0.757324 -0.564941
vn 0.278564 0.830078 -0.482666
vn 0.326172 0.757324 -0.564941
vn 0 1 0
vn 0 1 0
vn 0 1 0
vn 0 1 0
vn -0.499756 0 0.865723
vn -0.499756 0 0.865723
vn -0.499756 0 0.865723
vn -0.499756 0 0.865723
vn 0.942871 0.178589 0.279785
vn 0.945801 0.171387 0.275146
vn 0.962891 0.112854 0.244507
vn 0.963867 0.108459 0.242798
vn 0.969238 0.0808105 0.231445
vn 0.969238 0.0808105 0.231445
vn 0.922363 0.221191 0.315918
vn 0.92334 0.219971 0.314209
vn 0.946289 0.136597 0.291748
vn 0.942383 0.148804 0.297852
vn 0.913574 0.167114 0.370361
vn 0.914063 0.165894 0.369385
vn 0.946289 0.136597 0.291748
vn 0.942383 0.148804 0.297852
vn 0.73584 0.0921631 0.67041
vn 0.675293 0 0.736816
vn 0.734863 0.0900879 0.671875
vn 0.675293 0 0.736816
vn 0.913574 0.167114 0.370361
vn 0.73584 0.0921631 0.67041
vn 0.914063 0.165894 0.369385
vn 0.734863 0.0900879 0.671875
vn -0.691895 0.108459 -0.713379
vn -0.710938 0.171387 -0.681152
vn -0.692871 0.112854 -0.711426
vn -0.713867 0.178589 -0.676758
vn -0.685059 0.0808105 -0.723633
vn -0.685059 0.0808105 -0.723633
vn -0.733398 0.219971 -0.642578
vn -0.734863 0.221191 -0.640625
vn -0.726074 0.136597 -0.673828
vn -0.729492 0.148804 -0.66748
vn -0.729492 0.148804 -0.66748
vn -0.776855 0.165894 -0.606934
vn -0.726074 0.136597 -0.673828
vn -0.777344 0.167114 -0.605957
vn -0.94873 0.0921631 -0.302246
vn -0.949219 0.0901489 -0.300293
vn -0.976074 0 -0.216431
vn -0.976074 0 -0.216431
vn -0.777344 0.167114 -0.605957
vn -0.776855 0.165894 -0.606934
vn -0.94873 0.0921631 -0.302246
vn -0.949219 0.0901489 -0.300293
vn -0.675293 0.510742 0.530762
vn -0.65625 0.563477 0.500977
vn -0.742188 0.514648 0.428467
vn -0.710938 0.45874 0.532715
vn -0.75293 0.42041 0.505371
vn -0.791016 0.40625 0.456787
vn -0.658691 0.601563 0.450928
vn -0.682129 0.615723 0.393799
vn -0.555664 0.490723 0.67041
vn -0.508301 0.620605 0.596191
vn -0.555664 0.490723 0.67041
vn -0.508301 0.620605 0.596191
vn -0.63916 0.367676 0.674805
vn -0.639648 0.367432 0.674805
vn -0.701172 0.294678 0.648438
vn -0.696289 0.300537 0.651367
vn -0.514648 0.715332 0.471924
vn -0.572266 0.750488 0.330322
vn -0.514648 0.715332 0.471924
vn -0.572266 0.750488 0.330322
vn 0.280273 0.140259 0.949219
vn 0.426758 0.553223 0.714844
vn 0.280273 0.140137 0.949219
vn 0.426758 0.553223 0.714844
vn 0.0617065 -0.21582 0.974121
vn 0.039856 -0.243774 0.96875
vn 0.407715 0.85498 0.31958
vn 0.224854 0.965332 -0.129761
vn 0.407715 0.85498 0.31958
vn 0.224854 0.965332 -0.129761
vn -0.115723 -0.406006 0.90625
vn -0.110596 -0.393555 0.912109
vn -0.736816 0.244751 0.629883
vn -0.745605 0.210571 0.631836
vn 0.293701 0.710449 0.63916
vn 0.30127 0.735352 0.606445
vn -0.701172 0.294678 0.648438
vn -0.745605 0.210571 0.631836
vn -0.752441 0.171265 0.635742
vn -0.562012 -0.568848 0.599609
vn -0.70166 -0.585449 0.405029
vn -0.562012 -0.568848 0.599609
vn -0.70166 -0.585449 0.405029
vn -0.833008 0.0574036 -0.549805
vn -0.833496 0.0540771 -0.548828
vn -0.853516 -0.48999 -0.175415
vn -0.844238 -0.515625 -0.144043
vn -0.628418 0.477295 -0.61377
vn -0.438232 0.652832 -0.617188
vn -0.70166 0.38623 -0.598145
vn -0.717773 0.191284 0.668945
vn -0.808594 -0.585449 -0.0516357
vn -0.808594 -0.585449 -0.0516357
vn -0.603516 0.23584 0.76123
vn -0.629883 0.224487 0.743164
vn 0.304688 0.746582 0.59082
vn 0.304688 0.746582 0.59082
vn -0.894531 0.427246 -0.127686
vn -0.981934 0.18811 0.00888062
vn -0.894531 0.427246 -0.127686
vn -0.981934 0.18811 0.00888062
vn -0.73291 0.666504 -0.134766
vn -0.73291 0.666504 -0.134766
vn -0.539551 0.841309 -0.0105286
vn -0.539551 0.841309 -0.0105286
vn -0.366943 0.905762 0.211792
vn -0.539551 0.841309 -0.0105286
vn -0.366943 0.905762 0.211792
vn -0.539551 0.841309 -0.0105286
vn -0.970703 0.013031 0.238403
vn -0.864746 -0.0510559 0.499268
vn -0.970703 0.013031 0.238403
vn -0.864746 -0.0510559 0.499268
vn -0.797363 0.510742 0.31958
vn -0.762207 0.563477 0.317871
vn -0.816895 0.45874 0.349365
vn -0.814453 0.42041 0.399658
vn -0.719727 0.601563 0.345215
vn -0.858887 0.490723 0.145996
vn -0.858887 0.490723 0.145996
vn -0.770996 0.620605 0.14209
vn -0.770996 0.620605 0.14209
vn -0.904297 0.367676 0.216431
vn -0.904297 0.367432 0.216553
vn -0.912598 0.294678 0.283203
vn -0.912109 0.300537 0.277344
vn -0.666016 0.715332 0.209595
vn -0.666016 0.715332 0.209595
vn -0.682129 0.140259 -0.717285
vn -0.682129 0.140137 -0.717285
vn -0.405762 0.553223 -0.727051
vn -0.405762 0.553223 -0.727051
vn -0.818848 -0.243774 -0.518555
vn -0.812988 -0.21582 -0.540527
vn -0.072937 0.85498 -0.512695
vn -0.072937 0.85498 -0.512695
vn -0.845215 -0.393555 -0.360352
vn -0.842773 -0.406006 -0.352783
vn -0.914063 0.244751 0.323242
vn -0.919922 0.210571 0.32959
vn -0.374512 0.735352 -0.563965
vn -0.406738 0.710449 -0.57373
vn -0.912598 0.294678 0.283203
vn -0.926758 0.171265 0.33374
vn -0.919922 0.210571 0.32959
vn -0.800781 -0.568848 0.187012
vn -0.800781 -0.568848 0.187012
vn -0.297363 -0.515625 0.803223
vn 0.0587463 0.0540771 0.996582
vn -0.274902 -0.48999 0.827148
vn 0.0597839 0.0574036 0.996094
vn 0.217163 0.477295 0.851074
vn 0.167358 0.38623 0.906738
vn 0.31543 0.652832 0.687988
vn -0.938477 0.191284 0.287109
vn -0.359619 -0.585449 0.726074
vn -0.359619 -0.585449 0.726074
vn -0.960938 0.23584 0.142212
vn -0.958496 0.224487 0.174194
vn -0.359375 0.746582 -0.559082
vn -0.359375 0.746582 -0.559082
vn -0.33667 0.427246 0.838867
vn -0.33667 0.427246 0.838867
vn -0.498535 0.18811 0.845703
vn -0.498535 0.18811 0.845703
vn -0.249756 0.666504 0.702148
vn -0.249756 0.666504 0.702148
vn -0.260742 0.841309 0.472656
vn -0.260742 0.841309 0.472656
vn -0.260742 0.841309 0.472656
vn -0.260742 0.841309 0.472656
vn -0.691895 0.013031 0.72168
vn -0.691895 0.013031 0.72168
vn -0.797363 0.510742 -0.31958
vn -0.762207 0.563477 -0.317871
vn -0.742188 0.514648 -0.428467
vn -0.816895 0.45874 -0.349365
vn -0.814453 0.42041 -0.399658
vn -0.791016 0.40625 -0.456787
vn -0.719727 0.601563 -0.345215
vn -0.682129 0.615723 -0.393799
vn -0.858887 0.490723 -0.145996
vn -0.770996 0.620605 -0.14209
vn -0.858887 0.490723 -0.145996
vn -0.770996 0.620605 -0.14209
vn -0.904297 0.367676 -0.216431
vn -0.904297 0.367432 -0.216553
vn -0.912598 0.294678 -0.283203
vn -0.912109 0.300537 -0.277344
vn -0.666016 0.715332 -0.209595
vn -0.572266 0.750488 -0.330322
vn -0.666016 0.715332 -0.209595
vn -0.572266 0.750488 -0.330322
vn -0.682129 0.140259 0.717285
vn -0.405762 0.553223 0.727051
vn -0.682129 0.140137 0.717285
vn -0.405762 0.553223 0.727051
vn -0.812988 -0.21582 0.540527
vn -0.818848 -0.243774 0.518555
vn -0.072937 0.85498 0.512695
vn 0.224854 0.965332 0.129761
vn -0.072937 0.85498 0.512695
vn 0.224854 0.965332 0.129761
vn -0.842773 -0.406006 0.352783
vn -0.845215 -0.393555 0.360352
vn -0.914063 0.244751 -0.323242
vn -0.919922 0.210571 -0.32959
vn -0.406738 0.710449 0.57373
vn -0.374512 0.735352 0.563965
vn -0.912598 0.294678 -0.283203
vn -0.919922 0.210571 -0.32959
vn -0.926758 0.171265 -0.33374
vn -0.800781 -0.568848 -0.187012
vn -0.70166 -0.585449 -0.405029
vn -0.800781 -0.568848 -0.187012
vn -0.70166 -0.585449 -0.405029
vn 0.0597839 0.0574036 -0.996094
vn 0.0587463 0.0540771 -0.996582
vn -0.274902 -0.48999 -0.827148
vn -0.297363 -0.515625 -0.803223
vn 0.217163 0.477295 -0.851074
vn 0.31543 0.652832 -0.687988
vn 0.167358 0.38623 -0.906738
vn -0.938477 0.191284 -0.287109
vn -0.359619 -0.585449 -0.726074
vn -0.359619 -0.585449 -0.726074
vn -0.960938 0.23584 -0.142212
vn -0.958496 0.224487 -0.174194
vn -0.359375 0.746582 0.559082
vn -0.359375 0.746582 0.559082
vn -0.33667 0.427246 -0.838867
vn -0.498535 0.18811 -0.845703
vn -0.33667 0.427246 -0.838867
vn -0.498535 0.18811 -0.845703
vn -0.249756 0.666504 -0.702148
vn -0.249756 0.666504 -0.702148
vn -0.260742 0.841309 -0.472656
vn -0.260742 0.841309 -0.472656
vn -0.366943 0.905762 -0.211792
vn -0.260742 0.841309 -0.472656
vn -0.366943 0.905762 -0.211792
vn -0.260742 0.841309 -0.472656
vn -0.691895 0.013031 -0.72168
vn -0.864746 -0.0510559 -0.499268
vn -0.691895 0.013031 -0.72168
vn -0.864746 -0.0510559 -0.499268
vn -0.675293 0.510742 -0.530762
vn -0.65625 0.563477 -0.500977
vn -0.710938 0.45874 -0.532715
vn -0.75293 0.42041 -0.505371
vn -0.658691 0.601563 -0.450928
vn -0.555664 0.490723 -0.67041
vn -0.555664 0.490723 -0.67041
vn -0.508301 0.620605 -0.596191
vn -0.508301 0.620605 -0.596191
vn -0.63916 0.367676 -0.674805
vn -0.639648 0.367432 -0.674805
vn -0.701172 0.294678 -0.648438
vn -0.696289 0.300537 -0.651367
vn -0.514648 0.715332 -0.471924
vn -0.514648 0.715332 -0.471924
vn 0.280273 0.140259 -0.949219
vn 0.280273 0.140137 -0.949219
vn 0.426758 0.553223 -0.714844
vn 0.426758 0.553223 -0.714844
vn 0.039856 -0.243774 -0.96875
vn 0.0617065 -0.21582 -0.974121
vn 0.407715 0.85498 -0.31958
vn 0.407715 0.85498 -0.31958
vn -0.110596 -0.393555 -0.912109
vn -0.115723 -0.406006 -0.90625
vn -0.736816 0.244751 -0.629883
vn -0.745605 0.210571 -0.631836
vn 0.30127 0.735352 -0.606445
vn 0.293701 0.710449 -0.63916
vn -0.701172 0.294678 -0.648438
vn -0.752441 0.171265 -0.635742
vn -0.745605 0.210571 -0.631836
vn -0.562012 -0.568848 -0.599609
vn -0.562012 -0.568848 -0.599609
vn -0.844238 -0.515625 0.144043
vn -0.833496 0.0540771 0.548828
vn -0.853516 -0.48999 0.175415
vn -0.833008 0.0574036 0.549805
vn -0.628418 0.477295 0.61377
vn -0.70166 0.38623 0.598145
vn -0.438232 0.652832 0.617188
vn -0.717773 0.191284 -0.668945
vn -0.808594 -0.585449 0.0516052
vn -0.808594 -0.585449 0.0516052
vn -0.603516 0.23584 -0.76123
vn -0.629883 0.224487 -0.743164
vn 0.304688 0.746582 -0.59082
vn 0.304688 0.746582 -0.59082
vn -0.894531 0.427246 0.127686
vn -0.894531 0.427246 0.127686
vn -0.981934 0.18811 -0.00888062
vn -0.981934 0.18811 -0.00888062
vn -0.73291 0.666504 0.134766
vn -0.73291 0.666504 0.134766
vn -0.539551 0.841309 0.0105286
vn -0.539551 0.841309 0.0105286
vn -0.539551 0.841309 0.0105286
vn -0.539551 0.841309 0.0105286
vn -0.970703 0.013031 -0.238403
vn -0.970703 0.013031 -0.238403
vn -0.122131 0.510742 -0.850586
vn -0.105774 0.563477 -0.818848
vn 0 0.514648 -0.856934
vn -0.105774 0.45874 -0.881836
vn -0.0610657 0.42041 -0.904785
vn -1.19209e-007 0.40625 -0.913574
vn -0.0610657 0.601563 -0.795898
vn -2.38419e-007 0.615723 -0.787598
vn -0.302734 0.490723 -0.816406
vn -0.262207 0.620605 -0.73877
vn -0.302734 0.490723 -0.816406
vn -0.262207 0.620605 -0.73877
vn -0.264648 0.367676 -0.891113
vn -0.264648 0.367432 -0.891113
vn -0.210938 0.294678 -0.931641
vn -0.21582 0.300537 -0.928711
vn -0.151367 0.715332 -0.681641
vn -4.17233e-007 0.750488 -0.660645
vn -0.151367 0.715332 -0.681641
vn -4.17233e-007 0.750488 -0.660645
vn -0.962402 0.140259 -0.231934
vn -0.83252 0.553223 0.0120392
vn -0.962402 0.140137 -0.231934
vn -0.83252 0.553223 0.0120392
vn -0.874512 -0.21582 -0.433594
vn -0.858887 -0.243774 -0.449951
vn -0.480713 0.85498 0.193237
vn -3.57628e-007 0.965332 0.259521
vn -0.480713 0.85498 0.193237
vn -3.57628e-007 0.965332 0.259521
vn -0.727051 -0.406006 -0.553223
vn -0.734863 -0.393555 -0.551758
vn -0.177002 0.244751 -0.953125
vn -0.174561 0.210571 -0.961426
vn -0.700684 0.710449 -0.0651855
vn -0.675781 0.735352 -0.0422058
vn -0.210938 0.294678 -0.931641
vn -0.174561 0.210571 -0.961426
vn -0.174316 0.171265 -0.969238
vn -0.238281 -0.568848 -0.786621
vn -1.78814e-007 -0.585449 -0.810059
vn -0.238281 -0.568848 -0.786621
vn -1.78814e-007 -0.585449 -0.810059
vn 0.892578 0.0574036 -0.446289
vn 0.892578 0.0540771 -0.44751
vn 0.578613 -0.48999 -0.651367
vn 0.546875 -0.515625 -0.65918
vn 0.845703 0.477295 -0.237549
vn 0.753418 0.652832 -0.0709229
vn 0.869141 0.38623 -0.30835
vn -0.220581 0.191284 -0.956055
vn 0.448975 -0.585449 -0.674316
vn 0.448975 -0.585449 -0.674316
vn -0.357422 0.23584 -0.90332
vn -0.328369 0.224487 -0.916992
vn -0.664063 0.746582 -0.0315552
vn -0.664063 0.746582 -0.0315552
vn 0.558105 0.427246 -0.710938
vn 0.483154 0.18811 -0.854492
vn 0.558105 0.427246 -0.710938
vn 0.483154 0.18811 -0.854492
vn 0.483154 0.666504 -0.567383
vn 0.483154 0.666504 -0.567383
vn 0.279053 0.841309 -0.462158
vn 0.279053 0.841309 -0.462158
vn -9.53674e-007 0.905762 -0.423584
vn 0.279053 0.841309 -0.462158
vn -9.53674e-007 0.905762 -0.423584
vn 0.279053 0.841309 -0.462158
vn 0.279053 0.013031 -0.959961
vn 0 -0.0510559 -0.998535
vn 0.279053 0.013031 -0.959961
vn -1.78814e-007 -0.0510559 -0.998535
vn 0.122131 0.510742 -0.850586
vn 0.105774 0.563477 -0.818848
vn 0.105774 0.45874 -0.881836
vn 0.0610657 0.42041 -0.904785
vn 0.0610657 0.601563 -0.795898
vn 0.302734 0.490723 -0.816406
vn 0.302734 0.490723 -0.816406
vn 0.262207 0.620605 -0.73877
vn 0.262207 0.620605 -0.73877
vn 0.264648 0.367676 -0.891113
vn 0.264648 0.367432 -0.891113
vn 0.210938 0.294678 -0.931641
vn 0.21582 0.300537 -0.928711
vn 0.151367 0.715332 -0.681641
vn 0.151367 0.715332 -0.681641
vn 0.962402 0.140259 -0.231934
vn 0.962402 0.140137 -0.231934
vn 0.83252 0.553223 0.0120392
vn 0.83252 0.553223 0.0120392
vn 0.858887 -0.243774 -0.449951
vn 0.874512 -0.21582 -0.433594
vn 0.480713 0.85498 0.193237
vn 0.480713 0.85498 0.193237
vn 0.734863 -0.393555 -0.551758
vn 0.727051 -0.406006 -0.553223
vn 0.177002 0.244751 -0.953125
vn 0.174561 0.210571 -0.961426
vn 0.675781 0.735352 -0.0422058
vn 0.700684 0.710449 -0.0651855
vn 0.210938 0.294678 -0.931641
vn 0.174316 0.171265 -0.969238
vn 0.174561 0.210571 -0.961426
vn 0.238281 -0.568848 -0.786621
vn 0.238281 -0.568848 -0.786621
vn -0.546875 -0.515625 -0.65918
vn -0.892578 0.0540771 -0.44751
vn -0.578613 -0.48999 -0.651367
vn -0.892578 0.0574036 -0.446289
vn -0.845703 0.477295 -0.237427
vn -0.869141 0.38623 -0.30835
vn -0.753418 0.652832 -0.0709229
vn 0.220581 0.191284 -0.956055
vn -0.448975 -0.585449 -0.674316
vn -0.448975 -0.585449 -0.674316
vn 0.357422 0.23584 -0.90332
vn 0.328369 0.224487 -0.916992
vn 0.664063 0.746582 -0.0315552
vn 0.664063 0.746582 -0.0315552
vn -0.558105 0.427246 -0.710938
vn -0.558105 0.427246 -0.710938
vn -0.483154 0.18811 -0.854492
vn -0.483154 0.18811 -0.854492
vn -0.483154 0.666504 -0.567383
vn -0.483154 0.666504 -0.567383
vn -0.279053 0.841309 -0.462158
vn -0.279053 0.841309 -0.462158
vn -0.279053 0.841309 -0.462158
vn -0.279053 0.841309 -0.462158
vn -0.279053 0.013031 -0.959961
vn -0.279053 0.013031 -0.959961
vn 0.675293 0.510742 -0.530762
vn 0.65625 0.563477 -0.500977
vn 0.742188 0.514648 -0.428467
vn 0.710938 0.45874 -0.532715
vn 0.75293 0.42041 -0.505371
vn 0.791016 0.40625 -0.456787
vn 0.658691 0.601563 -0.450928
vn 0.682129 0.615723 -0.393799
vn 0.555664 0.490723 -0.67041
vn 0.508301 0.620605 -0.596191
vn 0.555664 0.490723 -0.67041
vn 0.508301 0.620605 -0.596191
vn 0.63916 0.367676 -0.674805
vn 0.639648 0.367432 -0.674805
vn 0.701172 0.294678 -0.648438
vn 0.696289 0.300537 -0.651367
vn 0.514648 0.715332 -0.471924
vn 0.572266 0.750488 -0.330322
vn 0.514648 0.715332 -0.471924
vn 0.572266 0.750488 -0.330322
vn -0.280273 0.140259 -0.949219
vn -0.426758 0.553223 -0.714844
vn -0.280273 0.140137 -0.949219
vn -0.426758 0.553223 -0.714844
vn -0.0617065 -0.21582 -0.974121
vn -0.039856 -0.243774 -0.96875
vn -0.407715 0.85498 -0.31958
vn -0.224854 0.965332 0.129761
vn -0.407715 0.85498 -0.31958
vn -0.224854 0.965332 0.129761
vn 0.115723 -0.406006 -0.90625
vn 0.110596 -0.393555 -0.912109
vn 0.736816 0.244751 -0.629883
vn 0.745605 0.210571 -0.631836
vn -0.293701 0.710449 -0.63916
vn -0.30127 0.735352 -0.606445
vn 0.701172 0.294678 -0.648438
vn 0.745605 0.210571 -0.631836
vn 0.752441 0.171265 -0.635742
vn 0.562012 -0.568848 -0.599609
vn 0.70166 -0.585449 -0.405029
vn 0.562012 -0.568848 -0.599609
vn 0.70166 -0.585449 -0.405029
vn 0.833008 0.0574036 0.549805
vn 0.833496 0.0540771 0.548828
vn 0.853516 -0.48999 0.175415
vn 0.844238 -0.515625 0.144043
vn 0.628418 0.477295 0.61377
vn 0.438232 0.652832 0.617188
vn 0.70166 0.38623 0.598145
vn 0.717773 0.191284 -0.668945
vn 0.808594 -0.585449 0.0516052
vn 0.808594 -0.585449 0.0516052
vn 0.603516 0.23584 -0.76123
vn 0.629883 0.224487 -0.743164
vn -0.304688 0.746582 -0.59082
vn -0.304688 0.746582 -0.59082
vn 0.894531 0.427246 0.127686
vn 0.981934 0.18811 -0.00888062
vn 0.894531 0.427246 0.127686
vn 0.981934 0.18811 -0.00888062
vn 0.73291 0.666504 0.134766
vn 0.73291 0.666504 0.134766
vn 0.539551 0.841309 0.0105286
vn 0.539551 0.841309 0.0105286
vn 0.366943 0.905762 -0.211792
vn 0.539551 0.841309 0.0105286
vn 0.366943 0.905762 -0.211792
vn 0.539551 0.841309 0.0105286
vn 0.970703 0.013031 -0.238403
vn 0.864746 -0.0510559 -0.499268
vn 0.970703 0.013031 -0.238403
vn 0.864746 -0.0510559 -0.499268
vn 0.797363 0.510742 -0.31958
vn 0.762207 0.563477 -0.317871
vn 0.816895 0.45874 -0.349365
vn 0.814453 0.42041 -0.399658
vn 0.719727 0.601563 -0.345215
vn 0.858887 0.490723 -0.145996
vn 0.858887 0.490723 -0.145996
vn 0.770996 0.620605 -0.14209
vn 0.770996 0.620605 -0.14209
vn 0.904297 0.367676 -0.216431
vn 0.904297 0.367432 -0.216553
vn 0.912598 0.294678 -0.283203
vn 0.912109 0.300537 -0.277344
vn 0.666016 0.715332 -0.209595
vn 0.666016 0.715332 -0.209595
vn 0.682129 0.140259 0.717285
vn 0.682129 0.140137 0.717285
vn 0.405762 0.553223 0.727051
vn 0.405762 0.553223 0.727051
vn 0.818848 -0.243774 0.518555
vn 0.812988 -0.21582 0.540527
vn 0.072937 0.85498 0.512695
vn 0.072937 0.85498 0.512695
vn 0.845215 -0.393555 0.360352
vn 0.842773 -0.406006 0.352783
vn 0.914063 0.244751 -0.323242
vn 0.919922 0.210571 -0.32959
vn 0.374512 0.735352 0.563965
vn 0.406738 0.710449 0.57373
vn 0.912598 0.294678 -0.283203
vn 0.926758 0.171265 -0.33374
vn 0.919922 0.210571 -0.32959
vn 0.800781 -0.568848 -0.187012
vn 0.800781 -0.568848 -0.187012
vn 0.297363 -0.515625 -0.803223
vn -0.0587463 0.0540771 -0.996582
vn 0.274902 -0.48999 -0.827148
vn -0.0597839 0.0574036 -0.996094
vn -0.217163 0.477295 -0.851074
vn -0.167358 0.38623 -0.906738
vn -0.31543 0.652832 -0.687988
vn 0.938477 0.191284 -0.287109
vn 0.359619 -0.585449 -0.726074
vn 0.359619 -0.585449 -0.726074
vn 0.960938 0.23584 -0.142212
vn 0.958496 0.224487 -0.174194
vn 0.359375 0.746582 0.559082
vn 0.359375 0.746582 0.559082
vn 0.33667 0.427246 -0.838867
vn 0.33667 0.427246 -0.838867
vn 0.498535 0.18811 -0.845703
vn 0.498535 0.18811 -0.845703
vn 0.249756 0.666504 -0.702148
vn 0.249756 0.666504 -0.702148
vn 0.260742 0.841309 -0.472656
vn 0.260742 0.841309 -0.472656
vn 0.260742 0.841309 -0.472656
vn 0.260742 0.841309 -0.472656
vn 0.691895 0.013031 -0.72168
vn 0.691895 0.013031 -0.72168
vn 0.797363 0.510742 0.31958
vn 0.762207 0.563477 0.317871
vn 0.742188 0.514648 0.428467
vn 0.816895 0.45874 0.349365
vn 0.814453 0.42041 0.399658
vn 0.791016 0.40625 0.456787
vn 0.719727 0.601563 0.345215
vn 0.682129 0.615723 0.393799
vn 0.858887 0.490723 0.145996
vn 0.770996 0.620605 0.14209
vn 0.858887 0.490723 0.145996
vn 0.770996 0.620605 0.14209
vn 0.904297 0.367676 0.216431
vn 0.904297 0.367432 0.216553
vn 0.912598 0.294678 0.283203
vn 0.912109 0.300537 0.277344
vn 0.666016 0.715332 0.209595
vn 0.572266 0.750488 0.330322
vn 0.666016 0.715332 0.209595
vn 0.572266 0.750488 0.330322
vn 0.682129 0.140259 -0.717285
vn 0.405762 0.553223 -0.727051
vn 0.682129 0.140137 -0.717285
vn 0.405762 0.553223 -0.727051
vn 0.812988 -0.21582 -0.540527
vn 0.818848 -0.243774 -0.518555
vn 0.072937 0.85498 -0.512695
vn -0.224854 0.965332 -0.129761
vn 0.072937 0.85498 -0.512695
vn -0.224854 0.965332 -0.129761
vn 0.842773 -0.406006 -0.352783
vn 0.845215 -0.393555 -0.360352
vn 0.914063 0.244751 0.323242
vn 0.919922 0.210571 0.32959
vn 0.406738 0.710449 -0.57373
vn 0.374512 0.735352 -0.563965
vn 0.912598 0.294678 0.283203
vn 0.919922 0.210571 0.32959
vn 0.926758 0.171265 0.33374
vn 0.800781 -0.568848 0.187012
vn 0.70166 -0.585449 0.405029
vn 0.800781 -0.568848 0.187012
vn 0.70166 -0.585449 0.405029
vn -0.0597839 0.0574036 0.996094
vn -0.0587463 0.0540771 0.996582
vn 0.274902 -0.48999 0.827148
vn 0.297363 -0.515625 0.803223
vn -0.217163 0.477295 0.851074
vn -0.31543 0.652832 0.687988
vn -0.167358 0.38623 0.906738
vn 0.938477 0.191284 0.287109
vn 0.359619 -0.585449 0.726074
vn 0.359619 -0.585449 0.726074
vn 0.960938 0.23584 0.142212
vn 0.958496 0.224487 0.174194
vn 0.359375 0.746582 -0.559082
vn 0.359375 0.746582 -0.559082
vn 0.33667 0.427246 0.838867
vn 0.498535 0.18811 0.845703
vn 0.33667 0.427246 0.838867
vn 0.498535 0.18811 0.845703
vn 0.249756 0.666504 0.702148
vn 0.249756 0.666504 0.702148
vn 0.260742 0.841309 0.472656
vn 0.260742 0.841309 0.472656
vn 0.366943 0.905762 0.211792
vn 0.260742 0.841309 0.472656
vn 0.366943 0.905762 0.211792
vn 0.260742 0.841309 0.472656
vn 0.691895 0.013031 0.72168
vn 0.864746 -0.0510559 0.499268
vn 0.691895 0.013031 0.72168
vn 0.864746 -0.0510559 0.499268
vn 0.675293 0.510742 0.530762
vn 0.65625 0.563477 0.500977
vn 0.710938 0.45874 0.532715
vn 0.75293 0.42041 0.505371
vn 0.658691 0.601563 0.450928
vn 0.555664 0.490723 0.67041
vn 0.555664 0.490723 0.67041
vn 0.508301 0.620605 0.596191
vn 0.508301 0.620605 0.596191
vn 0.63916 0.367676 0.674805
vn 0.639648 0.367432 0.674805
vn 0.701172 0.294678 0.648438
vn 0.696289 0.300537 0.651367
vn 0.514648 0.715332 0.471924
vn 0.514648 0.715332 0.471924
vn -0.280273 0.140259 0.949219
vn -0.280273 0.140137 0.949219
vn -0.426758 0.553223 0.714844
vn -0.426758 0.553223 0.714844
vn -0.039856 -0.243774 0.96875
vn -0.0617065 -0.21582 0.974121
vn -0.407715 0.85498 0.31958
vn -0.407715 0.85498 0.31958
vn 0.110596 -0.393555 0.912109
vn 0.115784 -0.406006 0.90625
vn 0.736816 0.244751 0.629883
vn 0.745605 0.210571 0.631836
vn -0.30127 0.735352 0.606445
vn -0.293701 0.710449 0.63916
vn 0.701172 0.294678 0.648438
vn 0.752441 0.171265 0.635742
vn 0.745605 0.210571 0.631836
vn 0.562012 -0.568848 0.599609
vn 0.562012 -0.568848 0.599609
vn 0.844238 -0.515625 -0.144043
vn 0.833496 0.0540771 -0.548828
vn 0.853516 -0.48999 -0.175415
vn 0.833008 0.0574036 -0.549805
vn 0.628418 0.477295 -0.61377
vn 0.70166 0.38623 -0.598145
vn 0.438232 0.652832 -0.617188
vn 0.717773 0.191284 0.668945
vn 0.808594 -0.585449 -0.0516052
vn 0.808594 -0.585449 -0.0516052
vn 0.603516 0.23584 0.76123
vn 0.629883 0.224487 0.743164
vn -0.304688 0.746582 0.59082
vn -0.304688 0.746582 0.59082
vn 0.894531 0.427246 -0.127686
vn 0.894531 0.427246 -0.127686
vn 0.981934 0.18811 0.00888062
vn 0.981934 0.18811 0.00888062
vn 0.73291 0.666504 -0.134766
vn 0.73291 0.666504 -0.134766
vn 0.539551 0.841309 -0.0105286
vn 0.539551 0.841309 -0.0105286
vn 0.539551 0.841309 -0.0105286
vn 0.539551 0.841309 -0.0105286
vn 0.970703 0.013031 0.238403
vn 0.970703 0.013031 0.238403
vn 1.19209e-007 -0.707031 -0.707031
vn 2.38419e-007 -1 0
vn 1.19209e-007 -0.707031 -0.707031
vn 2.38419e-007 -1 0
vn 2.38419e-007 -1 0
vn 0 -0.707031 0.707031
vn 2.38419e-007 -1 0
vn 0 -0.707031 0.707031
vn 0 -1.78814e-007 1
vn 0 0 1
vn 0 0.707031 0.707031
vn 0 0.707031 0.707031
vn -1.78814e-007 1 2.98023e-007
vn -1.78814e-007 1 2.98023e-007
vn -1.78814e-007 1 2.98023e-007
vn 0 0.707031 -0.707031
vn -1.78814e-007 1 2.98023e-007
vn 0 0.707031 -0.707031
vn 0 -1.78814e-007 -1
vn 0 0 -1
vn 0 1 0
vn 0 1 0
vn 0 1 0
vn 0 1 0
vn 0 1 0
vn 0 1 0
vn 0 1 0
vn 0 1 0
vn 0 1 0
vn -0.742676 -0.126831 0.656738
vn -0.128174 -0.0195313 0.991211
vn -0.723633 0 0.689453
vn -0.0375366 0 0.999023
vn -0.98291 -0.182983 0
vn -1 0 0
vn -0.742676 -0.126831 -0.656738
vn -0.723633 0 -0.689453
vn -0.128174 -0.0195313 -0.991211
vn -0.0375366 0 -0.999023
vn 0.617188 0.0476074 -0.785156
vn 0.686035 0 -0.727051
vn 0.998047 0.0575867 0
vn 1 0 0
vn 0.617188 0.0476074 0.785156
vn 0.998047 0.0575867 0
vn 0.686035 0 0.727051
vn 1 0 0
vn -0.0345154 -0.13916 0.989258
vn -0.0980835 -0.118103 0.987793
vn -0.18457 -0.726563 0.661621
vn -0.489014 -0.561035 0.66748
vn -0.248535 -0.968262 0
vn -0.649414 -0.759766 0
vn -0.18457 -0.726563 -0.661621
vn -0.489014 -0.561035 -0.66748
vn -0.0345154 -0.13916 -0.989258
vn -0.0980835 -0.118103 -0.987793
vn 0.112671 0.567383 -0.81543
vn 0.358887 0.37915 -0.852539
vn 0.176758 0.983887 0
vn 0.706055 0.708008 1.19209e-007
vn 0.176758 0.983887 0
vn 0.706055 0.708008 1.19209e-007
vn 0.112671 0.567383 0.81543
vn 0.358887 0.37915 0.852539
vn -0.707031 0 0.707031
vn 0 0 1
vn -0.707031 0 0.707031
vn 0 0 1
vn -1 0 0
vn -1 0 0
vn -0.707031 0 -0.707031
vn -1 0 0
vn -0.707031 0 -0.707031
vn -1 0 0
vn -1.78814e-007 0 -1
vn -1.78814e-007 0 -1
vn 0.707031 0 -0.707031
vn 0.707031 0 -0.707031
vn 1 0 0
vn 1 0 0
vn 0.707031 0 0.707031
vn 1 0 0
vn 0.707031 0 0.707031
vn 1 0 0
vn -0.310059 -0.898438 0.310059
vn 0 -0.898438 0.438721
vn -0.310059 -0.898438 0.310059
vn 0 -0.898438 0.438721
vn -0.438721 -0.898438 0
vn -0.438721 -0.898438 0
vn -0.310059 -0.898438 -0.310059
vn -0.438721 -0.898438 0
vn -0.310059 -0.898438 -0.310059
vn -0.438721 -0.898438 0
vn 0 -0.898438 -0.438721
vn 0 -0.898438 -0.438721
vn 0.310059 -0.898438 -0.310059
vn 0.310059 -0.898438 -0.310059
vn 0.438721 -0.898438 0
vn 0.438721 -0.898438 0
vn 0.310059 -0.898438 0.310059
vn 0.438721 -0.898438 0
vn 0.310059 -0.898438 0.310059
vn 0.438721 -0.898438 0
vn -0.707031 0 0.707031
vn 0 0 1
vn -0.707031 0 0.707031
vn 0 0 1
vn -1 0 0
vn -1 0 0
vn -0.707031 0 -0.707031
vn -1 0 0
vn -0.707031 0 -0.707031
vn -1 0 0
vn -1.78814e-007 0 -1
vn -1.78814e-007 0 -1
vn 0.707031 0 -0.707031
vn 0.707031 0 -0.707031
vn 1 0 0
vn 1 0 0
vn 0.707031 0 0.707031
vn 1 0 0
vn 0.707031 0 0.707031
vn 1 0 0
vn -0.549316 0.629395 0.549316
vn 0 0.629395 0.776855
vn -0.549316 0.629395 0.549316
vn 0 0.629395 0.776855
vn -0.776855 0.629395 1.19209e-007
vn -0.776855 0.629395 1.19209e-007
vn -0.549316 0.629395 -0.549316
vn -0.776855 0.629395 1.19209e-007
vn -0.549316 0.629395 -0.549316
vn -0.776855 0.629395 1.19209e-007
vn 0 0.629395 -0.776855
vn 0 0.629395 -0.776855
vn 0.549316 0.629395 -0.549316
vn 0.549316 0.629395 -0.549316
vn 0.776855 0.629395 -1.19209e-007
vn 0.776855 0.629395 -1.19209e-007
vn 0.549316 0.629395 0.549316
vn 0.776855 0.629395 -1.19209e-007
vn 0.549316 0.629395 0.549316
vn 0.776855 0.629395 -1.19209e-007
vn -0.861816 2.98023e-007 0.506348
vn -0.861816 0.358154 0.358154
vn -0.861816 2.98023e-007 0.506348
vn -0.861816 0.358154 0.358154
vn -0.861816 -0.358154 0.358154
vn -0.861816 -0.358154 0.358154
vn -0.861816 -0.506348 0
vn -0.861816 -0.506348 0
vn -0.861816 -0.358154 -0.358154
vn -0.861816 -0.506348 0
vn -0.861816 -0.358154 -0.358154
vn -0.861816 -0.506348 0
vn -0.861816 1.01328e-006 -0.506348
vn -0.861816 1.01328e-006 -0.506348
vn -0.861816 0.358154 -0.358154
vn -0.861816 0.358154 -0.358154
vn -0.861816 0.506348 1.19209e-007
vn -0.861816 0.506348 1.19209e-007
vn -0.861816 0.506348 1.19209e-007
vn -0.861816 0.506348 1.19209e-007
vn 0 0.652344 0.757324
vn 0 -0.0750122 0.99707
vn 0 -0.734863 0.677734
vn 0 -1 0
vn 0 -0.734863 -0.677734
vn 0 -0.0750122 -0.99707
vn 0 0.652344 -0.757324
vn 0 1 0
vn 0 1 0
vn 0 1 0
vn 0 1 0
vn 0 1 0
vn 0 1 0
vn -0.983398 0.180298 0
vn -0.983398 0.180298 0
vn -0.983398 0.180298 0
vn -0.983398 0.180298 0
vn 0 0 -1
vn 0 0 -1
vn 0 0 -1
vn 0 0 -1
vn -1.19209e-007 0 1
vn -1.19209e-007 0 1
vn -1.19209e-007 0 1
vn -1.19209e-007 0 1
vn 1 1.54972e-006 3.57628e-007
vn 1 1.96695e-006 -5.36442e-007
vn 1 2.98023e-007 -1.19209e-007
vn 1 0 -9.53674e-007
vn 1 -3.57628e-007 0
vn 1 0 0
vn 1 0 0
vn 1 -3.57628e-007 0
vn 1 -3.57628e-007 0
vn -1.19209e-007 0.923828 -0.382568
vn -1.19209e-007 0.923828 0.382568
vn -1.19209e-007 0.923828 -0.382568
vn -1.19209e-007 0.923828 0.382568
vn -1.78814e-007 0.382568 -0.923828
vn -1.19209e-007 0.923828 -0.382568
vn -1.78814e-007 0.382568 -0.923828
vn -1.19209e-007 0.923828 -0.382568
vn 0 -0.382568 -0.923828
vn 0 -0.382568 -0.923828
vn 3.57628e-007 -0.923828 -0.382568
vn 3.57628e-007 -0.923828 -0.382568
vn 4.76837e-007 -0.923828 0.382568
vn 4.76837e-007 -0.923828 0.382568
vn 1.78814e-007 -0.382568 0.923828
vn 4.76837e-007 -0.923828 0.382568
vn 1.78814e-007 -0.382568 0.923828
vn 4.76837e-007 -0.923828 0.382568
vn -1.19209e-007 0.382568 0.923828
vn -1.19209e-007 0.382568 0.923828
vn -0.691895 0.666992 -0.276123
vn -0.691895 0.666992 0.276123
vn -0.691895 0.666992 -0.276123
vn -0.691895 0.666992 0.276123
vn -0.691895 0.276123 -0.666992
vn -0.691895 0.666992 -0.276123
vn -0.691895 0.276123 -0.666992
vn -0.691895 0.666992 -0.276123
vn -0.691895 -0.276123 -0.666992
vn -0.691895 -0.276123 -0.666992
vn -0.691895 -0.666992 -0.276123
vn -0.691895 -0.666992 -0.276123
vn -0.691895 -0.666992 0.276123
vn -0.691895 -0.666992 0.276123
vn -0.691895 -0.276123 0.666992
vn -0.691895 -0.666992 0.276123
vn -0.691895 -0.276123 0.666992
vn -0.691895 -0.666992 0.276123
vn -0.691895 0.276123 0.666992
vn -0.691895 0.276123 0.666992
vn 0 0.923828 -0.382568
vn 0 0.923828 -0.382568
vn 0 0.923828 0.382568
vn 0 0.923828 0.382568
vn 0 0.382568 -0.923828
vn 0 0.382568 -0.923828
vn 0 0.923828 -0.382568
vn 0 0.923828 -0.382568
vn -1.78814e-007 -0.382568 -0.923828
vn -1.78814e-007 -0.382568 -0.923828
vn -5.36442e-007 -0.923828 -0.382568
vn -5.36442e-007 -0.923828 -0.382568
vn -5.36442e-007 -0.923828 0.382568
vn -5.36442e-007 -0.923828 0.382568
vn -1.78814e-007 -0.382568 0.923828
vn -1.78814e-007 -0.382568 0.923828
vn -5.36442e-007 -0.923828 0.382568
vn -5.36442e-007 -0.923828 0.382568
vn 0 0.382568 0.923828
vn 0 0.382568 0.923828
vn 0 0.923828 -0.382568
vn 0 0.923828 -0.382568
vn 0 0.923828 0.382568
vn 0 0.923828 0.382568
vn 0 0.382568 -0.923828
vn 0 0.382568 -0.923828
vn 0 0.923828 -0.382568
vn 0 0.923828 -0.382568
vn -1.78814e-007 -0.382568 -0.923828
vn -1.78814e-007 -0.382568 -0.923828
vn 0 -0.923828 -0.382568
vn 0 -0.923828 -0.382568
vn -1.19209e-007 -0.923828 0.382568
vn -1.19209e-007 -0.923828 0.382568
vn -1.19209e-007 -0.382568 0.923828
vn -1.19209e-007 -0.382568 0.923828
vn -1.19209e-007 -0.923828 0.382568
vn -1.19209e-007 -0.923828 0.382568
vn 0 0.382568 0.923828
vn 0 0.382568 0.923828
vn 0.691895 0.666992 -0.276123
vn 0.691895 0.666992 -0.276123
vn 0.691895 0.666992 0.276123
vn 0.691895 0.666992 0.276123
vn 0.691895 0.276123 -0.666992
vn 0.691895 0.276123 -0.666992
vn 0.691895 0.666992 -0.276123
vn 0.691895 0.666992 -0.276123
vn 0.691895 -0.276123 -0.666992
vn 0.691895 -0.276123 -0.666992
vn 0.691895 -0.666992 -0.276123
vn 0.691895 -0.666992 -0.276123
vn 0.691895 -0.666992 0.276123
vn 0.691895 -0.666992 0.276123
vn 0.691895 -0.276123 0.666992
vn 0.691895 -0.276123 0.666992
vn 0.691895 -0.666992 0.276123
vn 0.691895 -0.666992 0.276123
vn 0.691895 0.276123 0.666992
vn 0.691895 0.276123 0.666992
vn 0.00143719 0.00403976 0.999512
vn 0.00143719 0.00403976 0.999512
vn 6.16908e-005 0.000174046 -1
vn 6.16908e-005 0.000174046 -1
vn 0 -1 0
vn 0 -1 0
vn 0 -1 0
vn 0 -1 0

vt 0.277723 0.554609
vt 0.305091 0.554609
vt 0.277723 0.598369
vt 0.305091 0.598369
vt 0.250355 0.554609
vt 0.250355 0.598369
vt 0.222987 0.554609
vt 0.222987 0.598369
vt 0.332459 0.554609
vt 0.332459 0.598369
vt 0.51432 0.730801
vt 0.503847 0.781224
vt 0.442804 0.7308
vt 0.453277 0.781224
vt 0.442804 0.7308
vt 0.51432 0.730801
vt 0.453277 0.781224
vt 0.503847 0.781224
vt 0.478562 0.80211
vt 0.51432 0.607852
vt 0.442804 0.607852
vt 0.202874 0.666052
vt 0.222962 0.666052
vt 0.202829 0.694862
vt 0.22294 0.694862
vt 0.182657 0.666052
vt 0.182648 0.694862
vt 0.162204 0.666052
vt 0.162204 0.694862
vt 0.222962 0.666052
vt 0.24272 0.666052
vt 0.22294 0.694862
vt 0.24272 0.694862
vt 0.202874 0.666052
vt 0.202829 0.694862
vt 0.182657 0.666052
vt 0.182648 0.694862
vt 0.162204 0.666052
vt 0.162204 0.694862
vt 0.24272 0.666052
vt 0.24272 0.694862
vt 0.182648 0.71158
vt 0.202829 0.71158
vt 0.182627 0.7213
vt 0.202847 0.7213
vt 0.162204 0.71158
vt 0.162204 0.7213
vt 0.22294 0.71158
vt 0.24272 0.71158
vt 0.222903 0.7213
vt 0.24272 0.7213
vt 0.202829 0.71158
vt 0.202847 0.7213
vt 0.182648 0.71158
vt 0.182627 0.7213
vt 0.162204 0.71158
vt 0.162204 0.7213
vt 0.22294 0.71158
vt 0.24272 0.71158
vt 0.222903 0.7213
vt 0.24272 0.7213
vt 0.478562 0.80211
vt 0.540149 0.65526
vt 0.556475 0.65526
vt 0.540149 0.787777
vt 0.556548 0.787777
vt 0.524204 0.65526
vt 0.524204 0.787777
vt 0.572916 0.65526
vt 0.588853 0.65526
vt 0.572916 0.787777
vt 0.588853 0.787777
vt 0.556475 0.65526
vt 0.556548 0.787777
vt 0.540149 0.65526
vt 0.540149 0.787777
vt 0.524204 0.65526
vt 0.524204 0.787777
vt 0.572916 0.65526
vt 0.588853 0.65526
vt 0.572916 0.787777
vt 0.588853 0.787777
vt 0.696289 0.901523
vt 0.696591 0.889561
vt 0.7177 0.901523
vt 0.717396 0.889561
vt 0.734812 0.976974
vt 0.724955 0.933428
vt 0.747538 0.933428
vt 0.689787 0.889561
vt 0.702813 0.889561
vt 0.69095 0.901523
vt 0.708194 0.901523
vt 0.508896 0.976974
vt 0.492667 0.976974
vt 0.510094 0.933428
vt 0.480633 0.933428
vt 0.598233 0.889561
vt 0.630111 0.889561
vt 0.598668 0.901523
vt 0.630406 0.901523
vt 0.556958 0.933428
vt 0.557716 0.976973
vt 0.569109 0.933428
vt 0.585081 0.976973
vt 0.689956 0.889561
vt 0.704406 0.889561
vt 0.689487 0.901523
vt 0.707359 0.901523
vt 0.621875 0.901523
vt 0.622988 0.889561
vt 0.589439 0.889561
vt 0.589772 0.901523
vt 0.596897 0.901523
vt 0.602608 0.889561
vt 0.615031 0.901523
vt 0.616058 0.889561
vt 0.586649 0.976974
vt 0.598733 0.933428
vt 0.616133 0.976974
vt 0.614965 0.933428
vt 0.667336 0.901523
vt 0.667622 0.889561
vt 0.698696 0.901523
vt 0.699121 0.889561
vt 0.662989 0.976974
vt 0.663784 0.933428
vt 0.675143 0.976974
vt 0.691151 0.933428
vt 0.587613 0.901523
vt 0.590624 0.889561
vt 0.605703 0.901523
vt 0.60523 0.889561
vt 0.673512 0.901523
vt 0.672399 0.889561
vt 0.70566 0.901523
vt 0.705934 0.889561
vt 0.581713 0.839505
vt 0.631882 0.839506
vt 0.586498 0.85304
vt 0.636409 0.853039
vt 0.643159 0.853039
vt 0.647686 0.839506
vt 0.69307 0.853039
vt 0.697855 0.839505
vt 0.711469 0.853039
vt 0.707049 0.839505
vt 0.722117 0.853039
vt 0.726537 0.839505
vt 0.735322 0.89371
vt 0.742773 0.794914
vt 0.760872 0.89371
vt 0.753421 0.794914
vt 0.715093 0.976974
vt 0.702374 0.933428
vt 0.782436 0.0167468
vt 0.834478 0.0167468
vt 0.782437 0.058628
vt 0.834478 0.058628
vt 0.886542 0.0167468
vt 0.886542 0.058628
vt 0.938923 0.0167468
vt 0.938923 0.058628
vt 0.992566 0.0167468
vt 0.992566 0.058628
vt 0.572306 0.0167468
vt 0.610478 0.0167468
vt 0.572306 0.058628
vt 0.625949 0.0167468
vt 0.625949 0.058628
vt 0.678331 0.0167468
vt 0.678331 0.058628
vt 0.730393 0.0167468
vt 0.730393 0.058628
vt 0.981188 0.747955
vt 0.977346 0.751129
vt 0.973222 0.720443
vt 0.973222 0.752211
vt 0.9691 0.751129
vt 0.965258 0.747955
vt 0.989153 0.720443
vt 0.98861 0.728665
vt 0.987019 0.736327
vt 0.984487 0.742906
vt 0.93264 0.502985
vt 0.979881 0.502985
vt 0.924029 0.622195
vt 0.961676 0.622195
vt 0.885372 0.502985
vt 0.885372 0.622195
vt 0.840142 0.502985
vt 0.847788 0.622195
vt 0.793134 0.502985
vt 0.810207 0.622195
vt 0.972897 0.784621
vt 0.992863 0.784621
vt 0.972887 0.814037
vt 0.992863 0.814037
vt 0.952804 0.784621
vt 0.952821 0.814037
vt 0.932402 0.784621
vt 0.932298 0.814037
vt 0.912245 0.784621
vt 0.912242 0.814037
vt 0.892076 0.784621
vt 0.892179 0.814037
vt 0.871658 0.784621
vt 0.87164 0.814037
vt 0.851548 0.784621
vt 0.851557 0.814037
vt 0.831576 0.784621
vt 0.831576 0.814037
vt 0.938923 0.373378
vt 0.992566 0.373378
vt 0.885372 0.373378
vt 0.834478 0.373378
vt 0.782439 0.373378
vt 0.915812 0.716814
vt 0.944017 0.716814
vt 0.913308 0.763907
vt 0.937442 0.763907
vt 0.885372 0.716814
vt 0.885372 0.763907
vt 0.855213 0.716814
vt 0.857393 0.763907
vt 0.826907 0.716814
vt 0.833164 0.763907
vt 0.915812 0.716814
vt 0.944017 0.716814
vt 0.913308 0.763907
vt 0.937442 0.763907
vt 0.885372 0.716814
vt 0.885372 0.763907
vt 0.855213 0.716814
vt 0.857393 0.763907
vt 0.826907 0.716814
vt 0.833164 0.763907
vt 0.971967 0.830589
vt 0.992863 0.830589
vt 0.971967 0.864075
vt 0.992863 0.864075
vt 0.952309 0.830589
vt 0.952309 0.864075
vt 0.932334 0.830589
vt 0.932334 0.864075
vt 0.912245 0.830589
vt 0.91225 0.864075
vt 0.892148 0.830589
vt 0.892148 0.864075
vt 0.872164 0.830589
vt 0.872171 0.864075
vt 0.852499 0.830589
vt 0.852499 0.864075
vt 0.831576 0.830589
vt 0.831576 0.864075
vt 0.912274 0.880272
vt 0.932334 0.880272
vt 0.912246 0.989228
vt 0.932334 0.989228
vt 0.952309 0.880272
vt 0.952309 0.989228
vt 0.971967 0.880272
vt 0.971967 0.989228
vt 0.992863 0.880272
vt 0.992863 0.989228
vt 0.831576 0.880272
vt 0.852499 0.880272
vt 0.831576 0.989228
vt 0.852499 0.989228
vt 0.872171 0.880272
vt 0.872171 0.989228
vt 0.892148 0.880272
vt 0.892148 0.989228
vt 0.938923 0.254096
vt 0.992566 0.254096
vt 0.938923 0.331866
vt 0.992566 0.331866
vt 0.886542 0.254096
vt 0.886542 0.331866
vt 0.834478 0.254096
vt 0.834478 0.331866
vt 0.782437 0.254096
vt 0.782434 0.331866
vt 0.730393 0.254096
vt 0.730393 0.331866
vt 0.678331 0.254096
vt 0.678331 0.331866
vt 0.625949 0.254096
vt 0.625949 0.331866
vt 0.572306 0.254096
vt 0.572306 0.331866
vt 0.938923 0.227451
vt 0.992566 0.227451
vt 0.938923 0.242636
vt 0.992566 0.242636
vt 0.992566 0.358098
vt 0.938923 0.358098
vt 0.992566 0.343326
vt 0.938923 0.343326
vt 0.886542 0.227451
vt 0.886542 0.242636
vt 0.886542 0.358098
vt 0.886542 0.343326
vt 0.834478 0.227451
vt 0.834478 0.242636
vt 0.834478 0.358098
vt 0.834478 0.343326
vt 0.782436 0.227451
vt 0.782437 0.242636
vt 0.782439 0.358098
vt 0.782434 0.343326
vt 0.730393 0.227451
vt 0.730393 0.242636
vt 0.730393 0.358098
vt 0.730393 0.343326
vt 0.678331 0.227451
vt 0.678331 0.242636
vt 0.678331 0.358098
vt 0.678331 0.343326
vt 0.625949 0.227451
vt 0.625949 0.242636
vt 0.625949 0.358098
vt 0.625949 0.343326
vt 0.572306 0.227451
vt 0.572306 0.242636
vt 0.572306 0.358098
vt 0.572306 0.343326
vt 0.938923 0.0713615
vt 0.992566 0.0713615
vt 0.938923 0.0805584
vt 0.992566 0.0805584
vt 0.886542 0.0713615
vt 0.886542 0.0805584
vt 0.834478 0.0713615
vt 0.834478 0.0805584
vt 0.782437 0.0713615
vt 0.782436 0.0805584
vt 0.730393 0.0713615
vt 0.730393 0.0805584
vt 0.678331 0.0713615
vt 0.678331 0.0805584
vt 0.625949 0.0713615
vt 0.625949 0.0805584
vt 0.572306 0.0713615
vt 0.572306 0.0805584
vt 0.938923 0.0907453
vt 0.992566 0.0907453
vt 0.938923 0.217264
vt 0.992566 0.217264
vt 0.886542 0.0907453
vt 0.886542 0.217264
vt 0.834478 0.0907453
vt 0.834478 0.217264
vt 0.782436 0.0907453
vt 0.782436 0.217264
vt 0.730393 0.0907453
vt 0.730393 0.217264
vt 0.678331 0.0907453
vt 0.678331 0.217264
vt 0.625949 0.0907453
vt 0.625949 0.217264
vt 0.572306 0.0907453
vt 0.572306 0.217264
vt 0.93264 0.502985
vt 0.979881 0.502985
vt 0.924029 0.622195
vt 0.961676 0.622195
vt 0.885372 0.502985
vt 0.885372 0.622195
vt 0.840142 0.502985
vt 0.847788 0.622195
vt 0.793134 0.502985
vt 0.810207 0.622195
vt 0.938923 0.373378
vt 0.992566 0.373378
vt 0.885372 0.373378
vt 0.834478 0.373378
vt 0.782439 0.373378
vt 0.782436 0.0167468
vt 0.834478 0.0167468
vt 0.782437 0.058628
vt 0.834478 0.058628
vt 0.886542 0.0167468
vt 0.886542 0.058628
vt 0.938923 0.0167468
vt 0.938923 0.058628
vt 0.954252 0.0167468
vt 0.992566 0.058628
vt 0.992566 0.0167468
vt 0.572306 0.0167468
vt 0.625949 0.0167468
vt 0.572306 0.058628
vt 0.625949 0.058628
vt 0.678331 0.0167468
vt 0.678331 0.058628
vt 0.730393 0.0167468
vt 0.730393 0.058628
vt 0.981188 0.692931
vt 0.984487 0.69798
vt 0.987018 0.704559
vt 0.98861 0.712221
vt 0.965257 0.692931
vt 0.9691 0.689757
vt 0.973222 0.688675
vt 0.977346 0.689757
vt 0.93264 0.502985
vt 0.979881 0.502985
vt 0.924029 0.622195
vt 0.961676 0.622195
vt 0.885372 0.502985
vt 0.885372 0.622195
vt 0.840142 0.502985
vt 0.847788 0.622195
vt 0.793134 0.502985
vt 0.810207 0.622195
vt 0.972897 0.784621
vt 0.992863 0.784621
vt 0.972887 0.814037
vt 0.992863 0.814037
vt 0.952804 0.784621
vt 0.952821 0.814037
vt 0.932402 0.784621
vt 0.932298 0.814037
vt 0.912245 0.784621
vt 0.912242 0.814037
vt 0.892076 0.784621
vt 0.892179 0.814037
vt 0.871658 0.784621
vt 0.87164 0.814037
vt 0.851548 0.784621
vt 0.851557 0.814037
vt 0.831576 0.784621
vt 0.831576 0.814037
vt 0.938923 0.373378
vt 0.992566 0.373378
vt 0.885372 0.373378
vt 0.834478 0.373378
vt 0.782439 0.373378
vt 0.915812 0.716814
vt 0.944017 0.716814
vt 0.913308 0.763907
vt 0.937442 0.763907
vt 0.885372 0.716814
vt 0.885372 0.763907
vt 0.855213 0.716814
vt 0.857393 0.763907
vt 0.826907 0.716814
vt 0.833164 0.763907
vt 0.709659 0.716814
vt 0.737965 0.716814
vt 0.70748 0.763907
vt 0.731709 0.763907
vt 0.679386 0.716814
vt 0.679501 0.763907
vt 0.64906 0.716814
vt 0.651565 0.763907
vt 0.620855 0.716814
vt 0.62743 0.763907
vt 0.971967 0.830589
vt 0.992863 0.830589
vt 0.971967 0.864075
vt 0.992863 0.864075
vt 0.952309 0.830589
vt 0.952309 0.864075
vt 0.932334 0.830589
vt 0.932334 0.864075
vt 0.912245 0.830589
vt 0.91225 0.864075
vt 0.892148 0.830589
vt 0.892148 0.864075
vt 0.872164 0.830589
vt 0.872171 0.864075
vt 0.852499 0.830589
vt 0.852499 0.864075
vt 0.831576 0.830589
vt 0.831576 0.864075
vt 0.912274 0.880272
vt 0.932334 0.880272
vt 0.912246 0.989228
vt 0.932334 0.989228
vt 0.952309 0.880272
vt 0.952309 0.989228
vt 0.971967 0.880272
vt 0.971967 0.989228
vt 0.992863 0.880272
vt 0.992863 0.989228
vt 0.831576 0.880272
vt 0.852499 0.880272
vt 0.831576 0.989228
vt 0.852499 0.989228
vt 0.872171 0.880272
vt 0.872171 0.989228
vt 0.892148 0.880272
vt 0.892148 0.989228
vt 0.938923 0.254096
vt 0.992566 0.254096
vt 0.938923 0.331866
vt 0.992566 0.331866
vt 0.886542 0.254096
vt 0.886542 0.331866
vt 0.834478 0.254096
vt 0.834478 0.331866
vt 0.782437 0.254096
vt 0.782434 0.331866
vt 0.730393 0.254096
vt 0.730393 0.331866
vt 0.678331 0.254096
vt 0.678331 0.331866
vt 0.625949 0.254096
vt 0.625949 0.331866
vt 0.572306 0.254096
vt 0.572306 0.331866
vt 0.938923 0.227451
vt 0.992566 0.227451
vt 0.938923 0.242636
vt 0.992566 0.242636
vt 0.992566 0.358098
vt 0.938923 0.358098
vt 0.992566 0.343326
vt 0.938923 0.343326
vt 0.886542 0.227451
vt 0.886542 0.242636
vt 0.886542 0.358098
vt 0.886542 0.343326
vt 0.834478 0.227451
vt 0.834478 0.242636
vt 0.834478 0.358098
vt 0.834478 0.343326
vt 0.782436 0.227451
vt 0.782437 0.242636
vt 0.782439 0.358098
vt 0.782434 0.343326
vt 0.730393 0.227451
vt 0.730393 0.242636
vt 0.730393 0.358098
vt 0.730393 0.343326
vt 0.678331 0.227451
vt 0.678331 0.242636
vt 0.678331 0.358098
vt 0.678331 0.343326
vt 0.625949 0.227451
vt 0.625949 0.242636
vt 0.625949 0.358098
vt 0.625949 0.343326
vt 0.572306 0.227451
vt 0.572306 0.242636
vt 0.572306 0.358098
vt 0.572306 0.343326
vt 0.938923 0.0713615
vt 0.992566 0.0713615
vt 0.938923 0.0805584
vt 0.992566 0.0805584
vt 0.886542 0.0713615
vt 0.886542 0.0805584
vt 0.834478 0.0713615
vt 0.834478 0.0805584
vt 0.782437 0.0713615
vt 0.782436 0.0805584
vt 0.730393 0.0713615
vt 0.730393 0.0805584
vt 0.678331 0.0713615
vt 0.678331 0.0805584
vt 0.625949 0.0713615
vt 0.625949 0.0805584
vt 0.572306 0.0713615
vt 0.572306 0.0805584
vt 0.938923 0.0907453
vt 0.992566 0.0907453
vt 0.938923 0.217264
vt 0.992566 0.217264
vt 0.886542 0.0907453
vt 0.886542 0.217264
vt 0.834478 0.0907453
vt 0.834478 0.217264
vt 0.782436 0.0907453
vt 0.782436 0.217264
vt 0.730393 0.0907453
vt 0.730393 0.217264
vt 0.678331 0.0907453
vt 0.678331 0.217264
vt 0.625949 0.0907453
vt 0.625949 0.217264
vt 0.572306 0.0907453
vt 0.572306 0.217264
vt 0.724731 0.502985
vt 0.77174 0.502985
vt 0.717084 0.622195
vt 0.754665 0.622195
vt 0.678557 0.502985
vt 0.678931 0.622195
vt 0.632232 0.502985
vt 0.640844 0.622195
vt 0.584991 0.502985
vt 0.603197 0.622195
vt 0.730393 0.373378
vt 0.678331 0.373378
vt 0.625949 0.373378
vt 0.572306 0.373378
vt 0.782436 0.0167468
vt 0.834478 0.0167468
vt 0.782437 0.058628
vt 0.834478 0.058628
vt 0.886542 0.0167468
vt 0.886542 0.058628
vt 0.938923 0.0167468
vt 0.938923 0.058628
vt 0.992566 0.0167468
vt 0.992566 0.058628
vt 0.572306 0.0167468
vt 0.625949 0.0167468
vt 0.572306 0.058628
vt 0.625949 0.058628
vt 0.678331 0.0167468
vt 0.678331 0.058628
vt 0.730393 0.0167468
vt 0.730393 0.058628
vt 0.957292 0.720443
vt 0.957835 0.712221
vt 0.959427 0.704559
vt 0.961958 0.69798
vt 0.961958 0.742907
vt 0.959427 0.736327
vt 0.957835 0.728665
vt 0.93264 0.502985
vt 0.979881 0.502985
vt 0.924029 0.622195
vt 0.961676 0.622195
vt 0.885372 0.502985
vt 0.885372 0.622195
vt 0.840142 0.502985
vt 0.847788 0.622195
vt 0.793134 0.502985
vt 0.810207 0.622195
vt 0.972897 0.784621
vt 0.992863 0.784621
vt 0.972887 0.814037
vt 0.992863 0.814037
vt 0.952804 0.784621
vt 0.952821 0.814037
vt 0.932402 0.784621
vt 0.932298 0.814037
vt 0.912245 0.784621
vt 0.912242 0.814037
vt 0.892076 0.784621
vt 0.892179 0.814037
vt 0.871658 0.784621
vt 0.87164 0.814037
vt 0.851548 0.784621
vt 0.851557 0.814037
vt 0.831576 0.784621
vt 0.831576 0.814037
vt 0.938923 0.373378
vt 0.992566 0.373378
vt 0.885372 0.373378
vt 0.834478 0.373378
vt 0.782439 0.373378
vt 0.915812 0.716814
vt 0.944017 0.716814
vt 0.913308 0.763907
vt 0.937442 0.763907
vt 0.885372 0.716814
vt 0.885372 0.763907
vt 0.855213 0.716814
vt 0.857393 0.763907
vt 0.826907 0.716814
vt 0.833164 0.763907
vt 0.915812 0.716814
vt 0.944017 0.716814
vt 0.913308 0.763907
vt 0.937442 0.763907
vt 0.885372 0.716814
vt 0.885372 0.763907
vt 0.855213 0.716814
vt 0.857393 0.763907
vt 0.826907 0.716814
vt 0.833164 0.763907
vt 0.971967 0.830589
vt 0.992863 0.830589
vt 0.971967 0.864075
vt 0.992863 0.864075
vt 0.952309 0.830589
vt 0.952309 0.864075
vt 0.932334 0.830589
vt 0.932334 0.864075
vt 0.912245 0.830589
vt 0.91225 0.864075
vt 0.892148 0.830589
vt 0.892148 0.864075
vt 0.872164 0.830589
vt 0.872171 0.864075
vt 0.852499 0.830589
vt 0.852499 0.864075
vt 0.831576 0.830589
vt 0.831576 0.864075
vt 0.912274 0.880272
vt 0.932334 0.880272
vt 0.912246 0.989228
vt 0.932334 0.989228
vt 0.952309 0.880272
vt 0.952309 0.989228
vt 0.971967 0.880272
vt 0.971967 0.989228
vt 0.992863 0.880272
vt 0.992863 0.989228
vt 0.831576 0.880272
vt 0.852499 0.880272
vt 0.831576 0.989228
vt 0.852499 0.989228
vt 0.872171 0.880272
vt 0.872171 0.989228
vt 0.892148 0.880272
vt 0.892148 0.989228
vt 0.938923 0.254096
vt 0.992566 0.254096
vt 0.938923 0.331866
vt 0.992566 0.331866
vt 0.886542 0.254096
vt 0.886542 0.331866
vt 0.834478 0.254096
vt 0.834478 0.331866
vt 0.782437 0.254096
vt 0.782434 0.331866
vt 0.730393 0.254096
vt 0.730393 0.331866
vt 0.678331 0.254096
vt 0.678331 0.331866
vt 0.625949 0.254096
vt 0.625949 0.331866
vt 0.572306 0.254096
vt 0.572306 0.331866
vt 0.938923 0.227451
vt 0.992566 0.227451
vt 0.938923 0.242636
vt 0.992566 0.242636
vt 0.992566 0.358098
vt 0.938923 0.358098
vt 0.992566 0.343326
vt 0.938923 0.343326
vt 0.886542 0.227451
vt 0.886542 0.242636
vt 0.886542 0.358098
vt 0.886542 0.343326
vt 0.834478 0.227451
vt 0.834478 0.242636
vt 0.834478 0.358098
vt 0.834478 0.343326
vt 0.782436 0.227451
vt 0.782437 0.242636
vt 0.782439 0.358098
vt 0.782434 0.343326
vt 0.730393 0.227451
vt 0.730393 0.242636
vt 0.730393 0.358098
vt 0.730393 0.343326
vt 0.678331 0.227451
vt 0.678331 0.242636
vt 0.678331 0.358098
vt 0.678331 0.343326
vt 0.625949 0.227451
vt 0.625949 0.242636
vt 0.625949 0.358098
vt 0.625949 0.343326
vt 0.572306 0.227451
vt 0.572306 0.242636
vt 0.572306 0.358098
vt 0.572306 0.343326
vt 0.938923 0.0713615
vt 0.992566 0.0713615
vt 0.938923 0.0805584
vt 0.992566 0.0805584
vt 0.886542 0.0713615
vt 0.886542 0.0805584
vt 0.834478 0.0713615
vt 0.834478 0.0805584
vt 0.782437 0.0713615
vt 0.782436 0.0805584
vt 0.730393 0.0713615
vt 0.730393 0.0805584
vt 0.678331 0.0713615
vt 0.678331 0.0805584
vt 0.625949 0.0713615
vt 0.625949 0.0805584
vt 0.572306 0.0713615
vt 0.572306 0.0805584
vt 0.938923 0.0907453
vt 0.992566 0.0907453
vt 0.938923 0.217264
vt 0.992566 0.217264
vt 0.886542 0.0907453
vt 0.886542 0.217264
vt 0.834478 0.0907453
vt 0.834478 0.217264
vt 0.782436 0.0907453
vt 0.782436 0.217264
vt 0.730393 0.0907453
vt 0.730393 0.217264
vt 0.678331 0.0907453
vt 0.678331 0.217264
vt 0.625949 0.0907453
vt 0.625949 0.217264
vt 0.572306 0.0907453
vt 0.572306 0.217264
vt 0.93264 0.502985
vt 0.979881 0.502985
vt 0.924029 0.622195
vt 0.961676 0.622195
vt 0.885372 0.502985
vt 0.885372 0.622195
vt 0.840142 0.502985
vt 0.847788 0.622195
vt 0.793134 0.502985
vt 0.810207 0.622195
vt 0.938923 0.373378
vt 0.992566 0.373378
vt 0.885372 0.373378
vt 0.834478 0.373378
vt 0.782439 0.373378
vt 0.00341523 0.170413
vt 0.034478 0.178568
vt 0.00341544 0.409749
vt 0.12343 0.409749
vt 0.119341 0.347805
vt 0.0634231 0.202478
vt 0.0882795 0.240513
vt 0.107351 0.290081
vt 0.255999 0.1629
vt 0.299837 0.1629
vt 0.255994 0.209535
vt 0.299816 0.209535
vt 0.344076 0.1629
vt 0.344048 0.209535
vt 0.388095 0.1629
vt 0.388132 0.209535
vt 0.430976 0.1629
vt 0.430818 0.209535
vt 0.444019 0.1629
vt 0.47383 0.209535
vt 0.211956 0.1629
vt 0.243414 0.1629
vt 0.211956 0.209535
vt 0.255999 0.1629
vt 0.299837 0.1629
vt 0.255994 0.209535
vt 0.299816 0.209535
vt 0.344076 0.1629
vt 0.344047 0.209535
vt 0.388095 0.1629
vt 0.388132 0.209535
vt 0.430976 0.1629
vt 0.430819 0.209535
vt 0.476201 0.1629
vt 0.47383 0.209535
vt 0.211956 0.1629
vt 0.255999 0.1629
vt 0.211956 0.209535
vt 0.255994 0.209535
vt 0.299837 0.1629
vt 0.299816 0.209535
vt 0.344076 0.1629
vt 0.344047 0.209535
vt 0.388095 0.1629
vt 0.388132 0.209535
vt 0.430976 0.1629
vt 0.430819 0.209535
vt 0.476201 0.1629
vt 0.47383 0.209535
vt 0.211956 0.1629
vt 0.255999 0.1629
vt 0.211956 0.209535
vt 0.255994 0.209535
vt 0.299837 0.1629
vt 0.299816 0.209535
vt 0.344076 0.1629
vt 0.344048 0.209535
vt 0.388095 0.1629
vt 0.388132 0.209535
vt 0.430976 0.1629
vt 0.430818 0.209535
vt 0.476201 0.1629
vt 0.47383 0.209535
vt 0.211956 0.1629
vt 0.211956 0.209535
vt 0.00341523 0.170413
vt 0.034478 0.178568
vt 0.12343 0.409749
vt 0.119341 0.347805
vt 0.0634231 0.202478
vt 0.0882795 0.240513
vt 0.107351 0.290081
vt 0.12343 0.409749
vt 0.119341 0.347805
vt 0.107351 0.290081
vt 0.00341523 0.170413
vt 0.034478 0.178568
vt 0.0634231 0.202478
vt 0.0882795 0.240513
vt 0.12343 0.409749
vt 0.119341 0.347805
vt 0.107351 0.290081
vt 0.0882794 0.240513
vt 0.0634231 0.202478
vt 0.034478 0.178569
vt 0.00341523 0.170413
vt 0.480036 0.849061
vt 0.493745 0.849061
vt 0.479704 0.881414
vt 0.511589 0.881414
vt 0.518309 0.906138
vt 0.480302 0.906137
vt 0.511589 0.89488
vt 0.479704 0.89488
vt 0.480399 0.822815
vt 0.491316 0.822815
vt 0.480036 0.831545
vt 0.493745 0.831545
vt 0.462309 0.831545
vt 0.462968 0.822815
vt 0.461561 0.881414
vt 0.462309 0.849061
vt 0.461687 0.906138
vt 0.461561 0.89488
vt 0.569176 0.849061
vt 0.553615 0.881414
vt 0.539798 0.849061
vt 0.539743 0.881414
vt 0.539798 0.831545
vt 0.540385 0.822815
vt 0.569176 0.831545
vt 0.56943 0.822815
vt 0.553615 0.89488
vt 0.551541 0.906138
vt 0.539743 0.89488
vt 0.540112 0.906138
vt 0.520999 0.89488
vt 0.521415 0.906138
vt 0.522009 0.849061
vt 0.520999 0.881414
vt 0.522009 0.831545
vt 0.522393 0.822815
vt 0.359122 0.62518
vt 0.357076 0.61299
vt 0.375428 0.62518
vt 0.37733 0.61299
vt 0.356835 0.635748
vt 0.377091 0.635748
vt 0.356835 0.681023
vt 0.377091 0.681023
vt 0.350807 0.681023
vt 0.344414 0.672382
vt 0.350807 0.635748
vt 0.344414 0.62633
vt 0.38934 0.624053
vt 0.38934 0.671323
vt 0.383104 0.635748
vt 0.383104 0.681023
vt 0.0101655 0.685442
vt 0.00813267 0.663844
vt 0.0225762 0.685442
vt 0.0191664 0.663845
vt 0.00484169 0.642247
vt 0.0144523 0.642247
vt 0.00338411 0.62065
vt 0.0125538 0.62065
vt 0.00484169 0.599052
vt 0.0144522 0.599052
vt 0.00813264 0.577455
vt 0.0191665 0.577455
vt 0.0101655 0.555857
vt 0.0225761 0.555857
vt 0.121485 0.663844
vt 0.134308 0.663844
vt 0.121922 0.685442
vt 0.135723 0.685442
vt 0.121485 0.577455
vt 0.121923 0.555857
vt 0.134308 0.577455
vt 0.135723 0.555857
vt 0.120482 0.599052
vt 0.130853 0.599052
vt 0.119978 0.620649
vt 0.128483 0.620649
vt 0.120482 0.642247
vt 0.130853 0.642247
vt 0.0778105 0.663844
vt 0.0781746 0.685442
vt 0.0778073 0.577455
vt 0.078176 0.555857
vt 0.0770125 0.599052
vt 0.0766232 0.620649
vt 0.07701 0.642247
vt 0.0296727 0.663844
vt 0.0298343 0.685442
vt 0.0296721 0.577455
vt 0.0298347 0.555857
vt 0.0293461 0.599052
vt 0.0292457 0.620649
vt 0.0293456 0.642247
vt 0.149356 0.685442
vt 0.148547 0.663844
vt 0.148547 0.577455
vt 0.149356 0.555857
vt 0.146748 0.599052
vt 0.145702 0.62065
vt 0.146748 0.642247
vt 0.480036 0.849061
vt 0.493745 0.849061
vt 0.479704 0.881414
vt 0.511589 0.881414
vt 0.518309 0.906138
vt 0.480302 0.906137
vt 0.511589 0.89488
vt 0.479704 0.89488
vt 0.480399 0.822815
vt 0.491316 0.822815
vt 0.480036 0.831545
vt 0.493745 0.831545
vt 0.462309 0.831545
vt 0.462968 0.822815
vt 0.461561 0.881414
vt 0.462309 0.849061
vt 0.461687 0.906138
vt 0.461561 0.89488
vt 0.569176 0.849061
vt 0.553615 0.881414
vt 0.539798 0.849061
vt 0.539743 0.881414
vt 0.539798 0.831545
vt 0.540385 0.822815
vt 0.569176 0.831545
vt 0.56943 0.822815
vt 0.553615 0.89488
vt 0.551541 0.906138
vt 0.539743 0.89488
vt 0.540112 0.906138
vt 0.520999 0.89488
vt 0.521415 0.906138
vt 0.522009 0.849061
vt 0.520999 0.881414
vt 0.522009 0.831545
vt 0.522393 0.822815
vt 0.359122 0.62518
vt 0.357076 0.61299
vt 0.375428 0.62518
vt 0.37733 0.61299
vt 0.356835 0.635748
vt 0.377091 0.635748
vt 0.356835 0.681023
vt 0.377091 0.681023
vt 0.350807 0.681023
vt 0.344414 0.672382
vt 0.350807 0.635748
vt 0.344414 0.62633
vt 0.38934 0.624053
vt 0.38934 0.671323
vt 0.383104 0.635748
vt 0.383104 0.681023
vt 0.480036 0.849061
vt 0.493745 0.849061
vt 0.479704 0.881414
vt 0.511589 0.881414
vt 0.518309 0.906138
vt 0.480302 0.906137
vt 0.511589 0.89488
vt 0.479704 0.89488
vt 0.480399 0.822815
vt 0.491316 0.822815
vt 0.480036 0.831545
vt 0.493745 0.831545
vt 0.462309 0.831545
vt 0.462968 0.822815
vt 0.461561 0.881414
vt 0.462309 0.849061
vt 0.461687 0.906138
vt 0.461561 0.89488
vt 0.569176 0.849061
vt 0.553615 0.881414
vt 0.539798 0.849061
vt 0.539743 0.881414
vt 0.539798 0.831545
vt 0.540385 0.822815
vt 0.569176 0.831545
vt 0.56943 0.822815
vt 0.553615 0.89488
vt 0.551541 0.906138
vt 0.539743 0.89488
vt 0.540112 0.906138
vt 0.520999 0.89488
vt 0.521415 0.906138
vt 0.522009 0.849061
vt 0.520999 0.881414
vt 0.522009 0.831545
vt 0.522393 0.822815
vt 0.359122 0.62518
vt 0.357076 0.61299
vt 0.375428 0.62518
vt 0.37733 0.61299
vt 0.356835 0.635748
vt 0.377091 0.635748
vt 0.356835 0.681023
vt 0.377091 0.681023
vt 0.350807 0.681023
vt 0.344414 0.672382
vt 0.350807 0.635748
vt 0.344414 0.62633
vt 0.38934 0.624053
vt 0.38934 0.671323
vt 0.383104 0.635748
vt 0.383104 0.681023
vt 0.480036 0.849061
vt 0.493745 0.849061
vt 0.479704 0.881414
vt 0.511589 0.881414
vt 0.518309 0.906138
vt 0.480302 0.906137
vt 0.511589 0.89488
vt 0.479704 0.89488
vt 0.480399 0.822815
vt 0.491316 0.822815
vt 0.480036 0.831545
vt 0.493745 0.831545
vt 0.462309 0.831545
vt 0.462968 0.822815
vt 0.461561 0.881414
vt 0.462309 0.849061
vt 0.461687 0.906138
vt 0.461561 0.89488
vt 0.569176 0.849061
vt 0.553615 0.881414
vt 0.539798 0.849061
vt 0.539743 0.881414
vt 0.539798 0.831545
vt 0.540385 0.822815
vt 0.569176 0.831545
vt 0.56943 0.822815
vt 0.553615 0.89488
vt 0.551541 0.906138
vt 0.539743 0.89488
vt 0.540112 0.906138
vt 0.520999 0.89488
vt 0.521415 0.906138
vt 0.522009 0.849061
vt 0.520999 0.881414
vt 0.522009 0.831545
vt 0.522393 0.822815
vt 0.359122 0.62518
vt 0.357076 0.61299
vt 0.375428 0.62518
vt 0.37733 0.61299
vt 0.356835 0.635748
vt 0.377091 0.635748
vt 0.356835 0.681023
vt 0.377091 0.681023
vt 0.350807 0.681023
vt 0.344414 0.672382
vt 0.350807 0.635748
vt 0.344414 0.62633
vt 0.38934 0.624053
vt 0.38934 0.671323
vt 0.383104 0.635748
vt 0.383104 0.681023
vt 0.480036 0.849061
vt 0.493745 0.849061
vt 0.479704 0.881414
vt 0.511589 0.881414
vt 0.518309 0.906138
vt 0.480302 0.906137
vt 0.511589 0.89488
vt 0.479704 0.89488
vt 0.480399 0.822815
vt 0.491316 0.822815
vt 0.480036 0.831545
vt 0.493745 0.831545
vt 0.462309 0.831545
vt 0.462968 0.822815
vt 0.461561 0.881414
vt 0.462309 0.849061
vt 0.461687 0.906138
vt 0.461561 0.89488
vt 0.569176 0.849061
vt 0.553615 0.881414
vt 0.539798 0.849061
vt 0.539743 0.881414
vt 0.539798 0.831545
vt 0.540385 0.822815
vt 0.569176 0.831545
vt 0.56943 0.822815
vt 0.553615 0.89488
vt 0.551541 0.906138
vt 0.539743 0.89488
vt 0.540112 0.906138
vt 0.520999 0.89488
vt 0.521415 0.906138
vt 0.522009 0.849061
vt 0.520999 0.881414
vt 0.522009 0.831545
vt 0.522393 0.822815
vt 0.359122 0.62518
vt 0.357076 0.61299
vt 0.375428 0.62518
vt 0.37733 0.61299
vt 0.356835 0.635748
vt 0.377091 0.635748
vt 0.356835 0.681023
vt 0.377091 0.681023
vt 0.350807 0.681023
vt 0.344414 0.672382
vt 0.350807 0.635748
vt 0.344414 0.62633
vt 0.38934 0.624053
vt 0.38934 0.671323
vt 0.383104 0.635748
vt 0.383104 0.681023
vt 0.819044 0.927653
vt 0.808054 0.96171
vt 0.772195 0.887473
vt 0.79161 0.984458
vt 0.772195 0.992463
vt 0.772195 0.782481
vt 0.79161 0.790483
vt 0.808054 0.813229
vt 0.819044 0.847299
vt 0.822898 0.887468
vt 0.819044 0.927653
vt 0.808054 0.96171
vt 0.79161 0.984458
vt 0.772195 0.992463
vt 0.772195 0.782481
vt 0.79161 0.790483
vt 0.808054 0.813229
vt 0.819044 0.847299
vt 0.822898 0.887468
vt 0.322107 0.354
vt 0.289031 0.354
vt 0.322109 0.323383
vt 0.289028 0.323383
vt 0.355194 0.354
vt 0.355198 0.323383
vt 0.388531 0.354
vt 0.388531 0.323383
vt 0.422347 0.354
vt 0.422312 0.323383
vt 0.456692 0.354
vt 0.456692 0.323383
vt 0.221927 0.354
vt 0.187602 0.354
vt 0.221962 0.323383
vt 0.187602 0.323383
vt 0.255858 0.354
vt 0.255815 0.323383
vt 0.289032 0.354
vt 0.289028 0.323383
vt 0.322108 0.354
vt 0.322109 0.323383
vt 0.355193 0.354
vt 0.355198 0.323383
vt 0.388531 0.354
vt 0.388531 0.323383
vt 0.422347 0.354
vt 0.422312 0.323383
vt 0.456692 0.354
vt 0.456692 0.323383
vt 0.221926 0.354
vt 0.187602 0.354
vt 0.221961 0.323383
vt 0.187602 0.323383
vt 0.255857 0.354
vt 0.255814 0.323383
vt 0.355675 0.307712
vt 0.330669 0.307712
vt 0.355678 0.275412
vt 0.330669 0.275412
vt 0.380708 0.307712
vt 0.380706 0.275412
vt 0.405756 0.307712
vt 0.405744 0.275412
vt 0.430856 0.307712
vt 0.430734 0.275412
vt 0.456659 0.307712
vt 0.456659 0.275412
vt 0.280598 0.307712
vt 0.254815 0.307712
vt 0.280724 0.275412
vt 0.254815 0.275412
vt 0.305668 0.307712
vt 0.305677 0.275412
vt 0.330669 0.307712
vt 0.330669 0.275412
vt 0.355675 0.307712
vt 0.355677 0.275412
vt 0.380708 0.307712
vt 0.380706 0.275412
vt 0.405756 0.307712
vt 0.405744 0.275412
vt 0.430857 0.307712
vt 0.430734 0.275412
vt 0.456659 0.307712
vt 0.456659 0.275412
vt 0.280598 0.307712
vt 0.254815 0.307712
vt 0.280724 0.275412
vt 0.254815 0.275412
vt 0.305667 0.307712
vt 0.305677 0.275412
vt 0.432991 0.255764
vt 0.410812 0.255764
vt 0.432974 0.233132
vt 0.410868 0.233132
vt 0.45547 0.255764
vt 0.45547 0.233132
vt 0.30269 0.255764
vt 0.280239 0.255764
vt 0.302707 0.233132
vt 0.280239 0.233132
vt 0.324836 0.255764
vt 0.32478 0.233132
vt 0.346367 0.255764
vt 0.346363 0.233132
vt 0.367801 0.255764
vt 0.367801 0.233132
vt 0.389247 0.255764
vt 0.389253 0.233132
vt 0.410813 0.255764
vt 0.410869 0.233132
vt 0.432992 0.255764
vt 0.432975 0.233132
vt 0.45547 0.255764
vt 0.45547 0.233132
vt 0.302691 0.255764
vt 0.280239 0.255764
vt 0.302708 0.233132
vt 0.280239 0.233132
vt 0.324837 0.255764
vt 0.324781 0.233132
vt 0.346367 0.255764
vt 0.346364 0.233132
vt 0.367801 0.255764
vt 0.367801 0.233132
vt 0.389247 0.255764
vt 0.389253 0.233132
vt 0.255726 0.395109
vt 0.221557 0.395109
vt 0.255717 0.366752
vt 0.221574 0.366752
vt 0.289007 0.395109
vt 0.289007 0.366752
vt 0.322111 0.395109
vt 0.322111 0.366752
vt 0.35522 0.395109
vt 0.355221 0.366752
vt 0.388531 0.395109
vt 0.388531 0.366752
vt 0.422714 0.395109
vt 0.422696 0.366752
vt 0.456692 0.395109
vt 0.456692 0.366752
vt 0.221558 0.395109
vt 0.187602 0.395109
vt 0.221574 0.366752
vt 0.187602 0.366752
vt 0.255727 0.395109
vt 0.255718 0.366752
vt 0.289008 0.395109
vt 0.289008 0.366752
vt 0.322111 0.395109
vt 0.322111 0.366752
vt 0.355219 0.395109
vt 0.35522 0.366752
vt 0.388531 0.395109
vt 0.388531 0.366752
vt 0.422714 0.395109
vt 0.422696 0.366752
vt 0.456692 0.395109
vt 0.456692 0.366752
vt 0.187602 0.395109
vt 0.187602 0.366752
vt 0.0247478 0.474556
vt 0.0155193 0.461473
vt 0.0364376 0.419631
vt 0.00938368 0.442235
vt 0.00729108 0.419631
vt 0.0656323 0.419631
vt 0.0634261 0.441986
vt 0.0571366 0.461103
vt 0.0477042 0.474163
vt 0.0365466 0.479129
vt 0.0247478 0.474556
vt 0.0155193 0.461473
vt 0.00938368 0.442235
vt 0.00729108 0.419631
vt 0.0656323 0.419631
vt 0.0634261 0.441986
vt 0.0571366 0.461103
vt 0.0477042 0.474163
vt 0.0365466 0.479129
vt 0.09314 0.792634
vt 0.0729892 0.792634
vt 0.0931256 0.775084
vt 0.0729994 0.775084
vt 0.113228 0.792634
vt 0.113222 0.775084
vt 0.134623 0.792634
vt 0.134651 0.775084
vt 0.155722 0.792634
vt 0.155828 0.775084
vt 0.180176 0.792634
vt 0.180176 0.775084
vt 0.0298756 0.792634
vt 0.00529689 0.792634
vt 0.0297908 0.775084
vt 0.00529689 0.775084
vt 0.0513299 0.792634
vt 0.0512899 0.775084
vt 0.0729873 0.792634
vt 0.0729971 0.775084
vt 0.0931388 0.792634
vt 0.0931258 0.775084
vt 0.113231 0.792634
vt 0.113223 0.775084
vt 0.134627 0.792634
vt 0.134656 0.775084
vt 0.155726 0.792634
vt 0.155832 0.775084
vt 0.180176 0.792634
vt 0.180176 0.775084
vt 0.0298806 0.792634
vt 0.00529689 0.792634
vt 0.0297965 0.775084
vt 0.00529689 0.775084
vt 0.0513325 0.792634
vt 0.0512928 0.775084
vt 0.134344 0.758498
vt 0.115413 0.758498
vt 0.134385 0.72948
vt 0.115399 0.72948
vt 0.15348 0.758498
vt 0.134344 0.758498
vt 0.15348 0.72948
vt 0.134385 0.72948
vt 0.0244171 0.758498
vt 0.00552201 0.758498
vt 0.0243725 0.72948
vt 0.00552189 0.72948
vt 0.0431086 0.758498
vt 0.0244171 0.758498
vt 0.0431385 0.72948
vt 0.0243725 0.72948
vt 0.0612614 0.758498
vt 0.0431086 0.758498
vt 0.0611711 0.72948
vt 0.0431385 0.72948
vt 0.0791293 0.758498
vt 0.0612614 0.758498
vt 0.079148 0.72948
vt 0.0611711 0.72948
vt 0.0970834 0.758498
vt 0.0791293 0.758498
vt 0.0971728 0.72948
vt 0.079148 0.72948
vt 0.115413 0.758498
vt 0.0970834 0.758498
vt 0.115398 0.72948
vt 0.0971728 0.72948
vt 0.134343 0.758498
vt 0.115413 0.758498
vt 0.134385 0.72948
vt 0.115398 0.72948
vt 0.15348 0.758498
vt 0.134343 0.758498
vt 0.15348 0.72948
vt 0.134385 0.72948
vt 0.0244172 0.758498
vt 0.00552201 0.758498
vt 0.0243722 0.72948
vt 0.00552189 0.72948
vt 0.0431083 0.758498
vt 0.0244172 0.758498
vt 0.0431393 0.72948
vt 0.0243722 0.72948
vt 0.061262 0.758498
vt 0.0431083 0.758498
vt 0.0611708 0.72948
vt 0.0431393 0.72948
vt 0.0791288 0.758498
vt 0.061262 0.758498
vt 0.0791487 0.72948
vt 0.0611708 0.72948
vt 0.0970837 0.758498
vt 0.0791288 0.758498
vt 0.0971719 0.72948
vt 0.0791487 0.72948
vt 0.115413 0.758498
vt 0.0970837 0.758498
vt 0.115399 0.72948
vt 0.0971719 0.72948
vt 0.057355 0.710317
vt 0.0397723 0.710317
vt 0.05736 0.703173
vt 0.0397654 0.703173
vt 0.0224423 0.710317
vt 0.0224145 0.703173
vt 0.00605088 0.710317
vt 0.00605088 0.703173
vt 0.145429 0.710317
vt 0.128875 0.710317
vt 0.145429 0.703173
vt 0.128904 0.703173
vt 0.111241 0.710317
vt 0.111244 0.703173
vt 0.0933262 0.710317
vt 0.0932974 0.703173
vt 0.0752369 0.710317
vt 0.0752816 0.703173
vt 0.0573557 0.710317
vt 0.0573606 0.703173
vt 0.0397731 0.710317
vt 0.0397638 0.703173
vt 0.0224408 0.710317
vt 0.0224155 0.703173
vt 0.00605088 0.710317
vt 0.00605088 0.703173
vt 0.145429 0.710317
vt 0.128876 0.710317
vt 0.145429 0.703173
vt 0.128902 0.703173
vt 0.111239 0.710317
vt 0.111247 0.703173
vt 0.0933268 0.710317
vt 0.0932958 0.703173
vt 0.0752367 0.710317
vt 0.0752808 0.703173
vt 0.140594 0.361622
vt 0.140594 0.338228
vt 0.177827 0.361622
vt 0.177827 0.338228
vt 0.177827 0.370581
vt 0.177827 0.380874
vt 0.140594 0.370581
vt 0.140594 0.380874
vt 0.140594 0.326771
vt 0.140594 0.316466
vt 0.177827 0.326771
vt 0.177827 0.316466
vt 0.177827 0.338228
vt 0.177827 0.361622
vt 0.140594 0.338228
vt 0.140594 0.361622
vt 0.140594 0.326771
vt 0.140594 0.316466
vt 0.177827 0.326771
vt 0.177827 0.316466
vt 0.177827 0.370581
vt 0.177827 0.380874
vt 0.140594 0.370581
vt 0.140594 0.380874
vt 0.177827 0.338228
vt 0.177827 0.361622
vt 0.140594 0.338228
vt 0.140594 0.361622
vt 0.140594 0.326771
vt 0.140594 0.316466
vt 0.177827 0.326771
vt 0.177827 0.316466
vt 0.177827 0.370581
vt 0.177827 0.380874
vt 0.140594 0.370581
vt 0.140594 0.380874
vt 0.082071 0.170896
vt 0.0879942 0.158911
vt 0.102574 0.187476
vt 0.102492 0.170635
vt 0.0821527 0.187737
vt 0.0966505 0.19946
vt 0.0881918 0.199569
vt 0.160655 0.403161
vt 0.152181 0.403161
vt 0.160768 0.391156
vt 0.152151 0.391156
vt 0.142896 0.403161
vt 0.142895 0.391156
vt 0.17629 0.403161
vt 0.168467 0.403161
vt 0.17629 0.391156
vt 0.168468 0.391156
vt 0.160655 0.403161
vt 0.160768 0.391156
vt 0.152181 0.403161
vt 0.152151 0.391156
vt 0.142896 0.403161
vt 0.142895 0.391156
vt 0.17629 0.403161
vt 0.168467 0.403161
vt 0.17629 0.391156
vt 0.168468 0.391156
vt 0.0821527 0.187737
vt 0.0966505 0.19946
vt 0.102492 0.170635
vt 0.0879942 0.158911
vt 0.096453 0.158803
vt 0.305745 0.745267
vt 0.312824 0.745267
vt 0.305756 0.760321
vt 0.312818 0.760321
vt 0.219543 0.745267
vt 0.21955 0.760321
vt 0.201903 0.745267
vt 0.201898 0.760321
vt 0.198102 0.776464
vt 0.20958 0.776464
vt 0.196402 0.790983
vt 0.21353 0.790983
vt 0.268905 0.760321
vt 0.268905 0.745267
vt 0.279827 0.760321
vt 0.279827 0.745267
vt 0.263848 0.790983
vt 0.26782 0.776464
vt 0.281073 0.790983
vt 0.279362 0.776464
vt 0.305756 0.760321
vt 0.305745 0.745267
vt 0.312818 0.760321
vt 0.312824 0.745267
vt 0.2816 0.745267
vt 0.298919 0.745267
vt 0.281604 0.760321
vt 0.298911 0.760321
vt 0.263848 0.790983
vt 0.26782 0.776464
vt 0.281073 0.790983
vt 0.279362 0.776464
vt 0.233686 0.760321
vt 0.221811 0.760321
vt 0.233686 0.745267
vt 0.221811 0.745267
vt 0.21353 0.790983
vt 0.196402 0.790983
vt 0.20958 0.776464
vt 0.198102 0.776464
vt 0.222273 0.745267
vt 0.278402 0.745267
vt 0.22228 0.760321
vt 0.278406 0.760321
vt 0.222123 0.776464
vt 0.256552 0.776464
vt 0.216815 0.790983
vt 0.26186 0.790983
vt 0.268905 0.760321
vt 0.233686 0.760321
vt 0.268905 0.745267
vt 0.233686 0.745267
vt 0.26186 0.790983
vt 0.216815 0.790983
vt 0.256552 0.776464
vt 0.222123 0.776464
vt 0.786383 0.655683
vt 0.798223 0.655683
vt 0.786383 0.746647
vt 0.798223 0.746647
vt 0.798223 0.61036
vt 0.798223 0.634522
vt 0.786383 0.61036
vt 0.786383 0.634522
vt 0.798223 0.746647
vt 0.786383 0.746647
vt 0.798223 0.655683
vt 0.786383 0.655683
vt 0.798223 0.61036
vt 0.798223 0.634522
vt 0.786383 0.61036
vt 0.786383 0.634522
vt 0.762487 0.655683
vt 0.772385 0.655683
vt 0.762487 0.746647
vt 0.772385 0.746647
vt 0.201573 0.500511
vt 0.140307 0.500511
vt 0.201573 0.465456
vt 0.140307 0.465456
vt 0.294434 0.500511
vt 0.275447 0.500511
vt 0.294434 0.465456
vt 0.275447 0.465456
vt 0.074707 0.500511
vt 0.074707 0.465456
vt 0.275447 0.500511
vt 0.252023 0.500511
vt 0.275447 0.465456
vt 0.252023 0.465456
vt 0.32666 0.500511
vt 0.299316 0.500511
vt 0.32666 0.465456
vt 0.299316 0.465456
vt 0.38623 0.465456
vt 0.38623 0.500511
vt 0.331543 0.465456
vt 0.331543 0.500511
vt 0.293182 0.532727
vt 0.291633 0.546359
vt 0.216634 0.532727
vt 0.215035 0.546359
vt 0.133493 0.532727
vt 0.137938 0.546359
vt 0.355788 0.532727
vt 0.355344 0.546359
vt 0.385045 0.532727
vt 0.388946 0.546359
vt 0.126143 0.532727
vt 0.12042 0.546359
vt 0.104322 0.532727
vt 0.100664 0.546359
vt 0.00240919 0.532727
vt 0.0655071 0.532727
vt 0.00818548 0.546359
vt 0.0655071 0.546359
vt 0.0686263 0.532727
vt 0.0991606 0.532727
vt 0.0745636 0.546359
vt 0.0932234 0.546359
vt 0.313592 0.52388
vt 0.236619 0.52388
vt 0.311982 0.510186
vt 0.235059 0.510186
vt 0.395532 0.510186
vt 0.391064 0.52388
vt 0.172595 0.52388
vt 0.172148 0.510186
vt 0.142749 0.510186
vt 0.138829 0.52388
vt 0.130887 0.52388
vt 0.111043 0.52388
vt 0.127213 0.510186
vt 0.105294 0.510186
vt 0.0658283 0.510186
vt 0.0600256 0.52388
vt 0.00244313 0.510186
vt 0.00244313 0.52388
vt 0.101016 0.510186
vt 0.0953727 0.52388
vt 0.0702462 0.510186
vt 0.0758323 0.52388
vt 0.201573 0.455759
vt 0.140307 0.455759
vt 0.201573 0.420704
vt 0.140307 0.420704
vt 0.294434 0.455759
vt 0.275447 0.455759
vt 0.294434 0.420704
vt 0.275447 0.420704
vt 0.074707 0.455759
vt 0.074707 0.420704
vt 0.275447 0.455759
vt 0.252023 0.455759
vt 0.275447 0.420704
vt 0.252023 0.420704
vt 0.32666 0.455759
vt 0.299316 0.455759
vt 0.32666 0.420704
vt 0.299316 0.420704
vt 0.38623 0.420704
vt 0.38623 0.455759
vt 0.331543 0.420704
vt 0.331543 0.455759
vt 0.29319 0.532727
vt 0.291637 0.546359
vt 0.216615 0.532727
vt 0.215012 0.546359
vt 0.13344 0.532727
vt 0.137887 0.546359
vt 0.355817 0.532727
vt 0.355372 0.546359
vt 0.385082 0.532727
vt 0.388986 0.546359
vt 0.126143 0.532727
vt 0.12042 0.546359
vt 0.104322 0.532727
vt 0.100664 0.546359
vt 0.00240919 0.532727
vt 0.0655071 0.532727
vt 0.00818548 0.546359
vt 0.0655071 0.546359
vt 0.0686263 0.532727
vt 0.0991606 0.532727
vt 0.0745636 0.546359
vt 0.0932234 0.546359
vt 0.313593 0.52388
vt 0.236619 0.52388
vt 0.311982 0.510186
vt 0.235059 0.510186
vt 0.395533 0.510186
vt 0.391066 0.52388
vt 0.172594 0.52388
vt 0.172147 0.510186
vt 0.142748 0.510186
vt 0.138828 0.52388
vt 0.130887 0.52388
vt 0.111043 0.52388
vt 0.127213 0.510186
vt 0.105295 0.510186
vt 0.0658283 0.510186
vt 0.0600256 0.52388
vt 0.00244328 0.510186
vt 0.00244328 0.52388
vt 0.101016 0.510186
vt 0.0953727 0.52388
vt 0.0702462 0.510186
vt 0.0758323 0.52388
vt 0.201573 0.500511
vt 0.140307 0.500511
vt 0.201573 0.465456
vt 0.140307 0.465456
vt 0.294434 0.500511
vt 0.275447 0.500511
vt 0.294434 0.465456
vt 0.275447 0.465456
vt 0.074707 0.500511
vt 0.074707 0.465456
vt 0.275447 0.500511
vt 0.252023 0.500511
vt 0.275447 0.465456
vt 0.252023 0.465456
vt 0.32666 0.500511
vt 0.299316 0.500511
vt 0.32666 0.465456
vt 0.299316 0.465456
vt 0.38623 0.465456
vt 0.38623 0.500511
vt 0.331543 0.465456
vt 0.331543 0.500511
vt 0.293182 0.532727
vt 0.291633 0.546359
vt 0.216634 0.532727
vt 0.215035 0.546359
vt 0.133493 0.532727
vt 0.137938 0.546359
vt 0.355788 0.532727
vt 0.355344 0.546359
vt 0.385045 0.532727
vt 0.388946 0.546359
vt 0.126143 0.532727
vt 0.12042 0.546359
vt 0.104322 0.532727
vt 0.100664 0.546359
vt 0.00240919 0.532727
vt 0.0655071 0.532727
vt 0.00818548 0.546359
vt 0.0655071 0.546359
vt 0.0686263 0.532727
vt 0.0991606 0.532727
vt 0.0745636 0.546359
vt 0.0932234 0.546359
vt 0.313592 0.52388
vt 0.236619 0.52388
vt 0.311982 0.510186
vt 0.235059 0.510186
vt 0.395532 0.510186
vt 0.391064 0.52388
vt 0.172595 0.52388
vt 0.172148 0.510186
vt 0.142749 0.510186
vt 0.138829 0.52388
vt 0.130887 0.52388
vt 0.111043 0.52388
vt 0.127213 0.510186
vt 0.105295 0.510186
vt 0.0658283 0.510186
vt 0.0600256 0.52388
vt 0.00244313 0.510186
vt 0.00244313 0.52388
vt 0.101016 0.510186
vt 0.0953727 0.52388
vt 0.0702462 0.510186
vt 0.0758323 0.52388
vt 0.201573 0.455759
vt 0.140307 0.455759
vt 0.201573 0.420704
vt 0.140307 0.420704
vt 0.294434 0.455759
vt 0.275447 0.455759
vt 0.294434 0.420704
vt 0.275447 0.420704
vt 0.074707 0.455759
vt 0.074707 0.420704
vt 0.275447 0.455759
vt 0.252023 0.455759
vt 0.275447 0.420704
vt 0.252023 0.420704
vt 0.32666 0.455759
vt 0.299316 0.455759
vt 0.32666 0.420704
vt 0.299316 0.420704
vt 0.38623 0.420704
vt 0.38623 0.455759
vt 0.331543 0.420704
vt 0.331543 0.455759
vt 0.29319 0.532727
vt 0.291637 0.546359
vt 0.216615 0.532727
vt 0.215012 0.546359
vt 0.13344 0.532727
vt 0.137887 0.546359
vt 0.355817 0.532727
vt 0.355372 0.546359
vt 0.385082 0.532727
vt 0.388986 0.546359
vt 0.126143 0.532727
vt 0.12042 0.546359
vt 0.104322 0.532727
vt 0.100664 0.546359
vt 0.00240919 0.532727
vt 0.0655071 0.532727
vt 0.00818548 0.546359
vt 0.0655071 0.546359
vt 0.0686263 0.532727
vt 0.0991606 0.532727
vt 0.0745636 0.546359
vt 0.0932234 0.546359
vt 0.313593 0.52388
vt 0.236619 0.52388
vt 0.311982 0.510186
vt 0.235059 0.510186
vt 0.395533 0.510186
vt 0.391066 0.52388
vt 0.172594 0.52388
vt 0.172147 0.510186
vt 0.142748 0.510186
vt 0.138828 0.52388
vt 0.130887 0.52388
vt 0.111043 0.52388
vt 0.127213 0.510186
vt 0.105295 0.510186
vt 0.0658283 0.510186
vt 0.0600256 0.52388
vt 0.00244328 0.510186
vt 0.00244328 0.52388
vt 0.101016 0.510186
vt 0.0953727 0.52388
vt 0.0702462 0.510186
vt 0.0758323 0.52388
vt 0.201573 0.500511
vt 0.140307 0.500511
vt 0.201573 0.465456
vt 0.140307 0.465456
vt 0.294434 0.500511
vt 0.275447 0.500511
vt 0.294434 0.465456
vt 0.275447 0.465456
vt 0.074707 0.500511
vt 0.074707 0.465456
vt 0.275447 0.500511
vt 0.252023 0.500511
vt 0.275447 0.465456
vt 0.252023 0.465456
vt 0.32666 0.500511
vt 0.299316 0.500511
vt 0.32666 0.465456
vt 0.299316 0.465456
vt 0.38623 0.465456
vt 0.38623 0.500511
vt 0.331543 0.465456
vt 0.331543 0.500511
vt 0.293182 0.532727
vt 0.291633 0.546359
vt 0.216634 0.532727
vt 0.215035 0.546359
vt 0.133493 0.532727
vt 0.137938 0.546359
vt 0.355788 0.532727
vt 0.355344 0.546359
vt 0.385045 0.532727
vt 0.388946 0.546359
vt 0.126143 0.532727
vt 0.12042 0.546359
vt 0.104322 0.532727
vt 0.100664 0.546359
vt 0.00240919 0.532727
vt 0.0655071 0.532727
vt 0.00818548 0.546359
vt 0.0655071 0.546359
vt 0.0686263 0.532727
vt 0.0991606 0.532727
vt 0.0745636 0.546359
vt 0.0932234 0.546359
vt 0.313592 0.52388
vt 0.236619 0.52388
vt 0.311982 0.510186
vt 0.235059 0.510186
vt 0.395532 0.510186
vt 0.391064 0.52388
vt 0.172595 0.52388
vt 0.172148 0.510186
vt 0.142749 0.510186
vt 0.138829 0.52388
vt 0.130887 0.52388
vt 0.111043 0.52388
vt 0.127213 0.510186
vt 0.105295 0.510186
vt 0.0658283 0.510186
vt 0.0600256 0.52388
vt 0.00244313 0.510186
vt 0.00244313 0.52388
vt 0.101016 0.510186
vt 0.0953727 0.52388
vt 0.0702462 0.510186
vt 0.0758323 0.52388
vt 0.201573 0.455759
vt 0.140307 0.455759
vt 0.201573 0.420704
vt 0.140307 0.420704
vt 0.294434 0.455759
vt 0.275447 0.455759
vt 0.294434 0.420704
vt 0.275447 0.420704
vt 0.074707 0.455759
vt 0.074707 0.420704
vt 0.275447 0.455759
vt 0.252023 0.455759
vt 0.275447 0.420704
vt 0.252023 0.420704
vt 0.32666 0.455759
vt 0.299316 0.455759
vt 0.32666 0.420704
vt 0.299316 0.420704
vt 0.38623 0.420704
vt 0.38623 0.455759
vt 0.331543 0.420704
vt 0.331543 0.455759
vt 0.29319 0.532727
vt 0.291637 0.546359
vt 0.216615 0.532727
vt 0.215012 0.546359
vt 0.13344 0.532727
vt 0.137887 0.546359
vt 0.355817 0.532727
vt 0.355372 0.546359
vt 0.385082 0.532727
vt 0.388986 0.546359
vt 0.126143 0.532727
vt 0.12042 0.546359
vt 0.104322 0.532727
vt 0.100664 0.546359
vt 0.00240919 0.532727
vt 0.0655071 0.532727
vt 0.00818548 0.546359
vt 0.0655071 0.546359
vt 0.0686263 0.532727
vt 0.0991606 0.532727
vt 0.0745636 0.546359
vt 0.0932234 0.546359
vt 0.313593 0.52388
vt 0.236619 0.52388
vt 0.311982 0.510186
vt 0.235059 0.510186
vt 0.395533 0.510186
vt 0.391066 0.52388
vt 0.172594 0.52388
vt 0.172147 0.510186
vt 0.142748 0.510186
vt 0.138828 0.52388
vt 0.130887 0.52388
vt 0.111043 0.52388
vt 0.127213 0.510186
vt 0.105295 0.510186
vt 0.0658283 0.510186
vt 0.0600256 0.52388
vt 0.00244328 0.510186
vt 0.00244328 0.52388
vt 0.101016 0.510186
vt 0.0953727 0.52388
vt 0.0702462 0.510186
vt 0.0758323 0.52388
vt 0.565608 0.287833
vt 0.558495 0.33885
vt 0.514696 0.287833
vt 0.558957 0.236596
vt 0.540321 0.198867
vt 0.514696 0.184757
vt 0.539521 0.375977
vt 0.514696 0.389266
vt 0.363742 0.0709422
vt 0.326524 0.0709422
vt 0.363791 0.0188481
vt 0.326333 0.0188481
vt 0.402847 0.0709422
vt 0.401617 0.0188481
vt 0.43699 0.0709422
vt 0.437087 0.0188481
vt 0.288441 0.0709422
vt 0.249801 0.0709422
vt 0.288434 0.0188481
vt 0.249801 0.0188481
vt 0.344597 0.108265
vt 0.308303 0.108265
vt 0.344597 0.0874887
vt 0.308306 0.0874887
vt 0.378848 0.108265
vt 0.379995 0.0874887
vt 0.273459 0.108265
vt 0.236415 0.108265
vt 0.273391 0.0874887
vt 0.236415 0.0874887
vt 0.40599 0.108265
vt 0.407289 0.0874887
vt 0.444678 0.0188481
vt 0.456845 0.0188481
vt 0.411068 0.0874887
vt 0.415732 0.108265
vt 0.475508 0.0709422
vt 0.460654 0.0188481
vt 0.471712 0.0188481
vt 0.340709 0.696207
vt 0.295888 0.696207
vt 0.326915 0.663218
vt 0.295956 0.647157
vt 0.396676 0.140552
vt 0.396642 0.12723
vt 0.406119 0.140552
vt 0.406722 0.12723
vt 0.388324 0.140552
vt 0.381866 0.140552
vt 0.39063 0.12723
vt 0.480181 0.0709422
vt 0.445935 0.12723
vt 0.450135 0.140552
vt 0.556361 0.0709422
vt 0.527009 0.0188481
vt 0.4714 0.0874887
vt 0.4759 0.108265
vt 0.323053 0.140552
vt 0.293258 0.140552
vt 0.322926 0.12723
vt 0.293238 0.12723
vt 0.350168 0.140552
vt 0.350219 0.12723
vt 0.380419 0.140552
vt 0.379007 0.12723
vt 0.295888 0.708847
vt 0.340709 0.708847
vt 0.295878 0.722169
vt 0.338057 0.722169
vt 0.263099 0.140552
vt 0.232909 0.140552
vt 0.263096 0.12723
vt 0.232909 0.12723
vt 0.462859 0.287833
vt 0.469511 0.337428
vt 0.469973 0.235173
vt 0.488947 0.198046
vt 0.488147 0.375156
vt 0.13594 0.0709422
vt 0.135926 0.0188481
vt 0.173202 0.0709422
vt 0.173358 0.0188481
vt 0.0968461 0.0709422
vt 0.0980577 0.0188481
vt 0.0626918 0.0709422
vt 0.0625945 0.0188481
vt 0.21126 0.0709422
vt 0.211322 0.0188481
vt 0.130819 0.108265
vt 0.130781 0.0874887
vt 0.165829 0.108265
vt 0.165862 0.0874887
vt 0.0951305 0.0874887
vt 0.0963059 0.108265
vt 0.202358 0.108265
vt 0.20231 0.0874887
vt 0.0671426 0.0874887
vt 0.0685161 0.108265
vt 0.0550013 0.0188481
vt 0.042831 0.0188481
vt 0.062274 0.108265
vt 0.0669395 0.0874887
vt 0.549752 0.144977
vt 0.553544 0.092883
vt 0.564605 0.092883
vt 0.251228 0.696207
vt 0.264973 0.662897
vt 0.0590074 0.12723
vt 0.0690753 0.12723
vt 0.0596116 0.140552
vt 0.0690588 0.140552
vt 0.0774263 0.140552
vt 0.0751114 0.12723
vt 0.0838873 0.140552
vt 0.545078 0.144977
vt 0.0156217 0.140552
vt 0.0198253 0.12723
vt 0.468905 0.144977
vt 0.498252 0.092883
vt 0.00232419 0.108265
vt 0.00680912 0.0874887
vt 0.142799 0.140552
vt 0.142907 0.12723
vt 0.172571 0.140552
vt 0.172595 0.12723
vt 0.115749 0.140552
vt 0.115699 0.12723
vt 0.0855303 0.140552
vt 0.086942 0.12723
vt 0.251228 0.708847
vt 0.253885 0.722169
vt 0.202724 0.140552
vt 0.202718 0.12723
vt 0.565608 0.287833
vt 0.558495 0.33885
vt 0.514696 0.287833
vt 0.558957 0.236596
vt 0.540321 0.198867
vt 0.514696 0.184757
vt 0.539521 0.375977
vt 0.514696 0.389266
vt 0.363742 0.0709422
vt 0.326524 0.0709422
vt 0.363791 0.0188481
vt 0.326333 0.0188481
vt 0.402847 0.0709422
vt 0.401617 0.0188481
vt 0.43699 0.0709422
vt 0.437087 0.0188481
vt 0.288441 0.0709422
vt 0.249801 0.0709422
vt 0.288434 0.0188481
vt 0.249801 0.0188481
vt 0.344597 0.108265
vt 0.308303 0.108265
vt 0.344597 0.0874887
vt 0.308306 0.0874887
vt 0.378848 0.108265
vt 0.379995 0.0874887
vt 0.273459 0.108265
vt 0.236415 0.108265
vt 0.273391 0.0874887
vt 0.236415 0.0874887
vt 0.40599 0.108265
vt 0.407289 0.0874887
vt 0.444678 0.0188481
vt 0.456845 0.0188481
vt 0.411068 0.0874887
vt 0.415732 0.108265
vt 0.475508 0.0709422
vt 0.460654 0.0188481
vt 0.471712 0.0188481
vt 0.340709 0.696207
vt 0.295888 0.696207
vt 0.326915 0.663218
vt 0.295956 0.647157
vt 0.396676 0.140552
vt 0.396642 0.12723
vt 0.406119 0.140552
vt 0.406722 0.12723
vt 0.388324 0.140552
vt 0.381866 0.140552
vt 0.39063 0.12723
vt 0.480181 0.0709422
vt 0.445935 0.12723
vt 0.450135 0.140552
vt 0.556361 0.0709422
vt 0.527009 0.0188481
vt 0.4714 0.0874887
vt 0.4759 0.108265
vt 0.323053 0.140552
vt 0.293258 0.140552
vt 0.322926 0.12723
vt 0.293238 0.12723
vt 0.350168 0.140552
vt 0.350219 0.12723
vt 0.380419 0.140552
vt 0.379007 0.12723
vt 0.295888 0.708847
vt 0.340709 0.708847
vt 0.295878 0.722169
vt 0.338057 0.722169
vt 0.263099 0.140552
vt 0.232909 0.140552
vt 0.263096 0.12723
vt 0.232909 0.12723
vt 0.462859 0.287833
vt 0.469511 0.337428
vt 0.469973 0.235173
vt 0.488947 0.198046
vt 0.488147 0.375156
vt 0.13594 0.0709422
vt 0.135926 0.0188481
vt 0.173202 0.0709422
vt 0.173358 0.0188481
vt 0.0968461 0.0709422
vt 0.0980577 0.0188481
vt 0.0626918 0.0709422
vt 0.0625945 0.0188481
vt 0.21126 0.0709422
vt 0.211322 0.0188481
vt 0.130819 0.108265
vt 0.130781 0.0874887
vt 0.165829 0.108265
vt 0.165862 0.0874887
vt 0.0951305 0.0874887
vt 0.0963059 0.108265
vt 0.202358 0.108265
vt 0.20231 0.0874887
vt 0.0671426 0.0874887
vt 0.0685161 0.108265
vt 0.0550013 0.0188481
vt 0.042831 0.0188481
vt 0.062274 0.108265
vt 0.0669395 0.0874887
vt 0.549752 0.144977
vt 0.553544 0.092883
vt 0.564605 0.092883
vt 0.251228 0.696207
vt 0.264973 0.662897
vt 0.0590074 0.12723
vt 0.0690753 0.12723
vt 0.0596116 0.140552
vt 0.0690588 0.140552
vt 0.0774263 0.140552
vt 0.0751114 0.12723
vt 0.0838873 0.140552
vt 0.545078 0.144977
vt 0.0156217 0.140552
vt 0.0198253 0.12723
vt 0.468905 0.144977
vt 0.498252 0.092883
vt 0.00232419 0.108265
vt 0.00680912 0.0874887
vt 0.142799 0.140552
vt 0.142907 0.12723
vt 0.172571 0.140552
vt 0.172595 0.12723
vt 0.115749 0.140552
vt 0.115699 0.12723
vt 0.0855303 0.140552
vt 0.086942 0.12723
vt 0.251228 0.708847
vt 0.253885 0.722169
vt 0.202724 0.140552
vt 0.202718 0.12723
vt 0.565608 0.287833
vt 0.558495 0.33885
vt 0.514696 0.287833
vt 0.558957 0.236596
vt 0.540321 0.198867
vt 0.514696 0.184757
vt 0.539521 0.375977
vt 0.514696 0.389266
vt 0.363742 0.0709422
vt 0.326524 0.0709422
vt 0.363791 0.0188481
vt 0.326333 0.0188481
vt 0.402847 0.0709422
vt 0.401617 0.0188481
vt 0.43699 0.0709422
vt 0.437087 0.0188481
vt 0.288441 0.0709422
vt 0.249801 0.0709422
vt 0.288434 0.0188481
vt 0.249801 0.0188481
vt 0.344597 0.108265
vt 0.308303 0.108265
vt 0.344597 0.0874887
vt 0.308306 0.0874887
vt 0.378848 0.108265
vt 0.379995 0.0874887
vt 0.273459 0.108265
vt 0.236415 0.108265
vt 0.273391 0.0874887
vt 0.236415 0.0874887
vt 0.40599 0.108265
vt 0.407289 0.0874887
vt 0.444678 0.0188481
vt 0.456845 0.0188481
vt 0.411068 0.0874887
vt 0.415732 0.108265
vt 0.475508 0.0709422
vt 0.460654 0.0188481
vt 0.471712 0.0188481
vt 0.340709 0.696207
vt 0.295888 0.696207
vt 0.326915 0.663218
vt 0.295956 0.647157
vt 0.396676 0.140552
vt 0.396642 0.12723
vt 0.406119 0.140552
vt 0.406722 0.12723
vt 0.388324 0.140552
vt 0.381866 0.140552
vt 0.39063 0.12723
vt 0.480181 0.0709422
vt 0.445935 0.12723
vt 0.450135 0.140552
vt 0.556361 0.0709422
vt 0.527009 0.0188481
vt 0.4714 0.0874887
vt 0.4759 0.108265
vt 0.323053 0.140552
vt 0.293258 0.140552
vt 0.322926 0.12723
vt 0.293238 0.12723
vt 0.350168 0.140552
vt 0.350219 0.12723
vt 0.380419 0.140552
vt 0.379007 0.12723
vt 0.295888 0.708847
vt 0.340709 0.708847
vt 0.295878 0.722169
vt 0.338057 0.722169
vt 0.263099 0.140552
vt 0.232909 0.140552
vt 0.263096 0.12723
vt 0.232909 0.12723
vt 0.462859 0.287833
vt 0.469511 0.337428
vt 0.469973 0.235173
vt 0.488947 0.198046
vt 0.488147 0.375156
vt 0.13594 0.0709422
vt 0.135926 0.0188481
vt 0.173202 0.0709422
vt 0.173358 0.0188481
vt 0.0968461 0.0709422
vt 0.0980577 0.0188481
vt 0.0626918 0.0709422
vt 0.0625945 0.0188481
vt 0.21126 0.0709422
vt 0.211322 0.0188481
vt 0.130819 0.108265
vt 0.130781 0.0874887
vt 0.165829 0.108265
vt 0.165862 0.0874887
vt 0.0951305 0.0874887
vt 0.0963059 0.108265
vt 0.202358 0.108265
vt 0.20231 0.0874887
vt 0.0671426 0.0874887
vt 0.0685161 0.108265
vt 0.0550013 0.0188481
vt 0.042831 0.0188481
vt 0.062274 0.108265
vt 0.0669395 0.0874887
vt 0.549752 0.144977
vt 0.553544 0.092883
vt 0.564605 0.092883
vt 0.251228 0.696207
vt 0.264973 0.662897
vt 0.0590074 0.12723
vt 0.0690753 0.12723
vt 0.0596116 0.140552
vt 0.0690588 0.140552
vt 0.0774263 0.140552
vt 0.0751114 0.12723
vt 0.0838873 0.140552
vt 0.545078 0.144977
vt 0.0156217 0.140552
vt 0.0198253 0.12723
vt 0.468905 0.144977
vt 0.498252 0.092883
vt 0.00232419 0.108265
vt 0.00680912 0.0874887
vt 0.142799 0.140552
vt 0.142907 0.12723
vt 0.172571 0.140552
vt 0.172595 0.12723
vt 0.115749 0.140552
vt 0.115699 0.12723
vt 0.0855303 0.140552
vt 0.086942 0.12723
vt 0.251228 0.708847
vt 0.253885 0.722169
vt 0.202724 0.140552
vt 0.202718 0.12723
vt 0.565608 0.287833
vt 0.558495 0.33885
vt 0.514696 0.287833
vt 0.558957 0.236596
vt 0.540321 0.198867
vt 0.514696 0.184757
vt 0.539521 0.375977
vt 0.514696 0.389266
vt 0.363742 0.0709422
vt 0.326524 0.0709422
vt 0.363791 0.0188481
vt 0.326333 0.0188481
vt 0.402847 0.0709422
vt 0.401617 0.0188481
vt 0.43699 0.0709422
vt 0.437087 0.0188481
vt 0.288441 0.0709422
vt 0.249801 0.0709422
vt 0.288434 0.0188481
vt 0.249801 0.0188481
vt 0.344597 0.108265
vt 0.308303 0.108265
vt 0.344597 0.0874887
vt 0.308306 0.0874887
vt 0.378848 0.108265
vt 0.379995 0.0874887
vt 0.273459 0.108265
vt 0.236415 0.108265
vt 0.273391 0.0874887
vt 0.236415 0.0874887
vt 0.40599 0.108265
vt 0.407289 0.0874887
vt 0.444678 0.0188481
vt 0.456845 0.0188481
vt 0.411068 0.0874887
vt 0.415732 0.108265
vt 0.475508 0.0709422
vt 0.460654 0.0188481
vt 0.471712 0.0188481
vt 0.340709 0.696207
vt 0.295888 0.696207
vt 0.326915 0.663218
vt 0.295956 0.647157
vt 0.396676 0.140552
vt 0.396642 0.12723
vt 0.406119 0.140552
vt 0.406722 0.12723
vt 0.388324 0.140552
vt 0.381866 0.140552
vt 0.39063 0.12723
vt 0.480181 0.0709422
vt 0.445935 0.12723
vt 0.450135 0.140552
vt 0.556361 0.0709422
vt 0.527009 0.0188481
vt 0.4714 0.0874887
vt 0.4759 0.108265
vt 0.323053 0.140552
vt 0.293258 0.140552
vt 0.322926 0.12723
vt 0.293238 0.12723
vt 0.350168 0.140552
vt 0.350219 0.12723
vt 0.380419 0.140552
vt 0.379007 0.12723
vt 0.295888 0.708847
vt 0.340709 0.708847
vt 0.295878 0.722169
vt 0.338057 0.722169
vt 0.263099 0.140552
vt 0.232909 0.140552
vt 0.263096 0.12723
vt 0.232909 0.12723
vt 0.462859 0.287833
vt 0.469511 0.337428
vt 0.469973 0.235173
vt 0.488947 0.198046
vt 0.488147 0.375156
vt 0.13594 0.0709422
vt 0.135926 0.0188481
vt 0.173202 0.0709422
vt 0.173358 0.0188481
vt 0.0968461 0.0709422
vt 0.0980577 0.0188481
vt 0.0626918 0.0709422
vt 0.0625945 0.0188481
vt 0.21126 0.0709422
vt 0.211322 0.0188481
vt 0.130819 0.108265
vt 0.130781 0.0874887
vt 0.165829 0.108265
vt 0.165862 0.0874887
vt 0.0951305 0.0874887
vt 0.0963059 0.108265
vt 0.202358 0.108265
vt 0.20231 0.0874887
vt 0.0671426 0.0874887
vt 0.0685161 0.108265
vt 0.0550013 0.0188481
vt 0.042831 0.0188481
vt 0.062274 0.108265
vt 0.0669395 0.0874887
vt 0.549752 0.144977
vt 0.553544 0.092883
vt 0.564605 0.092883
vt 0.251228 0.696207
vt 0.264973 0.662897
vt 0.0590074 0.12723
vt 0.0690753 0.12723
vt 0.0596116 0.140552
vt 0.0690588 0.140552
vt 0.0774263 0.140552
vt 0.0751114 0.12723
vt 0.0838873 0.140552
vt 0.545078 0.144977
vt 0.0156217 0.140552
vt 0.0198253 0.12723
vt 0.468905 0.144977
vt 0.498252 0.092883
vt 0.00232419 0.108265
vt 0.00680912 0.0874887
vt 0.142799 0.140552
vt 0.142907 0.12723
vt 0.172571 0.140552
vt 0.172595 0.12723
vt 0.115749 0.140552
vt 0.115699 0.12723
vt 0.0855303 0.140552
vt 0.086942 0.12723
vt 0.251228 0.708847
vt 0.253885 0.722169
vt 0.202724 0.140552
vt 0.202718 0.12723
vt 0.565608 0.287833
vt 0.558495 0.33885
vt 0.514696 0.287833
vt 0.558957 0.236596
vt 0.540321 0.198867
vt 0.514696 0.184757
vt 0.539521 0.375977
vt 0.514696 0.389266
vt 0.363742 0.0709422
vt 0.326524 0.0709422
vt 0.363791 0.0188481
vt 0.326333 0.0188481
vt 0.402847 0.0709422
vt 0.401617 0.0188481
vt 0.43699 0.0709422
vt 0.437087 0.0188481
vt 0.288441 0.0709422
vt 0.249801 0.0709422
vt 0.288434 0.0188481
vt 0.249801 0.0188481
vt 0.344597 0.108265
vt 0.308303 0.108265
vt 0.344597 0.0874887
vt 0.308306 0.0874887
vt 0.378848 0.108265
vt 0.379995 0.0874887
vt 0.273459 0.108265
vt 0.236415 0.108265
vt 0.273391 0.0874887
vt 0.236415 0.0874887
vt 0.40599 0.108265
vt 0.407289 0.0874887
vt 0.444678 0.0188481
vt 0.456845 0.0188481
vt 0.411068 0.0874887
vt 0.415732 0.108265
vt 0.475508 0.0709422
vt 0.460654 0.0188481
vt 0.471712 0.0188481
vt 0.340709 0.696207
vt 0.295888 0.696207
vt 0.326915 0.663218
vt 0.295956 0.647157
vt 0.396676 0.140552
vt 0.396642 0.12723
vt 0.406119 0.140552
vt 0.406722 0.12723
vt 0.388324 0.140552
vt 0.381866 0.140552
vt 0.39063 0.12723
vt 0.480181 0.0709422
vt 0.445935 0.12723
vt 0.450135 0.140552
vt 0.556361 0.0709422
vt 0.527009 0.0188481
vt 0.4714 0.0874887
vt 0.4759 0.108265
vt 0.323053 0.140552
vt 0.293258 0.140552
vt 0.322926 0.12723
vt 0.293238 0.12723
vt 0.350168 0.140552
vt 0.350219 0.12723
vt 0.380419 0.140552
vt 0.379007 0.12723
vt 0.295888 0.708847
vt 0.340709 0.708847
vt 0.295878 0.722169
vt 0.338057 0.722169
vt 0.263099 0.140552
vt 0.232909 0.140552
vt 0.263096 0.12723
vt 0.232909 0.12723
vt 0.462859 0.287833
vt 0.469511 0.337428
vt 0.469973 0.235173
vt 0.488947 0.198046
vt 0.488147 0.375156
vt 0.13594 0.0709422
vt 0.135926 0.0188481
vt 0.173202 0.0709422
vt 0.173358 0.0188481
vt 0.0968461 0.0709422
vt 0.0980577 0.0188481
vt 0.0626918 0.0709422
vt 0.0625945 0.0188481
vt 0.21126 0.0709422
vt 0.211322 0.0188481
vt 0.130819 0.108265
vt 0.130781 0.0874887
vt 0.165829 0.108265
vt 0.165862 0.0874887
vt 0.0951305 0.0874887
vt 0.0963059 0.108265
vt 0.202358 0.108265
vt 0.20231 0.0874887
vt 0.0671426 0.0874887
vt 0.0685161 0.108265
vt 0.0550013 0.0188481
vt 0.042831 0.0188481
vt 0.062274 0.108265
vt 0.0669395 0.0874887
vt 0.549752 0.144977
vt 0.553544 0.092883
vt 0.564605 0.092883
vt 0.251228 0.696207
vt 0.264973 0.662897
vt 0.0590074 0.12723
vt 0.0690753 0.12723
vt 0.0596116 0.140552
vt 0.0690588 0.140552
vt 0.0774263 0.140552
vt 0.0751114 0.12723
vt 0.0838873 0.140552
vt 0.545078 0.144977
vt 0.0156217 0.140552
vt 0.0198253 0.12723
vt 0.468905 0.144977
vt 0.498252 0.092883
vt 0.00232419 0.108265
vt 0.00680912 0.0874887
vt 0.142799 0.140552
vt 0.142907 0.12723
vt 0.172571 0.140552
vt 0.172595 0.12723
vt 0.115749 0.140552
vt 0.115699 0.12723
vt 0.0855303 0.140552
vt 0.086942 0.12723
vt 0.251228 0.708847
vt 0.253885 0.722169
vt 0.202724 0.140552
vt 0.202718 0.12723
vt 0.0681564 0.905269
vt 0.0885301 0.905269
vt 0.0681564 0.982554
vt 0.0885301 0.982554
vt 0.00782976 0.90527
vt 0.0282031 0.905269
vt 0.00782976 0.982555
vt 0.0282031 0.982555
vt 0.0481797 0.905269
vt 0.0481812 0.982555
vt 0.0681564 0.905269
vt 0.0681564 0.982555
vt 0.0885301 0.905269
vt 0.0885301 0.982555
vt 0.00782976 0.90527
vt 0.0282031 0.905269
vt 0.00782976 0.982554
vt 0.0282031 0.982554
vt 0.0481797 0.905269
vt 0.0481812 0.982554
vt 0.199988 0.940358
vt 0.19072 0.895738
vt 0.222363 0.895738
vt 0.199988 0.851118
vt 0.222363 0.832636
vt 0.244737 0.851118
vt 0.254005 0.895738
vt 0.244737 0.940358
vt 0.222363 0.95884
vt 0.370697 0.884255
vt 0.389767 0.884214
vt 0.378158 0.98461
vt 0.401357 0.977983
vt 0.355522 0.883885
vt 0.356126 0.987289
vt 0.340346 0.885014
vt 0.334334 0.985505
vt 0.32125 0.886127
vt 0.311302 0.980092
vt 0.295734 0.883055
vt 0.286915 0.972812
vt 0.26472 0.880229
vt 0.260746 0.968734
vt 0.415273 0.879439
vt 0.44703 0.874741
vt 0.425752 0.968569
vt 0.451894 0.962973
vt 0.390817 0.824667
vt 0.388494 0.855984
vt 0.371693 0.817111
vt 0.369819 0.854267
vt 0.35556 0.814722
vt 0.355459 0.853089
vt 0.339286 0.817363
vt 0.341063 0.854863
vt 0.319637 0.825757
vt 0.322226 0.857497
vt 0.294586 0.844657
vt 0.296657 0.863684
vt 0.26472 0.860199
vt 0.26472 0.870465
vt 0.44703 0.853636
vt 0.44703 0.864515
vt 0.415217 0.840738
vt 0.413802 0.860036
vt 0.0385593 0.833138
vt 0.0548686 0.833138
vt 0.0385593 0.886302
vt 0.0548686 0.886302
vt 0.0222501 0.833138
vt 0.0222501 0.886302
vt 0.0711779 0.833138
vt 0.0874872 0.833138
vt 0.0711779 0.886302
vt 0.0874872 0.886302
vt 0.0548686 0.833138
vt 0.0548686 0.886302
vt 0.0385593 0.833138
vt 0.0385593 0.886302
vt 0.0222501 0.833138
vt 0.0222501 0.886302
vt 0.0711779 0.833138
vt 0.0874872 0.833138
vt 0.0711779 0.886302
vt 0.0874872 0.886302
vt 0.118886 0.845385
vt 0.139479 0.845385
vt 0.118886 0.860718
vt 0.139479 0.860718
vt 0.0972105 0.845385
vt 0.0972105 0.860718
vt 0.160072 0.845385
vt 0.181747 0.845385
vt 0.160072 0.860718
vt 0.181747 0.860718
vt 0.139479 0.845385
vt 0.139479 0.860718
vt 0.118886 0.845385
vt 0.118886 0.860718
vt 0.0972105 0.845385
vt 0.0972105 0.860718
vt 0.160072 0.845385
vt 0.181747 0.845385
vt 0.160072 0.860718
vt 0.181747 0.860718
vt 0.118886 0.885804
vt 0.139479 0.885804
vt 0.118886 0.945715
vt 0.139479 0.945715
vt 0.0972105 0.885804
vt 0.0972105 0.945715
vt 0.160072 0.885804
vt 0.181747 0.885804
vt 0.160072 0.945715
vt 0.181747 0.945715
vt 0.139479 0.885804
vt 0.139479 0.945715
vt 0.118886 0.885804
vt 0.118886 0.945715
vt 0.0972105 0.885804
vt 0.0972105 0.945715
vt 0.160072 0.885804
vt 0.181747 0.885804
vt 0.160072 0.945715
vt 0.181747 0.945715
vt 0.118886 0.962468
vt 0.139479 0.962468
vt 0.118886 0.986814
vt 0.139479 0.986814
vt 0.0972105 0.962468
vt 0.0972105 0.986814
vt 0.160072 0.962468
vt 0.181747 0.962468
vt 0.160072 0.986814
vt 0.181747 0.986814
vt 0.139479 0.962468
vt 0.139479 0.986814
vt 0.118886 0.962468
vt 0.118886 0.986814
vt 0.0972105 0.962468
vt 0.0972105 0.986814
vt 0.160072 0.962468
vt 0.181747 0.962468
vt 0.160072 0.986814
vt 0.181747 0.986814
vt 0.141967 0.812829
vt 0.161942 0.812829
vt 0.141964 0.821029
vt 0.161942 0.821029
vt 0.121989 0.812829
vt 0.121989 0.821029
vt 0.101615 0.812829
vt 0.101615 0.821029
vt 0.161942 0.812829
vt 0.182316 0.812829
vt 0.161942 0.821029
vt 0.182316 0.821029
vt 0.141967 0.812829
vt 0.141964 0.821029
vt 0.121989 0.812829
vt 0.121989 0.821029
vt 0.101615 0.812829
vt 0.101615 0.821029
vt 0.182316 0.812829
vt 0.182316 0.821029
vt 0.419725 0.814004
vt 0.398145 0.792447
vt 0.377098 0.776361
vt 0.355852 0.77044
vt 0.334297 0.775704
vt 0.311798 0.79235
vt 0.288434 0.818843
vt 0.26472 0.837845
vt 0.44703 0.828809
vt 0.142528 0.234232
vt 0.142528 0.156709
vt 0.181623 0.234232
vt 0.181623 0.156709
vt 0.189 0.305059
vt 0.189 0.227536
vt 0.245188 0.305059
vt 0.245188 0.227536
vt 0.109894 0.199451
vt 0.118743 0.295654
vt 0.156369 0.274467
vt 0.156369 0.295654
vt 0.109894 0.199451
vt 0.156369 0.274467
vt 0.118743 0.295654
vt 0.156369 0.295654
vt 0.405704 0.791133
vt 0.391971 0.763747
vt 0.415415 0.744381
vt 0.391971 0.725016
vt 0.405704 0.69763
vt 0.425125 0.69763
vt 0.438858 0.725016
vt 0.438858 0.763747
vt 0.425125 0.791133
vt 0.431693 0.42351
vt 0.431693 0.464881
vt 0.403535 0.42351
vt 0.403535 0.464643
vt 0.431693 0.542802
vt 0.431693 0.582592
vt 0.403535 0.542685
vt 0.403535 0.582592
vt 0.431693 0.504182
vt 0.403535 0.504091
vt 0.431693 0.464881
vt 0.403535 0.464643
vt 0.431693 0.42351
vt 0.403535 0.42351
vt 0.431693 0.542802
vt 0.431693 0.582592
vt 0.403535 0.542685
vt 0.403535 0.582592
vt 0.431693 0.504182
vt 0.403535 0.504091
vt 0.439942 0.42351
vt 0.439942 0.466356
vt 0.435347 0.42351
vt 0.435347 0.466579
vt 0.439942 0.540977
vt 0.439942 0.582592
vt 0.435347 0.540936
vt 0.435347 0.582592
vt 0.439942 0.503711
vt 0.435347 0.503815
vt 0.439942 0.466356
vt 0.435347 0.466579
vt 0.439942 0.42351
vt 0.435347 0.42351
vt 0.439942 0.540977
vt 0.439942 0.582592
vt 0.435347 0.540936
vt 0.435347 0.582592
vt 0.439942 0.503711
vt 0.435347 0.503815
vt 0.443651 0.42351
vt 0.494473 0.42351
vt 0.443651 0.463713
vt 0.494473 0.463162
vt 0.443651 0.542969
vt 0.494473 0.54245
vt 0.443651 0.582592
vt 0.494473 0.582592
vt 0.443651 0.503397
vt 0.494473 0.50275
vt 0.443651 0.463713
vt 0.494473 0.463162
vt 0.443651 0.42351
vt 0.494473 0.42351
vt 0.443651 0.542969
vt 0.494473 0.54245
vt 0.443651 0.582592
vt 0.494473 0.582592
vt 0.443651 0.503397
vt 0.494473 0.50275
vt 0.537877 0.42351
vt 0.566035 0.42351
vt 0.537877 0.463317
vt 0.566035 0.463139
vt 0.537877 0.541271
vt 0.566035 0.541154
vt 0.537877 0.582592
vt 0.566035 0.582592
vt 0.537877 0.501741
vt 0.566035 0.501411
vt 0.537877 0.463317
vt 0.566035 0.463139
vt 0.537877 0.42351
vt 0.566035 0.42351
vt 0.537877 0.541271
vt 0.566035 0.541154
vt 0.537877 0.582592
vt 0.566035 0.582592
vt 0.537877 0.501741
vt 0.566035 0.501411
vt 0.527748 0.42351
vt 0.532403 0.42351
vt 0.527748 0.464805
vt 0.532403 0.464893
vt 0.527748 0.539314
vt 0.532403 0.539017
vt 0.527748 0.582592
vt 0.532403 0.582592
vt 0.527748 0.502064
vt 0.532403 0.501965
vt 0.527748 0.464805
vt 0.532403 0.464893
vt 0.527748 0.42351
vt 0.532403 0.42351
vt 0.527748 0.539314
vt 0.532403 0.539017
vt 0.527748 0.582592
vt 0.532403 0.582592
vt 0.527748 0.502064
vt 0.532403 0.501965
vt 0.187908 0.554609
vt 0.161334 0.598369
vt 0.367518 0.554609
vt 0.394112 0.598369
vt 0.478562 0.670341
vt 0.51432 0.660886
vt 0.442804 0.660847
vt 0.476201 0.1629


#
# MESH 000
#
g surface_000
usemtl surface_000
f 1596/1596/1596 1597/1597/1597 1598/1598/1598
f 1571/1571/1571 1572/1572/1572 1573/1573/1573
f 836/836/836 3042/3042/3042 837/837/837
f 835/835/835 836/836/836 837/837/837
f 834/834/834 836/836/836 835/835/835
f 833/833/833 834/834/834 835/835/835
f 832/832/832 834/834/834 833/833/833
f 831/831/831 832/832/832 833/833/833
f 830/830/830 832/832/832 831/831/831
f 829/829/829 830/830/830 831/831/831
f 827/827/827 830/830/830 829/829/829
f 828/828/828 827/827/827 829/829/829
f 826/826/826 827/827/827 828/828/828
f 882/882/882 826/826/826 828/828/828
f 881/881/881 826/826/826 882/882/882
f 15/15/15 3041/3041/3041 3039/3039/3039
f 15/15/15 3039/3039/3039 16/16/16
f 15/15/15 16/16/16 17/17/17
f 17/17/17 16/16/16 18/18/18
f 18/18/18 19/19/19 17/17/17
f 16/16/16 3039/3039/3039 3040/3040/3040
f 10/10/10 3037/3037/3037 3038/3038/3038
f 9/9/9 3037/3037/3037 10/10/10
f 4/4/4 9/9/9 10/10/10
f 2/2/2 9/9/9 4/4/4
f 3/3/3 2/2/2 4/4/4
f 1/1/1 2/2/2 3/3/3
f 6/6/6 1/1/1 3/3/3
f 5/5/5 1/1/1 6/6/6
f 8/8/8 5/5/5 6/6/6
f 7/7/7 5/5/5 8/8/8
f 7/7/7 8/8/8 3035/3035/3035
f 3035/3035/3035 8/8/8 3036/3036/3036
f 3031/3031/3031 3030/3030/3030 3032/3032/3032
f 3029/3029/3029 3030/3030/3030 3031/3031/3031
f 3029/3029/3029 3034/3034/3034 3030/3030/3030
f 3033/3033/3033 3034/3034/3034 3029/3029/3029
f 3033/3033/3033 3018/3018/3018 3034/3034/3034
f 3017/3017/3017 3018/3018/3018 3033/3033/3033
f 3017/3017/3017 3016/3016/3016 3018/3018/3018
f 3015/3015/3015 3016/3016/3016 3017/3017/3017
f 3027/3027/3027 3028/3028/3028 3025/3025/3025
f 3025/3025/3025 3028/3028/3028 3026/3026/3026
f 3025/3025/3025 3026/3026/3026 3023/3023/3023
f 3023/3023/3023 3026/3026/3026 3024/3024/3024
f 3023/3023/3023 3024/3024/3024 3019/3019/3019
f 3019/3019/3019 3024/3024/3024 3020/3020/3020
f 3019/3019/3019 3020/3020/3020 3021/3021/3021
f 3021/3021/3021 3020/3020/3020 3022/3022/3022
f 3011/3011/3011 3010/3010/3010 3012/3012/3012
f 3009/3009/3009 3010/3010/3010 3011/3011/3011
f 3009/3009/3009 3014/3014/3014 3010/3010/3010
f 3013/3013/3013 3014/3014/3014 3009/3009/3009
f 3013/3013/3013 2998/2998/2998 3014/3014/3014
f 2997/2997/2997 2998/2998/2998 3013/3013/3013
f 2997/2997/2997 2996/2996/2996 2998/2998/2998
f 2995/2995/2995 2996/2996/2996 2997/2997/2997
f 3007/3007/3007 3008/3008/3008 3005/3005/3005
f 3005/3005/3005 3008/3008/3008 3006/3006/3006
f 3005/3005/3005 3006/3006/3006 3003/3003/3003
f 3003/3003/3003 3006/3006/3006 3004/3004/3004
f 3003/3003/3003 3004/3004/3004 2999/2999/2999
f 2999/2999/2999 3004/3004/3004 3000/3000/3000
f 2999/2999/2999 3000/3000/3000 3001/3001/3001
f 3001/3001/3001 3000/3000/3000 3002/3002/3002
f 2991/2991/2991 2990/2990/2990 2992/2992/2992
f 2989/2989/2989 2990/2990/2990 2991/2991/2991
f 2989/2989/2989 2994/2994/2994 2990/2990/2990
f 2993/2993/2993 2994/2994/2994 2989/2989/2989
f 2993/2993/2993 2978/2978/2978 2994/2994/2994
f 2977/2977/2977 2978/2978/2978 2993/2993/2993
f 2977/2977/2977 2976/2976/2976 2978/2978/2978
f 2975/2975/2975 2976/2976/2976 2977/2977/2977
f 2987/2987/2987 2988/2988/2988 2985/2985/2985
f 2985/2985/2985 2988/2988/2988 2986/2986/2986
f 2985/2985/2985 2986/2986/2986 2983/2983/2983
f 2983/2983/2983 2986/2986/2986 2984/2984/2984
f 2983/2983/2983 2984/2984/2984 2979/2979/2979
f 2979/2979/2979 2984/2984/2984 2980/2980/2980
f 2979/2979/2979 2980/2980/2980 2981/2981/2981
f 2981/2981/2981 2980/2980/2980 2982/2982/2982
f 2971/2971/2971 2970/2970/2970 2972/2972/2972
f 2969/2969/2969 2970/2970/2970 2971/2971/2971
f 2974/2974/2974 2969/2969/2969 2971/2971/2971
f 2973/2973/2973 2969/2969/2969 2974/2974/2974
f 2958/2958/2958 2973/2973/2973 2974/2974/2974
f 2956/2956/2956 2973/2973/2973 2958/2958/2958
f 2957/2957/2957 2956/2956/2956 2958/2958/2958
f 2955/2955/2955 2956/2956/2956 2957/2957/2957
f 2967/2967/2967 2965/2965/2965 2968/2968/2968
f 2968/2968/2968 2965/2965/2965 2966/2966/2966
f 2965/2965/2965 2963/2963/2963 2966/2966/2966
f 2966/2966/2966 2963/2963/2963 2964/2964/2964
f 2963/2963/2963 2959/2959/2959 2964/2964/2964
f 2964/2964/2964 2959/2959/2959 2961/2961/2961
f 2959/2959/2959 2960/2960/2960 2961/2961/2961
f 2961/2961/2961 2960/2960/2960 2962/2962/2962
f 2951/2951/2951 2950/2950/2950 2952/2952/2952
f 2949/2949/2949 2950/2950/2950 2951/2951/2951
f 2954/2954/2954 2949/2949/2949 2951/2951/2951
f 2953/2953/2953 2949/2949/2949 2954/2954/2954
f 2938/2938/2938 2953/2953/2953 2954/2954/2954
f 2936/2936/2936 2953/2953/2953 2938/2938/2938
f 2937/2937/2937 2936/2936/2936 2938/2938/2938
f 2935/2935/2935 2936/2936/2936 2937/2937/2937
f 2947/2947/2947 2945/2945/2945 2948/2948/2948
f 2948/2948/2948 2945/2945/2945 2946/2946/2946
f 2945/2945/2945 2943/2943/2943 2946/2946/2946
f 2946/2946/2946 2943/2943/2943 2944/2944/2944
f 2943/2943/2943 2939/2939/2939 2944/2944/2944
f 2944/2944/2944 2939/2939/2939 2941/2941/2941
f 2939/2939/2939 2940/2940/2940 2941/2941/2941
f 2941/2941/2941 2940/2940/2940 2942/2942/2942
f 2924/2924/2924 2923/2923/2923 2925/2925/2925
f 2922/2922/2922 2923/2923/2923 2924/2924/2924
f 2920/2920/2920 2919/2919/2919 2921/2921/2921
f 2918/2918/2918 2919/2919/2919 2920/2920/2920
f 2916/2916/2916 2915/2915/2915 2917/2917/2917
f 2914/2914/2914 2915/2915/2915 2916/2916/2916
f 2912/2912/2912 2911/2911/2911 2913/2913/2913
f 2910/2910/2910 2911/2911/2911 2912/2912/2912
f 2909/2909/2909 2797/2797/2797 2901/2901/2901
f 2901/2901/2901 2797/2797/2797 2799/2799/2799
f 2901/2901/2901 2799/2799/2799 2902/2902/2902
f 2902/2902/2902 2799/2799/2799 2783/2783/2783
f 2902/2902/2902 2783/2783/2783 2903/2903/2903
f 2903/2903/2903 2783/2783/2783 2785/2785/2785
f 2903/2903/2903 2785/2785/2785 2904/2904/2904
f 2797/2797/2797 2798/2798/2798 2799/2799/2799
f 2799/2799/2799 2798/2798/2798 2800/2800/2800
f 2799/2799/2799 2800/2800/2800 2783/2783/2783
f 2783/2783/2783 2800/2800/2800 2784/2784/2784
f 2783/2783/2783 2784/2784/2784 2785/2785/2785
f 2785/2785/2785 2784/2784/2784 2786/2786/2786
f 2785/2785/2785 2786/2786/2786 2787/2787/2787
f 2904/2904/2904 2785/2785/2785 2787/2787/2787
f 2789/2789/2789 2904/2904/2904 2787/2787/2787
f 2905/2905/2905 2904/2904/2904 2789/2789/2789
f 2800/2800/2800 2798/2798/2798 2779/2779/2779
f 2766/2766/2766 2800/2800/2800 2779/2779/2779
f 2784/2784/2784 2800/2800/2800 2766/2766/2766
f 2765/2765/2765 2784/2784/2784 2766/2766/2766
f 2786/2786/2786 2784/2784/2784 2765/2765/2765
f 2769/2769/2769 2786/2786/2786 2765/2765/2765
f 2788/2788/2788 2786/2786/2786 2769/2769/2769
f 2787/2787/2787 2786/2786/2786 2788/2788/2788
f 2790/2790/2790 2787/2787/2787 2788/2788/2788
f 2789/2789/2789 2787/2787/2787 2790/2790/2790
f 2779/2779/2779 2798/2798/2798 2780/2780/2780
f 2779/2779/2779 2780/2780/2780 2781/2781/2781
f 2768/2768/2768 2779/2779/2779 2781/2781/2781
f 2766/2766/2766 2779/2779/2779 2768/2768/2768
f 2767/2767/2767 2766/2766/2766 2768/2768/2768
f 2765/2765/2765 2766/2766/2766 2767/2767/2767
f 2770/2770/2770 2765/2765/2765 2767/2767/2767
f 2769/2769/2769 2765/2765/2765 2770/2770/2770
f 2769/2769/2769 2770/2770/2770 2771/2771/2771
f 2790/2790/2790 2769/2769/2769 2771/2771/2771
f 2788/2788/2788 2769/2769/2769 2790/2790/2790
f 2781/2781/2781 2780/2780/2780 2782/2782/2782
f 2771/2771/2771 2770/2770/2770 2772/2772/2772
f 2771/2771/2771 2772/2772/2772 2773/2773/2773
f 2792/2792/2792 2771/2771/2771 2773/2773/2773
f 2790/2790/2790 2771/2771/2771 2792/2792/2792
f 2792/2792/2792 2789/2789/2789 2790/2790/2790
f 2791/2791/2791 2789/2789/2789 2792/2792/2792
f 2791/2791/2791 2905/2905/2905 2789/2789/2789
f 2906/2906/2906 2905/2905/2905 2791/2791/2791
f 2773/2773/2773 2772/2772/2772 2774/2774/2774
f 2773/2773/2773 2774/2774/2774 2775/2775/2775
f 2794/2794/2794 2773/2773/2773 2775/2775/2775
f 2792/2792/2792 2773/2773/2773 2794/2794/2794
f 2794/2794/2794 2791/2791/2791 2792/2792/2792
f 2793/2793/2793 2791/2791/2791 2794/2794/2794
f 2793/2793/2793 2906/2906/2906 2791/2791/2791
f 2907/2907/2907 2906/2906/2906 2793/2793/2793
f 2795/2795/2795 2907/2907/2907 2793/2793/2793
f 2908/2908/2908 2907/2907/2907 2795/2795/2795
f 2775/2775/2775 2774/2774/2774 2776/2776/2776
f 2775/2775/2775 2776/2776/2776 2777/2777/2777
f 2796/2796/2796 2775/2775/2775 2777/2777/2777
f 2794/2794/2794 2775/2775/2775 2796/2796/2796
f 2796/2796/2796 2793/2793/2793 2794/2794/2794
f 2795/2795/2795 2793/2793/2793 2796/2796/2796
f 2777/2777/2777 2776/2776/2776 2778/2778/2778
f 2884/2884/2884 2899/2899/2899 2900/2900/2900
f 2882/2882/2882 2899/2899/2899 2884/2884/2884
f 2883/2883/2883 2882/2882/2882 2884/2884/2884
f 2881/2881/2881 2882/2882/2882 2883/2883/2883
f 2886/2886/2886 2881/2881/2881 2883/2883/2883
f 2885/2885/2885 2881/2881/2881 2886/2886/2886
f 2888/2888/2888 2885/2885/2885 2886/2886/2886
f 2887/2887/2887 2885/2885/2885 2888/2888/2888
f 2897/2897/2897 2895/2895/2895 2898/2898/2898
f 2898/2898/2898 2895/2895/2895 2896/2896/2896
f 2895/2895/2895 2893/2893/2893 2896/2896/2896
f 2896/2896/2896 2893/2893/2893 2894/2894/2894
f 2893/2893/2893 2889/2889/2889 2894/2894/2894
f 2894/2894/2894 2889/2889/2889 2891/2891/2891
f 2889/2889/2889 2890/2890/2890 2891/2891/2891
f 2891/2891/2891 2890/2890/2890 2892/2892/2892
f 2879/2879/2879 2878/2878/2878 2880/2880/2880
f 2877/2877/2877 2878/2878/2878 2879/2879/2879
f 2864/2864/2864 2877/2877/2877 2879/2879/2879
f 2862/2862/2862 2877/2877/2877 2864/2864/2864
f 2863/2863/2863 2862/2862/2862 2864/2864/2864
f 2861/2861/2861 2862/2862/2862 2863/2863/2863
f 2866/2866/2866 2861/2861/2861 2863/2863/2863
f 2865/2865/2865 2861/2861/2861 2866/2866/2866
f 2875/2875/2875 2873/2873/2873 2876/2876/2876
f 2876/2876/2876 2873/2873/2873 2874/2874/2874
f 2873/2873/2873 2871/2871/2871 2874/2874/2874
f 2874/2874/2874 2871/2871/2871 2872/2872/2872
f 2871/2871/2871 2867/2867/2867 2872/2872/2872
f 2872/2872/2872 2867/2867/2867 2869/2869/2869
f 2867/2867/2867 2868/2868/2868 2869/2869/2869
f 2869/2869/2869 2868/2868/2868 2870/2870/2870
f 2859/2859/2859 2858/2858/2858 2860/2860/2860
f 2857/2857/2857 2858/2858/2858 2859/2859/2859
f 2844/2844/2844 2857/2857/2857 2859/2859/2859
f 2842/2842/2842 2857/2857/2857 2844/2844/2844
f 2843/2843/2843 2842/2842/2842 2844/2844/2844
f 2841/2841/2841 2842/2842/2842 2843/2843/2843
f 2846/2846/2846 2841/2841/2841 2843/2843/2843
f 2845/2845/2845 2841/2841/2841 2846/2846/2846
f 2855/2855/2855 2853/2853/2853 2856/2856/2856
f 2856/2856/2856 2853/2853/2853 2854/2854/2854
f 2853/2853/2853 2851/2851/2851 2854/2854/2854
f 2854/2854/2854 2851/2851/2851 2852/2852/2852
f 2851/2851/2851 2847/2847/2847 2852/2852/2852
f 2852/2852/2852 2847/2847/2847 2849/2849/2849
f 2847/2847/2847 2848/2848/2848 2849/2849/2849
f 2849/2849/2849 2848/2848/2848 2850/2850/2850
f 2839/2839/2839 2838/2838/2838 2840/2840/2840
f 2837/2837/2837 2838/2838/2838 2839/2839/2839
f 2824/2824/2824 2837/2837/2837 2839/2839/2839
f 2822/2822/2822 2837/2837/2837 2824/2824/2824
f 2823/2823/2823 2822/2822/2822 2824/2824/2824
f 2821/2821/2821 2822/2822/2822 2823/2823/2823
f 2826/2826/2826 2821/2821/2821 2823/2823/2823
f 2825/2825/2825 2821/2821/2821 2826/2826/2826
f 2835/2835/2835 2833/2833/2833 2836/2836/2836
f 2836/2836/2836 2833/2833/2833 2834/2834/2834
f 2833/2833/2833 2831/2831/2831 2834/2834/2834
f 2834/2834/2834 2831/2831/2831 2832/2832/2832
f 2831/2831/2831 2827/2827/2827 2832/2832/2832
f 2832/2832/2832 2827/2827/2827 2829/2829/2829
f 2827/2827/2827 2828/2828/2828 2829/2829/2829
f 2829/2829/2829 2828/2828/2828 2830/2830/2830
f 2819/2819/2819 2818/2818/2818 2820/2820/2820
f 2817/2817/2817 2818/2818/2818 2819/2819/2819
f 2819/2819/2819 2802/2802/2802 2817/2817/2817
f 2804/2804/2804 2802/2802/2802 2819/2819/2819
f 2803/2803/2803 2802/2802/2802 2804/2804/2804
f 2801/2801/2801 2802/2802/2802 2803/2803/2803
f 2806/2806/2806 2801/2801/2801 2803/2803/2803
f 2805/2805/2805 2801/2801/2801 2806/2806/2806
f 2815/2815/2815 2813/2813/2813 2816/2816/2816
f 2816/2816/2816 2813/2813/2813 2814/2814/2814
f 2813/2813/2813 2811/2811/2811 2814/2814/2814
f 2814/2814/2814 2811/2811/2811 2812/2812/2812
f 2811/2811/2811 2807/2807/2807 2812/2812/2812
f 2812/2812/2812 2807/2807/2807 2809/2809/2809
f 2807/2807/2807 2808/2808/2808 2809/2809/2809
f 2809/2809/2809 2808/2808/2808 2810/2810/2810
f 2750/2750/2750 2751/2751/2751 2752/2752/2752
f 2752/2752/2752 2751/2751/2751 2753/2753/2753
f 2751/2751/2751 2754/2754/2754 2753/2753/2753
f 2753/2753/2753 2754/2754/2754 2755/2755/2755
f 2754/2754/2754 2736/2736/2736 2755/2755/2755
f 2755/2755/2755 2736/2736/2736 2738/2738/2738
f 2736/2736/2736 2737/2737/2737 2738/2738/2738
f 2738/2738/2738 2737/2737/2737 2739/2739/2739
f 2747/2747/2747 2748/2748/2748 2749/2749/2749
f 2746/2746/2746 2748/2748/2748 2747/2747/2747
f 2745/2745/2745 2746/2746/2746 2747/2747/2747
f 2744/2744/2744 2746/2746/2746 2745/2745/2745
f 2743/2743/2743 2744/2744/2744 2745/2745/2745
f 2741/2741/2741 2744/2744/2744 2743/2743/2743
f 2742/2742/2742 2741/2741/2741 2743/2743/2743
f 2740/2740/2740 2741/2741/2741 2742/2742/2742
f 2732/2732/2732 2670/2670/2670 2733/2733/2733
f 2668/2668/2668 2670/2670/2670 2732/2732/2732
f 2668/2668/2668 2669/2669/2669 2670/2670/2670
f 2670/2670/2670 2669/2669/2669 2671/2671/2671
f 2730/2730/2730 2731/2731/2731 2728/2728/2728
f 2728/2728/2728 2731/2731/2731 2729/2729/2729
f 2728/2728/2728 2729/2729/2729 2724/2724/2724
f 2724/2724/2724 2729/2729/2729 2725/2725/2725
f 2724/2724/2724 2725/2725/2725 2726/2726/2726
f 2726/2726/2726 2725/2725/2725 2727/2727/2727
f 2726/2726/2726 2727/2727/2727 2734/2734/2734
f 2734/2734/2734 2727/2727/2727 2735/2735/2735
f 2734/2734/2734 2735/2735/2735 2673/2673/2673
f 2673/2673/2673 2735/2735/2735 2675/2675/2675
f 2674/2674/2674 2673/2673/2673 2675/2675/2675
f 2672/2672/2672 2673/2673/2673 2674/2674/2674
f 2663/2663/2663 2672/2672/2672 2674/2674/2674
f 2661/2661/2661 2672/2672/2672 2663/2663/2663
f 2662/2662/2662 2661/2661/2661 2663/2663/2663
f 2660/2660/2660 2661/2661/2661 2662/2662/2662
f 2665/2665/2665 2660/2660/2660 2662/2662/2662
f 2664/2664/2664 2660/2660/2660 2665/2665/2665
f 2667/2667/2667 2664/2664/2664 2665/2665/2665
f 2666/2666/2666 2664/2664/2664 2667/2667/2667
f 2722/2722/2722 2723/2723/2723 2703/2703/2703
f 2703/2703/2703 2723/2723/2723 2704/2704/2704
f 2703/2703/2703 2704/2704/2704 2700/2700/2700
f 2700/2700/2700 2704/2704/2704 2699/2699/2699
f 2699/2699/2699 2695/2695/2695 2700/2700/2700
f 2700/2700/2700 2695/2695/2695 2696/2696/2696
f 2695/2695/2695 2692/2692/2692 2696/2696/2696
f 2696/2696/2696 2692/2692/2692 2691/2691/2691
f 2691/2691/2691 2692/2692/2692 2693/2693/2693
f 2693/2693/2693 2692/2692/2692 2694/2694/2694
f 2693/2693/2693 2694/2694/2694 2697/2697/2697
f 2697/2697/2697 2694/2694/2694 2698/2698/2698
f 2697/2697/2697 2698/2698/2698 2630/2630/2630
f 2630/2630/2630 2698/2698/2698 2632/2632/2632
f 2631/2631/2631 2630/2630/2630 2632/2632/2632
f 2629/2629/2629 2630/2630/2630 2631/2631/2631
f 2626/2626/2626 2629/2629/2629 2631/2631/2631
f 2624/2624/2624 2629/2629/2629 2626/2626/2626
f 2625/2625/2625 2624/2624/2624 2626/2626/2626
f 2623/2623/2623 2624/2624/2624 2625/2625/2625
f 2623/2623/2623 2625/2625/2625 2627/2627/2627
f 2627/2627/2627 2625/2625/2625 2628/2628/2628
f 2627/2627/2627 2628/2628/2628 2633/2633/2633
f 2633/2633/2633 2628/2628/2628 2634/2634/2634
f 2634/2634/2634 2637/2637/2637 2633/2633/2633
f 2633/2633/2633 2637/2637/2637 2638/2638/2638
f 2637/2637/2637 2658/2658/2658 2638/2638/2638
f 2638/2638/2638 2658/2658/2658 2659/2659/2659
f 2720/2720/2720 2721/2721/2721 2717/2717/2717
f 2721/2721/2721 2706/2706/2706 2717/2717/2717
f 2706/2706/2706 2705/2705/2705 2717/2717/2717
f 2705/2705/2705 2706/2706/2706 2707/2707/2707
f 2718/2718/2718 2719/2719/2719 2712/2712/2712
f 2712/2712/2712 2719/2719/2719 2710/2710/2710
f 2710/2710/2710 2711/2711/2711 2712/2712/2712
f 2712/2712/2712 2711/2711/2711 2713/2713/2713
f 2711/2711/2711 2715/2715/2715 2713/2713/2713
f 2713/2713/2713 2715/2715/2715 2714/2714/2714
f 2714/2714/2714 2715/2715/2715 2716/2716/2716
f 2708/2708/2708 2709/2709/2709 2643/2643/2643
f 2643/2643/2643 2709/2709/2709 2645/2645/2645
f 2644/2644/2644 2643/2643/2643 2645/2645/2645
f 2642/2642/2642 2643/2643/2643 2644/2644/2644
f 2687/2687/2687 2702/2702/2702 2701/2701/2701
f 2687/2687/2687 2701/2701/2701 2688/2688/2688
f 2686/2686/2686 2687/2687/2687 2688/2688/2688
f 2685/2685/2685 2687/2687/2687 2686/2686/2686
f 2685/2685/2685 2686/2686/2686 2681/2681/2681
f 2681/2681/2681 2686/2686/2686 2682/2682/2682
f 2681/2681/2681 2682/2682/2682 2683/2683/2683
f 2683/2683/2683 2682/2682/2682 2684/2684/2684
f 2683/2683/2683 2684/2684/2684 2689/2689/2689
f 2689/2689/2689 2684/2684/2684 2690/2690/2690
f 2689/2689/2689 2690/2690/2690 2620/2620/2620
f 2620/2620/2620 2690/2690/2690 2622/2622/2622
f 2621/2621/2621 2620/2620/2620 2622/2622/2622
f 2619/2619/2619 2620/2620/2620 2621/2621/2621
f 2614/2614/2614 2619/2619/2619 2621/2621/2621
f 2612/2612/2612 2619/2619/2619 2614/2614/2614
f 2613/2613/2613 2612/2612/2612 2614/2614/2614
f 2611/2611/2611 2612/2612/2612 2613/2613/2613
f 2616/2616/2616 2611/2611/2611 2613/2613/2613
f 2615/2615/2615 2611/2611/2611 2616/2616/2616
f 2615/2615/2615 2616/2616/2616 2617/2617/2617
f 2617/2617/2617 2616/2616/2616 2618/2618/2618
f 2617/2617/2617 2618/2618/2618 2635/2635/2635
f 2617/2617/2617 2635/2635/2635 2636/2636/2636
f 2656/2656/2656 2653/2653/2653 2657/2657/2657
f 2657/2657/2657 2653/2653/2653 2641/2641/2641
f 2641/2641/2641 2653/2653/2653 2639/2639/2639
f 2639/2639/2639 2640/2640/2640 2641/2641/2641
f 2648/2648/2648 2654/2654/2654 2655/2655/2655
f 2649/2649/2649 2654/2654/2654 2648/2648/2648
f 2648/2648/2648 2647/2647/2647 2649/2649/2649
f 2646/2646/2646 2647/2647/2647 2648/2648/2648
f 2646/2646/2646 2652/2652/2652 2647/2647/2647
f 2650/2650/2650 2652/2652/2652 2646/2646/2646
f 2650/2650/2650 2651/2651/2651 2652/2652/2652
f 2599/2599/2599 2537/2537/2537 2600/2600/2600
f 2535/2535/2535 2537/2537/2537 2599/2599/2599
f 2535/2535/2535 2536/2536/2536 2537/2537/2537
f 2537/2537/2537 2536/2536/2536 2538/2538/2538
f 2597/2597/2597 2598/2598/2598 2595/2595/2595
f 2595/2595/2595 2598/2598/2598 2596/2596/2596
f 2595/2595/2595 2596/2596/2596 2591/2591/2591
f 2591/2591/2591 2596/2596/2596 2592/2592/2592
f 2591/2591/2591 2592/2592/2592 2593/2593/2593
f 2593/2593/2593 2592/2592/2592 2594/2594/2594
f 2593/2593/2593 2594/2594/2594 2601/2601/2601
f 2601/2601/2601 2594/2594/2594 2602/2602/2602
f 2601/2601/2601 2602/2602/2602 2540/2540/2540
f 2540/2540/2540 2602/2602/2602 2542/2542/2542
f 2541/2541/2541 2540/2540/2540 2542/2542/2542
f 2539/2539/2539 2540/2540/2540 2541/2541/2541
f 2530/2530/2530 2539/2539/2539 2541/2541/2541
f 2528/2528/2528 2539/2539/2539 2530/2530/2530
f 2529/2529/2529 2528/2528/2528 2530/2530/2530
f 2527/2527/2527 2528/2528/2528 2529/2529/2529
f 2532/2532/2532 2527/2527/2527 2529/2529/2529
f 2531/2531/2531 2527/2527/2527 2532/2532/2532
f 2534/2534/2534 2531/2531/2531 2532/2532/2532
f 2533/2533/2533 2531/2531/2531 2534/2534/2534
f 2589/2589/2589 2590/2590/2590 2570/2570/2570
f 2570/2570/2570 2590/2590/2590 2571/2571/2571
f 2570/2570/2570 2571/2571/2571 2567/2567/2567
f 2567/2567/2567 2571/2571/2571 2566/2566/2566
f 2566/2566/2566 2562/2562/2562 2567/2567/2567
f 2567/2567/2567 2562/2562/2562 2563/2563/2563
f 2562/2562/2562 2559/2559/2559 2563/2563/2563
f 2563/2563/2563 2559/2559/2559 2558/2558/2558
f 2558/2558/2558 2559/2559/2559 2560/2560/2560
f 2560/2560/2560 2559/2559/2559 2561/2561/2561
f 2560/2560/2560 2561/2561/2561 2564/2564/2564
f 2564/2564/2564 2561/2561/2561 2565/2565/2565
f 2564/2564/2564 2565/2565/2565 2497/2497/2497
f 2497/2497/2497 2565/2565/2565 2499/2499/2499
f 2498/2498/2498 2497/2497/2497 2499/2499/2499
f 2496/2496/2496 2497/2497/2497 2498/2498/2498
f 2493/2493/2493 2496/2496/2496 2498/2498/2498
f 2491/2491/2491 2496/2496/2496 2493/2493/2493
f 2492/2492/2492 2491/2491/2491 2493/2493/2493
f 2490/2490/2490 2491/2491/2491 2492/2492/2492
f 2490/2490/2490 2492/2492/2492 2494/2494/2494
f 2494/2494/2494 2492/2492/2492 2495/2495/2495
f 2494/2494/2494 2495/2495/2495 2500/2500/2500
f 2500/2500/2500 2495/2495/2495 2501/2501/2501
f 2501/2501/2501 2504/2504/2504 2500/2500/2500
f 2500/2500/2500 2504/2504/2504 2505/2505/2505
f 2504/2504/2504 2525/2525/2525 2505/2505/2505
f 2505/2505/2505 2525/2525/2525 2526/2526/2526
f 2587/2587/2587 2588/2588/2588 2584/2584/2584
f 2588/2588/2588 2573/2573/2573 2584/2584/2584
f 2573/2573/2573 2572/2572/2572 2584/2584/2584
f 2572/2572/2572 2573/2573/2573 2574/2574/2574
f 2585/2585/2585 2586/2586/2586 2579/2579/2579
f 2579/2579/2579 2586/2586/2586 2577/2577/2577
f 2577/2577/2577 2578/2578/2578 2579/2579/2579
f 2579/2579/2579 2578/2578/2578 2580/2580/2580
f 2578/2578/2578 2582/2582/2582 2580/2580/2580
f 2580/2580/2580 2582/2582/2582 2581/2581/2581
f 2581/2581/2581 2582/2582/2582 2583/2583/2583
f 2575/2575/2575 2576/2576/2576 2510/2510/2510
f 2510/2510/2510 2576/2576/2576 2512/2512/2512
f 2511/2511/2511 2510/2510/2510 2512/2512/2512
f 2509/2509/2509 2510/2510/2510 2511/2511/2511
f 2554/2554/2554 2569/2569/2569 2568/2568/2568
f 2554/2554/2554 2568/2568/2568 2555/2555/2555
f 2553/2553/2553 2554/2554/2554 2555/2555/2555
f 2552/2552/2552 2554/2554/2554 2553/2553/2553
f 2552/2552/2552 2553/2553/2553 2548/2548/2548
f 2548/2548/2548 2553/2553/2553 2549/2549/2549
f 2548/2548/2548 2549/2549/2549 2550/2550/2550
f 2550/2550/2550 2549/2549/2549 2551/2551/2551
f 2550/2550/2550 2551/2551/2551 2556/2556/2556
f 2556/2556/2556 2551/2551/2551 2557/2557/2557
f 2556/2556/2556 2557/2557/2557 2487/2487/2487
f 2487/2487/2487 2557/2557/2557 2489/2489/2489
f 2488/2488/2488 2487/2487/2487 2489/2489/2489
f 2486/2486/2486 2487/2487/2487 2488/2488/2488
f 2481/2481/2481 2486/2486/2486 2488/2488/2488
f 2479/2479/2479 2486/2486/2486 2481/2481/2481
f 2480/2480/2480 2479/2479/2479 2481/2481/2481
f 2478/2478/2478 2479/2479/2479 2480/2480/2480
f 2483/2483/2483 2478/2478/2478 2480/2480/2480
f 2482/2482/2482 2478/2478/2478 2483/2483/2483
f 2482/2482/2482 2483/2483/2483 2484/2484/2484
f 2484/2484/2484 2483/2483/2483 2485/2485/2485
f 2484/2484/2484 2485/2485/2485 2502/2502/2502
f 2484/2484/2484 2502/2502/2502 2503/2503/2503
f 2523/2523/2523 2520/2520/2520 2524/2524/2524
f 2524/2524/2524 2520/2520/2520 2508/2508/2508
f 2508/2508/2508 2520/2520/2520 2506/2506/2506
f 2506/2506/2506 2507/2507/2507 2508/2508/2508
f 2515/2515/2515 2521/2521/2521 2522/2522/2522
f 2516/2516/2516 2521/2521/2521 2515/2515/2515
f 2515/2515/2515 2514/2514/2514 2516/2516/2516
f 2513/2513/2513 2514/2514/2514 2515/2515/2515
f 2513/2513/2513 2519/2519/2519 2514/2514/2514
f 2517/2517/2517 2519/2519/2519 2513/2513/2513
f 2517/2517/2517 2518/2518/2518 2519/2519/2519
f 2466/2466/2466 2404/2404/2404 2467/2467/2467
f 2402/2402/2402 2404/2404/2404 2466/2466/2466
f 2402/2402/2402 2403/2403/2403 2404/2404/2404
f 2404/2404/2404 2403/2403/2403 2405/2405/2405
f 2464/2464/2464 2465/2465/2465 2462/2462/2462
f 2462/2462/2462 2465/2465/2465 2463/2463/2463
f 2462/2462/2462 2463/2463/2463 2458/2458/2458
f 2458/2458/2458 2463/2463/2463 2459/2459/2459
f 2458/2458/2458 2459/2459/2459 2460/2460/2460
f 2460/2460/2460 2459/2459/2459 2461/2461/2461
f 2460/2460/2460 2461/2461/2461 2468/2468/2468
f 2468/2468/2468 2461/2461/2461 2469/2469/2469
f 2468/2468/2468 2469/2469/2469 2407/2407/2407
f 2407/2407/2407 2469/2469/2469 2409/2409/2409
f 2408/2408/2408 2407/2407/2407 2409/2409/2409
f 2406/2406/2406 2407/2407/2407 2408/2408/2408
f 2397/2397/2397 2406/2406/2406 2408/2408/2408
f 2395/2395/2395 2406/2406/2406 2397/2397/2397
f 2396/2396/2396 2395/2395/2395 2397/2397/2397
f 2394/2394/2394 2395/2395/2395 2396/2396/2396
f 2399/2399/2399 2394/2394/2394 2396/2396/2396
f 2398/2398/2398 2394/2394/2394 2399/2399/2399
f 2401/2401/2401 2398/2398/2398 2399/2399/2399
f 2400/2400/2400 2398/2398/2398 2401/2401/2401
f 2456/2456/2456 2457/2457/2457 2437/2437/2437
f 2437/2437/2437 2457/2457/2457 2438/2438/2438
f 2437/2437/2437 2438/2438/2438 2434/2434/2434
f 2434/2434/2434 2438/2438/2438 2433/2433/2433
f 2433/2433/2433 2429/2429/2429 2434/2434/2434
f 2434/2434/2434 2429/2429/2429 2430/2430/2430
f 2429/2429/2429 2426/2426/2426 2430/2430/2430
f 2430/2430/2430 2426/2426/2426 2425/2425/2425
f 2425/2425/2425 2426/2426/2426 2427/2427/2427
f 2427/2427/2427 2426/2426/2426 2428/2428/2428
f 2427/2427/2427 2428/2428/2428 2431/2431/2431
f 2431/2431/2431 2428/2428/2428 2432/2432/2432
f 2431/2431/2431 2432/2432/2432 2364/2364/2364
f 2364/2364/2364 2432/2432/2432 2366/2366/2366
f 2365/2365/2365 2364/2364/2364 2366/2366/2366
f 2363/2363/2363 2364/2364/2364 2365/2365/2365
f 2360/2360/2360 2363/2363/2363 2365/2365/2365
f 2358/2358/2358 2363/2363/2363 2360/2360/2360
f 2359/2359/2359 2358/2358/2358 2360/2360/2360
f 2357/2357/2357 2358/2358/2358 2359/2359/2359
f 2357/2357/2357 2359/2359/2359 2361/2361/2361
f 2361/2361/2361 2359/2359/2359 2362/2362/2362
f 2361/2361/2361 2362/2362/2362 2367/2367/2367
f 2367/2367/2367 2362/2362/2362 2368/2368/2368
f 2368/2368/2368 2371/2371/2371 2367/2367/2367
f 2367/2367/2367 2371/2371/2371 2372/2372/2372
f 2371/2371/2371 2392/2392/2392 2372/2372/2372
f 2372/2372/2372 2392/2392/2392 2393/2393/2393
f 2454/2454/2454 2455/2455/2455 2451/2451/2451
f 2455/2455/2455 2440/2440/2440 2451/2451/2451
f 2440/2440/2440 2439/2439/2439 2451/2451/2451
f 2439/2439/2439 2440/2440/2440 2441/2441/2441
f 2452/2452/2452 2453/2453/2453 2446/2446/2446
f 2446/2446/2446 2453/2453/2453 2444/2444/2444
f 2444/2444/2444 2445/2445/2445 2446/2446/2446
f 2446/2446/2446 2445/2445/2445 2447/2447/2447
f 2445/2445/2445 2449/2449/2449 2447/2447/2447
f 2447/2447/2447 2449/2449/2449 2448/2448/2448
f 2448/2448/2448 2449/2449/2449 2450/2450/2450
f 2442/2442/2442 2443/2443/2443 2377/2377/2377
f 2377/2377/2377 2443/2443/2443 2379/2379/2379
f 2378/2378/2378 2377/2377/2377 2379/2379/2379
f 2376/2376/2376 2377/2377/2377 2378/2378/2378
f 2421/2421/2421 2436/2436/2436 2435/2435/2435
f 2421/2421/2421 2435/2435/2435 2422/2422/2422
f 2420/2420/2420 2421/2421/2421 2422/2422/2422
f 2419/2419/2419 2421/2421/2421 2420/2420/2420
f 2419/2419/2419 2420/2420/2420 2415/2415/2415
f 2415/2415/2415 2420/2420/2420 2416/2416/2416
f 2415/2415/2415 2416/2416/2416 2417/2417/2417
f 2417/2417/2417 2416/2416/2416 2418/2418/2418
f 2417/2417/2417 2418/2418/2418 2423/2423/2423
f 2423/2423/2423 2418/2418/2418 2424/2424/2424
f 2423/2423/2423 2424/2424/2424 2354/2354/2354
f 2354/2354/2354 2424/2424/2424 2356/2356/2356
f 2355/2355/2355 2354/2354/2354 2356/2356/2356
f 2353/2353/2353 2354/2354/2354 2355/2355/2355
f 2348/2348/2348 2353/2353/2353 2355/2355/2355
f 2346/2346/2346 2353/2353/2353 2348/2348/2348
f 2347/2347/2347 2346/2346/2346 2348/2348/2348
f 2345/2345/2345 2346/2346/2346 2347/2347/2347
f 2350/2350/2350 2345/2345/2345 2347/2347/2347
f 2349/2349/2349 2345/2345/2345 2350/2350/2350
f 2349/2349/2349 2350/2350/2350 2351/2351/2351
f 2351/2351/2351 2350/2350/2350 2352/2352/2352
f 2351/2351/2351 2352/2352/2352 2369/2369/2369
f 2351/2351/2351 2369/2369/2369 2370/2370/2370
f 2390/2390/2390 2387/2387/2387 2391/2391/2391
f 2391/2391/2391 2387/2387/2387 2375/2375/2375
f 2375/2375/2375 2387/2387/2387 2373/2373/2373
f 2373/2373/2373 2374/2374/2374 2375/2375/2375
f 2382/2382/2382 2388/2388/2388 2389/2389/2389
f 2383/2383/2383 2388/2388/2388 2382/2382/2382
f 2382/2382/2382 2381/2381/2381 2383/2383/2383
f 2380/2380/2380 2381/2381/2381 2382/2382/2382
f 2380/2380/2380 2386/2386/2386 2381/2381/2381
f 2384/2384/2384 2386/2386/2386 2380/2380/2380
f 2384/2384/2384 2385/2385/2385 2386/2386/2386
f 2333/2333/2333 2271/2271/2271 2334/2334/2334
f 2269/2269/2269 2271/2271/2271 2333/2333/2333
f 2269/2269/2269 2270/2270/2270 2271/2271/2271
f 2271/2271/2271 2270/2270/2270 2272/2272/2272
f 2331/2331/2331 2332/2332/2332 2329/2329/2329
f 2329/2329/2329 2332/2332/2332 2330/2330/2330
f 2329/2329/2329 2330/2330/2330 2325/2325/2325
f 2325/2325/2325 2330/2330/2330 2326/2326/2326
f 2325/2325/2325 2326/2326/2326 2327/2327/2327
f 2327/2327/2327 2326/2326/2326 2328/2328/2328
f 2327/2327/2327 2328/2328/2328 2335/2335/2335
f 2335/2335/2335 2328/2328/2328 2336/2336/2336
f 2335/2335/2335 2336/2336/2336 2274/2274/2274
f 2274/2274/2274 2336/2336/2336 2276/2276/2276
f 2275/2275/2275 2274/2274/2274 2276/2276/2276
f 2273/2273/2273 2274/2274/2274 2275/2275/2275
f 2264/2264/2264 2273/2273/2273 2275/2275/2275
f 2262/2262/2262 2273/2273/2273 2264/2264/2264
f 2263/2263/2263 2262/2262/2262 2264/2264/2264
f 2261/2261/2261 2262/2262/2262 2263/2263/2263
f 2266/2266/2266 2261/2261/2261 2263/2263/2263
f 2265/2265/2265 2261/2261/2261 2266/2266/2266
f 2268/2268/2268 2265/2265/2265 2266/2266/2266
f 2267/2267/2267 2265/2265/2265 2268/2268/2268
f 2323/2323/2323 2324/2324/2324 2304/2304/2304
f 2304/2304/2304 2324/2324/2324 2305/2305/2305
f 2304/2304/2304 2305/2305/2305 2301/2301/2301
f 2301/2301/2301 2305/2305/2305 2300/2300/2300
f 2300/2300/2300 2296/2296/2296 2301/2301/2301
f 2301/2301/2301 2296/2296/2296 2297/2297/2297
f 2296/2296/2296 2293/2293/2293 2297/2297/2297
f 2297/2297/2297 2293/2293/2293 2292/2292/2292
f 2292/2292/2292 2293/2293/2293 2294/2294/2294
f 2294/2294/2294 2293/2293/2293 2295/2295/2295
f 2294/2294/2294 2295/2295/2295 2298/2298/2298
f 2298/2298/2298 2295/2295/2295 2299/2299/2299
f 2298/2298/2298 2299/2299/2299 2231/2231/2231
f 2231/2231/2231 2299/2299/2299 2233/2233/2233
f 2232/2232/2232 2231/2231/2231 2233/2233/2233
f 2230/2230/2230 2231/2231/2231 2232/2232/2232
f 2227/2227/2227 2230/2230/2230 2232/2232/2232
f 2225/2225/2225 2230/2230/2230 2227/2227/2227
f 2226/2226/2226 2225/2225/2225 2227/2227/2227
f 2224/2224/2224 2225/2225/2225 2226/2226/2226
f 2224/2224/2224 2226/2226/2226 2228/2228/2228
f 2228/2228/2228 2226/2226/2226 2229/2229/2229
f 2228/2228/2228 2229/2229/2229 2234/2234/2234
f 2234/2234/2234 2229/2229/2229 2235/2235/2235
f 2235/2235/2235 2238/2238/2238 2234/2234/2234
f 2234/2234/2234 2238/2238/2238 2239/2239/2239
f 2238/2238/2238 2259/2259/2259 2239/2239/2239
f 2239/2239/2239 2259/2259/2259 2260/2260/2260
f 2321/2321/2321 2322/2322/2322 2318/2318/2318
f 2322/2322/2322 2307/2307/2307 2318/2318/2318
f 2307/2307/2307 2306/2306/2306 2318/2318/2318
f 2306/2306/2306 2307/2307/2307 2308/2308/2308
f 2319/2319/2319 2320/2320/2320 2313/2313/2313
f 2313/2313/2313 2320/2320/2320 2311/2311/2311
f 2311/2311/2311 2312/2312/2312 2313/2313/2313
f 2313/2313/2313 2312/2312/2312 2314/2314/2314
f 2312/2312/2312 2316/2316/2316 2314/2314/2314
f 2314/2314/2314 2316/2316/2316 2315/2315/2315
f 2315/2315/2315 2316/2316/2316 2317/2317/2317
f 2309/2309/2309 2310/2310/2310 2244/2244/2244
f 2244/2244/2244 2310/2310/2310 2246/2246/2246
f 2245/2245/2245 2244/2244/2244 2246/2246/2246
f 2243/2243/2243 2244/2244/2244 2245/2245/2245
f 2288/2288/2288 2303/2303/2303 2302/2302/2302
f 2288/2288/2288 2302/2302/2302 2289/2289/2289
f 2287/2287/2287 2288/2288/2288 2289/2289/2289
f 2286/2286/2286 2288/2288/2288 2287/2287/2287
f 2286/2286/2286 2287/2287/2287 2282/2282/2282
f 2282/2282/2282 2287/2287/2287 2283/2283/2283
f 2282/2282/2282 2283/2283/2283 2284/2284/2284
f 2284/2284/2284 2283/2283/2283 2285/2285/2285
f 2284/2284/2284 2285/2285/2285 2290/2290/2290
f 2290/2290/2290 2285/2285/2285 2291/2291/2291
f 2290/2290/2290 2291/2291/2291 2221/2221/2221
f 2221/2221/2221 2291/2291/2291 2223/2223/2223
f 2222/2222/2222 2221/2221/2221 2223/2223/2223
f 2220/2220/2220 2221/2221/2221 2222/2222/2222
f 2215/2215/2215 2220/2220/2220 2222/2222/2222
f 2213/2213/2213 2220/2220/2220 2215/2215/2215
f 2214/2214/2214 2213/2213/2213 2215/2215/2215
f 2212/2212/2212 2213/2213/2213 2214/2214/2214
f 2217/2217/2217 2212/2212/2212 2214/2214/2214
f 2216/2216/2216 2212/2212/2212 2217/2217/2217
f 2216/2216/2216 2217/2217/2217 2218/2218/2218
f 2218/2218/2218 2217/2217/2217 2219/2219/2219
f 2218/2218/2218 2219/2219/2219 2236/2236/2236
f 2218/2218/2218 2236/2236/2236 2237/2237/2237
f 2257/2257/2257 2254/2254/2254 2258/2258/2258
f 2258/2258/2258 2254/2254/2254 2242/2242/2242
f 2242/2242/2242 2254/2254/2254 2240/2240/2240
f 2240/2240/2240 2241/2241/2241 2242/2242/2242
f 2249/2249/2249 2255/2255/2255 2256/2256/2256
f 2250/2250/2250 2255/2255/2255 2249/2249/2249
f 2249/2249/2249 2248/2248/2248 2250/2250/2250
f 2247/2247/2247 2248/2248/2248 2249/2249/2249
f 2247/2247/2247 2253/2253/2253 2248/2248/2248
f 2251/2251/2251 2253/2253/2253 2247/2247/2247
f 2251/2251/2251 2252/2252/2252 2253/2253/2253
f 2200/2200/2200 2138/2138/2138 2201/2201/2201
f 2136/2136/2136 2138/2138/2138 2200/2200/2200
f 2136/2136/2136 2137/2137/2137 2138/2138/2138
f 2138/2138/2138 2137/2137/2137 2139/2139/2139
f 2198/2198/2198 2199/2199/2199 2196/2196/2196
f 2196/2196/2196 2199/2199/2199 2197/2197/2197
f 2196/2196/2196 2197/2197/2197 2192/2192/2192
f 2192/2192/2192 2197/2197/2197 2193/2193/2193
f 2192/2192/2192 2193/2193/2193 2194/2194/2194
f 2194/2194/2194 2193/2193/2193 2195/2195/2195
f 2194/2194/2194 2195/2195/2195 2202/2202/2202
f 2202/2202/2202 2195/2195/2195 2203/2203/2203
f 2202/2202/2202 2203/2203/2203 2141/2141/2141
f 2141/2141/2141 2203/2203/2203 2143/2143/2143
f 2142/2142/2142 2141/2141/2141 2143/2143/2143
f 2140/2140/2140 2141/2141/2141 2142/2142/2142
f 2131/2131/2131 2140/2140/2140 2142/2142/2142
f 2129/2129/2129 2140/2140/2140 2131/2131/2131
f 2130/2130/2130 2129/2129/2129 2131/2131/2131
f 2128/2128/2128 2129/2129/2129 2130/2130/2130
f 2133/2133/2133 2128/2128/2128 2130/2130/2130
f 2132/2132/2132 2128/2128/2128 2133/2133/2133
f 2135/2135/2135 2132/2132/2132 2133/2133/2133
f 2134/2134/2134 2132/2132/2132 2135/2135/2135
f 2190/2190/2190 2191/2191/2191 2171/2171/2171
f 2171/2171/2171 2191/2191/2191 2172/2172/2172
f 2171/2171/2171 2172/2172/2172 2168/2168/2168
f 2168/2168/2168 2172/2172/2172 2167/2167/2167
f 2167/2167/2167 2163/2163/2163 2168/2168/2168
f 2168/2168/2168 2163/2163/2163 2164/2164/2164
f 2163/2163/2163 2160/2160/2160 2164/2164/2164
f 2164/2164/2164 2160/2160/2160 2159/2159/2159
f 2159/2159/2159 2160/2160/2160 2161/2161/2161
f 2161/2161/2161 2160/2160/2160 2162/2162/2162
f 2161/2161/2161 2162/2162/2162 2165/2165/2165
f 2165/2165/2165 2162/2162/2162 2166/2166/2166
f 2165/2165/2165 2166/2166/2166 2098/2098/2098
f 2098/2098/2098 2166/2166/2166 2100/2100/2100
f 2099/2099/2099 2098/2098/2098 2100/2100/2100
f 2097/2097/2097 2098/2098/2098 2099/2099/2099
f 2094/2094/2094 2097/2097/2097 2099/2099/2099
f 2092/2092/2092 2097/2097/2097 2094/2094/2094
f 2093/2093/2093 2092/2092/2092 2094/2094/2094
f 2091/2091/2091 2092/2092/2092 2093/2093/2093
f 2091/2091/2091 2093/2093/2093 2095/2095/2095
f 2095/2095/2095 2093/2093/2093 2096/2096/2096
f 2095/2095/2095 2096/2096/2096 2101/2101/2101
f 2101/2101/2101 2096/2096/2096 2102/2102/2102
f 2102/2102/2102 2105/2105/2105 2101/2101/2101
f 2101/2101/2101 2105/2105/2105 2106/2106/2106
f 2105/2105/2105 2126/2126/2126 2106/2106/2106
f 2106/2106/2106 2126/2126/2126 2127/2127/2127
f 2188/2188/2188 2189/2189/2189 2185/2185/2185
f 2189/2189/2189 2174/2174/2174 2185/2185/2185
f 2174/2174/2174 2173/2173/2173 2185/2185/2185
f 2173/2173/2173 2174/2174/2174 2175/2175/2175
f 2186/2186/2186 2187/2187/2187 2180/2180/2180
f 2180/2180/2180 2187/2187/2187 2178/2178/2178
f 2178/2178/2178 2179/2179/2179 2180/2180/2180
f 2180/2180/2180 2179/2179/2179 2181/2181/2181
f 2179/2179/2179 2183/2183/2183 2181/2181/2181
f 2181/2181/2181 2183/2183/2183 2182/2182/2182
f 2182/2182/2182 2183/2183/2183 2184/2184/2184
f 2176/2176/2176 2177/2177/2177 2111/2111/2111
f 2111/2111/2111 2177/2177/2177 2113/2113/2113
f 2112/2112/2112 2111/2111/2111 2113/2113/2113
f 2110/2110/2110 2111/2111/2111 2112/2112/2112
f 2155/2155/2155 2170/2170/2170 2169/2169/2169
f 2155/2155/2155 2169/2169/2169 2156/2156/2156
f 2154/2154/2154 2155/2155/2155 2156/2156/2156
f 2153/2153/2153 2155/2155/2155 2154/2154/2154
f 2153/2153/2153 2154/2154/2154 2149/2149/2149
f 2149/2149/2149 2154/2154/2154 2150/2150/2150
f 2149/2149/2149 2150/2150/2150 2151/2151/2151
f 2151/2151/2151 2150/2150/2150 2152/2152/2152
f 2151/2151/2151 2152/2152/2152 2157/2157/2157
f 2157/2157/2157 2152/2152/2152 2158/2158/2158
f 2157/2157/2157 2158/2158/2158 2088/2088/2088
f 2088/2088/2088 2158/2158/2158 2090/2090/2090
f 2089/2089/2089 2088/2088/2088 2090/2090/2090
f 2087/2087/2087 2088/2088/2088 2089/2089/2089
f 2082/2082/2082 2087/2087/2087 2089/2089/2089
f 2080/2080/2080 2087/2087/2087 2082/2082/2082
f 2081/2081/2081 2080/2080/2080 2082/2082/2082
f 2079/2079/2079 2080/2080/2080 2081/2081/2081
f 2084/2084/2084 2079/2079/2079 2081/2081/2081
f 2083/2083/2083 2079/2079/2079 2084/2084/2084
f 2083/2083/2083 2084/2084/2084 2085/2085/2085
f 2085/2085/2085 2084/2084/2084 2086/2086/2086
f 2085/2085/2085 2086/2086/2086 2103/2103/2103
f 2085/2085/2085 2103/2103/2103 2104/2104/2104
f 2124/2124/2124 2121/2121/2121 2125/2125/2125
f 2125/2125/2125 2121/2121/2121 2109/2109/2109
f 2109/2109/2109 2121/2121/2121 2107/2107/2107
f 2107/2107/2107 2108/2108/2108 2109/2109/2109
f 2116/2116/2116 2122/2122/2122 2123/2123/2123
f 2117/2117/2117 2122/2122/2122 2116/2116/2116
f 2116/2116/2116 2115/2115/2115 2117/2117/2117
f 2114/2114/2114 2115/2115/2115 2116/2116/2116
f 2114/2114/2114 2120/2120/2120 2115/2115/2115
f 2118/2118/2118 2120/2120/2120 2114/2114/2114
f 2118/2118/2118 2119/2119/2119 2120/2120/2120
f 2069/2069/2069 2068/2068/2068 2070/2070/2070
f 2067/2067/2067 2068/2068/2068 2069/2069/2069
f 2065/2065/2065 2064/2064/2064 2066/2066/2066
f 2063/2063/2063 2064/2064/2064 2065/2065/2065
f 2061/2061/2061 2060/2060/2060 2062/2062/2062
f 2059/2059/2059 2060/2060/2060 2061/2061/2061
f 2057/2057/2057 2055/2055/2055 2058/2058/2058
f 2056/2056/2056 2055/2055/2055 2057/2057/2057
f 2052/2052/2052 2055/2055/2055 2056/2056/2056
f 2050/2050/2050 2055/2055/2055 2052/2052/2052
f 2051/2051/2051 2050/2050/2050 2052/2052/2052
f 2049/2049/2049 2050/2050/2050 2051/2051/2051
f 2051/2051/2051 2054/2054/2054 2049/2049/2049
f 2053/2053/2053 2054/2054/2054 2051/2051/2051
f 2047/2047/2047 2046/2046/2046 2048/2048/2048
f 2045/2045/2045 2046/2046/2046 2047/2047/2047
f 2043/2043/2043 2042/2042/2042 2044/2044/2044
f 2041/2041/2041 2042/2042/2042 2043/2043/2043
f 2039/2039/2039 2038/2038/2038 2040/2040/2040
f 2037/2037/2037 2038/2038/2038 2039/2039/2039
f 2034/2034/2034 2035/2035/2035 2036/2036/2036
f 2033/2033/2033 2035/2035/2035 2034/2034/2034
f 2033/2033/2033 2034/2034/2034 2027/2027/2027
f 2027/2027/2027 2034/2034/2034 2028/2028/2028
f 2027/2027/2027 2028/2028/2028 2029/2029/2029
f 2029/2029/2029 2028/2028/2028 2030/2030/2030
f 2032/2032/2032 2029/2029/2029 2030/2030/2030
f 2031/2031/2031 2029/2029/2029 2032/2032/2032
f 2025/2025/2025 2024/2024/2024 2026/2026/2026
f 2023/2023/2023 2024/2024/2024 2025/2025/2025
f 2021/2021/2021 2020/2020/2020 2022/2022/2022
f 2019/2019/2019 2020/2020/2020 2021/2021/2021
f 2015/2015/2015 2016/2016/2016 2017/2017/2017
f 2017/2017/2017 2016/2016/2016 2018/2018/2018
f 2016/2016/2016 2005/2005/2005 2018/2018/2018
f 2018/2018/2018 2005/2005/2005 2007/2007/2007
f 2005/2005/2005 2006/2006/2006 2007/2007/2007
f 2007/2007/2007 2006/2006/2006 2008/2008/2008
f 2006/2006/2006 2013/2013/2013 2008/2008/2008
f 2008/2008/2008 2013/2013/2013 2014/2014/2014
f 2011/2011/2011 2010/2010/2010 2012/2012/2012
f 2009/2009/2009 2010/2010/2010 2011/2011/2011
f 2003/2003/2003 2002/2002/2002 2004/2004/2004
f 2001/2001/2001 2002/2002/2002 2003/2003/2003
f 1999/1999/1999 1998/1998/1998 2000/2000/2000
f 1997/1997/1997 1998/1998/1998 1999/1999/1999
f 1995/1995/1995 1994/1994/1994 1996/1996/1996
f 1993/1993/1993 1994/1994/1994 1995/1995/1995
f 1991/1991/1991 1989/1989/1989 1992/1992/1992
f 1990/1990/1990 1989/1989/1989 1991/1991/1991
f 1986/1986/1986 1989/1989/1989 1990/1990/1990
f 1984/1984/1984 1989/1989/1989 1986/1986/1986
f 1985/1985/1985 1984/1984/1984 1986/1986/1986
f 1983/1983/1983 1984/1984/1984 1985/1985/1985
f 1985/1985/1985 1988/1988/1988 1983/1983/1983
f 1987/1987/1987 1988/1988/1988 1985/1985/1985
f 1981/1981/1981 1980/1980/1980 1982/1982/1982
f 1979/1979/1979 1980/1980/1980 1981/1981/1981
f 1977/1977/1977 1976/1976/1976 1978/1978/1978
f 1975/1975/1975 1976/1976/1976 1977/1977/1977
f 1973/1973/1973 1972/1972/1972 1974/1974/1974
f 1971/1971/1971 1972/1972/1972 1973/1973/1973
f 1968/1968/1968 1969/1969/1969 1970/1970/1970
f 1967/1967/1967 1969/1969/1969 1968/1968/1968
f 1967/1967/1967 1968/1968/1968 1961/1961/1961
f 1961/1961/1961 1968/1968/1968 1962/1962/1962
f 1961/1961/1961 1962/1962/1962 1963/1963/1963
f 1963/1963/1963 1962/1962/1962 1964/1964/1964
f 1966/1966/1966 1963/1963/1963 1964/1964/1964
f 1965/1965/1965 1963/1963/1963 1966/1966/1966
f 1959/1959/1959 1958/1958/1958 1960/1960/1960
f 1957/1957/1957 1958/1958/1958 1959/1959/1959
f 1955/1955/1955 1954/1954/1954 1956/1956/1956
f 1953/1953/1953 1954/1954/1954 1955/1955/1955
f 1949/1949/1949 1950/1950/1950 1951/1951/1951
f 1951/1951/1951 1950/1950/1950 1952/1952/1952
f 1950/1950/1950 1939/1939/1939 1952/1952/1952
f 1952/1952/1952 1939/1939/1939 1941/1941/1941
f 1939/1939/1939 1940/1940/1940 1941/1941/1941
f 1941/1941/1941 1940/1940/1940 1942/1942/1942
f 1940/1940/1940 1947/1947/1947 1942/1942/1942
f 1942/1942/1942 1947/1947/1947 1948/1948/1948
f 1945/1945/1945 1944/1944/1944 1946/1946/1946
f 1943/1943/1943 1944/1944/1944 1945/1945/1945
f 1937/1937/1937 1936/1936/1936 1938/1938/1938
f 1935/1935/1935 1936/1936/1936 1937/1937/1937
f 1933/1933/1933 1932/1932/1932 1934/1934/1934
f 1931/1931/1931 1932/1932/1932 1933/1933/1933
f 1929/1929/1929 1928/1928/1928 1930/1930/1930
f 1927/1927/1927 1928/1928/1928 1929/1929/1929
f 1925/1925/1925 1923/1923/1923 1926/1926/1926
f 1924/1924/1924 1923/1923/1923 1925/1925/1925
f 1920/1920/1920 1923/1923/1923 1924/1924/1924
f 1918/1918/1918 1923/1923/1923 1920/1920/1920
f 1919/1919/1919 1918/1918/1918 1920/1920/1920
f 1917/1917/1917 1918/1918/1918 1919/1919/1919
f 1919/1919/1919 1922/1922/1922 1917/1917/1917
f 1921/1921/1921 1922/1922/1922 1919/1919/1919
f 1915/1915/1915 1914/1914/1914 1916/1916/1916
f 1913/1913/1913 1914/1914/1914 1915/1915/1915
f 1911/1911/1911 1910/1910/1910 1912/1912/1912
f 1909/1909/1909 1910/1910/1910 1911/1911/1911
f 1907/1907/1907 1906/1906/1906 1908/1908/1908
f 1905/1905/1905 1906/1906/1906 1907/1907/1907
f 1902/1902/1902 1903/1903/1903 1904/1904/1904
f 1901/1901/1901 1903/1903/1903 1902/1902/1902
f 1901/1901/1901 1902/1902/1902 1895/1895/1895
f 1895/1895/1895 1902/1902/1902 1896/1896/1896
f 1895/1895/1895 1896/1896/1896 1897/1897/1897
f 1897/1897/1897 1896/1896/1896 1898/1898/1898
f 1900/1900/1900 1897/1897/1897 1898/1898/1898
f 1899/1899/1899 1897/1897/1897 1900/1900/1900
f 1893/1893/1893 1892/1892/1892 1894/1894/1894
f 1891/1891/1891 1892/1892/1892 1893/1893/1893
f 1889/1889/1889 1888/1888/1888 1890/1890/1890
f 1887/1887/1887 1888/1888/1888 1889/1889/1889
f 1883/1883/1883 1884/1884/1884 1885/1885/1885
f 1885/1885/1885 1884/1884/1884 1886/1886/1886
f 1884/1884/1884 1873/1873/1873 1886/1886/1886
f 1886/1886/1886 1873/1873/1873 1875/1875/1875
f 1873/1873/1873 1874/1874/1874 1875/1875/1875
f 1875/1875/1875 1874/1874/1874 1876/1876/1876
f 1874/1874/1874 1881/1881/1881 1876/1876/1876
f 1876/1876/1876 1881/1881/1881 1882/1882/1882
f 1879/1879/1879 1878/1878/1878 1880/1880/1880
f 1877/1877/1877 1878/1878/1878 1879/1879/1879
f 1871/1871/1871 1870/1870/1870 1872/1872/1872
f 1869/1869/1869 1870/1870/1870 1871/1871/1871
f 1867/1867/1867 1866/1866/1866 1868/1868/1868
f 1865/1865/1865 1866/1866/1866 1867/1867/1867
f 1863/1863/1863 1862/1862/1862 1864/1864/1864
f 1861/1861/1861 1862/1862/1862 1863/1863/1863
f 1859/1859/1859 1857/1857/1857 1860/1860/1860
f 1858/1858/1858 1857/1857/1857 1859/1859/1859
f 1854/1854/1854 1857/1857/1857 1858/1858/1858
f 1852/1852/1852 1857/1857/1857 1854/1854/1854
f 1853/1853/1853 1852/1852/1852 1854/1854/1854
f 1851/1851/1851 1852/1852/1852 1853/1853/1853
f 1853/1853/1853 1856/1856/1856 1851/1851/1851
f 1855/1855/1855 1856/1856/1856 1853/1853/1853
f 1849/1849/1849 1848/1848/1848 1850/1850/1850
f 1847/1847/1847 1848/1848/1848 1849/1849/1849
f 1845/1845/1845 1844/1844/1844 1846/1846/1846
f 1843/1843/1843 1844/1844/1844 1845/1845/1845
f 1841/1841/1841 1840/1840/1840 1842/1842/1842
f 1839/1839/1839 1840/1840/1840 1841/1841/1841
f 1836/1836/1836 1837/1837/1837 1838/1838/1838
f 1835/1835/1835 1837/1837/1837 1836/1836/1836
f 1835/1835/1835 1836/1836/1836 1829/1829/1829
f 1829/1829/1829 1836/1836/1836 1830/1830/1830
f 1829/1829/1829 1830/1830/1830 1831/1831/1831
f 1831/1831/1831 1830/1830/1830 1832/1832/1832
f 1834/1834/1834 1831/1831/1831 1832/1832/1832
f 1833/1833/1833 1831/1831/1831 1834/1834/1834
f 1827/1827/1827 1826/1826/1826 1828/1828/1828
f 1825/1825/1825 1826/1826/1826 1827/1827/1827
f 1823/1823/1823 1822/1822/1822 1824/1824/1824
f 1821/1821/1821 1822/1822/1822 1823/1823/1823
f 1817/1817/1817 1818/1818/1818 1819/1819/1819
f 1819/1819/1819 1818/1818/1818 1820/1820/1820
f 1818/1818/1818 1807/1807/1807 1820/1820/1820
f 1820/1820/1820 1807/1807/1807 1809/1809/1809
f 1807/1807/1807 1808/1808/1808 1809/1809/1809
f 1809/1809/1809 1808/1808/1808 1810/1810/1810
f 1808/1808/1808 1815/1815/1815 1810/1810/1810
f 1810/1810/1810 1815/1815/1815 1816/1816/1816
f 1813/1813/1813 1812/1812/1812 1814/1814/1814
f 1811/1811/1811 1812/1812/1812 1813/1813/1813
f 1805/1805/1805 1804/1804/1804 1806/1806/1806
f 1803/1803/1803 1804/1804/1804 1805/1805/1805
f 1801/1801/1801 1800/1800/1800 1802/1802/1802
f 1799/1799/1799 1800/1800/1800 1801/1801/1801
f 1797/1797/1797 1796/1796/1796 1798/1798/1798
f 1795/1795/1795 1796/1796/1796 1797/1797/1797
f 1793/1793/1793 1791/1791/1791 1794/1794/1794
f 1792/1792/1792 1791/1791/1791 1793/1793/1793
f 1788/1788/1788 1791/1791/1791 1792/1792/1792
f 1786/1786/1786 1791/1791/1791 1788/1788/1788
f 1787/1787/1787 1786/1786/1786 1788/1788/1788
f 1785/1785/1785 1786/1786/1786 1787/1787/1787
f 1787/1787/1787 1790/1790/1790 1785/1785/1785
f 1789/1789/1789 1790/1790/1790 1787/1787/1787
f 1783/1783/1783 1782/1782/1782 1784/1784/1784
f 1781/1781/1781 1782/1782/1782 1783/1783/1783
f 1779/1779/1779 1778/1778/1778 1780/1780/1780
f 1777/1777/1777 1778/1778/1778 1779/1779/1779
f 1775/1775/1775 1774/1774/1774 1776/1776/1776
f 1773/1773/1773 1774/1774/1774 1775/1775/1775
f 1770/1770/1770 1771/1771/1771 1772/1772/1772
f 1769/1769/1769 1771/1771/1771 1770/1770/1770
f 1769/1769/1769 1770/1770/1770 1763/1763/1763
f 1763/1763/1763 1770/1770/1770 1764/1764/1764
f 1763/1763/1763 1764/1764/1764 1765/1765/1765
f 1765/1765/1765 1764/1764/1764 1766/1766/1766
f 1768/1768/1768 1765/1765/1765 1766/1766/1766
f 1767/1767/1767 1765/1765/1765 1768/1768/1768
f 1761/1761/1761 1760/1760/1760 1762/1762/1762
f 1759/1759/1759 1760/1760/1760 1761/1761/1761
f 1757/1757/1757 1756/1756/1756 1758/1758/1758
f 1755/1755/1755 1756/1756/1756 1757/1757/1757
f 1751/1751/1751 1752/1752/1752 1753/1753/1753
f 1753/1753/1753 1752/1752/1752 1754/1754/1754
f 1752/1752/1752 1741/1741/1741 1754/1754/1754
f 1754/1754/1754 1741/1741/1741 1743/1743/1743
f 1741/1741/1741 1742/1742/1742 1743/1743/1743
f 1743/1743/1743 1742/1742/1742 1744/1744/1744
f 1742/1742/1742 1749/1749/1749 1744/1744/1744
f 1744/1744/1744 1749/1749/1749 1750/1750/1750
f 1747/1747/1747 1746/1746/1746 1748/1748/1748
f 1745/1745/1745 1746/1746/1746 1747/1747/1747
f 1739/1739/1739 1738/1738/1738 1740/1740/1740
f 1737/1737/1737 1738/1738/1738 1739/1739/1739
f 1735/1735/1735 1734/1734/1734 1736/1736/1736
f 1733/1733/1733 1734/1734/1734 1735/1735/1735
f 1731/1731/1731 1730/1730/1730 1732/1732/1732
f 1729/1729/1729 1730/1730/1730 1731/1731/1731
f 1727/1727/1727 1725/1725/1725 1728/1728/1728
f 1726/1726/1726 1725/1725/1725 1727/1727/1727
f 1722/1722/1722 1725/1725/1725 1726/1726/1726
f 1720/1720/1720 1725/1725/1725 1722/1722/1722
f 1721/1721/1721 1720/1720/1720 1722/1722/1722
f 1719/1719/1719 1720/1720/1720 1721/1721/1721
f 1721/1721/1721 1724/1724/1724 1719/1719/1719
f 1723/1723/1723 1724/1724/1724 1721/1721/1721
f 1717/1717/1717 1716/1716/1716 1718/1718/1718
f 1715/1715/1715 1716/1716/1716 1717/1717/1717
f 1713/1713/1713 1712/1712/1712 1714/1714/1714
f 1711/1711/1711 1712/1712/1712 1713/1713/1713
f 1709/1709/1709 1708/1708/1708 1710/1710/1710
f 1707/1707/1707 1708/1708/1708 1709/1709/1709
f 1704/1704/1704 1705/1705/1705 1706/1706/1706
f 1703/1703/1703 1705/1705/1705 1704/1704/1704
f 1703/1703/1703 1704/1704/1704 1697/1697/1697
f 1697/1697/1697 1704/1704/1704 1698/1698/1698
f 1697/1697/1697 1698/1698/1698 1699/1699/1699
f 1699/1699/1699 1698/1698/1698 1700/1700/1700
f 1702/1702/1702 1699/1699/1699 1700/1700/1700
f 1701/1701/1701 1699/1699/1699 1702/1702/1702
f 1695/1695/1695 1694/1694/1694 1696/1696/1696
f 1693/1693/1693 1694/1694/1694 1695/1695/1695
f 1691/1691/1691 1690/1690/1690 1692/1692/1692
f 1689/1689/1689 1690/1690/1690 1691/1691/1691
f 1685/1685/1685 1686/1686/1686 1687/1687/1687
f 1687/1687/1687 1686/1686/1686 1688/1688/1688
f 1686/1686/1686 1675/1675/1675 1688/1688/1688
f 1688/1688/1688 1675/1675/1675 1677/1677/1677
f 1675/1675/1675 1676/1676/1676 1677/1677/1677
f 1677/1677/1677 1676/1676/1676 1678/1678/1678
f 1676/1676/1676 1683/1683/1683 1678/1678/1678
f 1678/1678/1678 1683/1683/1683 1684/1684/1684
f 1681/1681/1681 1680/1680/1680 1682/1682/1682
f 1679/1679/1679 1680/1680/1680 1681/1681/1681
f 1673/1673/1673 1672/1672/1672 1674/1674/1674
f 1671/1671/1671 1672/1672/1672 1673/1673/1673
f 1669/1669/1669 1668/1668/1668 1670/1670/1670
f 1667/1667/1667 1668/1668/1668 1669/1669/1669
f 1665/1665/1665 1664/1664/1664 1666/1666/1666
f 1663/1663/1663 1664/1664/1664 1665/1665/1665
f 1661/1661/1661 1660/1660/1660 1662/1662/1662
f 1659/1659/1659 1660/1660/1660 1661/1661/1661
f 1657/1657/1657 1656/1656/1656 1658/1658/1658
f 1655/1655/1655 1656/1656/1656 1657/1657/1657
f 1653/1653/1653 1652/1652/1652 1654/1654/1654
f 1651/1651/1651 1652/1652/1652 1653/1653/1653
f 1649/1649/1649 1648/1648/1648 1650/1650/1650
f 1647/1647/1647 1648/1648/1648 1649/1649/1649
f 1645/1645/1645 1644/1644/1644 1646/1646/1646
f 1643/1643/1643 1644/1644/1644 1645/1645/1645
f 1641/1641/1641 1640/1640/1640 1642/1642/1642
f 1639/1639/1639 1640/1640/1640 1641/1641/1641
f 1637/1637/1637 1636/1636/1636 1638/1638/1638
f 1635/1635/1635 1636/1636/1636 1637/1637/1637
f 1633/1633/1633 1632/1632/1632 1634/1634/1634
f 1631/1631/1631 1632/1632/1632 1633/1633/1633
f 1629/1629/1629 1628/1628/1628 1630/1630/1630
f 1627/1627/1627 1628/1628/1628 1629/1629/1629
f 1625/1625/1625 1624/1624/1624 1626/1626/1626
f 1623/1623/1623 1624/1624/1624 1625/1625/1625
f 1621/1621/1621 1620/1620/1620 1622/1622/1622
f 1619/1619/1619 1620/1620/1620 1621/1621/1621
f 1617/1617/1617 1616/1616/1616 1618/1618/1618
f 1615/1615/1615 1616/1616/1616 1617/1617/1617
f 1613/1613/1613 1612/1612/1612 1614/1614/1614
f 1611/1611/1611 1612/1612/1612 1613/1613/1613
f 1609/1609/1609 1608/1608/1608 1610/1610/1610
f 1607/1607/1607 1608/1608/1608 1609/1609/1609
f 1605/1605/1605 1604/1604/1604 1606/1606/1606
f 1603/1603/1603 1604/1604/1604 1605/1605/1605
f 1601/1601/1601 1600/1600/1600 1602/1602/1602
f 1599/1599/1599 1600/1600/1600 1601/1601/1601
f 1594/1594/1594 1569/1569/1569 1595/1595/1595
f 1567/1567/1567 1569/1569/1569 1594/1594/1594
f 1567/1567/1567 1568/1568/1568 1569/1569/1569
f 1569/1569/1569 1568/1568/1568 1570/1570/1570
f 1590/1590/1590 1591/1591/1591 1592/1592/1592
f 1592/1592/1592 1591/1591/1591 1593/1593/1593
f 1591/1591/1591 1574/1574/1574 1593/1593/1593
f 1593/1593/1593 1574/1574/1574 1576/1576/1576
f 1574/1574/1574 1575/1575/1575 1576/1576/1576
f 1576/1576/1576 1575/1575/1575 1577/1577/1577
f 1575/1575/1575 1578/1578/1578 1577/1577/1577
f 1577/1577/1577 1578/1578/1578 1579/1579/1579
f 1587/1587/1587 1588/1588/1588 1589/1589/1589
f 1586/1586/1586 1588/1588/1588 1587/1587/1587
f 1585/1585/1585 1586/1586/1586 1587/1587/1587
f 1584/1584/1584 1586/1586/1586 1585/1585/1585
f 1583/1583/1583 1584/1584/1584 1585/1585/1585
f 1581/1581/1581 1584/1584/1584 1583/1583/1583
f 1582/1582/1582 1581/1581/1581 1583/1583/1583
f 1580/1580/1580 1581/1581/1581 1582/1582/1582
f 1565/1565/1565 1564/1564/1564 1566/1566/1566
f 1563/1563/1563 1564/1564/1564 1565/1565/1565
f 1561/1561/1561 1560/1560/1560 1562/1562/1562
f 1559/1559/1559 1560/1560/1560 1561/1561/1561
f 1557/1557/1557 1556/1556/1556 1558/1558/1558
f 1555/1555/1555 1556/1556/1556 1557/1557/1557
f 1553/1553/1553 1552/1552/1552 1554/1554/1554
f 1551/1551/1551 1552/1552/1552 1553/1553/1553
f 1549/1549/1549 1548/1548/1548 1550/1550/1550
f 1547/1547/1547 1548/1548/1548 1549/1549/1549
f 1545/1545/1545 1544/1544/1544 1546/1546/1546
f 1543/1543/1543 1544/1544/1544 1545/1545/1545
f 1541/1541/1541 1540/1540/1540 1542/1542/1542
f 1539/1539/1539 1540/1540/1540 1541/1541/1541
f 1537/1537/1537 1536/1536/1536 1538/1538/1538
f 1535/1535/1535 1536/1536/1536 1537/1537/1537
f 1533/1533/1533 1532/1532/1532 1534/1534/1534
f 1531/1531/1531 1532/1532/1532 1533/1533/1533
f 1521/1521/1521 1522/1522/1522 1523/1523/1523
f 1523/1523/1523 1522/1522/1522 1524/1524/1524
f 1522/1522/1522 1525/1525/1525 1524/1524/1524
f 1524/1524/1524 1525/1525/1525 1526/1526/1526
f 1525/1525/1525 1527/1527/1527 1526/1526/1526
f 1526/1526/1526 1527/1527/1527 1528/1528/1528
f 1527/1527/1527 1529/1529/1529 1528/1528/1528
f 1528/1528/1528 1529/1529/1529 1530/1530/1530
f 1529/1529/1529 1495/1495/1495 1530/1530/1530
f 1530/1530/1530 1495/1495/1495 1497/1497/1497
f 1495/1495/1495 1496/1496/1496 1497/1497/1497
f 1497/1497/1497 1496/1496/1496 1498/1498/1498
f 1496/1496/1496 1499/1499/1499 1498/1498/1498
f 1498/1498/1498 1499/1499/1499 1500/1500/1500
f 1499/1499/1499 1501/1501/1501 1500/1500/1500
f 1500/1500/1500 1501/1501/1501 1502/1502/1502
f 1518/1518/1518 1519/1519/1519 1520/1520/1520
f 1517/1517/1517 1519/1519/1519 1518/1518/1518
f 1516/1516/1516 1517/1517/1517 1518/1518/1518
f 1515/1515/1515 1517/1517/1517 1516/1516/1516
f 1514/1514/1514 1515/1515/1515 1516/1516/1516
f 1513/1513/1513 1515/1515/1515 1514/1514/1514
f 1512/1512/1512 1513/1513/1513 1514/1514/1514
f 1511/1511/1511 1513/1513/1513 1512/1512/1512
f 1510/1510/1510 1511/1511/1511 1512/1512/1512
f 1509/1509/1509 1511/1511/1511 1510/1510/1510
f 1508/1508/1508 1509/1509/1509 1510/1510/1510
f 1507/1507/1507 1509/1509/1509 1508/1508/1508
f 1506/1506/1506 1507/1507/1507 1508/1508/1508
f 1504/1504/1504 1507/1507/1507 1506/1506/1506
f 1505/1505/1505 1504/1504/1504 1506/1506/1506
f 1503/1503/1503 1504/1504/1504 1505/1505/1505
f 1493/1493/1493 1492/1492/1492 1494/1494/1494
f 1491/1491/1491 1492/1492/1492 1493/1493/1493
f 1489/1489/1489 1488/1488/1488 1490/1490/1490
f 1487/1487/1487 1488/1488/1488 1489/1489/1489
f 1485/1485/1485 1484/1484/1484 1486/1486/1486
f 1483/1483/1483 1484/1484/1484 1485/1485/1485
f 1481/1481/1481 1480/1480/1480 1482/1482/1482
f 1479/1479/1479 1480/1480/1480 1481/1481/1481
f 1477/1477/1477 1476/1476/1476 1478/1478/1478
f 1475/1475/1475 1476/1476/1476 1477/1477/1477
f 1473/1473/1473 1472/1472/1472 1474/1474/1474
f 1471/1471/1471 1472/1472/1472 1473/1473/1473
f 1469/1469/1469 1468/1468/1468 1470/1470/1470
f 1467/1467/1467 1468/1468/1468 1469/1469/1469
f 1465/1465/1465 1464/1464/1464 1466/1466/1466
f 1463/1463/1463 1464/1464/1464 1465/1465/1465
f 1461/1461/1461 1460/1460/1460 1462/1462/1462
f 1459/1459/1459 1460/1460/1460 1461/1461/1461
f 1457/1457/1457 1456/1456/1456 1458/1458/1458
f 1455/1455/1455 1456/1456/1456 1457/1457/1457
f 1453/1453/1453 1452/1452/1452 1454/1454/1454
f 1451/1451/1451 1452/1452/1452 1453/1453/1453
f 1449/1449/1449 1448/1448/1448 1450/1450/1450
f 1447/1447/1447 1448/1448/1448 1449/1449/1449
f 1445/1445/1445 1444/1444/1444 1446/1446/1446
f 1443/1443/1443 1444/1444/1444 1445/1445/1445
f 1441/1441/1441 1440/1440/1440 1442/1442/1442
f 1439/1439/1439 1440/1440/1440 1441/1441/1441
f 1437/1437/1437 1436/1436/1436 1438/1438/1438
f 1435/1435/1435 1436/1436/1436 1437/1437/1437
f 1433/1433/1433 1432/1432/1432 1434/1434/1434
f 1431/1431/1431 1432/1432/1432 1433/1433/1433
f 1427/1427/1427 1426/1426/1426 1428/1428/1428
f 1425/1425/1425 1426/1426/1426 1427/1427/1427
f 1430/1430/1430 1425/1425/1425 1427/1427/1427
f 1429/1429/1429 1425/1425/1425 1430/1430/1430
f 1398/1398/1398 1429/1429/1429 1430/1430/1430
f 1396/1396/1396 1429/1429/1429 1398/1398/1398
f 1397/1397/1397 1396/1396/1396 1398/1398/1398
f 1395/1395/1395 1396/1396/1396 1397/1397/1397
f 1400/1400/1400 1395/1395/1395 1397/1397/1397
f 1399/1399/1399 1395/1395/1395 1400/1400/1400
f 1402/1402/1402 1399/1399/1399 1400/1400/1400
f 1401/1401/1401 1399/1399/1399 1402/1402/1402
f 1404/1404/1404 1401/1401/1401 1402/1402/1402
f 1403/1403/1403 1401/1401/1401 1404/1404/1404
f 1406/1406/1406 1403/1403/1403 1404/1404/1404
f 1405/1405/1405 1403/1403/1403 1406/1406/1406
f 1423/1423/1423 1421/1421/1421 1424/1424/1424
f 1424/1424/1424 1421/1421/1421 1422/1422/1422
f 1421/1421/1421 1419/1419/1419 1422/1422/1422
f 1422/1422/1422 1419/1419/1419 1420/1420/1420
f 1419/1419/1419 1417/1417/1417 1420/1420/1420
f 1420/1420/1420 1417/1417/1417 1418/1418/1418
f 1417/1417/1417 1415/1415/1415 1418/1418/1418
f 1418/1418/1418 1415/1415/1415 1416/1416/1416
f 1415/1415/1415 1413/1413/1413 1416/1416/1416
f 1416/1416/1416 1413/1413/1413 1414/1414/1414
f 1413/1413/1413 1411/1411/1411 1414/1414/1414
f 1414/1414/1414 1411/1411/1411 1412/1412/1412
f 1411/1411/1411 1407/1407/1407 1412/1412/1412
f 1412/1412/1412 1407/1407/1407 1409/1409/1409
f 1407/1407/1407 1408/1408/1408 1409/1409/1409
f 1409/1409/1409 1408/1408/1408 1410/1410/1410
f 1390/1390/1390 1391/1391/1391 1378/1378/1378
f 1391/1391/1391 1392/1392/1392 1378/1378/1378
f 1392/1392/1392 1393/1393/1393 1378/1378/1378
f 1393/1393/1393 1394/1394/1394 1378/1378/1378
f 1394/1394/1394 1376/1376/1376 1378/1378/1378
f 1376/1376/1376 1377/1377/1377 1378/1378/1378
f 1377/1377/1377 1379/1379/1379 1378/1378/1378
f 1379/1379/1379 1380/1380/1380 1378/1378/1378
f 1388/1388/1388 1389/1389/1389 1378/1378/1378
f 1387/1387/1387 1388/1388/1388 1378/1378/1378
f 1386/1386/1386 1387/1387/1387 1378/1378/1378
f 1385/1385/1385 1386/1386/1386 1378/1378/1378
f 1384/1384/1384 1385/1385/1385 1378/1378/1378
f 1383/1383/1383 1384/1384/1384 1378/1378/1378
f 1382/1382/1382 1383/1383/1383 1378/1378/1378
f 1381/1381/1381 1382/1382/1382 1378/1378/1378
f 1343/1343/1343 1374/1374/1374 1375/1375/1375
f 1341/1341/1341 1374/1374/1374 1343/1343/1343
f 1342/1342/1342 1341/1341/1341 1343/1343/1343
f 1340/1340/1340 1341/1341/1341 1342/1342/1342
f 1345/1345/1345 1340/1340/1340 1342/1342/1342
f 1344/1344/1344 1340/1340/1340 1345/1345/1345
f 1347/1347/1347 1344/1344/1344 1345/1345/1345
f 1346/1346/1346 1344/1344/1344 1347/1347/1347
f 1349/1349/1349 1346/1346/1346 1347/1347/1347
f 1348/1348/1348 1346/1346/1346 1349/1349/1349
f 1351/1351/1351 1348/1348/1348 1349/1349/1349
f 1350/1350/1350 1348/1348/1348 1351/1351/1351
f 1353/1353/1353 1350/1350/1350 1351/1351/1351
f 1352/1352/1352 1350/1350/1350 1353/1353/1353
f 1355/1355/1355 1352/1352/1352 1353/1353/1353
f 1354/1354/1354 1352/1352/1352 1355/1355/1355
f 1372/1372/1372 1370/1370/1370 1373/1373/1373
f 1373/1373/1373 1370/1370/1370 1371/1371/1371
f 1370/1370/1370 1368/1368/1368 1371/1371/1371
f 1371/1371/1371 1368/1368/1368 1369/1369/1369
f 1368/1368/1368 1366/1366/1366 1369/1369/1369
f 1369/1369/1369 1366/1366/1366 1367/1367/1367
f 1366/1366/1366 1364/1364/1364 1367/1367/1367
f 1367/1367/1367 1364/1364/1364 1365/1365/1365
f 1364/1364/1364 1362/1362/1362 1365/1365/1365
f 1365/1365/1365 1362/1362/1362 1363/1363/1363
f 1362/1362/1362 1360/1360/1360 1363/1363/1363
f 1363/1363/1363 1360/1360/1360 1361/1361/1361
f 1360/1360/1360 1356/1356/1356 1361/1361/1361
f 1361/1361/1361 1356/1356/1356 1358/1358/1358
f 1356/1356/1356 1357/1357/1357 1358/1358/1358
f 1358/1358/1358 1357/1357/1357 1359/1359/1359
f 1330/1330/1330 1329/1329/1329 1331/1331/1331
f 1328/1328/1328 1329/1329/1329 1330/1330/1330
f 1333/1333/1333 1328/1328/1328 1330/1330/1330
f 1332/1332/1332 1328/1328/1328 1333/1333/1333
f 1335/1335/1335 1332/1332/1332 1333/1333/1333
f 1334/1334/1334 1332/1332/1332 1335/1335/1335
f 1337/1337/1337 1334/1334/1334 1335/1335/1335
f 1336/1336/1336 1334/1334/1334 1337/1337/1337
f 1339/1339/1339 1336/1336/1336 1337/1337/1337
f 1338/1338/1338 1336/1336/1336 1339/1339/1339
f 1307/1307/1307 1338/1338/1338 1339/1339/1339
f 1305/1305/1305 1338/1338/1338 1307/1307/1307
f 1306/1306/1306 1305/1305/1305 1307/1307/1307
f 1304/1304/1304 1305/1305/1305 1306/1306/1306
f 1309/1309/1309 1304/1304/1304 1306/1306/1306
f 1308/1308/1308 1304/1304/1304 1309/1309/1309
f 1326/1326/1326 1324/1324/1324 1327/1327/1327
f 1327/1327/1327 1324/1324/1324 1325/1325/1325
f 1324/1324/1324 1322/1322/1322 1325/1325/1325
f 1325/1325/1325 1322/1322/1322 1323/1323/1323
f 1322/1322/1322 1320/1320/1320 1323/1323/1323
f 1323/1323/1323 1320/1320/1320 1321/1321/1321
f 1320/1320/1320 1318/1318/1318 1321/1321/1321
f 1321/1321/1321 1318/1318/1318 1319/1319/1319
f 1318/1318/1318 1316/1316/1316 1319/1319/1319
f 1319/1319/1319 1316/1316/1316 1317/1317/1317
f 1316/1316/1316 1314/1314/1314 1317/1317/1317
f 1317/1317/1317 1314/1314/1314 1315/1315/1315
f 1314/1314/1314 1310/1310/1310 1315/1315/1315
f 1315/1315/1315 1310/1310/1310 1312/1312/1312
f 1310/1310/1310 1311/1311/1311 1312/1312/1312
f 1312/1312/1312 1311/1311/1311 1313/1313/1313
f 1300/1300/1300 1299/1299/1299 1301/1301/1301
f 1298/1298/1298 1299/1299/1299 1300/1300/1300
f 1303/1303/1303 1298/1298/1298 1300/1300/1300
f 1302/1302/1302 1298/1298/1298 1303/1303/1303
f 1271/1271/1271 1302/1302/1302 1303/1303/1303
f 1269/1269/1269 1302/1302/1302 1271/1271/1271
f 1270/1270/1270 1269/1269/1269 1271/1271/1271
f 1268/1268/1268 1269/1269/1269 1270/1270/1270
f 1273/1273/1273 1268/1268/1268 1270/1270/1270
f 1272/1272/1272 1268/1268/1268 1273/1273/1273
f 1275/1275/1275 1272/1272/1272 1273/1273/1273
f 1274/1274/1274 1272/1272/1272 1275/1275/1275
f 1277/1277/1277 1274/1274/1274 1275/1275/1275
f 1276/1276/1276 1274/1274/1274 1277/1277/1277
f 1279/1279/1279 1276/1276/1276 1277/1277/1277
f 1278/1278/1278 1276/1276/1276 1279/1279/1279
f 1296/1296/1296 1294/1294/1294 1297/1297/1297
f 1297/1297/1297 1294/1294/1294 1295/1295/1295
f 1294/1294/1294 1292/1292/1292 1295/1295/1295
f 1295/1295/1295 1292/1292/1292 1293/1293/1293
f 1292/1292/1292 1290/1290/1290 1293/1293/1293
f 1293/1293/1293 1290/1290/1290 1291/1291/1291
f 1290/1290/1290 1288/1288/1288 1291/1291/1291
f 1291/1291/1291 1288/1288/1288 1289/1289/1289
f 1288/1288/1288 1286/1286/1286 1289/1289/1289
f 1289/1289/1289 1286/1286/1286 1287/1287/1287
f 1286/1286/1286 1284/1284/1284 1287/1287/1287
f 1287/1287/1287 1284/1284/1284 1285/1285/1285
f 1284/1284/1284 1280/1280/1280 1285/1285/1285
f 1285/1285/1285 1280/1280/1280 1282/1282/1282
f 1280/1280/1280 1281/1281/1281 1282/1282/1282
f 1282/1282/1282 1281/1281/1281 1283/1283/1283
f 1264/1264/1264 1263/1263/1263 1265/1265/1265
f 1262/1262/1262 1263/1263/1263 1264/1264/1264
f 1267/1267/1267 1262/1262/1262 1264/1264/1264
f 1266/1266/1266 1262/1262/1262 1267/1267/1267
f 1235/1235/1235 1266/1266/1266 1267/1267/1267
f 1233/1233/1233 1266/1266/1266 1235/1235/1235
f 1234/1234/1234 1233/1233/1233 1235/1235/1235
f 1232/1232/1232 1233/1233/1233 1234/1234/1234
f 1237/1237/1237 1232/1232/1232 1234/1234/1234
f 1236/1236/1236 1232/1232/1232 1237/1237/1237
f 1239/1239/1239 1236/1236/1236 1237/1237/1237
f 1238/1238/1238 1236/1236/1236 1239/1239/1239
f 1241/1241/1241 1238/1238/1238 1239/1239/1239
f 1240/1240/1240 1238/1238/1238 1241/1241/1241
f 1243/1243/1243 1240/1240/1240 1241/1241/1241
f 1242/1242/1242 1240/1240/1240 1243/1243/1243
f 1260/1260/1260 1258/1258/1258 1261/1261/1261
f 1261/1261/1261 1258/1258/1258 1259/1259/1259
f 1258/1258/1258 1256/1256/1256 1259/1259/1259
f 1259/1259/1259 1256/1256/1256 1257/1257/1257
f 1256/1256/1256 1254/1254/1254 1257/1257/1257
f 1257/1257/1257 1254/1254/1254 1255/1255/1255
f 1254/1254/1254 1252/1252/1252 1255/1255/1255
f 1255/1255/1255 1252/1252/1252 1253/1253/1253
f 1252/1252/1252 1250/1250/1250 1253/1253/1253
f 1253/1253/1253 1250/1250/1250 1251/1251/1251
f 1250/1250/1250 1248/1248/1248 1251/1251/1251
f 1251/1251/1251 1248/1248/1248 1249/1249/1249
f 1248/1248/1248 1244/1244/1244 1249/1249/1249
f 1249/1249/1249 1244/1244/1244 1246/1246/1246
f 1244/1244/1244 1245/1245/1245 1246/1246/1246
f 1246/1246/1246 1245/1245/1245 1247/1247/1247
f 1227/1227/1227 1228/1228/1228 1215/1215/1215
f 1228/1228/1228 1229/1229/1229 1215/1215/1215
f 1229/1229/1229 1230/1230/1230 1215/1215/1215
f 1230/1230/1230 1231/1231/1231 1215/1215/1215
f 1231/1231/1231 1213/1213/1213 1215/1215/1215
f 1213/1213/1213 1214/1214/1214 1215/1215/1215
f 1214/1214/1214 1216/1216/1216 1215/1215/1215
f 1216/1216/1216 1217/1217/1217 1215/1215/1215
f 1225/1225/1225 1226/1226/1226 1215/1215/1215
f 1224/1224/1224 1225/1225/1225 1215/1215/1215
f 1223/1223/1223 1224/1224/1224 1215/1215/1215
f 1222/1222/1222 1223/1223/1223 1215/1215/1215
f 1221/1221/1221 1222/1222/1222 1215/1215/1215
f 1220/1220/1220 1221/1221/1221 1215/1215/1215
f 1219/1219/1219 1220/1220/1220 1215/1215/1215
f 1218/1218/1218 1219/1219/1219 1215/1215/1215
f 1211/1211/1211 1210/1210/1210 1212/1212/1212
f 1209/1209/1209 1210/1210/1210 1211/1211/1211
f 1207/1207/1207 1206/1206/1206 1208/1208/1208
f 1205/1205/1205 1206/1206/1206 1207/1207/1207
f 1203/1203/1203 1202/1202/1202 1204/1204/1204
f 1201/1201/1201 1202/1202/1202 1203/1203/1203
f 1199/1199/1199 1198/1198/1198 1200/1200/1200
f 1197/1197/1197 1198/1198/1198 1199/1199/1199
f 1195/1195/1195 1196/1196/1196 1183/1183/1183
f 1183/1183/1183 1196/1196/1196 1184/1184/1184
f 1183/1183/1183 1184/1184/1184 1185/1185/1185
f 1185/1185/1185 1184/1184/1184 1186/1186/1186
f 1193/1193/1193 1181/1181/1181 1194/1194/1194
f 1194/1194/1194 1181/1181/1181 1182/1182/1182
f 1181/1181/1181 1180/1180/1180 1182/1182/1182
f 1179/1179/1179 1180/1180/1180 1181/1181/1181
f 1191/1191/1191 1189/1189/1189 1192/1192/1192
f 1192/1192/1192 1189/1189/1189 1190/1190/1190
f 1189/1189/1189 1188/1188/1188 1190/1190/1190
f 1187/1187/1187 1188/1188/1188 1189/1189/1189
f 1168/1168/1168 1177/1177/1177 1178/1178/1178
f 1166/1166/1166 1177/1177/1177 1168/1168/1168
f 1167/1167/1167 1166/1166/1166 1168/1168/1168
f 1165/1165/1165 1166/1166/1166 1167/1167/1167
f 1175/1175/1175 1176/1176/1176 1163/1163/1163
f 1163/1163/1163 1176/1176/1176 1161/1161/1161
f 1161/1161/1161 1162/1162/1162 1163/1163/1163
f 1163/1163/1163 1162/1162/1162 1164/1164/1164
f 1173/1173/1173 1174/1174/1174 1171/1171/1171
f 1171/1171/1171 1174/1174/1174 1169/1169/1169
f 1169/1169/1169 1170/1170/1170 1171/1171/1171
f 1171/1171/1171 1170/1170/1170 1172/1172/1172
f 1159/1159/1159 1158/1158/1158 1160/1160/1160
f 1157/1157/1157 1158/1158/1158 1159/1159/1159
f 1155/1155/1155 1154/1154/1154 1156/1156/1156
f 1153/1153/1153 1154/1154/1154 1155/1155/1155
f 1151/1151/1151 1150/1150/1150 1152/1152/1152
f 1149/1149/1149 1150/1150/1150 1151/1151/1151
f 1147/1147/1147 1146/1146/1146 1148/1148/1148
f 1145/1145/1145 1146/1146/1146 1147/1147/1147
f 1143/1143/1143 1144/1144/1144 1131/1131/1131
f 1131/1131/1131 1144/1144/1144 1132/1132/1132
f 1131/1131/1131 1132/1132/1132 1133/1133/1133
f 1133/1133/1133 1132/1132/1132 1134/1134/1134
f 1141/1141/1141 1129/1129/1129 1142/1142/1142
f 1142/1142/1142 1129/1129/1129 1130/1130/1130
f 1129/1129/1129 1128/1128/1128 1130/1130/1130
f 1127/1127/1127 1128/1128/1128 1129/1129/1129
f 1139/1139/1139 1137/1137/1137 1140/1140/1140
f 1140/1140/1140 1137/1137/1137 1138/1138/1138
f 1137/1137/1137 1136/1136/1136 1138/1138/1138
f 1135/1135/1135 1136/1136/1136 1137/1137/1137
f 1116/1116/1116 1125/1125/1125 1126/1126/1126
f 1114/1114/1114 1125/1125/1125 1116/1116/1116
f 1115/1115/1115 1114/1114/1114 1116/1116/1116
f 1113/1113/1113 1114/1114/1114 1115/1115/1115
f 1123/1123/1123 1124/1124/1124 1111/1111/1111
f 1111/1111/1111 1124/1124/1124 1109/1109/1109
f 1109/1109/1109 1110/1110/1110 1111/1111/1111
f 1111/1111/1111 1110/1110/1110 1112/1112/1112
f 1121/1121/1121 1122/1122/1122 1119/1119/1119
f 1119/1119/1119 1122/1122/1122 1117/1117/1117
f 1117/1117/1117 1118/1118/1118 1119/1119/1119
f 1119/1119/1119 1118/1118/1118 1120/1120/1120
f 1107/1107/1107 1106/1106/1106 1108/1108/1108
f 1105/1105/1105 1106/1106/1106 1107/1107/1107
f 1103/1103/1103 1102/1102/1102 1104/1104/1104
f 1101/1101/1101 1102/1102/1102 1103/1103/1103
f 1099/1099/1099 1098/1098/1098 1100/1100/1100
f 1097/1097/1097 1098/1098/1098 1099/1099/1099
f 1095/1095/1095 1094/1094/1094 1096/1096/1096
f 1093/1093/1093 1094/1094/1094 1095/1095/1095
f 1091/1091/1091 1092/1092/1092 1079/1079/1079
f 1079/1079/1079 1092/1092/1092 1080/1080/1080
f 1079/1079/1079 1080/1080/1080 1081/1081/1081
f 1081/1081/1081 1080/1080/1080 1082/1082/1082
f 1089/1089/1089 1077/1077/1077 1090/1090/1090
f 1090/1090/1090 1077/1077/1077 1078/1078/1078
f 1077/1077/1077 1076/1076/1076 1078/1078/1078
f 1075/1075/1075 1076/1076/1076 1077/1077/1077
f 1087/1087/1087 1085/1085/1085 1088/1088/1088
f 1088/1088/1088 1085/1085/1085 1086/1086/1086
f 1085/1085/1085 1084/1084/1084 1086/1086/1086
f 1083/1083/1083 1084/1084/1084 1085/1085/1085
f 1064/1064/1064 1073/1073/1073 1074/1074/1074
f 1062/1062/1062 1073/1073/1073 1064/1064/1064
f 1063/1063/1063 1062/1062/1062 1064/1064/1064
f 1061/1061/1061 1062/1062/1062 1063/1063/1063
f 1071/1071/1071 1072/1072/1072 1059/1059/1059
f 1059/1059/1059 1072/1072/1072 1057/1057/1057
f 1057/1057/1057 1058/1058/1058 1059/1059/1059
f 1059/1059/1059 1058/1058/1058 1060/1060/1060
f 1069/1069/1069 1070/1070/1070 1067/1067/1067
f 1067/1067/1067 1070/1070/1070 1065/1065/1065
f 1065/1065/1065 1066/1066/1066 1067/1067/1067
f 1067/1067/1067 1066/1066/1066 1068/1068/1068
f 1055/1055/1055 1054/1054/1054 1056/1056/1056
f 1053/1053/1053 1054/1054/1054 1055/1055/1055
f 1051/1051/1051 1050/1050/1050 1052/1052/1052
f 1049/1049/1049 1050/1050/1050 1051/1051/1051
f 1047/1047/1047 1046/1046/1046 1048/1048/1048
f 1045/1045/1045 1046/1046/1046 1047/1047/1047
f 1043/1043/1043 1042/1042/1042 1044/1044/1044
f 1041/1041/1041 1042/1042/1042 1043/1043/1043
f 1039/1039/1039 1040/1040/1040 1027/1027/1027
f 1027/1027/1027 1040/1040/1040 1028/1028/1028
f 1027/1027/1027 1028/1028/1028 1029/1029/1029
f 1029/1029/1029 1028/1028/1028 1030/1030/1030
f 1037/1037/1037 1025/1025/1025 1038/1038/1038
f 1038/1038/1038 1025/1025/1025 1026/1026/1026
f 1025/1025/1025 1024/1024/1024 1026/1026/1026
f 1023/1023/1023 1024/1024/1024 1025/1025/1025
f 1035/1035/1035 1033/1033/1033 1036/1036/1036
f 1036/1036/1036 1033/1033/1033 1034/1034/1034
f 1033/1033/1033 1032/1032/1032 1034/1034/1034
f 1031/1031/1031 1032/1032/1032 1033/1033/1033
f 1012/1012/1012 1021/1021/1021 1022/1022/1022
f 1010/1010/1010 1021/1021/1021 1012/1012/1012
f 1011/1011/1011 1010/1010/1010 1012/1012/1012
f 1009/1009/1009 1010/1010/1010 1011/1011/1011
f 1019/1019/1019 1020/1020/1020 1007/1007/1007
f 1007/1007/1007 1020/1020/1020 1005/1005/1005
f 1005/1005/1005 1006/1006/1006 1007/1007/1007
f 1007/1007/1007 1006/1006/1006 1008/1008/1008
f 1017/1017/1017 1018/1018/1018 1015/1015/1015
f 1015/1015/1015 1018/1018/1018 1013/1013/1013
f 1013/1013/1013 1014/1014/1014 1015/1015/1015
f 1015/1015/1015 1014/1014/1014 1016/1016/1016
f 1000/1000/1000 977/977/977 1001/1001/1001
f 976/976/976 977/977/977 1000/1000/1000
f 976/976/976 975/975/975 977/977/977
f 974/974/974 975/975/975 976/976/976
f 974/974/974 987/987/987 975/975/975
f 986/986/986 987/987/987 974/974/974
f 986/986/986 994/994/994 987/987/987
f 1002/1002/1002 976/976/976 1000/1000/1000
f 979/979/979 976/976/976 1002/1002/1002
f 979/979/979 974/974/974 976/976/976
f 978/978/978 974/974/974 979/979/979
f 978/978/978 986/986/986 974/974/974
f 988/988/988 986/986/986 978/978/978
f 988/988/988 993/993/993 986/986/986
f 993/993/993 994/994/994 986/986/986
f 993/993/993 969/969/969 994/994/994
f 967/967/967 969/969/969 993/993/993
f 967/967/967 968/968/968 969/969/969
f 1003/1003/1003 979/979/979 1002/1002/1002
f 981/981/981 979/979/979 1003/1003/1003
f 981/981/981 978/978/978 979/979/979
f 980/980/980 978/978/978 981/981/981
f 980/980/980 988/988/988 978/978/978
f 989/989/989 988/988/988 980/980/980
f 989/989/989 995/995/995 988/988/988
f 995/995/995 993/993/993 988/988/988
f 995/995/995 967/967/967 993/993/993
f 965/965/965 967/967/967 995/995/995
f 965/965/965 966/966/966 967/967/967
f 966/966/966 968/968/968 967/967/967
f 1004/1004/1004 981/981/981 1003/1003/1003
f 983/983/983 981/981/981 1004/1004/1004
f 982/982/982 981/981/981 983/983/983
f 980/980/980 981/981/981 982/982/982
f 990/990/990 980/980/980 982/982/982
f 989/989/989 980/980/980 990/990/990
f 990/990/990 997/997/997 989/989/989
f 989/989/989 997/997/997 996/996/996
f 996/996/996 995/995/995 989/989/989
f 996/996/996 965/965/965 995/995/995
f 999/999/999 983/983/983 1004/1004/1004
f 971/971/971 983/983/983 999/999/999
f 970/970/970 983/983/983 971/971/971
f 982/982/982 983/983/983 970/970/970
f 984/984/984 982/982/982 970/970/970
f 990/990/990 982/982/982 984/984/984
f 991/991/991 990/990/990 984/984/984
f 997/997/997 990/990/990 991/991/991
f 959/959/959 997/997/997 991/991/991
f 961/961/961 997/997/997 959/959/959
f 961/961/961 996/996/996 997/997/997
f 998/998/998 971/971/971 999/999/999
f 973/973/973 971/971/971 998/998/998
f 972/972/972 971/971/971 973/973/973
f 970/970/970 971/971/971 972/972/972
f 985/985/985 970/970/970 972/972/972
f 984/984/984 970/970/970 985/985/985
f 992/992/992 984/984/984 985/985/985
f 991/991/991 984/984/984 992/992/992
f 958/958/958 991/991/991 992/992/992
f 959/959/959 991/991/991 958/958/958
f 958/958/958 957/957/957 959/959/959
f 957/957/957 960/960/960 959/959/959
f 959/959/959 960/960/960 961/961/961
f 960/960/960 962/962/962 961/961/961
f 961/961/961 962/962/962 963/963/963
f 963/963/963 996/996/996 961/961/961
f 963/963/963 965/965/965 996/996/996
f 956/956/956 957/957/957 958/958/958
f 962/962/962 964/964/964 963/963/963
f 963/963/963 964/964/964 965/965/965
f 964/964/964 966/966/966 965/965/965
f 954/954/954 953/953/953 955/955/955
f 952/952/952 953/953/953 954/954/954
f 950/950/950 949/949/949 951/951/951
f 948/948/948 949/949/949 950/950/950
f 946/946/946 945/945/945 947/947/947
f 944/944/944 945/945/945 946/946/946
f 942/942/942 941/941/941 943/943/943
f 940/940/940 941/941/941 942/942/942
f 938/938/938 939/939/939 926/926/926
f 926/926/926 939/939/939 927/927/927
f 926/926/926 927/927/927 928/928/928
f 928/928/928 927/927/927 929/929/929
f 936/936/936 924/924/924 937/937/937
f 937/937/937 924/924/924 925/925/925
f 924/924/924 923/923/923 925/925/925
f 922/922/922 923/923/923 924/924/924
f 934/934/934 932/932/932 935/935/935
f 935/935/935 932/932/932 933/933/933
f 932/932/932 931/931/931 933/933/933
f 930/930/930 931/931/931 932/932/932
f 911/911/911 920/920/920 921/921/921
f 909/909/909 920/920/920 911/911/911
f 910/910/910 909/909/909 911/911/911
f 908/908/908 909/909/909 910/910/910
f 918/918/918 919/919/919 906/906/906
f 906/906/906 919/919/919 904/904/904
f 904/904/904 905/905/905 906/906/906
f 906/906/906 905/905/905 907/907/907
f 916/916/916 917/917/917 914/914/914
f 914/914/914 917/917/917 912/912/912
f 912/912/912 913/913/913 914/914/914
f 914/914/914 913/913/913 915/915/915
f 903/903/903 902/902/902 820/820/820
f 902/902/902 901/901/901 820/820/820
f 901/901/901 900/900/900 820/820/820
f 900/900/900 899/899/899 820/820/820
f 898/898/898 820/820/820 899/899/899
f 897/897/897 820/820/820 898/898/898
f 820/820/820 893/893/893 894/894/894
f 820/820/820 894/894/894 895/895/895
f 820/820/820 895/895/895 896/896/896
f 820/820/820 896/896/896 892/892/892
f 891/891/891 820/820/820 892/892/892
f 890/890/890 820/820/820 891/891/891
f 885/885/885 820/820/820 886/886/886
f 820/820/820 889/889/889 886/886/886
f 820/820/820 888/888/888 889/889/889
f 820/820/820 887/887/887 888/888/888
f 820/820/820 884/884/884 887/887/887
f 883/883/883 884/884/884 820/820/820
f 878/878/878 879/879/879 880/880/880
f 877/877/877 879/879/879 878/878/878
f 876/876/876 877/877/877 878/878/878
f 875/875/875 877/877/877 876/876/876
f 874/874/874 875/875/875 876/876/876
f 873/873/873 875/875/875 874/874/874
f 872/872/872 873/873/873 874/874/874
f 871/871/871 873/873/873 872/872/872
f 870/870/870 871/871/871 872/872/872
f 868/868/868 871/871/871 870/870/870
f 869/869/869 868/868/868 870/870/870
f 867/867/867 868/868/868 869/869/869
f 864/864/864 865/865/865 866/866/866
f 863/863/863 865/865/865 864/864/864
f 862/862/862 863/863/863 864/864/864
f 861/861/861 863/863/863 862/862/862
f 860/860/860 861/861/861 862/862/862
f 859/859/859 861/861/861 860/860/860
f 858/858/858 859/859/859 860/860/860
f 857/857/857 859/859/859 858/858/858
f 856/856/856 857/857/857 858/858/858
f 854/854/854 857/857/857 856/856/856
f 855/855/855 854/854/854 856/856/856
f 853/853/853 854/854/854 855/855/855
f 850/850/850 851/851/851 852/852/852
f 849/849/849 851/851/851 850/850/850
f 848/848/848 849/849/849 850/850/850
f 847/847/847 849/849/849 848/848/848
f 846/846/846 847/847/847 848/848/848
f 845/845/845 847/847/847 846/846/846
f 844/844/844 845/845/845 846/846/846
f 842/842/842 845/845/845 844/844/844
f 843/843/843 842/842/842 844/844/844
f 841/841/841 842/842/842 843/843/843
f 841/841/841 843/843/843 839/839/839
f 839/839/839 843/843/843 840/840/840
f 838/838/838 839/839/839 840/840/840
f 821/821/821 820/820/820 822/822/822
f 820/820/820 825/825/825 822/822/822
f 820/820/820 824/824/824 825/825/825
f 820/820/820 823/823/823 824/824/824
f 820/820/820 819/819/819 823/823/823
f 818/818/818 819/819/819 820/820/820
f 817/817/817 816/816/816 811/811/811
f 811/811/811 816/816/816 809/809/809
f 811/811/811 809/809/809 812/812/812
f 812/812/812 809/809/809 810/810/810
f 812/812/812 810/810/810 675/675/675
f 675/675/675 810/810/810 673/673/673
f 675/675/675 673/673/673 676/676/676
f 676/676/676 673/673/673 674/674/674
f 816/816/816 815/815/815 809/809/809
f 809/809/809 815/815/815 807/807/807
f 809/809/809 807/807/807 810/810/810
f 810/810/810 807/807/807 808/808/808
f 810/810/810 808/808/808 673/673/673
f 673/673/673 808/808/808 671/671/671
f 673/673/673 671/671/671 674/674/674
f 674/674/674 671/671/671 672/672/672
f 671/671/671 667/667/667 672/672/672
f 672/672/672 667/667/667 669/669/669
f 815/815/815 813/813/813 807/807/807
f 807/807/807 813/813/813 803/803/803
f 807/807/807 803/803/803 808/808/808
f 808/808/808 803/803/803 805/805/805
f 808/808/808 805/805/805 671/671/671
f 671/671/671 805/805/805 667/667/667
f 805/805/805 806/806/806 667/667/667
f 667/667/667 806/806/806 668/668/668
f 667/667/667 668/668/668 669/669/669
f 669/669/669 668/668/668 670/670/670
f 813/813/813 814/814/814 803/803/803
f 803/803/803 814/814/814 804/804/804
f 803/803/803 804/804/804 805/805/805
f 805/805/805 804/804/804 806/806/806
f 801/801/801 799/799/799 802/802/802
f 802/802/802 799/799/799 800/800/800
f 799/799/799 797/797/797 800/800/800
f 800/800/800 797/797/797 798/798/798
f 797/797/797 795/795/795 798/798/798
f 798/798/798 795/795/795 796/796/796
f 795/795/795 793/793/793 796/796/796
f 796/796/796 793/793/793 794/794/794
f 793/793/793 791/791/791 794/794/794
f 794/794/794 791/791/791 792/792/792
f 791/791/791 789/789/789 792/792/792
f 792/792/792 789/789/789 790/790/790
f 789/789/789 785/785/785 790/790/790
f 790/790/790 785/785/785 787/787/787
f 785/785/785 786/786/786 787/787/787
f 787/787/787 786/786/786 788/788/788
f 783/783/783 781/781/781 784/784/784
f 784/784/784 781/781/781 782/782/782
f 781/781/781 779/779/779 782/782/782
f 782/782/782 779/779/779 780/780/780
f 779/779/779 777/777/777 780/780/780
f 780/780/780 777/777/777 778/778/778
f 777/777/777 775/775/775 778/778/778
f 778/778/778 775/775/775 776/776/776
f 775/775/775 773/773/773 776/776/776
f 776/776/776 773/773/773 774/774/774
f 773/773/773 771/771/771 774/774/774
f 774/774/774 771/771/771 772/772/772
f 771/771/771 767/767/767 772/772/772
f 772/772/772 767/767/767 769/769/769
f 767/767/767 768/768/768 769/769/769
f 769/769/769 768/768/768 770/770/770
f 762/762/762 765/765/765 766/766/766
f 761/761/761 765/765/765 762/762/762
f 758/758/758 761/761/761 762/762/762
f 757/757/757 761/761/761 758/758/758
f 754/754/754 757/757/757 758/758/758
f 753/753/753 757/757/757 754/754/754
f 750/750/750 753/753/753 754/754/754
f 749/749/749 753/753/753 750/750/750
f 746/746/746 749/749/749 750/750/750
f 745/745/745 749/749/749 746/746/746
f 742/742/742 745/745/745 746/746/746
f 741/741/741 745/745/745 742/742/742
f 738/738/738 741/741/741 742/742/742
f 736/736/736 741/741/741 738/738/738
f 737/737/737 736/736/736 738/738/738
f 735/735/735 736/736/736 737/737/737
f 763/763/763 759/759/759 764/764/764
f 764/764/764 759/759/759 760/760/760
f 759/759/759 755/755/755 760/760/760
f 760/760/760 755/755/755 756/756/756
f 755/755/755 751/751/751 756/756/756
f 756/756/756 751/751/751 752/752/752
f 751/751/751 747/747/747 752/752/752
f 752/752/752 747/747/747 748/748/748
f 747/747/747 743/743/743 748/748/748
f 748/748/748 743/743/743 744/744/744
f 743/743/743 739/739/739 744/744/744
f 744/744/744 739/739/739 740/740/740
f 739/739/739 731/731/731 740/740/740
f 740/740/740 731/731/731 733/733/733
f 731/731/731 732/732/732 733/733/733
f 733/733/733 732/732/732 734/734/734
f 729/729/729 727/727/727 730/730/730
f 730/730/730 727/727/727 728/728/728
f 727/727/727 725/725/725 728/728/728
f 728/728/728 725/725/725 726/726/726
f 725/725/725 723/723/723 726/726/726
f 726/726/726 723/723/723 724/724/724
f 723/723/723 721/721/721 724/724/724
f 724/724/724 721/721/721 722/722/722
f 721/721/721 719/719/719 722/722/722
f 722/722/722 719/719/719 720/720/720
f 719/719/719 717/717/717 720/720/720
f 720/720/720 717/717/717 718/718/718
f 717/717/717 713/713/713 718/718/718
f 718/718/718 713/713/713 715/715/715
f 713/713/713 714/714/714 715/715/715
f 715/715/715 714/714/714 716/716/716
f 705/705/705 706/706/706 707/707/707
f 707/707/707 706/706/706 708/708/708
f 706/706/706 709/709/709 708/708/708
f 708/708/708 709/709/709 710/710/710
f 709/709/709 711/711/711 710/710/710
f 710/710/710 711/711/711 712/712/712
f 711/711/711 695/695/695 712/712/712
f 712/712/712 695/695/695 697/697/697
f 695/695/695 696/696/696 697/697/697
f 697/697/697 696/696/696 698/698/698
f 696/696/696 699/699/699 698/698/698
f 698/698/698 699/699/699 700/700/700
f 699/699/699 701/701/701 700/700/700
f 700/700/700 701/701/701 702/702/702
f 701/701/701 703/703/703 702/702/702
f 702/702/702 703/703/703 704/704/704
f 693/693/693 691/691/691 694/694/694
f 694/694/694 691/691/691 692/692/692
f 691/691/691 689/689/689 692/692/692
f 692/692/692 689/689/689 690/690/690
f 689/689/689 687/687/687 690/690/690
f 690/690/690 687/687/687 688/688/688
f 687/687/687 685/685/685 688/688/688
f 688/688/688 685/685/685 686/686/686
f 685/685/685 683/683/683 686/686/686
f 686/686/686 683/683/683 684/684/684
f 683/683/683 681/681/681 684/684/684
f 684/684/684 681/681/681 682/682/682
f 681/681/681 677/677/677 682/682/682
f 682/682/682 677/677/677 679/679/679
f 677/677/677 678/678/678 679/679/679
f 679/679/679 678/678/678 680/680/680
f 659/659/659 658/658/658 660/660/660
f 657/657/657 658/658/658 659/659/659
f 657/657/657 627/627/627 658/658/658
f 626/626/626 627/627/627 657/657/657
f 626/626/626 625/625/625 627/627/627
f 624/624/624 625/625/625 626/626/626
f 624/624/624 653/653/653 625/625/625
f 652/652/652 653/653/653 624/624/624
f 662/662/662 657/657/657 659/659/659
f 661/661/661 657/657/657 662/662/662
f 661/661/661 626/626/626 657/657/657
f 629/629/629 626/626/626 661/661/661
f 629/629/629 624/624/624 626/626/626
f 628/628/628 624/624/624 629/629/629
f 628/628/628 652/652/652 624/624/624
f 654/654/654 652/652/652 628/628/628
f 630/630/630 654/654/654 628/628/628
f 655/655/655 654/654/654 630/630/630
f 664/664/664 661/661/661 662/662/662
f 663/663/663 661/661/661 664/664/664
f 663/663/663 629/629/629 661/661/661
f 631/631/631 629/629/629 663/663/663
f 631/631/631 628/628/628 629/629/629
f 630/630/630 628/628/628 631/631/631
f 633/633/633 630/630/630 631/631/631
f 632/632/632 630/630/630 633/633/633
f 632/632/632 655/655/655 630/630/630
f 656/656/656 655/655/655 632/632/632
f 666/666/666 663/663/663 664/664/664
f 665/665/665 663/663/663 666/666/666
f 665/665/665 631/631/631 663/663/663
f 633/633/633 631/631/631 665/665/665
f 650/650/650 648/648/648 651/651/651
f 651/651/651 648/648/648 649/649/649
f 648/648/648 646/646/646 649/649/649
f 649/649/649 646/646/646 647/647/647
f 646/646/646 644/644/644 647/647/647
f 647/647/647 644/644/644 645/645/645
f 644/644/644 642/642/642 645/645/645
f 645/645/645 642/642/642 643/643/643
f 642/642/642 640/640/640 643/643/643
f 643/643/643 640/640/640 641/641/641
f 640/640/640 638/638/638 641/641/641
f 641/641/641 638/638/638 639/639/639
f 638/638/638 634/634/634 639/639/639
f 639/639/639 634/634/634 636/636/636
f 634/634/634 635/635/635 636/636/636
f 636/636/636 635/635/635 637/637/637
f 609/609/609 610/610/610 611/611/611
f 611/611/611 610/610/610 612/612/612
f 610/610/610 613/613/613 612/612/612
f 612/612/612 613/613/613 614/614/614
f 613/613/613 615/615/615 614/614/614
f 614/614/614 615/615/615 616/616/616
f 615/615/615 599/599/599 616/616/616
f 616/616/616 599/599/599 601/601/601
f 599/599/599 600/600/600 601/601/601
f 601/601/601 600/600/600 602/602/602
f 600/600/600 603/603/603 602/602/602
f 602/602/602 603/603/603 604/604/604
f 603/603/603 605/605/605 604/604/604
f 604/604/604 605/605/605 606/606/606
f 605/605/605 607/607/607 606/606/606
f 606/606/606 607/607/607 608/608/608
f 598/598/598 597/597/597 593/593/593
f 593/593/593 597/597/597 591/591/591
f 593/593/593 591/591/591 594/594/594
f 594/594/594 591/591/591 592/592/592
f 594/594/594 592/592/592 457/457/457
f 457/457/457 592/592/592 455/455/455
f 457/457/457 455/455/455 458/458/458
f 458/458/458 455/455/455 456/456/456
f 597/597/597 596/596/596 591/591/591
f 591/591/591 596/596/596 589/589/589
f 591/591/591 589/589/589 592/592/592
f 592/592/592 589/589/589 590/590/590
f 592/592/592 590/590/590 455/455/455
f 455/455/455 590/590/590 453/453/453
f 455/455/455 453/453/453 456/456/456
f 456/456/456 453/453/453 454/454/454
f 453/453/453 449/449/449 454/454/454
f 454/454/454 449/449/449 451/451/451
f 596/596/596 595/595/595 589/589/589
f 589/589/589 595/595/595 585/585/585
f 589/589/589 585/585/585 590/590/590
f 590/590/590 585/585/585 587/587/587
f 590/590/590 587/587/587 453/453/453
f 453/453/453 587/587/587 449/449/449
f 587/587/587 588/588/588 449/449/449
f 449/449/449 588/588/588 450/450/450
f 449/449/449 450/450/450 451/451/451
f 451/451/451 450/450/450 452/452/452
f 595/595/595 438/438/438 585/585/585
f 585/585/585 438/438/438 586/586/586
f 585/585/585 586/586/586 587/587/587
f 587/587/587 586/586/586 588/588/588
f 583/583/583 581/581/581 584/584/584
f 584/584/584 581/581/581 582/582/582
f 581/581/581 579/579/579 582/582/582
f 582/582/582 579/579/579 580/580/580
f 579/579/579 577/577/577 580/580/580
f 580/580/580 577/577/577 578/578/578
f 577/577/577 575/575/575 578/578/578
f 578/578/578 575/575/575 576/576/576
f 575/575/575 573/573/573 576/576/576
f 576/576/576 573/573/573 574/574/574
f 573/573/573 571/571/571 574/574/574
f 574/574/574 571/571/571 572/572/572
f 571/571/571 567/567/567 572/572/572
f 572/572/572 567/567/567 569/569/569
f 567/567/567 568/568/568 569/569/569
f 569/569/569 568/568/568 570/570/570
f 565/565/565 563/563/563 566/566/566
f 566/566/566 563/563/563 564/564/564
f 563/563/563 561/561/561 564/564/564
f 564/564/564 561/561/561 562/562/562
f 561/561/561 559/559/559 562/562/562
f 562/562/562 559/559/559 560/560/560
f 559/559/559 557/557/557 560/560/560
f 560/560/560 557/557/557 558/558/558
f 557/557/557 555/555/555 558/558/558
f 558/558/558 555/555/555 556/556/556
f 555/555/555 553/553/553 556/556/556
f 556/556/556 553/553/553 554/554/554
f 553/553/553 549/549/549 554/554/554
f 554/554/554 549/549/549 551/551/551
f 549/549/549 550/550/550 551/551/551
f 551/551/551 550/550/550 552/552/552
f 544/544/544 547/547/547 548/548/548
f 543/543/543 547/547/547 544/544/544
f 540/540/540 543/543/543 544/544/544
f 539/539/539 543/543/543 540/540/540
f 536/536/536 539/539/539 540/540/540
f 535/535/535 539/539/539 536/536/536
f 532/532/532 535/535/535 536/536/536
f 531/531/531 535/535/535 532/532/532
f 528/528/528 531/531/531 532/532/532
f 527/527/527 531/531/531 528/528/528
f 524/524/524 527/527/527 528/528/528
f 523/523/523 527/527/527 524/524/524
f 520/520/520 523/523/523 524/524/524
f 518/518/518 523/523/523 520/520/520
f 519/519/519 518/518/518 520/520/520
f 517/517/517 518/518/518 519/519/519
f 545/545/545 541/541/541 546/546/546
f 546/546/546 541/541/541 542/542/542
f 541/541/541 537/537/537 542/542/542
f 542/542/542 537/537/537 538/538/538
f 537/537/537 533/533/533 538/538/538
f 538/538/538 533/533/533 534/534/534
f 533/533/533 529/529/529 534/534/534
f 534/534/534 529/529/529 530/530/530
f 529/529/529 525/525/525 530/530/530
f 530/530/530 525/525/525 526/526/526
f 525/525/525 521/521/521 526/526/526
f 526/526/526 521/521/521 522/522/522
f 521/521/521 513/513/513 522/522/522
f 522/522/522 513/513/513 515/515/515
f 513/513/513 514/514/514 515/515/515
f 515/515/515 514/514/514 516/516/516
f 511/511/511 509/509/509 512/512/512
f 512/512/512 509/509/509 510/510/510
f 509/509/509 507/507/507 510/510/510
f 510/510/510 507/507/507 508/508/508
f 507/507/507 505/505/505 508/508/508
f 508/508/508 505/505/505 506/506/506
f 505/505/505 503/503/503 506/506/506
f 506/506/506 503/503/503 504/504/504
f 503/503/503 501/501/501 504/504/504
f 504/504/504 501/501/501 502/502/502
f 501/501/501 499/499/499 502/502/502
f 502/502/502 499/499/499 500/500/500
f 499/499/499 495/495/495 500/500/500
f 500/500/500 495/495/495 497/497/497
f 495/495/495 496/496/496 497/497/497
f 497/497/497 496/496/496 498/498/498
f 487/487/487 488/488/488 489/489/489
f 489/489/489 488/488/488 490/490/490
f 488/488/488 491/491/491 490/490/490
f 490/490/490 491/491/491 492/492/492
f 491/491/491 493/493/493 492/492/492
f 492/492/492 493/493/493 494/494/494
f 493/493/493 477/477/477 494/494/494
f 494/494/494 477/477/477 479/479/479
f 477/477/477 478/478/478 479/479/479
f 479/479/479 478/478/478 480/480/480
f 478/478/478 481/481/481 480/480/480
f 480/480/480 481/481/481 482/482/482
f 481/481/481 483/483/483 482/482/482
f 482/482/482 483/483/483 484/484/484
f 483/483/483 485/485/485 484/484/484
f 484/484/484 485/485/485 486/486/486
f 475/475/475 473/473/473 476/476/476
f 476/476/476 473/473/473 474/474/474
f 473/473/473 471/471/471 474/474/474
f 474/474/474 471/471/471 472/472/472
f 471/471/471 469/469/469 472/472/472
f 472/472/472 469/469/469 470/470/470
f 469/469/469 467/467/467 470/470/470
f 470/470/470 467/467/467 468/468/468
f 467/467/467 465/465/465 468/468/468
f 468/468/468 465/465/465 466/466/466
f 465/465/465 463/463/463 466/466/466
f 466/466/466 463/463/463 464/464/464
f 463/463/463 459/459/459 464/464/464
f 464/464/464 459/459/459 461/461/461
f 459/459/459 460/460/460 461/461/461
f 461/461/461 460/460/460 462/462/462
f 441/441/441 440/440/440 442/442/442
f 439/439/439 440/440/440 441/441/441
f 439/439/439 409/409/409 440/440/440
f 408/408/408 409/409/409 439/439/439
f 408/408/408 407/407/407 409/409/409
f 406/406/406 407/407/407 408/408/408
f 406/406/406 435/435/435 407/407/407
f 434/434/434 435/435/435 406/406/406
f 444/444/444 439/439/439 441/441/441
f 443/443/443 439/439/439 444/444/444
f 443/443/443 408/408/408 439/439/439
f 411/411/411 408/408/408 443/443/443
f 411/411/411 406/406/406 408/408/408
f 410/410/410 406/406/406 411/411/411
f 410/410/410 434/434/434 406/406/406
f 436/436/436 434/434/434 410/410/410
f 412/412/412 436/436/436 410/410/410
f 437/437/437 436/436/436 412/412/412
f 446/446/446 443/443/443 444/444/444
f 445/445/445 443/443/443 446/446/446
f 445/445/445 411/411/411 443/443/443
f 413/413/413 411/411/411 445/445/445
f 413/413/413 410/410/410 411/411/411
f 412/412/412 410/410/410 413/413/413
f 415/415/415 412/412/412 413/413/413
f 414/414/414 412/412/412 415/415/415
f 414/414/414 437/437/437 412/412/412
f 438/438/438 437/437/437 414/414/414
f 448/448/448 445/445/445 446/446/446
f 447/447/447 445/445/445 448/448/448
f 447/447/447 413/413/413 445/445/445
f 415/415/415 413/413/413 447/447/447
f 432/432/432 430/430/430 433/433/433
f 433/433/433 430/430/430 431/431/431
f 430/430/430 428/428/428 431/431/431
f 431/431/431 428/428/428 429/429/429
f 428/428/428 426/426/426 429/429/429
f 429/429/429 426/426/426 427/427/427
f 426/426/426 424/424/424 427/427/427
f 427/427/427 424/424/424 425/425/425
f 424/424/424 422/422/422 425/425/425
f 425/425/425 422/422/422 423/423/423
f 422/422/422 420/420/420 423/423/423
f 423/423/423 420/420/420 421/421/421
f 420/420/420 416/416/416 421/421/421
f 421/421/421 416/416/416 418/418/418
f 416/416/416 417/417/417 418/418/418
f 418/418/418 417/417/417 419/419/419
f 390/390/390 391/391/391 392/392/392
f 392/392/392 391/391/391 393/393/393
f 391/391/391 394/394/394 393/393/393
f 393/393/393 394/394/394 395/395/395
f 394/394/394 396/396/396 395/395/395
f 395/395/395 396/396/396 397/397/397
f 396/396/396 379/379/379 397/397/397
f 397/397/397 379/379/379 381/381/381
f 379/379/379 380/380/380 381/381/381
f 381/381/381 380/380/380 382/382/382
f 380/380/380 383/383/383 382/382/382
f 382/382/382 383/383/383 384/384/384
f 383/383/383 385/385/385 384/384/384
f 384/384/384 385/385/385 386/386/386
f 385/385/385 387/387/387 386/386/386
f 386/386/386 387/387/387 388/388/388
f 387/387/387 389/389/389 388/388/388
f 378/378/378 377/377/377 372/372/372
f 372/372/372 377/377/377 370/370/370
f 372/372/372 370/370/370 373/373/373
f 373/373/373 370/370/370 371/371/371
f 373/373/373 371/371/371 236/236/236
f 236/236/236 371/371/371 234/234/234
f 236/236/236 234/234/234 237/237/237
f 237/237/237 234/234/234 235/235/235
f 377/377/377 376/376/376 370/370/370
f 370/370/370 376/376/376 368/368/368
f 370/370/370 368/368/368 371/371/371
f 371/371/371 368/368/368 369/369/369
f 371/371/371 369/369/369 234/234/234
f 234/234/234 369/369/369 232/232/232
f 234/234/234 232/232/232 235/235/235
f 235/235/235 232/232/232 233/233/233
f 232/232/232 228/228/228 233/233/233
f 233/233/233 228/228/228 230/230/230
f 376/376/376 374/374/374 368/368/368
f 368/368/368 374/374/374 364/364/364
f 368/368/368 364/364/364 369/369/369
f 369/369/369 364/364/364 366/366/366
f 369/369/369 366/366/366 232/232/232
f 232/232/232 366/366/366 228/228/228
f 366/366/366 367/367/367 228/228/228
f 228/228/228 367/367/367 229/229/229
f 228/228/228 229/229/229 230/230/230
f 230/230/230 229/229/229 231/231/231
f 374/374/374 375/375/375 364/364/364
f 364/364/364 375/375/375 365/365/365
f 364/364/364 365/365/365 366/366/366
f 366/366/366 365/365/365 367/367/367
f 362/362/362 360/360/360 363/363/363
f 363/363/363 360/360/360 361/361/361
f 360/360/360 358/358/358 361/361/361
f 361/361/361 358/358/358 359/359/359
f 358/358/358 356/356/356 359/359/359
f 359/359/359 356/356/356 357/357/357
f 356/356/356 354/354/354 357/357/357
f 357/357/357 354/354/354 355/355/355
f 354/354/354 352/352/352 355/355/355
f 355/355/355 352/352/352 353/353/353
f 352/352/352 350/350/350 353/353/353
f 353/353/353 350/350/350 351/351/351
f 350/350/350 346/346/346 351/351/351
f 351/351/351 346/346/346 348/348/348
f 346/346/346 347/347/347 348/348/348
f 348/348/348 347/347/347 349/349/349
f 344/344/344 342/342/342 345/345/345
f 345/345/345 342/342/342 343/343/343
f 342/342/342 340/340/340 343/343/343
f 343/343/343 340/340/340 341/341/341
f 340/340/340 338/338/338 341/341/341
f 341/341/341 338/338/338 339/339/339
f 338/338/338 336/336/336 339/339/339
f 339/339/339 336/336/336 337/337/337
f 336/336/336 334/334/334 337/337/337
f 337/337/337 334/334/334 335/335/335
f 334/334/334 332/332/332 335/335/335
f 335/335/335 332/332/332 333/333/333
f 332/332/332 328/328/328 333/333/333
f 333/333/333 328/328/328 330/330/330
f 328/328/328 329/329/329 330/330/330
f 330/330/330 329/329/329 331/331/331
f 323/323/323 326/326/326 327/327/327
f 322/322/322 326/326/326 323/323/323
f 319/319/319 322/322/322 323/323/323
f 318/318/318 322/322/322 319/319/319
f 315/315/315 318/318/318 319/319/319
f 314/314/314 318/318/318 315/315/315
f 311/311/311 314/314/314 315/315/315
f 310/310/310 314/314/314 311/311/311
f 307/307/307 310/310/310 311/311/311
f 306/306/306 310/310/310 307/307/307
f 303/303/303 306/306/306 307/307/307
f 302/302/302 306/306/306 303/303/303
f 299/299/299 302/302/302 303/303/303
f 297/297/297 302/302/302 299/299/299
f 298/298/298 297/297/297 299/299/299
f 296/296/296 297/297/297 298/298/298
f 324/324/324 320/320/320 325/325/325
f 325/325/325 320/320/320 321/321/321
f 320/320/320 316/316/316 321/321/321
f 321/321/321 316/316/316 317/317/317
f 316/316/316 312/312/312 317/317/317
f 317/317/317 312/312/312 313/313/313
f 312/312/312 308/308/308 313/313/313
f 313/313/313 308/308/308 309/309/309
f 308/308/308 304/304/304 309/309/309
f 309/309/309 304/304/304 305/305/305
f 304/304/304 300/300/300 305/305/305
f 305/305/305 300/300/300 301/301/301
f 300/300/300 292/292/292 301/301/301
f 301/301/301 292/292/292 294/294/294
f 292/292/292 293/293/293 294/294/294
f 294/294/294 293/293/293 295/295/295
f 290/290/290 288/288/288 291/291/291
f 291/291/291 288/288/288 289/289/289
f 288/288/288 286/286/286 289/289/289
f 289/289/289 286/286/286 287/287/287
f 286/286/286 284/284/284 287/287/287
f 287/287/287 284/284/284 285/285/285
f 284/284/284 282/282/282 285/285/285
f 285/285/285 282/282/282 283/283/283
f 282/282/282 280/280/280 283/283/283
f 283/283/283 280/280/280 281/281/281
f 280/280/280 278/278/278 281/281/281
f 281/281/281 278/278/278 279/279/279
f 278/278/278 274/274/274 279/279/279
f 279/279/279 274/274/274 276/276/276
f 274/274/274 275/275/275 276/276/276
f 276/276/276 275/275/275 277/277/277
f 266/266/266 267/267/267 268/268/268
f 268/268/268 267/267/267 269/269/269
f 267/267/267 270/270/270 269/269/269
f 269/269/269 270/270/270 271/271/271
f 270/270/270 272/272/272 271/271/271
f 271/271/271 272/272/272 273/273/273
f 272/272/272 256/256/256 273/273/273
f 273/273/273 256/256/256 258/258/258
f 256/256/256 257/257/257 258/258/258
f 258/258/258 257/257/257 259/259/259
f 257/257/257 260/260/260 259/259/259
f 259/259/259 260/260/260 261/261/261
f 260/260/260 262/262/262 261/261/261
f 261/261/261 262/262/262 263/263/263
f 262/262/262 264/264/264 263/263/263
f 263/263/263 264/264/264 265/265/265
f 254/254/254 252/252/252 255/255/255
f 255/255/255 252/252/252 253/253/253
f 252/252/252 250/250/250 253/253/253
f 253/253/253 250/250/250 251/251/251
f 250/250/250 248/248/248 251/251/251
f 251/251/251 248/248/248 249/249/249
f 248/248/248 246/246/246 249/249/249
f 249/249/249 246/246/246 247/247/247
f 246/246/246 244/244/244 247/247/247
f 247/247/247 244/244/244 245/245/245
f 244/244/244 242/242/242 245/245/245
f 245/245/245 242/242/242 243/243/243
f 242/242/242 238/238/238 243/243/243
f 243/243/243 238/238/238 240/240/240
f 238/238/238 239/239/239 240/240/240
f 240/240/240 239/239/239 241/241/241
f 220/220/220 219/219/219 221/221/221
f 218/218/218 219/219/219 220/220/220
f 218/218/218 188/188/188 219/219/219
f 187/187/187 188/188/188 218/218/218
f 187/187/187 186/186/186 188/188/188
f 185/185/185 186/186/186 187/187/187
f 185/185/185 214/214/214 186/186/186
f 213/213/213 214/214/214 185/185/185
f 223/223/223 218/218/218 220/220/220
f 222/222/222 218/218/218 223/223/223
f 222/222/222 187/187/187 218/218/218
f 190/190/190 187/187/187 222/222/222
f 190/190/190 185/185/185 187/187/187
f 189/189/189 185/185/185 190/190/190
f 189/189/189 213/213/213 185/185/185
f 215/215/215 213/213/213 189/189/189
f 191/191/191 215/215/215 189/189/189
f 216/216/216 215/215/215 191/191/191
f 225/225/225 222/222/222 223/223/223
f 224/224/224 222/222/222 225/225/225
f 224/224/224 190/190/190 222/222/222
f 192/192/192 190/190/190 224/224/224
f 192/192/192 189/189/189 190/190/190
f 191/191/191 189/189/189 192/192/192
f 194/194/194 191/191/191 192/192/192
f 193/193/193 191/191/191 194/194/194
f 193/193/193 216/216/216 191/191/191
f 217/217/217 216/216/216 193/193/193
f 227/227/227 224/224/224 225/225/225
f 226/226/226 224/224/224 227/227/227
f 226/226/226 192/192/192 224/224/224
f 194/194/194 192/192/192 226/226/226
f 211/211/211 209/209/209 212/212/212
f 212/212/212 209/209/209 210/210/210
f 209/209/209 207/207/207 210/210/210
f 210/210/210 207/207/207 208/208/208
f 207/207/207 205/205/205 208/208/208
f 208/208/208 205/205/205 206/206/206
f 205/205/205 203/203/203 206/206/206
f 206/206/206 203/203/203 204/204/204
f 203/203/203 201/201/201 204/204/204
f 204/204/204 201/201/201 202/202/202
f 201/201/201 199/199/199 202/202/202
f 202/202/202 199/199/199 200/200/200
f 199/199/199 195/195/195 200/200/200
f 200/200/200 195/195/195 197/197/197
f 195/195/195 196/196/196 197/197/197
f 197/197/197 196/196/196 198/198/198
f 166/166/166 167/167/167 168/168/168
f 167/167/167 170/170/170 168/168/168
f 169/169/169 170/170/170 167/167/167
f 169/169/169 171/171/171 170/170/170
f 170/170/170 171/171/171 172/172/172
f 171/171/171 173/173/173 172/172/172
f 172/172/172 173/173/173 174/174/174
f 173/173/173 156/156/156 174/174/174
f 174/174/174 156/156/156 158/158/158
f 156/156/156 157/157/157 158/158/158
f 158/158/158 157/157/157 159/159/159
f 157/157/157 160/160/160 159/159/159
f 159/159/159 160/160/160 161/161/161
f 160/160/160 162/162/162 161/161/161
f 161/161/161 162/162/162 163/163/163
f 162/162/162 164/164/164 163/163/163
f 163/163/163 164/164/164 165/165/165
f 88/88/88 154/154/154 155/155/155
f 88/88/88 87/87/87 154/154/154
f 87/87/87 88/88/88 89/89/89
f 152/152/152 151/151/151 153/153/153
f 150/150/150 151/151/151 152/152/152
f 148/148/148 147/147/147 149/149/149
f 146/146/146 147/147/147 148/148/148
f 144/144/144 143/143/143 145/145/145
f 142/142/142 143/143/143 144/144/144
f 140/140/140 139/139/139 141/141/141
f 138/138/138 139/139/139 140/140/140
f 136/136/136 135/135/135 137/137/137
f 134/134/134 135/135/135 136/136/136
f 134/134/134 132/132/132 135/135/135
f 135/135/135 132/132/132 133/133/133
f 132/132/132 131/131/131 133/133/133
f 130/130/130 131/131/131 132/132/132
f 128/128/128 127/127/127 129/129/129
f 128/128/128 126/126/126 127/127/127
f 126/126/126 120/120/120 127/127/127
f 127/127/127 120/120/120 121/121/121
f 120/120/120 119/119/119 121/121/121
f 118/118/118 119/119/119 120/120/120
f 124/124/124 123/123/123 125/125/125
f 122/122/122 123/123/123 124/124/124
f 122/122/122 117/117/117 123/123/123
f 116/116/116 117/117/117 122/122/122
f 116/116/116 115/115/115 117/117/117
f 114/114/114 115/115/115 116/116/116
f 112/112/112 111/111/111 113/113/113
f 113/113/113 111/111/111 110/110/110
f 110/110/110 111/111/111 108/108/108
f 108/108/108 111/111/111 106/106/106
f 106/106/106 107/107/107 108/108/108
f 108/108/108 107/107/107 109/109/109
f 104/104/104 105/105/105 103/103/103
f 104/104/104 103/103/103 102/102/102
f 102/102/102 103/103/103 96/96/96
f 96/96/96 103/103/103 94/94/94
f 94/94/94 95/95/95 96/96/96
f 96/96/96 95/95/95 97/97/97
f 98/98/98 99/99/99 100/100/100
f 100/100/100 99/99/99 101/101/101
f 99/99/99 90/90/90 101/101/101
f 101/101/101 90/90/90 92/92/92
f 90/90/90 91/91/91 92/92/92
f 92/92/92 91/91/91 93/93/93
f 85/85/85 84/84/84 86/86/86
f 83/83/83 84/84/84 85/85/85
f 81/81/81 80/80/80 82/82/82
f 79/79/79 80/80/80 81/81/81
f 66/66/66 79/79/79 81/81/81
f 64/64/64 79/79/79 66/66/66
f 65/65/65 64/64/64 66/66/66
f 63/63/63 64/64/64 65/65/65
f 68/68/68 63/63/63 65/65/65
f 67/67/67 63/63/63 68/68/68
f 77/77/77 75/75/75 78/78/78
f 78/78/78 75/75/75 76/76/76
f 75/75/75 73/73/73 76/76/76
f 76/76/76 73/73/73 74/74/74
f 73/73/73 69/69/69 74/74/74
f 74/74/74 69/69/69 71/71/71
f 69/69/69 70/70/70 71/71/71
f 71/71/71 70/70/70 72/72/72
f 14/14/14 12/12/12 62/62/62
f 13/13/13 12/12/12 14/14/14
f 11/11/11 12/12/12 13/13/13
f 11/11/11 13/13/13 20/20/20
f 20/20/20 13/13/13 21/21/21
f 60/60/60 59/59/59 61/61/61
f 58/58/58 59/59/59 60/60/60
f 45/45/45 58/58/58 60/60/60
f 43/43/43 58/58/58 45/45/45
f 44/44/44 43/43/43 45/45/45
f 42/42/42 43/43/43 44/44/44
f 47/47/47 42/42/42 44/44/44
f 46/46/46 42/42/42 47/47/47
f 56/56/56 54/54/54 57/57/57
f 57/57/57 54/54/54 55/55/55
f 54/54/54 52/52/52 55/55/55
f 55/55/55 52/52/52 53/53/53
f 52/52/52 48/48/48 53/53/53
f 53/53/53 48/48/48 50/50/50
f 48/48/48 49/49/49 50/50/50
f 50/50/50 49/49/49 51/51/51
f 25/25/25 40/40/40 41/41/41
f 23/23/23 40/40/40 25/25/25
f 24/24/24 23/23/23 25/25/25
f 22/22/22 23/23/23 24/24/24
f 27/27/27 22/22/22 24/24/24
f 26/26/26 22/22/22 27/27/27
f 29/29/29 26/26/26 27/27/27
f 28/28/28 26/26/26 29/29/29
f 38/38/38 36/36/36 39/39/39
f 39/39/39 36/36/36 37/37/37
f 36/36/36 34/34/34 37/37/37
f 37/37/37 34/34/34 35/35/35
f 34/34/34 30/30/30 35/35/35
f 35/35/35 30/30/30 32/32/32
f 30/30/30 31/31/31 32/32/32
f 32/32/32 31/31/31 33/33/33
f 2934/2934/2934 2926/2926/2926 2928/2928/2928
f 2926/2926/2926 2927/2927/2927 2928/2928/2928
f 2927/2927/2927 2929/2929/2929 2928/2928/2928
f 2929/2929/2929 2930/2930/2930 2928/2928/2928
f 2930/2930/2930 2931/2931/2931 2928/2928/2928
f 2931/2931/2931 2932/2932/2932 2928/2928/2928
f 2932/2932/2932 2933/2933/2933 2928/2928/2928
f 2933/2933/2933 2934/2934/2934 2928/2928/2928
f 2764/2764/2764 2756/2756/2756 2758/2758/2758
f 2756/2756/2756 2757/2757/2757 2758/2758/2758
f 2757/2757/2757 2759/2759/2759 2758/2758/2758
f 2759/2759/2759 2760/2760/2760 2758/2758/2758
f 2760/2760/2760 2761/2761/2761 2758/2758/2758
f 2761/2761/2761 2762/2762/2762 2758/2758/2758
f 2762/2762/2762 2763/2763/2763 2758/2758/2758
f 2763/2763/2763 2764/2764/2764 2758/2758/2758
f 2677/2677/2677 2605/2605/2605 2680/2680/2680
f 2676/2676/2676 2605/2605/2605 2677/2677/2677
f 2678/2678/2678 2605/2605/2605 2676/2676/2676
f 2679/2679/2679 2605/2605/2605 2678/2678/2678
f 2608/2608/2608 2605/2605/2605 2679/2679/2679
f 2608/2608/2608 2607/2607/2607 2605/2605/2605
f 2607/2607/2607 2606/2606/2606 2605/2605/2605
f 2606/2606/2606 2603/2603/2603 2605/2605/2605
f 2603/2603/2603 2604/2604/2604 2605/2605/2605
f 2604/2604/2604 2609/2609/2609 2605/2605/2605
f 2609/2609/2609 2610/2610/2610 2605/2605/2605
f 2680/2680/2680 2605/2605/2605 2610/2610/2610
f 2544/2544/2544 2472/2472/2472 2547/2547/2547
f 2543/2543/2543 2472/2472/2472 2544/2544/2544
f 2545/2545/2545 2472/2472/2472 2543/2543/2543
f 2546/2546/2546 2472/2472/2472 2545/2545/2545
f 2475/2475/2475 2472/2472/2472 2546/2546/2546
f 2475/2475/2475 2474/2474/2474 2472/2472/2472
f 2474/2474/2474 2473/2473/2473 2472/2472/2472
f 2473/2473/2473 2470/2470/2470 2472/2472/2472
f 2470/2470/2470 2471/2471/2471 2472/2472/2472
f 2471/2471/2471 2476/2476/2476 2472/2472/2472
f 2476/2476/2476 2477/2477/2477 2472/2472/2472
f 2547/2547/2547 2472/2472/2472 2477/2477/2477
f 2411/2411/2411 2339/2339/2339 2414/2414/2414
f 2410/2410/2410 2339/2339/2339 2411/2411/2411
f 2412/2412/2412 2339/2339/2339 2410/2410/2410
f 2413/2413/2413 2339/2339/2339 2412/2412/2412
f 2342/2342/2342 2339/2339/2339 2413/2413/2413
f 2342/2342/2342 2341/2341/2341 2339/2339/2339
f 2341/2341/2341 2340/2340/2340 2339/2339/2339
f 2340/2340/2340 2337/2337/2337 2339/2339/2339
f 2337/2337/2337 2338/2338/2338 2339/2339/2339
f 2338/2338/2338 2343/2343/2343 2339/2339/2339
f 2343/2343/2343 2344/2344/2344 2339/2339/2339
f 2414/2414/2414 2339/2339/2339 2344/2344/2344
f 2278/2278/2278 2206/2206/2206 2281/2281/2281
f 2277/2277/2277 2206/2206/2206 2278/2278/2278
f 2279/2279/2279 2206/2206/2206 2277/2277/2277
f 2280/2280/2280 2206/2206/2206 2279/2279/2279
f 2209/2209/2209 2206/2206/2206 2280/2280/2280
f 2209/2209/2209 2208/2208/2208 2206/2206/2206
f 2208/2208/2208 2207/2207/2207 2206/2206/2206
f 2207/2207/2207 2204/2204/2204 2206/2206/2206
f 2204/2204/2204 2205/2205/2205 2206/2206/2206
f 2205/2205/2205 2210/2210/2210 2206/2206/2206
f 2210/2210/2210 2211/2211/2211 2206/2206/2206
f 2281/2281/2281 2206/2206/2206 2211/2211/2211
f 2145/2145/2145 2073/2073/2073 2148/2148/2148
f 2144/2144/2144 2073/2073/2073 2145/2145/2145
f 2146/2146/2146 2073/2073/2073 2144/2144/2144
f 2147/2147/2147 2073/2073/2073 2146/2146/2146
f 2076/2076/2076 2073/2073/2073 2147/2147/2147
f 2076/2076/2076 2075/2075/2075 2073/2073/2073
f 2075/2075/2075 2074/2074/2074 2073/2073/2073
f 2074/2074/2074 2071/2071/2071 2073/2073/2073
f 2071/2071/2071 2072/2072/2072 2073/2073/2073
f 2072/2072/2072 2077/2077/2077 2073/2073/2073
f 2077/2077/2077 2078/2078/2078 2073/2073/2073
f 2148/2148/2148 2073/2073/2073 2078/2078/2078
f 623/623/623 617/617/617 177/177/177
f 617/617/617 618/618/618 177/177/177
f 618/618/618 619/619/619 177/177/177
f 619/619/619 620/620/620 177/177/177
f 620/620/620 402/402/402 177/177/177
f 402/402/402 403/403/403 177/177/177
f 403/403/403 404/404/404 177/177/177
f 404/404/404 405/405/405 177/177/177
f 405/405/405 398/398/398 177/177/177
f 398/398/398 399/399/399 177/177/177
f 399/399/399 400/400/400 177/177/177
f 400/400/400 401/401/401 177/177/177
f 401/401/401 181/181/181 177/177/177
f 181/181/181 182/182/182 177/177/177
f 182/182/182 183/183/183 177/177/177
f 183/183/183 184/184/184 177/177/177
f 184/184/184 175/175/175 177/177/177
f 175/175/175 176/176/176 177/177/177
f 176/176/176 178/178/178 177/177/177
f 178/178/178 179/179/179 177/177/177
f 179/179/179 180/180/180 177/177/177
f 180/180/180 621/621/621 177/177/177
f 621/621/621 622/622/622 177/177/177
f 622/622/622 623/623/623 177/177/177

