# Blender 4.1.1
# www.blender.org
mtllib sphere_uranus.mtl
o z030v001_ring_h
v 1.015770 -0.000000 -0.133728
v 0.812024 -0.000000 -0.106905
v 0.801574 -0.000000 -0.159443
v 1.002697 -0.000000 -0.199449
v 0.791124 -0.000000 -0.211981
v 0.989625 -0.000000 -0.265169
v 0.968086 -0.000000 -0.328621
v 0.773905 -0.000000 -0.262705
v 0.756686 -0.000000 -0.313430
v 0.946547 -0.000000 -0.392072
v 0.916910 -0.000000 -0.452170
v 0.732994 -0.000000 -0.361472
v 0.709302 -0.000000 -0.409516
v 0.887274 -0.000000 -0.512267
v 0.850046 -0.000000 -0.567982
v 0.679542 -0.000000 -0.454055
v 0.649781 -0.000000 -0.498594
v 0.812819 -0.000000 -0.623697
v 0.768637 -0.000000 -0.674076
v 0.614462 -0.000000 -0.538868
v 0.579143 -0.000000 -0.579142
v 0.724456 -0.000000 -0.724455
v 0.674077 -0.000000 -0.768637
v 0.538869 -0.000000 -0.614462
v 0.498595 -0.000000 -0.649781
v 0.623698 -0.000000 -0.812818
v 0.567983 -0.000000 -0.850046
v 0.454055 -0.000000 -0.679541
v 0.409516 -0.000000 -0.709302
v 0.512268 -0.000000 -0.887273
v 0.452170 -0.000000 -0.916910
v 0.361473 -0.000000 -0.732994
v 0.313430 -0.000000 -0.756686
v 0.392073 -0.000000 -0.946547
v 0.328621 -0.000000 -0.968086
v 0.262705 -0.000000 -0.773905
v 0.211981 -0.000000 -0.791123
v 0.265170 -0.000000 -0.989624
v 0.199449 -0.000000 -1.002697
v 0.159443 -0.000000 -0.801574
v 0.106905 -0.000000 -0.812024
v 0.133729 -0.000000 -1.015770
v 0.066865 -0.000000 -1.020152
v 0.053453 -0.000000 -0.815528
v 0.000000 -0.000000 -0.819031
v 0.000000 -0.000000 -1.024535
v -0.066864 -0.000000 -1.020152
v -0.053452 -0.000000 -0.815528
v -0.106905 -0.000000 -0.812024
v -0.133728 -0.000000 -1.015770
v -0.199449 -0.000000 -1.002697
v -0.159443 -0.000000 -0.801574
v -0.211981 -0.000000 -0.791123
v -0.265169 -0.000000 -0.989624
v -0.328621 -0.000000 -0.968086
v -0.262705 -0.000000 -0.773905
v -0.313430 -0.000000 -0.756686
v -0.392072 -0.000000 -0.946547
v -0.452170 -0.000000 -0.916910
v -0.361472 -0.000000 -0.732994
v -0.409515 -0.000000 -0.709302
v -0.512267 -0.000000 -0.887273
v -0.567982 -0.000000 -0.850046
v -0.454055 -0.000000 -0.679542
v -0.498594 -0.000000 -0.649781
v -0.623697 -0.000000 -0.812818
v -0.674076 -0.000000 -0.768637
v -0.538868 -0.000000 -0.614462
v -0.579142 -0.000000 -0.579143
v -0.724455 -0.000000 -0.724455
v -0.768637 -0.000000 -0.674076
v -0.614462 -0.000000 -0.538868
v -0.649781 -0.000000 -0.498595
v -0.812818 -0.000000 -0.623697
v -0.850045 -0.000000 -0.567982
v -0.679541 -0.000000 -0.454055
v -0.709302 -0.000000 -0.409516
v -0.887273 -0.000000 -0.512267
v -0.916910 -0.000000 -0.452170
v -0.732994 -0.000000 -0.361473
v -0.756686 -0.000000 -0.313430
v -0.946547 -0.000000 -0.392073
v -0.968086 -0.000000 -0.328621
v -0.773905 -0.000000 -0.262705
v -0.791123 -0.000000 -0.211981
v -0.989624 -0.000000 -0.265169
v -1.002697 -0.000000 -0.199449
v -0.801574 -0.000000 -0.159443
v -0.812024 -0.000000 -0.106905
v -1.015769 -0.000000 -0.133729
v -1.020152 -0.000000 -0.066864
v -0.815527 -0.000000 -0.053453
v -0.819031 -0.000000 -0.000000
v -1.024535 -0.000000 -0.000000
v -1.020152 0.000000 0.066864
v -0.815527 0.000000 0.053452
v -0.812024 0.000000 0.106905
v -1.015769 0.000000 0.133729
v -1.002697 0.000000 0.199449
v -0.801574 0.000000 0.159443
v -0.791123 0.000000 0.211981
v -0.989624 0.000000 0.265169
v -0.968085 0.000000 0.328621
v -0.773905 0.000000 0.262705
v -0.756686 0.000000 0.313430
v -0.946546 0.000000 0.392072
v -0.916910 0.000000 0.452170
v -0.732994 0.000000 0.361472
v -0.709301 0.000000 0.409515
v -0.887273 0.000000 0.512267
v -0.850045 0.000000 0.567982
v -0.679541 0.000000 0.454055
v -0.649781 0.000000 0.498594
v -0.812818 0.000000 0.623697
v -0.768637 0.000000 0.674076
v -0.614461 0.000000 0.538868
v -0.579142 0.000000 0.579142
v -0.724455 0.000000 0.724455
v -0.674076 0.000000 0.768637
v -0.538868 0.000000 0.614461
v -0.498594 0.000000 0.649781
v -0.623697 0.000000 0.812818
v -0.567982 0.000000 0.850045
v -0.454055 0.000000 0.679541
v -0.409515 0.000000 0.709301
v -0.512267 0.000000 0.887273
v -0.452170 0.000000 0.916910
v -0.361472 0.000000 0.732994
v -0.313430 0.000000 0.756686
v -0.392072 0.000000 0.946547
v -0.328621 0.000000 0.968085
v -0.262705 0.000000 0.773904
v -0.211981 0.000000 0.791123
v -0.265169 0.000000 0.989624
v -0.199449 0.000000 1.002697
v -0.159443 0.000000 0.801573
v -0.106905 0.000000 0.812024
v -0.133729 0.000000 1.015769
v -0.066864 0.000000 1.020152
v -0.053452 0.000000 0.815527
v 0.000000 0.000000 0.819031
v 0.000000 0.000000 1.024534
v 0.066864 0.000000 1.020152
v 0.053452 0.000000 0.815527
v 0.106905 0.000000 0.812024
v 0.133729 0.000000 1.015769
v 0.199449 0.000000 1.002697
v 0.159443 0.000000 0.801573
v 0.211981 0.000000 0.791123
v 0.265169 0.000000 0.989624
v 0.328621 0.000000 0.968085
v 0.262705 0.000000 0.773904
v 0.313429 0.000000 0.756686
v 0.392072 0.000000 0.946546
v 0.452170 0.000000 0.916910
v 0.361472 0.000000 0.732993
v 0.409515 0.000000 0.709301
v 0.512267 0.000000 0.887273
v 0.567982 0.000000 0.850045
v 0.454055 0.000000 0.679541
v 0.498594 0.000000 0.649781
v 0.623697 0.000000 0.812818
v 0.674076 0.000000 0.768636
v 0.538868 0.000000 0.614461
v 0.579142 0.000000 0.579142
v 0.724455 0.000000 0.724455
v 0.768636 0.000000 0.674076
v 0.614461 0.000000 0.538868
v 0.649781 0.000000 0.498594
v 0.812818 0.000000 0.623697
v 0.850045 0.000000 0.567982
v 0.679541 0.000000 0.454055
v 0.709301 0.000000 0.409515
v 0.887273 0.000000 0.512267
v 0.916909 0.000000 0.452170
v 0.732993 0.000000 0.361472
v 0.756685 0.000000 0.313429
v 0.946546 0.000000 0.392072
v 0.968085 0.000000 0.328621
v 0.773904 0.000000 0.262705
v 0.791123 0.000000 0.211981
v 0.989624 0.000000 0.265169
v 1.002696 0.000000 0.199449
v 0.801573 0.000000 0.159443
v 0.812023 0.000000 0.106905
v 1.015769 0.000000 0.133729
v 1.020151 0.000000 0.066864
v 0.815527 0.000000 0.053453
v 0.819030 0.000000 0.000000
v 1.024534 0.000000 0.000000
v 0.815527 -0.000000 -0.053452
v 1.020152 -0.000000 -0.066864
v 1.015770 -0.000000 -0.133728
v 0.812024 -0.000000 -0.106905
vn -0.0000 1.0000 -0.0000
vt 0.788574 0.009674
vt 0.788574 -0.000760
vt 0.007912 -0.000760
vt 0.007912 0.009674
vt 0.788574 0.020111
vt 0.007912 0.020111
vt 0.007912 0.030533
vt 0.788574 0.030533
vt 0.788574 0.040985
vt 0.007912 0.040985
vt 0.007912 0.051392
vt 0.788574 0.051392
vt 0.788574 0.061829
vt 0.007912 0.061829
vt 0.007912 0.072266
vt 0.788574 0.072266
vt 0.788574 0.082703
vt 0.007912 0.082703
vt 0.007912 0.093140
vt 0.788574 0.093140
vt 0.788574 0.103577
vt 0.007912 0.103577
vt 0.007912 0.114014
vt 0.788574 0.114014
vt 0.788574 0.124451
vt 0.007912 0.124451
vt 0.007912 0.134888
vt 0.788574 0.134888
vt 0.788574 0.145264
vt 0.007912 0.145264
vt 0.007912 0.155762
vt 0.788574 0.155762
vt 0.788574 0.166138
vt 0.007912 0.166138
vt 0.007912 0.176636
vt 0.788574 0.176636
vt 0.788574 0.187012
vt 0.007912 0.187012
vt 0.007912 0.197510
vt 0.788574 0.197510
vt 0.788574 0.207886
vt 0.007912 0.207886
vt 0.007912 0.218384
vt 0.788574 0.218384
vt 0.788574 0.228760
vt 0.007912 0.228760
vt 0.007912 0.239136
vt 0.788574 0.239136
vt 0.788574 0.249634
vt 0.007912 0.249634
vt 0.007912 0.260010
vt 0.788574 0.260010
vt 0.788574 0.270508
vt 0.007912 0.270508
vt 0.007912 0.281006
vt 0.788574 0.281006
vt 0.788574 0.291260
vt 0.007912 0.291260
vt 0.007912 0.301758
vt 0.788574 0.301758
vt 0.788574 0.312256
vt 0.007912 0.312256
vt 0.007912 0.322754
vt 0.788574 0.322754
vt 0.788574 0.333008
vt 0.007912 0.333008
vt 0.007912 0.343506
vt 0.788574 0.343506
vt 0.788574 0.354004
vt 0.007912 0.354004
vt 0.007912 0.364258
vt 0.788574 0.364258
vt 0.788574 0.374756
vt 0.007912 0.374756
vt 0.007912 0.385254
vt 0.788574 0.385254
vt 0.788574 0.395752
vt 0.007912 0.395752
vt 0.007912 0.406006
vt 0.788574 0.406006
vt 0.788574 0.416504
vt 0.007912 0.416504
vt 0.007912 0.427002
vt 0.788574 0.427002
vt 0.788574 0.437500
vt 0.007912 0.437500
vt 0.007912 0.447754
vt 0.788574 0.447754
vt 0.788574 0.458252
vt 0.007912 0.458252
vt 0.007912 0.468750
vt 0.788574 0.468750
vt 0.788574 0.479248
vt 0.007912 0.479248
vt 0.007912 0.489502
vt 0.788574 0.489502
vt 0.788574 0.500000
vt 0.007912 0.500000
vt 0.007912 0.510254
vt 0.788574 0.510254
vt 0.788574 0.520996
vt 0.007912 0.520996
vt 0.007912 0.531250
vt 0.788574 0.531250
vt 0.788574 0.541504
vt 0.007912 0.541504
vt 0.007912 0.552246
vt 0.788574 0.552246
vt 0.788574 0.562500
vt 0.007912 0.562500
vt 0.007912 0.573242
vt 0.788574 0.573242
vt 0.788574 0.583496
vt 0.007912 0.583496
vt 0.007912 0.593750
vt 0.788574 0.593750
vt 0.788574 0.604492
vt 0.007912 0.604492
vt 0.007912 0.614746
vt 0.788574 0.614746
vt 0.788574 0.625000
vt 0.007912 0.625000
vt 0.007912 0.635742
vt 0.788574 0.635742
vt 0.788574 0.645996
vt 0.007912 0.645996
vt 0.007912 0.656250
vt 0.788574 0.656250
vt 0.788574 0.666992
vt 0.007912 0.666992
vt 0.007912 0.677246
vt 0.788574 0.677246
vt 0.788574 0.687988
vt 0.007912 0.687988
vt 0.007912 0.698242
vt 0.788574 0.698242
vt 0.788574 0.708496
vt 0.007912 0.708496
vt 0.007912 0.719238
vt 0.788574 0.719238
vt 0.788574 0.729492
vt 0.007912 0.729492
vt 0.007912 0.739746
vt 0.788574 0.739746
vt 0.788574 0.750488
vt 0.007912 0.750488
vt 0.007912 0.760742
vt 0.788574 0.760742
vt 0.788574 0.771484
vt 0.007912 0.771484
vt 0.007912 0.781738
vt 0.788574 0.781738
vt 0.788574 0.791992
vt 0.007912 0.791992
vt 0.007912 0.802734
vt 0.788574 0.802734
vt 0.788574 0.812988
vt 0.007912 0.812988
vt 0.007912 0.823242
vt 0.788574 0.823242
vt 0.788574 0.833984
vt 0.007912 0.833984
vt 0.007912 0.844238
vt 0.788574 0.844238
vt 0.788574 0.854492
vt 0.007912 0.854492
vt 0.007912 0.865234
vt 0.788574 0.865234
vt 0.788574 0.875488
vt 0.007912 0.875488
vt 0.007912 0.886231
vt 0.788574 0.886231
vt 0.788574 0.896484
vt 0.007912 0.896484
vt 0.007912 0.906738
vt 0.788574 0.906738
vt 0.788574 0.917481
vt 0.007912 0.917481
vt 0.007912 0.927734
vt 0.788574 0.927734
vt 0.788574 0.937988
vt 0.007912 0.937988
vt 0.007912 0.948731
vt 0.788574 0.948731
vt 0.788574 0.958984
vt 0.007912 0.958984
vt 0.007912 0.969238
vt 0.788574 0.969238
vt 0.788574 0.979981
vt 0.007912 0.979981
vt 0.788574 0.990234
vt 0.007912 0.990234
vt 0.007912 1.000977
vt 0.788574 1.000977
s 0
f 3/1/1 2/2/1 1/3/1
f 4/4/1 3/1/1 1/3/1
f 3/1/1 4/4/1 5/5/1
f 4/4/1 6/6/1 5/5/1
f 6/6/1 7/7/1 5/5/1
f 7/7/1 8/8/1 5/5/1
f 8/8/1 7/7/1 9/9/1
f 7/7/1 10/10/1 9/9/1
f 10/10/1 11/11/1 9/9/1
f 11/11/1 12/12/1 9/9/1
f 12/12/1 11/11/1 13/13/1
f 11/11/1 14/14/1 13/13/1
f 14/14/1 15/15/1 13/13/1
f 15/15/1 16/16/1 13/13/1
f 16/16/1 15/15/1 17/17/1
f 15/15/1 18/18/1 17/17/1
f 18/18/1 19/19/1 17/17/1
f 19/19/1 20/20/1 17/17/1
f 20/20/1 19/19/1 21/21/1
f 19/19/1 22/22/1 21/21/1
f 22/22/1 23/23/1 21/21/1
f 23/23/1 24/24/1 21/21/1
f 24/24/1 23/23/1 25/25/1
f 23/23/1 26/26/1 25/25/1
f 26/26/1 27/27/1 25/25/1
f 27/27/1 28/28/1 25/25/1
f 28/28/1 27/27/1 29/29/1
f 27/27/1 30/30/1 29/29/1
f 30/30/1 31/31/1 29/29/1
f 31/31/1 32/32/1 29/29/1
f 32/32/1 31/31/1 33/33/1
f 31/31/1 34/34/1 33/33/1
f 34/34/1 35/35/1 33/33/1
f 35/35/1 36/36/1 33/33/1
f 36/36/1 35/35/1 37/37/1
f 35/35/1 38/38/1 37/37/1
f 38/38/1 39/39/1 37/37/1
f 39/39/1 40/40/1 37/37/1
f 40/40/1 39/39/1 41/41/1
f 39/39/1 42/42/1 41/41/1
f 42/42/1 43/43/1 41/41/1
f 43/43/1 44/44/1 41/41/1
f 44/44/1 43/43/1 45/45/1
f 43/43/1 46/46/1 45/45/1
f 46/46/1 47/47/1 45/45/1
f 47/47/1 48/48/1 45/45/1
f 48/48/1 47/47/1 49/49/1
f 47/47/1 50/50/1 49/49/1
f 50/50/1 51/51/1 49/49/1
f 51/51/1 52/52/1 49/49/1
f 52/52/1 51/51/1 53/53/1
f 51/51/1 54/54/1 53/53/1
f 54/54/1 55/55/1 53/53/1
f 55/55/1 56/56/1 53/53/1
f 56/56/1 55/55/1 57/57/1
f 55/55/1 58/58/1 57/57/1
f 58/58/1 59/59/1 57/57/1
f 59/59/1 60/60/1 57/57/1
f 60/60/1 59/59/1 61/61/1
f 59/59/1 62/62/1 61/61/1
f 62/62/1 63/63/1 61/61/1
f 63/63/1 64/64/1 61/61/1
f 64/64/1 63/63/1 65/65/1
f 63/63/1 66/66/1 65/65/1
f 66/66/1 67/67/1 65/65/1
f 67/67/1 68/68/1 65/65/1
f 68/68/1 67/67/1 69/69/1
f 67/67/1 70/70/1 69/69/1
f 70/70/1 71/71/1 69/69/1
f 71/71/1 72/72/1 69/69/1
f 72/72/1 71/71/1 73/73/1
f 71/71/1 74/74/1 73/73/1
f 74/74/1 75/75/1 73/73/1
f 75/75/1 76/76/1 73/73/1
f 76/76/1 75/75/1 77/77/1
f 75/75/1 78/78/1 77/77/1
f 78/78/1 79/79/1 77/77/1
f 79/79/1 80/80/1 77/77/1
f 80/80/1 79/79/1 81/81/1
f 79/79/1 82/82/1 81/81/1
f 82/82/1 83/83/1 81/81/1
f 83/83/1 84/84/1 81/81/1
f 84/84/1 83/83/1 85/85/1
f 83/83/1 86/86/1 85/85/1
f 86/86/1 87/87/1 85/85/1
f 87/87/1 88/88/1 85/85/1
f 88/88/1 87/87/1 89/89/1
f 87/87/1 90/90/1 89/89/1
f 90/90/1 91/91/1 89/89/1
f 91/91/1 92/92/1 89/89/1
f 92/92/1 91/91/1 93/93/1
f 91/91/1 94/94/1 93/93/1
f 94/94/1 95/95/1 93/93/1
f 95/95/1 96/96/1 93/93/1
f 96/96/1 95/95/1 97/97/1
f 95/95/1 98/98/1 97/97/1
f 98/98/1 99/99/1 97/97/1
f 99/99/1 100/100/1 97/97/1
f 100/100/1 99/99/1 101/101/1
f 99/99/1 102/102/1 101/101/1
f 102/102/1 103/103/1 101/101/1
f 103/103/1 104/104/1 101/101/1
f 104/104/1 103/103/1 105/105/1
f 103/103/1 106/106/1 105/105/1
f 106/106/1 107/107/1 105/105/1
f 107/107/1 108/108/1 105/105/1
f 108/108/1 107/107/1 109/109/1
f 107/107/1 110/110/1 109/109/1
f 110/110/1 111/111/1 109/109/1
f 111/111/1 112/112/1 109/109/1
f 112/112/1 111/111/1 113/113/1
f 111/111/1 114/114/1 113/113/1
f 114/114/1 115/115/1 113/113/1
f 115/115/1 116/116/1 113/113/1
f 116/116/1 115/115/1 117/117/1
f 115/115/1 118/118/1 117/117/1
f 118/118/1 119/119/1 117/117/1
f 119/119/1 120/120/1 117/117/1
f 120/120/1 119/119/1 121/121/1
f 119/119/1 122/122/1 121/121/1
f 122/122/1 123/123/1 121/121/1
f 123/123/1 124/124/1 121/121/1
f 124/124/1 123/123/1 125/125/1
f 123/123/1 126/126/1 125/125/1
f 126/126/1 127/127/1 125/125/1
f 127/127/1 128/128/1 125/125/1
f 128/128/1 127/127/1 129/129/1
f 127/127/1 130/130/1 129/129/1
f 130/130/1 131/131/1 129/129/1
f 131/131/1 132/132/1 129/129/1
f 132/132/1 131/131/1 133/133/1
f 131/131/1 134/134/1 133/133/1
f 134/134/1 135/135/1 133/133/1
f 135/135/1 136/136/1 133/133/1
f 136/136/1 135/135/1 137/137/1
f 135/135/1 138/138/1 137/137/1
f 138/138/1 139/139/1 137/137/1
f 139/139/1 140/140/1 137/137/1
f 140/140/1 139/139/1 141/141/1
f 139/139/1 142/142/1 141/141/1
f 142/142/1 143/143/1 141/141/1
f 143/143/1 144/144/1 141/141/1
f 144/144/1 143/143/1 145/145/1
f 143/143/1 146/146/1 145/145/1
f 146/146/1 147/147/1 145/145/1
f 147/147/1 148/148/1 145/145/1
f 148/148/1 147/147/1 149/149/1
f 147/147/1 150/150/1 149/149/1
f 150/150/1 151/151/1 149/149/1
f 151/151/1 152/152/1 149/149/1
f 152/152/1 151/151/1 153/153/1
f 151/151/1 154/154/1 153/153/1
f 154/154/1 155/155/1 153/153/1
f 155/155/1 156/156/1 153/153/1
f 156/156/1 155/155/1 157/157/1
f 155/155/1 158/158/1 157/157/1
f 158/158/1 159/159/1 157/157/1
f 159/159/1 160/160/1 157/157/1
f 160/160/1 159/159/1 161/161/1
f 159/159/1 162/162/1 161/161/1
f 162/162/1 163/163/1 161/161/1
f 163/163/1 164/164/1 161/161/1
f 164/164/1 163/163/1 165/165/1
f 163/163/1 166/166/1 165/165/1
f 166/166/1 167/167/1 165/165/1
f 167/167/1 168/168/1 165/165/1
f 168/168/1 167/167/1 169/169/1
f 167/167/1 170/170/1 169/169/1
f 170/170/1 171/171/1 169/169/1
f 171/171/1 172/172/1 169/169/1
f 172/172/1 171/171/1 173/173/1
f 171/171/1 174/174/1 173/173/1
f 174/174/1 175/175/1 173/173/1
f 175/175/1 176/176/1 173/173/1
f 176/176/1 175/175/1 177/177/1
f 175/175/1 178/178/1 177/177/1
f 178/178/1 179/179/1 177/177/1
f 179/179/1 180/180/1 177/177/1
f 180/180/1 179/179/1 181/181/1
f 179/179/1 182/182/1 181/181/1
f 182/182/1 183/183/1 181/181/1
f 183/183/1 184/184/1 181/181/1
f 184/184/1 183/183/1 185/185/1
f 183/183/1 186/186/1 185/185/1
f 186/186/1 187/187/1 185/185/1
f 187/187/1 188/188/1 185/185/1
f 188/188/1 187/187/1 189/189/1
f 187/187/1 190/190/1 189/189/1
f 189/189/1 190/190/1 191/191/1
f 190/190/1 192/192/1 191/191/1
f 191/191/1 192/192/1 193/193/1
f 194/194/1 191/191/1 193/193/1
o z030v001_uranus_h
v 0.067503 -0.453550 -0.024569
v 0.000000 -0.459203 0.000000
v 0.070744 -0.453550 -0.012474
v 0.133344 -0.436728 -0.048533
v 0.139746 -0.436728 -0.024641
v 0.195901 -0.409153 -0.071302
v 0.205307 -0.409153 -0.036201
v 0.253635 -0.371503 -0.092315
v 0.265812 -0.371503 -0.046870
v 0.305123 -0.324706 -0.111055
v 0.319772 -0.324706 -0.056384
v 0.349099 -0.269913 -0.127061
v 0.365859 -0.269913 -0.064510
v 0.384478 -0.208474 -0.139938
v 0.402937 -0.208474 -0.071048
v 0.410390 -0.141902 -0.149369
v 0.430093 -0.141901 -0.075837
v 0.426197 -0.071835 -0.155123
v 0.446659 -0.071835 -0.078758
v 0.431509 -0.000000 -0.157056
v 0.452226 -0.000000 -0.079739
v 0.426197 0.071835 -0.155123
v 0.446659 0.071835 -0.078758
v 0.410390 0.141901 -0.149369
v 0.430093 0.141901 -0.075837
v 0.384478 0.208474 -0.139938
v 0.402937 0.208474 -0.071048
v 0.349099 0.269913 -0.127061
v 0.365859 0.269913 -0.064511
v 0.305123 0.324706 -0.111056
v 0.319772 0.324706 -0.056384
v 0.253635 0.371503 -0.092315
v 0.265812 0.371503 -0.046870
v 0.195901 0.409153 -0.071302
v 0.205307 0.409153 -0.036201
v 0.133344 0.436728 -0.048533
v 0.139746 0.436728 -0.024641
v 0.067503 0.453550 -0.024569
v 0.070744 0.453550 -0.012474
v 0.000000 0.459203 -0.000000
v 0.062211 0.453550 -0.035918
v 0.000000 0.459203 -0.000000
v 0.122890 0.436728 -0.070951
v 0.180544 0.409153 -0.104237
v 0.233751 0.371503 -0.134956
v 0.055029 0.453550 -0.046175
v 0.000000 0.459203 -0.000000
v 0.108703 0.436728 -0.091212
v 0.281203 0.324706 -0.162353
v 0.159700 0.409153 -0.134004
v 0.046175 0.453550 -0.055029
v 0.000000 0.459203 -0.000000
v 0.091213 0.436728 -0.108703
v 0.206765 0.371503 -0.173496
v 0.321731 0.269913 -0.185751
v 0.035918 0.453550 -0.062211
v 0.000000 0.459203 -0.000000
v 0.134004 0.409153 -0.159700
v 0.248739 0.324705 -0.208716
v 0.354337 0.208474 -0.204576
v 0.070951 0.436728 -0.122890
v 0.173497 0.371503 -0.206765
v 0.284588 0.269913 -0.238797
v 0.378217 0.141901 -0.218364
v 0.024569 0.453550 -0.067503
v 0.000000 0.459203 -0.000000
v 0.104237 0.409153 -0.180543
v 0.208717 0.324705 -0.248739
v 0.313429 0.208474 -0.262998
v 0.392785 0.071835 -0.226774
v 0.048533 0.436728 -0.133344
v 0.134956 0.371503 -0.233751
v 0.238798 0.269913 -0.284588
v 0.334553 0.141901 -0.280723
v 0.397681 -0.000000 -0.229601
v 0.012474 0.453550 -0.070744
v 0.000000 0.459203 -0.000000
v 0.162353 0.324705 -0.281203
v 0.262998 0.208474 -0.313429
v 0.347439 0.071835 -0.291535
v 0.392785 -0.071835 -0.226774
v 0.185752 0.269913 -0.321731
v 0.280723 0.141901 -0.334553
v 0.351770 -0.000000 -0.295170
v 0.378217 -0.141902 -0.218364
v 0.204577 0.208474 -0.354336
v 0.291536 0.071835 -0.347439
v 0.347439 -0.071835 -0.291535
v 0.354337 -0.208474 -0.204576
v 0.218364 0.141901 -0.378217
v 0.295170 -0.000000 -0.351770
v 0.334553 -0.141902 -0.280723
v 0.321731 -0.269913 -0.185751
v 0.226775 0.071835 -0.392785
v 0.291536 -0.071835 -0.347439
v 0.313429 -0.208474 -0.262998
v 0.281203 -0.324706 -0.162352
v 0.229602 -0.000000 -0.397681
v 0.280723 -0.141902 -0.334553
v 0.284588 -0.269913 -0.238797
v 0.233751 -0.371503 -0.134956
v 0.226775 -0.071835 -0.392785
v 0.262998 -0.208474 -0.313429
v 0.248739 -0.324706 -0.208716
v 0.180544 -0.409153 -0.104237
v 0.218364 -0.141902 -0.378217
v 0.238798 -0.269913 -0.284587
v 0.206765 -0.371503 -0.173496
v 0.122890 -0.436728 -0.070951
v 0.204577 -0.208474 -0.354336
v 0.208717 -0.324706 -0.248739
v 0.159700 -0.409153 -0.134004
v 0.062211 -0.453550 -0.035917
v 0.000000 -0.459203 0.000000
v 0.108703 -0.436728 -0.091212
v 0.173497 -0.371503 -0.206765
v 0.185752 -0.269913 -0.321731
v 0.055029 -0.453550 -0.046175
v 0.000000 -0.459203 0.000000
v 0.134004 -0.409153 -0.159700
v 0.162353 -0.324706 -0.281203
v 0.091213 -0.436728 -0.108703
v 0.134956 -0.371503 -0.233751
v 0.046175 -0.453550 -0.055029
v 0.000000 -0.459203 0.000000
v 0.104237 -0.409153 -0.180543
v 0.070951 -0.436728 -0.122890
v 0.035918 -0.453550 -0.062211
v 0.000000 -0.459203 0.000000
v 0.127062 -0.269913 -0.349098
v 0.111056 -0.324706 -0.305123
v 0.092316 -0.371503 -0.253635
v 0.071302 -0.409153 -0.195901
v 0.048533 -0.436728 -0.133344
v 0.139939 -0.208474 -0.384478
v 0.024569 -0.453550 -0.067503
v 0.000000 -0.459203 0.000000
v 0.149370 -0.141902 -0.410390
v 0.155123 -0.071835 -0.426197
v 0.157057 -0.000000 -0.431509
v 0.155123 0.071835 -0.426197
v 0.149370 0.141901 -0.410390
v 0.139939 0.208474 -0.384478
v 0.127062 0.269913 -0.349098
v 0.111056 0.324705 -0.305123
v 0.092316 0.371503 -0.253635
v 0.071302 0.409153 -0.195901
v 0.024641 0.436728 -0.139746
v 0.036201 0.409153 -0.205307
v 0.046870 0.371503 -0.265812
v 0.056385 0.324705 -0.319772
v 0.064511 0.269913 -0.365859
v 0.000000 0.453550 -0.071835
v 0.000000 0.459203 -0.000000
v 0.000000 0.436728 -0.141902
v 0.000000 0.409153 -0.208474
v 0.000000 0.371503 -0.269913
v -0.012474 0.453550 -0.070744
v 0.000000 0.459203 -0.000000
v -0.024641 0.436728 -0.139746
v 0.071049 0.208474 -0.402937
v 0.000000 0.324705 -0.324705
v -0.036201 0.409153 -0.205307
v -0.024569 0.453550 -0.067503
v 0.000000 0.459203 -0.000000
v -0.048533 0.436728 -0.133344
v -0.046870 0.371503 -0.265812
v 0.000000 0.269913 -0.371503
v 0.075837 0.141901 -0.430093
v -0.035918 0.453550 -0.062211
v 0.000000 0.459203 -0.000000
v -0.071302 0.409153 -0.195901
v -0.056384 0.324705 -0.319772
v 0.000000 0.208474 -0.409153
v 0.078758 0.071835 -0.446659
v -0.070951 0.436728 -0.122890
v -0.092315 0.371503 -0.253635
v -0.064511 0.269913 -0.365859
v 0.000000 0.141901 -0.436728
v 0.079740 -0.000000 -0.452226
v -0.046175 0.453550 -0.055029
v 0.000000 0.459203 -0.000000
v -0.111056 0.324705 -0.305123
v -0.071048 0.208474 -0.402937
v 0.000000 0.071835 -0.453549
v 0.078758 -0.071835 -0.446659
v -0.127061 0.269913 -0.349099
v -0.075837 0.141901 -0.430093
v 0.000000 -0.000000 -0.459203
v 0.075837 -0.141902 -0.430093
v -0.139938 0.208474 -0.384478
v -0.078758 0.071835 -0.446659
v 0.000000 -0.071835 -0.453549
v 0.071049 -0.208474 -0.402937
v -0.149369 0.141901 -0.410390
v -0.079739 -0.000000 -0.452226
v 0.000000 -0.141902 -0.436728
v 0.064511 -0.269913 -0.365859
v -0.155123 0.071835 -0.426197
v -0.078758 -0.071835 -0.446659
v 0.000000 -0.208474 -0.409153
v 0.056385 -0.324706 -0.319772
v -0.157056 -0.000000 -0.431510
v -0.075837 -0.141902 -0.430093
v 0.000000 -0.269913 -0.371503
v 0.046870 -0.371503 -0.265812
v -0.155123 -0.071835 -0.426197
v -0.071048 -0.208474 -0.402937
v 0.000000 -0.324706 -0.324705
v 0.036201 -0.409153 -0.205306
v -0.149369 -0.141902 -0.410390
v -0.064511 -0.269913 -0.365859
v 0.000000 -0.371503 -0.269913
v 0.024641 -0.436728 -0.139746
v -0.139938 -0.208474 -0.384478
v -0.056384 -0.324706 -0.319772
v 0.000000 -0.409153 -0.208474
v 0.012474 -0.453550 -0.070744
v 0.000000 -0.459203 0.000000
v 0.000000 -0.436728 -0.141901
v -0.046870 -0.371503 -0.265812
v -0.127061 -0.269913 -0.349099
v 0.000000 -0.453550 -0.071835
v 0.000000 -0.459203 0.000000
v -0.036201 -0.409153 -0.205306
v -0.111056 -0.324706 -0.305123
v -0.024641 -0.436728 -0.139746
v -0.092315 -0.371503 -0.253635
v -0.012474 -0.453550 -0.070744
v 0.000000 -0.459203 0.000000
v -0.071302 -0.409153 -0.195901
v -0.048533 -0.436728 -0.133344
v -0.024569 -0.453550 -0.067503
v 0.000000 -0.459203 0.000000
v -0.185751 -0.269913 -0.321731
v -0.162353 -0.324706 -0.281203
v -0.134956 -0.371503 -0.233751
v -0.104237 -0.409153 -0.180544
v -0.070951 -0.436728 -0.122890
v -0.204576 -0.208474 -0.354337
v -0.035918 -0.453550 -0.062211
v 0.000000 -0.459203 0.000000
v -0.218364 -0.141902 -0.378217
v -0.226774 -0.071835 -0.392785
v -0.229601 -0.000000 -0.397681
v -0.226774 0.071835 -0.392785
v -0.218364 0.141901 -0.378217
v -0.204576 0.208474 -0.354337
v -0.185751 0.269913 -0.321731
v -0.162353 0.324705 -0.281203
v -0.134956 0.371503 -0.233751
v -0.104237 0.409153 -0.180544
v -0.091212 0.436728 -0.108703
v -0.134004 0.409153 -0.159700
v -0.173496 0.371503 -0.206765
v -0.208716 0.324705 -0.248739
v -0.238797 0.269913 -0.284588
v -0.055029 0.453550 -0.046175
v 0.000000 0.459203 -0.000000
v -0.108703 0.436728 -0.091213
v -0.159700 0.409153 -0.134004
v -0.206765 0.371503 -0.173497
v -0.062211 0.453550 -0.035918
v 0.000000 0.459203 -0.000000
v -0.122890 0.436728 -0.070951
v -0.262998 0.208474 -0.313429
v -0.248739 0.324705 -0.208717
v -0.180543 0.409153 -0.104237
v -0.067503 0.453550 -0.024569
v 0.000000 0.459203 -0.000000
v -0.133344 0.436728 -0.048533
v -0.233751 0.371503 -0.134956
v -0.284588 0.269913 -0.238798
v -0.280723 0.141901 -0.334553
v -0.070744 0.453550 -0.012474
v 0.000000 0.459203 -0.000000
v -0.195901 0.409153 -0.071302
v -0.281203 0.324706 -0.162353
v -0.313429 0.208474 -0.262998
v -0.291536 0.071835 -0.347439
v -0.139746 0.436728 -0.024641
v -0.253635 0.371503 -0.092316
v -0.321731 0.269913 -0.185752
v -0.334553 0.141901 -0.280723
v -0.295170 -0.000000 -0.351770
v -0.071835 0.453550 -0.000000
v 0.000000 0.459203 -0.000000
v -0.305123 0.324706 -0.111056
v -0.354337 0.208474 -0.204577
v -0.347439 0.071835 -0.291536
v -0.291536 -0.071835 -0.347439
v -0.349098 0.269913 -0.127062
v -0.378217 0.141901 -0.218364
v -0.351770 -0.000000 -0.295170
v -0.280723 -0.141902 -0.334553
v -0.384478 0.208474 -0.139939
v -0.392785 0.071835 -0.226775
v -0.347439 -0.071835 -0.291536
v -0.262998 -0.208474 -0.313429
v -0.410390 0.141901 -0.149370
v -0.397681 -0.000000 -0.229602
v -0.334553 -0.141902 -0.280723
v -0.238797 -0.269913 -0.284588
v -0.426197 0.071835 -0.155123
v -0.392785 -0.071835 -0.226775
v -0.313429 -0.208474 -0.262998
v -0.208716 -0.324706 -0.248739
v -0.431509 -0.000000 -0.157057
v -0.378217 -0.141902 -0.218364
v -0.284588 -0.269913 -0.238797
v -0.173496 -0.371503 -0.206765
v -0.426197 -0.071835 -0.155123
v -0.354337 -0.208474 -0.204576
v -0.248739 -0.324706 -0.208717
v -0.134004 -0.409153 -0.159700
v -0.410390 -0.141902 -0.149370
v -0.321731 -0.269913 -0.185751
v -0.206765 -0.371503 -0.173497
v -0.091212 -0.436728 -0.108703
v -0.384478 -0.208474 -0.139939
v -0.281203 -0.324706 -0.162353
v -0.159700 -0.409153 -0.134004
v -0.046175 -0.453550 -0.055029
v 0.000000 -0.459203 0.000000
v -0.108703 -0.436728 -0.091213
v -0.233751 -0.371503 -0.134956
v -0.349098 -0.269913 -0.127062
v -0.055029 -0.453550 -0.046175
v 0.000000 -0.459203 0.000000
v -0.180543 -0.409153 -0.104237
v -0.305123 -0.324706 -0.111056
v -0.122890 -0.436728 -0.070951
v -0.253635 -0.371503 -0.092316
v -0.062211 -0.453550 -0.035918
v 0.000000 -0.459203 0.000000
v -0.195901 -0.409153 -0.071302
v -0.133344 -0.436728 -0.048533
v -0.067503 -0.453550 -0.024569
v 0.000000 -0.459203 0.000000
v -0.365859 -0.269913 -0.064511
v -0.319772 -0.324706 -0.056385
v -0.265812 -0.371503 -0.046870
v -0.205307 -0.409153 -0.036201
v -0.139746 -0.436728 -0.024641
v -0.402937 -0.208474 -0.071049
v -0.070744 -0.453550 -0.012474
v 0.000000 -0.459203 0.000000
v -0.430093 -0.141901 -0.075837
v -0.446659 -0.071835 -0.078758
v -0.452226 -0.000000 -0.079740
v -0.446659 0.071835 -0.078758
v -0.430093 0.141901 -0.075837
v -0.402937 0.208474 -0.071049
v -0.365859 0.269913 -0.064511
v -0.319772 0.324706 -0.056385
v -0.265812 0.371503 -0.046870
v -0.205307 0.409153 -0.036201
v -0.141901 0.436728 -0.000000
v -0.208474 0.409153 -0.000000
v -0.269913 0.371503 -0.000000
v -0.324705 0.324706 -0.000000
v -0.371503 0.269913 -0.000000
v -0.070744 0.453550 0.012474
v 0.000000 0.459203 -0.000000
v -0.139746 0.436728 0.024641
v -0.205307 0.409153 0.036201
v -0.265812 0.371503 0.046870
v -0.067503 0.453550 0.024569
v 0.000000 0.459203 -0.000000
v -0.133344 0.436728 0.048533
v -0.409153 0.208474 -0.000000
v -0.319772 0.324706 0.056384
v -0.195901 0.409153 0.071302
v -0.062211 0.453550 0.035918
v 0.000000 0.459203 -0.000000
v -0.122890 0.436728 0.070951
v -0.253635 0.371503 0.092315
v -0.365859 0.269913 0.064511
v -0.436728 0.141901 -0.000000
v -0.055029 0.453550 0.046175
v 0.000000 0.459203 -0.000000
v -0.180544 0.409153 0.104237
v -0.305123 0.324706 0.111056
v -0.402937 0.208474 0.071048
v -0.453549 0.071835 -0.000000
v -0.108703 0.436728 0.091212
v -0.233751 0.371503 0.134956
v -0.349099 0.269913 0.127061
v -0.430093 0.141901 0.075837
v -0.459203 -0.000000 -0.000000
v -0.046175 0.453550 0.055029
v 0.000000 0.459203 -0.000000
v -0.281203 0.324706 0.162353
v -0.384478 0.208474 0.139938
v -0.446659 0.071835 0.078758
v -0.453549 -0.071835 -0.000000
v -0.321731 0.269913 0.185751
v -0.410390 0.141902 0.149370
v -0.452226 0.000000 0.079740
v -0.436728 -0.141901 -0.000000
v -0.354337 0.208474 0.204576
v -0.426197 0.071835 0.155123
v -0.446659 -0.071835 0.078758
v -0.409153 -0.208474 -0.000000
v -0.378217 0.141902 0.218364
v -0.431510 0.000000 0.157056
v -0.430093 -0.141901 0.075837
v -0.371503 -0.269913 -0.000000
v -0.392785 0.071835 0.226775
v -0.426197 -0.071835 0.155123
v -0.402937 -0.208474 0.071049
v -0.324705 -0.324706 -0.000000
v -0.397681 0.000000 0.229601
v -0.410390 -0.141901 0.149370
v -0.365859 -0.269913 0.064511
v -0.269913 -0.371503 -0.000000
v -0.392785 -0.071835 0.226775
v -0.384478 -0.208474 0.139938
v -0.319772 -0.324706 0.056384
v -0.208474 -0.409153 -0.000000
v -0.378217 -0.141901 0.218364
v -0.349099 -0.269913 0.127061
v -0.265812 -0.371503 0.046870
v -0.141901 -0.436728 -0.000000
v -0.354337 -0.208474 0.204576
v -0.305123 -0.324706 0.111056
v -0.205307 -0.409153 0.036201
v -0.071835 -0.453550 0.000000
v 0.000000 -0.459203 0.000000
v -0.139746 -0.436728 0.024641
v -0.253635 -0.371503 0.092316
v -0.321731 -0.269913 0.185751
v -0.070744 -0.453550 0.012474
v 0.000000 -0.459203 0.000000
v -0.195901 -0.409153 0.071302
v -0.281203 -0.324706 0.162353
v -0.133344 -0.436728 0.048533
v -0.233751 -0.371503 0.134956
v -0.067503 -0.453550 0.024569
v 0.000000 -0.459203 0.000000
v -0.180544 -0.409153 0.104237
v -0.122890 -0.436728 0.070951
v -0.062211 -0.453550 0.035918
v 0.000000 -0.459203 0.000000
v -0.284588 -0.269913 0.238797
v -0.248739 -0.324705 0.208717
v -0.206765 -0.371503 0.173497
v -0.159700 -0.409153 0.134004
v -0.108703 -0.436728 0.091213
v -0.313429 -0.208474 0.262998
v -0.055029 -0.453550 0.046175
v 0.000000 -0.459203 0.000000
v -0.334553 -0.141901 0.280723
v -0.347439 -0.071835 0.291536
v -0.351770 0.000000 0.295170
v -0.347439 0.071835 0.291536
v -0.334553 0.141902 0.280723
v -0.313429 0.208474 0.262998
v -0.284588 0.269913 0.238797
v -0.248739 0.324706 0.208717
v -0.206765 0.371503 0.173496
v -0.159700 0.409153 0.134004
v -0.091213 0.436728 0.108703
v -0.134004 0.409153 0.159700
v -0.173497 0.371503 0.206765
v -0.208717 0.324706 0.248739
v -0.238798 0.269913 0.284588
v -0.035918 0.453550 0.062211
v 0.000000 0.459203 -0.000000
v -0.070951 0.436728 0.122890
v -0.104237 0.409153 0.180544
v -0.134956 0.371503 0.233751
v -0.024569 0.453550 0.067503
v 0.000000 0.459203 -0.000000
v -0.048533 0.436728 0.133344
v -0.262998 0.208474 0.313429
v -0.162353 0.324706 0.281203
v -0.071302 0.409153 0.195901
v -0.012474 0.453550 0.070744
v 0.000000 0.459203 -0.000000
v -0.024641 0.436728 0.139746
v -0.092316 0.371503 0.253635
v -0.185751 0.269913 0.321731
v -0.280723 0.141902 0.334553
v -0.000000 0.453550 0.071835
v 0.000000 0.459203 -0.000000
v -0.036201 0.409153 0.205307
v -0.111056 0.324706 0.305123
v -0.204576 0.208474 0.354337
v -0.291536 0.071835 0.347439
v -0.000000 0.436728 0.141901
v -0.046870 0.371503 0.265812
v -0.127062 0.269913 0.349099
v -0.218364 0.141902 0.378217
v -0.295170 0.000000 0.351770
v 0.012474 0.453550 0.070744
v 0.000000 0.459203 -0.000000
v -0.056385 0.324706 0.319772
v -0.139939 0.208474 0.384478
v -0.226775 0.071835 0.392785
v -0.291536 -0.071835 0.347439
v -0.064511 0.269913 0.365859
v -0.149370 0.141902 0.410390
v -0.229602 0.000000 0.397681
v -0.280723 -0.141901 0.334553
v -0.071049 0.208474 0.402937
v -0.155123 0.071835 0.426197
v -0.226775 -0.071835 0.392785
v -0.262998 -0.208474 0.313429
v -0.075837 0.141902 0.430093
v -0.157057 0.000000 0.431510
v -0.218364 -0.141901 0.378217
v -0.238798 -0.269913 0.284588
v -0.078758 0.071835 0.446659
v -0.155123 -0.071835 0.426197
v -0.204576 -0.208474 0.354337
v -0.208717 -0.324705 0.248739
v -0.079740 0.000000 0.452226
v -0.149370 -0.141901 0.410390
v -0.185751 -0.269913 0.321731
v -0.173497 -0.371503 0.206765
v -0.078758 -0.071835 0.446659
v -0.139939 -0.208474 0.384478
v -0.162353 -0.324705 0.281203
v -0.134004 -0.409153 0.159700
v -0.075837 -0.141901 0.430093
v -0.127062 -0.269913 0.349099
v -0.134956 -0.371503 0.233751
v -0.091213 -0.436728 0.108703
v -0.071049 -0.208474 0.402937
v -0.111056 -0.324705 0.305123
v -0.104237 -0.409153 0.180544
v -0.046175 -0.453550 0.055029
v 0.000000 -0.459203 0.000000
v -0.070951 -0.436728 0.122890
v -0.092316 -0.371503 0.253635
v -0.064511 -0.269913 0.365859
v -0.035918 -0.453550 0.062211
v 0.000000 -0.459203 0.000000
v -0.071302 -0.409153 0.195901
v -0.056385 -0.324705 0.319773
v -0.048533 -0.436728 0.133344
v -0.046870 -0.371503 0.265812
v -0.024569 -0.453550 0.067503
v 0.000000 -0.459203 0.000000
v -0.036201 -0.409153 0.205307
v -0.024641 -0.436728 0.139746
v -0.012474 -0.453550 0.070744
v 0.000000 -0.459203 0.000000
v -0.000000 -0.269913 0.371503
v -0.000000 -0.324705 0.324706
v -0.000000 -0.371503 0.269913
v -0.000000 -0.409153 0.208474
v -0.000000 -0.436728 0.141902
v -0.000000 -0.208474 0.409153
v -0.000000 -0.453550 0.071835
v 0.000000 -0.459203 0.000000
v -0.000000 -0.141901 0.436728
v -0.000000 -0.071835 0.453549
v -0.000000 0.000000 0.459203
v -0.000000 0.071835 0.453549
v -0.000000 0.141902 0.436728
v -0.000000 0.208474 0.409153
v -0.000000 0.269913 0.371503
v -0.000000 0.324706 0.324705
v -0.000000 0.371503 0.269913
v -0.000000 0.409153 0.208474
v 0.024641 0.436728 0.139746
v 0.036201 0.409153 0.205307
v 0.046870 0.371503 0.265812
v 0.056384 0.324706 0.319772
v 0.064511 0.269913 0.365859
v 0.024569 0.453550 0.067503
v 0.000000 0.459203 -0.000000
v 0.048533 0.436728 0.133344
v 0.071302 0.409153 0.195901
v 0.092316 0.371503 0.253635
v 0.035918 0.453550 0.062211
v 0.000000 0.459203 -0.000000
v 0.070951 0.436728 0.122890
v 0.071049 0.208474 0.402937
v 0.111056 0.324706 0.305123
v 0.104237 0.409153 0.180544
v 0.046175 0.453550 0.055029
v 0.000000 0.459203 -0.000000
v 0.091213 0.436728 0.108703
v 0.134956 0.371503 0.233751
v 0.127062 0.269913 0.349099
v 0.075837 0.141902 0.430093
v 0.055029 0.453550 0.046175
v 0.000000 0.459203 -0.000000
v 0.134004 0.409153 0.159700
v 0.162353 0.324706 0.281203
v 0.139939 0.208474 0.384478
v 0.078758 0.071835 0.446659
v 0.108703 0.436728 0.091213
v 0.173496 0.371503 0.206765
v 0.185751 0.269913 0.321731
v 0.149370 0.141902 0.410390
v 0.079740 0.000000 0.452227
v 0.062211 0.453550 0.035918
v 0.000000 0.459203 -0.000000
v 0.208717 0.324706 0.248739
v 0.204576 0.208474 0.354337
v 0.155123 0.071835 0.426197
v 0.078758 -0.071835 0.446659
v 0.238798 0.269913 0.284588
v 0.218364 0.141902 0.378217
v 0.157057 0.000000 0.431510
v 0.075837 -0.141901 0.430093
v 0.262998 0.208474 0.313429
v 0.226775 0.071835 0.392785
v 0.155123 -0.071835 0.426197
v 0.071049 -0.208474 0.402937
v 0.280723 0.141902 0.334553
v 0.229601 0.000000 0.397681
v 0.149370 -0.141901 0.410390
v 0.064511 -0.269913 0.365859
v 0.291536 0.071835 0.347439
v 0.226775 -0.071835 0.392785
v 0.139939 -0.208474 0.384478
v 0.056384 -0.324705 0.319773
v 0.295170 0.000000 0.351770
v 0.218364 -0.141901 0.378217
v 0.127062 -0.269913 0.349099
v 0.046870 -0.371503 0.265812
v 0.291536 -0.071835 0.347439
v 0.204576 -0.208474 0.354337
v 0.111056 -0.324705 0.305123
v 0.036201 -0.409153 0.205307
v 0.280723 -0.141901 0.334553
v 0.185751 -0.269913 0.321731
v 0.092316 -0.371503 0.253635
v 0.024641 -0.436728 0.139746
v 0.262998 -0.208474 0.313429
v 0.162353 -0.324705 0.281203
v 0.071302 -0.409153 0.195901
v 0.012474 -0.453550 0.070744
v 0.000000 -0.459203 0.000000
v 0.048533 -0.436728 0.133344
v 0.134956 -0.371503 0.233751
v 0.238798 -0.269913 0.284588
v 0.024569 -0.453550 0.067503
v 0.000000 -0.459203 0.000000
v 0.104237 -0.409153 0.180544
v 0.208717 -0.324705 0.248739
v 0.070951 -0.436728 0.122890
v 0.173496 -0.371503 0.206765
v 0.035918 -0.453550 0.062211
v 0.000000 -0.459203 0.000000
v 0.134004 -0.409153 0.159700
v 0.091213 -0.436728 0.108703
v 0.046175 -0.453550 0.055029
v 0.000000 -0.459203 0.000000
v 0.284588 -0.269913 0.238798
v 0.248739 -0.324705 0.208717
v 0.206765 -0.371503 0.173497
v 0.159700 -0.409153 0.134004
v 0.108703 -0.436728 0.091213
v 0.313429 -0.208474 0.262998
v 0.055029 -0.453550 0.046175
v 0.000000 -0.459203 0.000000
v 0.334553 -0.141901 0.280723
v 0.347439 -0.071835 0.291536
v 0.351770 0.000000 0.295170
v 0.347439 0.071835 0.291536
v 0.334553 0.141902 0.280723
v 0.313429 0.208474 0.262998
v 0.284588 0.269913 0.238797
v 0.248739 0.324706 0.208717
v 0.206765 0.371503 0.173497
v 0.159700 0.409153 0.134004
v 0.122890 0.436728 0.070951
v 0.180544 0.409153 0.104237
v 0.233751 0.371503 0.134956
v 0.281203 0.324706 0.162353
v 0.321731 0.269913 0.185751
v 0.067503 0.453550 0.024569
v 0.000000 0.459203 -0.000000
v 0.133344 0.436728 0.048533
v 0.195901 0.409153 0.071302
v 0.253635 0.371503 0.092316
v 0.070744 0.453550 0.012474
v 0.000000 0.459203 -0.000000
v 0.139746 0.436728 0.024641
v 0.354337 0.208474 0.204576
v 0.305123 0.324706 0.111056
v 0.205307 0.409153 0.036201
v 0.071835 0.453550 -0.000000
v 0.000000 0.459203 -0.000000
v 0.141901 0.436728 -0.000000
v 0.265812 0.371503 0.046870
v 0.349099 0.269913 0.127061
v 0.378217 0.141902 0.218364
v 0.070744 0.453550 -0.012474
v 0.000000 0.459203 -0.000000
v 0.139746 0.436728 -0.024641
v 0.208474 0.409153 -0.000000
v 0.205307 0.409153 -0.036201
v 0.269913 0.371503 -0.000000
v 0.265812 0.371503 -0.046870
v 0.319773 0.324706 0.056385
v 0.324706 0.324706 -0.000000
v 0.319772 0.324706 -0.056384
v 0.365859 0.269913 0.064511
v 0.371503 0.269913 -0.000000
v 0.365859 0.269913 -0.064511
v 0.384478 0.208474 0.139938
v 0.402937 0.208474 0.071049
v 0.409153 0.208474 -0.000000
v 0.402937 0.208474 -0.071048
v 0.410390 0.141902 0.149370
v 0.430093 0.141901 0.075837
v 0.436728 0.141901 -0.000000
v 0.430093 0.141901 -0.075837
v 0.392785 0.071835 0.226775
v 0.426197 0.071835 0.155123
v 0.397681 0.000000 0.229602
v 0.446659 0.071835 0.078758
v 0.453550 0.071835 -0.000000
v 0.446659 0.071835 -0.078758
v 0.392785 -0.071835 0.226775
v 0.431510 0.000000 0.157057
v 0.452227 0.000000 0.079740
v 0.459203 0.000000 0.000000
v 0.452226 -0.000000 -0.079739
v 0.378217 -0.141901 0.218364
v 0.426197 -0.071835 0.155123
v 0.446659 -0.071835 0.078758
v 0.453550 -0.071835 0.000000
v 0.446659 -0.071835 -0.078758
v 0.354337 -0.208474 0.204576
v 0.410390 -0.141901 0.149370
v 0.430093 -0.141901 0.075837
v 0.436728 -0.141901 0.000000
v 0.430093 -0.141901 -0.075837
v 0.321731 -0.269913 0.185752
v 0.384478 -0.208474 0.139939
v 0.402937 -0.208474 0.071049
v 0.409153 -0.208474 0.000000
v 0.402937 -0.208474 -0.071048
v 0.281203 -0.324706 0.162353
v 0.349099 -0.269913 0.127062
v 0.365859 -0.269913 0.064511
v 0.371503 -0.269913 0.000000
v 0.365859 -0.269913 -0.064510
v 0.233751 -0.371503 0.134956
v 0.305123 -0.324706 0.111056
v 0.319773 -0.324706 0.056385
v 0.324706 -0.324706 0.000000
v 0.319772 -0.324706 -0.056384
v 0.180544 -0.409153 0.104237
v 0.253635 -0.371503 0.092316
v 0.265812 -0.371503 0.046870
v 0.269913 -0.371503 0.000000
v 0.265812 -0.371503 -0.046870
v 0.122890 -0.436728 0.070951
v 0.195901 -0.409153 0.071302
v 0.205307 -0.409153 0.036201
v 0.208474 -0.409153 0.000000
v 0.205307 -0.409153 -0.036201
v 0.062211 -0.453550 0.035918
v 0.000000 -0.459203 0.000000
v 0.133344 -0.436728 0.048533
v 0.139746 -0.436728 0.024641
v 0.141901 -0.436728 0.000000
v 0.139746 -0.436728 -0.024641
v 0.067503 -0.453550 0.024569
v 0.000000 -0.459203 0.000000
v 0.070744 -0.453550 0.012474
v 0.000000 -0.459203 0.000000
v 0.071835 -0.453550 0.000000
v 0.000000 -0.459203 0.000000
v 0.070744 -0.453550 -0.012474
v 0.000000 -0.459203 0.000000
vn 0.1950 -0.9802 -0.0344
vn -0.0000 -1.0000 -0.0000
vn 0.1861 -0.9802 -0.0678
vn 0.3107 -0.9438 -0.1131
vn 0.3256 -0.9438 -0.0574
vn 0.3108 -0.9437 -0.1131
vn 0.4399 -0.8837 -0.1601
vn 0.3256 -0.9437 -0.0574
vn 0.4609 -0.8837 -0.0813
vn 0.4399 -0.8836 -0.1601
vn 0.5615 -0.8018 -0.2043
vn 0.5884 -0.8019 -0.1038
vn 0.5616 -0.8018 -0.2044
vn 0.6704 -0.7007 -0.2440
vn 0.5884 -0.8018 -0.1038
vn 0.7026 -0.7007 -0.1239
vn 0.5885 -0.8018 -0.1038
vn 0.7641 -0.5820 -0.2781
vn 0.7642 -0.5820 -0.2781
vn 0.8008 -0.5821 -0.1413
vn 0.8394 -0.4495 -0.3054
vn 0.8008 -0.5820 -0.1413
vn 0.8797 -0.4494 -0.1551
vn 0.8946 -0.3060 -0.3257
vn 0.8798 -0.4494 -0.1552
vn 0.9376 -0.3060 -0.1653
vn 0.8946 -0.3059 -0.3257
vn 0.9284 -0.1548 -0.3379
vn 0.9376 -0.3059 -0.1653
vn 0.9730 -0.1548 -0.1715
vn 0.9397 -0.0000 -0.3421
vn 0.9848 -0.0000 -0.1737
vn 0.9730 -0.1547 -0.1715
vn 0.9284 0.1548 -0.3379
vn 0.9730 0.1547 -0.1715
vn 0.8946 0.3059 -0.3257
vn 0.9730 0.1548 -0.1715
vn 0.9376 0.3059 -0.1653
vn 0.8394 0.4495 -0.3054
vn 0.9376 0.3060 -0.1653
vn 0.8798 0.4494 -0.1551
vn 0.7642 0.5820 -0.2780
vn 0.8008 0.5820 -0.1412
vn 0.7641 0.5820 -0.2781
vn 0.6704 0.7007 -0.2440
vn 0.8008 0.5821 -0.1413
vn 0.7026 0.7007 -0.1239
vn 0.5616 0.8018 -0.2043
vn 0.5885 0.8018 -0.1038
vn 0.5615 0.8018 -0.2043
vn 0.4399 0.8836 -0.1601
vn 0.5884 0.8019 -0.1038
vn 0.4399 0.8837 -0.1601
vn 0.4609 0.8837 -0.0813
vn 0.3108 0.9437 -0.1131
vn 0.3256 0.9437 -0.0574
vn 0.3107 0.9438 -0.1131
vn 0.1861 0.9802 -0.0678
vn 0.3256 0.9438 -0.0574
vn 0.1950 0.9802 -0.0344
vn -0.0000 1.0000 -0.0000
vn 0.1716 0.9802 -0.0990
vn 0.1715 0.9802 -0.0990
vn 0.1860 0.9802 -0.0677
vn 0.2864 0.9437 -0.1654
vn 0.4398 0.8837 -0.1601
vn 0.2863 0.9438 -0.1654
vn 0.4055 0.8837 -0.2340
vn 0.5615 0.8018 -0.2044
vn 0.4054 0.8837 -0.2340
vn 0.5176 0.8018 -0.2988
vn 0.5616 0.8018 -0.2044
vn 0.1518 0.9802 -0.1274
vn 0.1517 0.9802 -0.1273
vn 0.2534 0.9437 -0.2126
vn 0.1518 0.9802 -0.1273
vn 0.2863 0.9437 -0.1654
vn 0.6181 0.7006 -0.3566
vn 0.6704 0.7007 -0.2441
vn 0.3586 0.8837 -0.3008
vn 0.3586 0.8837 -0.3007
vn 0.1273 0.9802 -0.1518
vn 0.1273 0.9802 -0.1517
vn 0.2126 0.9437 -0.2534
vn 0.1274 0.9802 -0.1518
vn 0.4578 0.8018 -0.3840
vn 0.4578 0.8018 -0.3841
vn 0.5176 0.8017 -0.2989
vn 0.6180 0.7006 -0.3566
vn 0.7042 0.5821 -0.4065
vn 0.7642 0.5820 -0.2781
vn 0.8394 0.4495 -0.3055
vn 0.0990 0.9802 -0.1716
vn 0.0990 0.9802 -0.1715
vn 0.3008 0.8837 -0.3586
vn 0.5467 0.7005 -0.4586
vn 0.5468 0.7005 -0.4586
vn 0.6181 0.7005 -0.3567
vn 0.7735 0.4495 -0.4468
vn 0.1654 0.9437 -0.2863
vn 0.1654 0.9437 -0.2864
vn 0.3007 0.8837 -0.3586
vn 0.3841 0.8018 -0.4578
vn 0.6231 0.5821 -0.5225
vn 0.7042 0.5821 -0.4066
vn 0.8246 0.3059 -0.4759
vn 0.8246 0.3058 -0.4760
vn 0.9283 0.1548 -0.3380
vn 0.0678 0.9802 -0.1861
vn 0.1654 0.9438 -0.2863
vn 0.2340 0.8837 -0.4054
vn 0.2340 0.8837 -0.4055
vn 0.3840 0.8018 -0.4578
vn 0.4586 0.7005 -0.5467
vn 0.4587 0.7005 -0.5467
vn 0.5467 0.7005 -0.4587
vn 0.6844 0.4494 -0.5741
vn 0.6231 0.5820 -0.5225
vn 0.6845 0.4494 -0.5741
vn 0.8245 0.3059 -0.4760
vn 0.8556 0.1548 -0.4940
vn 0.8556 0.1548 -0.4939
vn 0.9396 -0.0000 -0.3421
vn 0.1131 0.9438 -0.3107
vn 0.1131 0.9437 -0.3108
vn 0.2988 0.8018 -0.5176
vn 0.2989 0.8017 -0.5176
vn 0.5225 0.5821 -0.6231
vn 0.5225 0.5820 -0.6231
vn 0.7295 0.3059 -0.6118
vn 0.6845 0.4493 -0.5741
vn 0.8661 -0.0000 -0.4999
vn 0.9283 -0.1548 -0.3380
vn 0.0344 0.9802 -0.1950
vn 0.3566 0.7006 -0.6180
vn 0.3566 0.7006 -0.6181
vn 0.4586 0.7005 -0.5468
vn 0.5224 0.5821 -0.6231
vn 0.5741 0.4494 -0.6844
vn 0.7567 0.1548 -0.6351
vn 0.8556 -0.1548 -0.4939
vn 0.8556 -0.1548 -0.4940
vn 0.8946 -0.3059 -0.3258
vn 0.4065 0.5821 -0.7042
vn 0.4066 0.5821 -0.7042
vn 0.6118 0.3059 -0.7295
vn 0.7294 0.3059 -0.6118
vn 0.7567 0.1548 -0.6352
vn 0.7662 -0.0000 -0.6426
vn 0.8661 -0.0000 -0.5000
vn 0.8246 -0.3058 -0.4760
vn 0.8246 -0.3059 -0.4759
vn 0.8394 -0.4495 -0.3055
vn 0.4468 0.4495 -0.7735
vn 0.5741 0.4494 -0.6845
vn 0.6352 0.1548 -0.7567
vn 0.6352 0.1547 -0.7567
vn 0.7567 0.1547 -0.6352
vn 0.7662 -0.0000 -0.6427
vn 0.7567 -0.1547 -0.6352
vn 0.7567 -0.1548 -0.6351
vn 0.8245 -0.3059 -0.4760
vn 0.7735 -0.4495 -0.4468
vn 0.8246 -0.3059 -0.4760
vn 0.4760 0.3059 -0.8245
vn 0.4760 0.3058 -0.8246
vn 0.6351 0.1548 -0.7567
vn 0.6426 -0.0000 -0.7662
vn 0.6427 -0.0000 -0.7662
vn 0.7295 -0.3059 -0.6118
vn 0.7567 -0.1548 -0.6352
vn 0.7042 -0.5821 -0.4065
vn 0.6704 -0.7007 -0.2441
vn 0.4940 0.1548 -0.8556
vn 0.6352 -0.1547 -0.7567
vn 0.6352 -0.1548 -0.7567
vn 0.6845 -0.4494 -0.5741
vn 0.6181 -0.7006 -0.3566
vn 0.4999 -0.0000 -0.8661
vn 0.5000 -0.0000 -0.8661
vn 0.6351 -0.1548 -0.7567
vn 0.6118 -0.3059 -0.7295
vn 0.6844 -0.4494 -0.5741
vn 0.6231 -0.5820 -0.5225
vn 0.7042 -0.5821 -0.4066
vn 0.6231 -0.5821 -0.5224
vn 0.6181 -0.7006 -0.3567
vn 0.5176 -0.8018 -0.2988
vn 0.5615 -0.8018 -0.2044
vn 0.4940 -0.1548 -0.8556
vn 0.5741 -0.4494 -0.6844
vn 0.5468 -0.7005 -0.4586
vn 0.5467 -0.7005 -0.4586
vn 0.6180 -0.7006 -0.3566
vn 0.5176 -0.8017 -0.2989
vn 0.4055 -0.8837 -0.2340
vn 0.4054 -0.8837 -0.2340
vn 0.4398 -0.8837 -0.1601
vn 0.4760 -0.3058 -0.8246
vn 0.4760 -0.3059 -0.8245
vn 0.5741 -0.4493 -0.6845
vn 0.5225 -0.5820 -0.6231
vn 0.5225 -0.5821 -0.6231
vn 0.6231 -0.5821 -0.5225
vn 0.5467 -0.7005 -0.4587
vn 0.4578 -0.8018 -0.3841
vn 0.4578 -0.8018 -0.3840
vn 0.2864 -0.9437 -0.1654
vn 0.2863 -0.9438 -0.1654
vn 0.4468 -0.4495 -0.7735
vn 0.5741 -0.4494 -0.6845
vn 0.4587 -0.7005 -0.5467
vn 0.4586 -0.7005 -0.5467
vn 0.3586 -0.8837 -0.3008
vn 0.3586 -0.8837 -0.3007
vn 0.2863 -0.9437 -0.1654
vn 0.1716 -0.9802 -0.0990
vn 0.1860 -0.9802 -0.0677
vn 0.1715 -0.9802 -0.0990
vn 0.2534 -0.9437 -0.2126
vn 0.3841 -0.8018 -0.4578
vn 0.4066 -0.5821 -0.7042
vn 0.4586 -0.7005 -0.5468
vn 0.4065 -0.5821 -0.7042
vn 0.1518 -0.9802 -0.1273
vn 0.1517 -0.9802 -0.1273
vn 0.3007 -0.8837 -0.3586
vn 0.3008 -0.8837 -0.3586
vn 0.3566 -0.7006 -0.6180
vn 0.3566 -0.7006 -0.6181
vn 0.2126 -0.9437 -0.2534
vn 0.2988 -0.8018 -0.5176
vn 0.3840 -0.8018 -0.4578
vn 0.2989 -0.8017 -0.5176
vn 0.1274 -0.9802 -0.1518
vn 0.1273 -0.9802 -0.1517
vn 0.2340 -0.8837 -0.4054
vn 0.2340 -0.8837 -0.4055
vn 0.1654 -0.9437 -0.2863
vn 0.1273 -0.9802 -0.1518
vn 0.1654 -0.9437 -0.2864
vn 0.0991 -0.9802 -0.1716
vn 0.0990 -0.9802 -0.1715
vn 0.2781 -0.5820 -0.7641
vn 0.2440 -0.7007 -0.6704
vn 0.2988 -0.8017 -0.5176
vn 0.2441 -0.7007 -0.6704
vn 0.2044 -0.8018 -0.5615
vn 0.2044 -0.8018 -0.5616
vn 0.1601 -0.8837 -0.4398
vn 0.1601 -0.8837 -0.4399
vn 0.1131 -0.9438 -0.3107
vn 0.1654 -0.9438 -0.2863
vn 0.0990 -0.9802 -0.1716
vn 0.1131 -0.9437 -0.3108
vn 0.2781 -0.5820 -0.7642
vn 0.3055 -0.4495 -0.8394
vn 0.0678 -0.9802 -0.1861
vn 0.0677 -0.9802 -0.1860
vn 0.3257 -0.3059 -0.8946
vn 0.4760 -0.3059 -0.8246
vn 0.3380 -0.1548 -0.9283
vn 0.4939 -0.1549 -0.8556
vn 0.3421 -0.0000 -0.9396
vn 0.4939 -0.1548 -0.8556
vn 0.3380 0.1548 -0.9283
vn 0.4939 0.1548 -0.8556
vn 0.3257 0.3059 -0.8946
vn 0.3258 0.3059 -0.8946
vn 0.3257 0.3060 -0.8946
vn 0.3055 0.4495 -0.8394
vn 0.4759 0.3059 -0.8246
vn 0.4760 0.3059 -0.8246
vn 0.2781 0.5820 -0.7642
vn 0.2781 0.5820 -0.7641
vn 0.2441 0.7007 -0.6704
vn 0.2440 0.7007 -0.6704
vn 0.2044 0.8018 -0.5616
vn 0.2044 0.8018 -0.5615
vn 0.1601 0.8837 -0.4399
vn 0.1601 0.8837 -0.4398
vn 0.0574 0.9437 -0.3256
vn 0.0574 0.9438 -0.3256
vn 0.0813 0.8837 -0.4609
vn 0.1601 0.8836 -0.4399
vn 0.2043 0.8018 -0.5615
vn 0.1038 0.8018 -0.5884
vn 0.1038 0.8019 -0.5884
vn 0.1239 0.7007 -0.7026
vn 0.1413 0.5820 -0.8008
vn 0.3054 0.4495 -0.8394
vn 0.1413 0.5821 -0.8008
vn -0.0000 0.9802 -0.1980
vn -0.0000 0.9437 -0.3308
vn 0.0574 0.9437 -0.3257
vn -0.0000 0.9437 -0.3307
vn -0.0000 0.8837 -0.4680
vn -0.0000 0.8017 -0.5977
vn 0.1038 0.8018 -0.5885
vn -0.0000 0.8018 -0.5976
vn -0.0344 0.9802 -0.1950
vn -0.0574 0.9437 -0.3257
vn -0.0574 0.9438 -0.3256
vn 0.1551 0.4494 -0.8797
vn 0.1552 0.4494 -0.8798
vn -0.0000 0.7007 -0.7134
vn 0.1239 0.7007 -0.7027
vn 0.1412 0.5821 -0.8008
vn -0.0813 0.8837 -0.4609
vn -0.0678 0.9802 -0.1861
vn -0.1131 0.9438 -0.3107
vn -0.1131 0.9437 -0.3108
vn -0.0574 0.9437 -0.3256
vn -0.1038 0.8019 -0.5884
vn -0.1038 0.8018 -0.5885
vn -0.0000 0.5822 -0.8131
vn -0.0000 0.5821 -0.8131
vn 0.1412 0.5820 -0.8008
vn 0.1551 0.4494 -0.8798
vn 0.1653 0.3060 -0.9376
vn 0.1653 0.3059 -0.9376
vn 0.3379 0.1548 -0.9284
vn -0.0990 0.9802 -0.1716
vn -0.0990 0.9802 -0.1715
vn -0.0677 0.9802 -0.1860
vn -0.1601 0.8837 -0.4399
vn -0.1239 0.7007 -0.7026
vn -0.1239 0.7007 -0.7027
vn -0.0000 0.4494 -0.8933
vn -0.0000 0.4493 -0.8934
vn 0.1715 0.1548 -0.9730
vn 0.3421 -0.0000 -0.9397
vn -0.1654 0.9438 -0.2863
vn -0.1654 0.9437 -0.2864
vn -0.1601 0.8837 -0.4398
vn -0.2043 0.8018 -0.5615
vn -0.1601 0.8836 -0.4399
vn -0.2043 0.8018 -0.5616
vn -0.1412 0.5821 -0.8008
vn -0.1412 0.5820 -0.8008
vn -0.0000 0.3059 -0.9521
vn 0.1737 -0.0000 -0.9848
vn 0.1715 0.1547 -0.9730
vn 0.3379 -0.1548 -0.9284
vn -0.1274 0.9802 -0.1518
vn -0.1654 0.9437 -0.2863
vn -0.1273 0.9802 -0.1517
vn -0.2440 0.7007 -0.6704
vn -0.1413 0.5821 -0.8008
vn -0.1551 0.4494 -0.8798
vn -0.0000 0.1548 -0.9879
vn 0.1714 0.1548 -0.9730
vn 0.1715 -0.1547 -0.9730
vn 0.1715 -0.1548 -0.9730
vn -0.2781 0.5820 -0.7641
vn -0.2780 0.5820 -0.7642
vn -0.1653 0.3060 -0.9376
vn -0.1653 0.3059 -0.9376
vn -0.0000 -0.0000 -1.0000
vn 0.1714 -0.1547 -0.9730
vn 0.1653 -0.3059 -0.9376
vn 0.1653 -0.3060 -0.9376
vn 0.3257 -0.3060 -0.8946
vn 0.3054 -0.4495 -0.8394
vn -0.3054 0.4495 -0.8394
vn -0.1715 0.1548 -0.9730
vn -0.1714 0.1547 -0.9730
vn -0.0000 -0.1548 -0.9879
vn 0.1551 -0.4494 -0.8798
vn -0.3257 0.3060 -0.8946
vn -0.3257 0.3059 -0.8946
vn -0.1737 -0.0000 -0.9848
vn -0.0000 -0.3059 -0.9521
vn 0.1413 -0.5820 -0.8008
vn 0.2780 -0.5820 -0.7642
vn 0.1413 -0.5821 -0.8008
vn -0.3379 0.1548 -0.9284
vn -0.1715 0.1547 -0.9730
vn -0.1715 -0.1547 -0.9730
vn -0.1714 -0.1548 -0.9730
vn -0.0000 -0.4493 -0.8934
vn -0.0000 -0.4494 -0.8933
vn 0.1412 -0.5820 -0.8008
vn 0.1239 -0.7007 -0.7026
vn 0.2043 -0.8018 -0.5616
vn -0.3421 -0.0000 -0.9397
vn -0.1653 -0.3059 -0.9376
vn -0.0000 -0.5821 -0.8131
vn 0.1412 -0.5821 -0.8008
vn 0.1239 -0.7007 -0.7027
vn 0.1038 -0.8018 -0.5885
vn 0.1038 -0.8019 -0.5884
vn 0.2043 -0.8018 -0.5615
vn 0.1601 -0.8836 -0.4399
vn -0.3379 -0.1548 -0.9284
vn -0.1715 -0.1548 -0.9730
vn -0.1551 -0.4494 -0.8798
vn -0.1653 -0.3060 -0.9376
vn -0.0000 -0.7007 -0.7134
vn -0.0000 -0.5822 -0.8131
vn 0.0813 -0.8837 -0.4609
vn -0.3257 -0.3059 -0.8946
vn -0.1552 -0.4494 -0.8798
vn -0.1412 -0.5820 -0.8008
vn -0.1412 -0.5821 -0.8008
vn -0.0000 -0.8017 -0.5977
vn -0.0000 -0.8018 -0.5976
vn 0.1037 -0.8019 -0.5884
vn 0.0574 -0.9437 -0.3256
vn 0.0574 -0.9438 -0.3256
vn -0.3054 -0.4495 -0.8394
vn -0.3257 -0.3060 -0.8946
vn -0.1551 -0.4494 -0.8797
vn -0.1413 -0.5820 -0.8008
vn -0.1239 -0.7007 -0.7027
vn -0.1239 -0.7007 -0.7026
vn -0.0000 -0.8837 -0.4680
vn 0.0574 -0.9437 -0.3257
vn 0.0344 -0.9802 -0.1950
vn -0.0000 -0.9437 -0.3307
vn -0.0000 -0.9437 -0.3308
vn -0.1038 -0.8019 -0.5884
vn -0.1038 -0.8018 -0.5885
vn -0.2781 -0.5820 -0.7642
vn -0.1413 -0.5821 -0.8008
vn -0.0000 -0.9802 -0.1980
vn -0.0813 -0.8837 -0.4609
vn -0.2440 -0.7007 -0.6704
vn -0.1038 -0.8018 -0.5884
vn -0.2781 -0.5820 -0.7641
vn -0.0574 -0.9438 -0.3256
vn -0.0574 -0.9437 -0.3257
vn -0.2043 -0.8018 -0.5615
vn -0.2043 -0.8018 -0.5616
vn -0.0344 -0.9802 -0.1950
vn -0.1601 -0.8837 -0.4399
vn -0.0574 -0.9437 -0.3256
vn -0.1601 -0.8836 -0.4399
vn -0.1131 -0.9438 -0.3107
vn -0.1131 -0.9437 -0.3108
vn -0.0678 -0.9802 -0.1861
vn -0.4065 -0.5821 -0.7042
vn -0.2441 -0.7007 -0.6704
vn -0.3566 -0.7006 -0.6181
vn -0.2044 -0.8018 -0.5616
vn -0.2988 -0.8018 -0.5176
vn -0.2044 -0.8018 -0.5615
vn -0.2340 -0.8837 -0.4054
vn -0.1601 -0.8837 -0.4398
vn -0.2340 -0.8837 -0.4055
vn -0.1654 -0.9438 -0.2863
vn -0.1654 -0.9437 -0.2864
vn -0.4468 -0.4495 -0.7735
vn -0.3055 -0.4495 -0.8394
vn -0.0990 -0.9802 -0.1716
vn -0.0677 -0.9802 -0.1860
vn -0.0990 -0.9802 -0.1715
vn -0.4760 -0.3059 -0.8246
vn -0.4759 -0.3059 -0.8246
vn -0.4760 -0.3058 -0.8246
vn -0.4940 -0.1548 -0.8556
vn -0.3258 -0.3059 -0.8946
vn -0.3380 -0.1548 -0.9283
vn -0.4939 -0.1548 -0.8556
vn -0.4999 -0.0000 -0.8661
vn -0.3422 -0.0000 -0.9396
vn -0.4940 0.1548 -0.8556
vn -0.3421 -0.0000 -0.9396
vn -0.3380 0.1548 -0.9283
vn -0.4760 0.3058 -0.8246
vn -0.4760 0.3059 -0.8246
vn -0.4468 0.4495 -0.7735
vn -0.3055 0.4495 -0.8394
vn -0.4065 0.5821 -0.7042
vn -0.2781 0.5820 -0.7642
vn -0.3566 0.7006 -0.6181
vn -0.2441 0.7007 -0.6704
vn -0.2988 0.8018 -0.5176
vn -0.2044 0.8018 -0.5616
vn -0.2340 0.8837 -0.4055
vn -0.2044 0.8018 -0.5615
vn -0.2340 0.8837 -0.4054
vn -0.2126 0.9437 -0.2534
vn -0.1273 0.9802 -0.1518
vn -0.3008 0.8837 -0.3586
vn -0.3007 0.8837 -0.3586
vn -0.3841 0.8018 -0.4578
vn -0.2989 0.8017 -0.5176
vn -0.3566 0.7006 -0.6180
vn -0.3840 0.8018 -0.4578
vn -0.4586 0.7005 -0.5468
vn -0.4586 0.7005 -0.5467
vn -0.5225 0.5821 -0.6231
vn -0.4066 0.5821 -0.7042
vn -0.1518 0.9802 -0.1274
vn -0.1517 0.9802 -0.1273
vn -0.2534 0.9437 -0.2126
vn -0.3586 0.8837 -0.3008
vn -0.4578 0.8018 -0.3841
vn -0.1715 0.9802 -0.0990
vn -0.1518 0.9802 -0.1273
vn -0.2864 0.9437 -0.1654
vn -0.3586 0.8837 -0.3007
vn -0.2863 0.9437 -0.1654
vn -0.1716 0.9802 -0.0990
vn -0.5741 0.4494 -0.6844
vn -0.5225 0.5820 -0.6231
vn -0.5741 0.4494 -0.6845
vn -0.4760 0.3059 -0.8245
vn -0.5467 0.7005 -0.4587
vn -0.4587 0.7005 -0.5467
vn -0.5467 0.7005 -0.4586
vn -0.4055 0.8837 -0.2340
vn -0.4578 0.8018 -0.3840
vn -0.4054 0.8837 -0.2340
vn -0.1861 0.9802 -0.0678
vn -0.2863 0.9438 -0.1654
vn -0.1860 0.9802 -0.0677
vn -0.3107 0.9438 -0.1131
vn -0.3108 0.9437 -0.1131
vn -0.5176 0.8018 -0.2988
vn -0.5176 0.8017 -0.2989
vn -0.6231 0.5821 -0.5225
vn -0.6231 0.5820 -0.5225
vn -0.6118 0.3059 -0.7295
vn -0.5741 0.4493 -0.6845
vn -0.1950 0.9802 -0.0344
vn -0.4398 0.8837 -0.1601
vn -0.4399 0.8837 -0.1601
vn -0.6180 0.7006 -0.3566
vn -0.6181 0.7006 -0.3567
vn -0.5468 0.7005 -0.4586
vn -0.6231 0.5821 -0.5224
vn -0.6844 0.4494 -0.5741
vn -0.6352 0.1548 -0.7567
vn -0.6351 0.1548 -0.7567
vn -0.3256 0.9438 -0.0574
vn -0.3256 0.9437 -0.0574
vn -0.5615 0.8018 -0.2044
vn -0.5616 0.8018 -0.2044
vn -0.6181 0.7006 -0.3566
vn -0.7042 0.5821 -0.4065
vn -0.7042 0.5821 -0.4066
vn -0.7295 0.3059 -0.6118
vn -0.6118 0.3059 -0.7294
vn -0.6426 -0.0000 -0.7662
vn -0.5000 -0.0000 -0.8661
vn -0.1980 0.9802 -0.0000
vn -0.6704 0.7007 -0.2440
vn -0.6704 0.7007 -0.2441
vn -0.7735 0.4495 -0.4468
vn -0.6845 0.4494 -0.5741
vn -0.7567 0.1548 -0.6352
vn -0.7567 0.1547 -0.6352
vn -0.6352 0.1547 -0.7567
vn -0.6427 -0.0000 -0.7662
vn -0.6352 -0.1547 -0.7567
vn -0.6352 -0.1548 -0.7567
vn -0.7641 0.5820 -0.2781
vn -0.7642 0.5820 -0.2781
vn -0.8245 0.3059 -0.4760
vn -0.8246 0.3058 -0.4760
vn -0.7567 0.1548 -0.6351
vn -0.7662 -0.0000 -0.6426
vn -0.7662 -0.0000 -0.6427
vn -0.6118 -0.3059 -0.7295
vn -0.4760 -0.3059 -0.8245
vn -0.8394 0.4495 -0.3055
vn -0.8246 0.3059 -0.4760
vn -0.8556 0.1548 -0.4940
vn -0.7567 -0.1547 -0.6352
vn -0.7567 -0.1548 -0.6352
vn -0.5741 -0.4494 -0.6845
vn -0.5741 -0.4494 -0.6844
vn -0.4066 -0.5821 -0.7042
vn -0.8946 0.3059 -0.3257
vn -0.8246 0.3059 -0.4759
vn -0.8946 0.3059 -0.3258
vn -0.8661 -0.0000 -0.4999
vn -0.8661 -0.0000 -0.5000
vn -0.7567 -0.1548 -0.6351
vn -0.7295 -0.3059 -0.6118
vn -0.7294 -0.3059 -0.6118
vn -0.5225 -0.5820 -0.6231
vn -0.5224 -0.5821 -0.6231
vn -0.3567 -0.7006 -0.6181
vn -0.9283 0.1548 -0.3380
vn -0.8556 0.1548 -0.4939
vn -0.8556 -0.1548 -0.4940
vn -0.6844 -0.4494 -0.5741
vn -0.4586 -0.7005 -0.5468
vn -0.4586 -0.7005 -0.5467
vn -0.3566 -0.7006 -0.6180
vn -0.2989 -0.8017 -0.5176
vn -0.9396 -0.0000 -0.3421
vn -0.8246 -0.3058 -0.4760
vn -0.8245 -0.3059 -0.4760
vn -0.6845 -0.4493 -0.5741
vn -0.6231 -0.5820 -0.5225
vn -0.6231 -0.5821 -0.5225
vn -0.5225 -0.5821 -0.6231
vn -0.4587 -0.7005 -0.5467
vn -0.3841 -0.8018 -0.4578
vn -0.3840 -0.8018 -0.4578
vn -0.9283 -0.1548 -0.3380
vn -0.8556 -0.1548 -0.4939
vn -0.8556 -0.1549 -0.4939
vn -0.7735 -0.4495 -0.4468
vn -0.6845 -0.4494 -0.5741
vn -0.5467 -0.7005 -0.4587
vn -0.5467 -0.7005 -0.4586
vn -0.3008 -0.8837 -0.3586
vn -0.3007 -0.8837 -0.3586
vn -0.1654 -0.9437 -0.2863
vn -0.8946 -0.3059 -0.3257
vn -0.8246 -0.3059 -0.4759
vn -0.7042 -0.5821 -0.4065
vn -0.7042 -0.5821 -0.4066
vn -0.5468 -0.7005 -0.4586
vn -0.4578 -0.8018 -0.3841
vn -0.2126 -0.9437 -0.2534
vn -0.8394 -0.4495 -0.3055
vn -0.6181 -0.7005 -0.3567
vn -0.6180 -0.7006 -0.3566
vn -0.3586 -0.8837 -0.3008
vn -0.3586 -0.8837 -0.3007
vn -0.1273 -0.9802 -0.1518
vn -0.1273 -0.9802 -0.1517
vn -0.2534 -0.9437 -0.2126
vn -0.1274 -0.9802 -0.1518
vn -0.5176 -0.8018 -0.2988
vn -0.4578 -0.8018 -0.3840
vn -0.5176 -0.8017 -0.2989
vn -0.7641 -0.5820 -0.2781
vn -0.6181 -0.7006 -0.3566
vn -0.7642 -0.5820 -0.2781
vn -0.1518 -0.9802 -0.1274
vn -0.1517 -0.9802 -0.1273
vn -0.4054 -0.8837 -0.2340
vn -0.4055 -0.8837 -0.2340
vn -0.6704 -0.7007 -0.2440
vn -0.6704 -0.7007 -0.2441
vn -0.2863 -0.9437 -0.1654
vn -0.2864 -0.9437 -0.1654
vn -0.5615 -0.8018 -0.2044
vn -0.5616 -0.8018 -0.2044
vn -0.5176 -0.8017 -0.2988
vn -0.1715 -0.9802 -0.0990
vn -0.1518 -0.9802 -0.1273
vn -0.4398 -0.8837 -0.1601
vn -0.4399 -0.8837 -0.1601
vn -0.3107 -0.9438 -0.1131
vn -0.2863 -0.9438 -0.1654
vn -0.1716 -0.9802 -0.0990
vn -0.3108 -0.9437 -0.1131
vn -0.1861 -0.9802 -0.0678
vn -0.1860 -0.9802 -0.0677
vn -0.8008 -0.5821 -0.1413
vn -0.7026 -0.7007 -0.1239
vn -0.5616 -0.8018 -0.2043
vn -0.5884 -0.8019 -0.1038
vn -0.5615 -0.8018 -0.2043
vn -0.4399 -0.8836 -0.1601
vn -0.5885 -0.8018 -0.1038
vn -0.4609 -0.8837 -0.0813
vn -0.3256 -0.9438 -0.0574
vn -0.3256 -0.9437 -0.0574
vn -0.8008 -0.5820 -0.1413
vn -0.8798 -0.4494 -0.1551
vn -0.7642 -0.5820 -0.2780
vn -0.8394 -0.4495 -0.3054
vn -0.1950 -0.9802 -0.0344
vn -0.9376 -0.3060 -0.1653
vn -0.8946 -0.3060 -0.3257
vn -0.9376 -0.3059 -0.1653
vn -0.9730 -0.1548 -0.1715
vn -0.9284 -0.1548 -0.3379
vn -0.9730 -0.1547 -0.1715
vn -0.9848 -0.0000 -0.1737
vn -0.9397 -0.0000 -0.3421
vn -0.9730 0.1547 -0.1715
vn -0.9730 0.1548 -0.1715
vn -0.9284 0.1548 -0.3379
vn -0.9376 0.3059 -0.1653
vn -0.9376 0.3060 -0.1653
vn -0.8798 0.4494 -0.1552
vn -0.8946 0.3060 -0.3257
vn -0.8394 0.4495 -0.3054
vn -0.8797 0.4494 -0.1551
vn -0.8008 0.5820 -0.1413
vn -0.8008 0.5820 -0.1412
vn -0.7026 0.7007 -0.1239
vn -0.5885 0.8018 -0.1038
vn -0.5884 0.8018 -0.1038
vn -0.5884 0.8019 -0.1038
vn -0.4609 0.8837 -0.0813
vn -0.5615 0.8018 -0.2043
vn -0.4399 0.8836 -0.1601
vn -0.3308 0.9437 -0.0000
vn -0.3257 0.9437 -0.0574
vn -0.3307 0.9437 -0.0000
vn -0.4680 0.8837 -0.0000
vn -0.5977 0.8017 -0.0000
vn -0.5976 0.8018 -0.0000
vn -0.7134 0.7007 -0.0000
vn -0.7027 0.7007 -0.1239
vn -0.8008 0.5821 -0.1412
vn -0.8131 0.5821 -0.0000
vn -0.8798 0.4494 -0.1551
vn -0.1950 0.9802 0.0344
vn -0.3257 0.9437 0.0574
vn -0.3256 0.9438 0.0574
vn -0.4609 0.8837 0.0813
vn -0.5885 0.8018 0.1038
vn -0.5884 0.8019 0.1038
vn -0.1861 0.9802 0.0678
vn -0.3108 0.9437 0.1131
vn -0.3256 0.9437 0.0574
vn -0.3107 0.9438 0.1131
vn -0.8933 0.4494 -0.0000
vn -0.8934 0.4493 -0.0000
vn -0.7027 0.7007 0.1239
vn -0.8131 0.5822 -0.0000
vn -0.7026 0.7007 0.1239
vn -0.4399 0.8837 0.1601
vn -0.1716 0.9802 0.0990
vn -0.1715 0.9802 0.0990
vn -0.1860 0.9802 0.0678
vn -0.2863 0.9438 0.1654
vn -0.2864 0.9437 0.1654
vn -0.4398 0.8837 0.1601
vn -0.5615 0.8018 0.2043
vn -0.4399 0.8836 0.1601
vn -0.5616 0.8018 0.2043
vn -0.8008 0.5821 0.1412
vn -0.8008 0.5820 0.1412
vn -0.9521 0.3059 -0.0000
vn -0.1518 0.9802 0.1274
vn -0.1517 0.9802 0.1273
vn -0.4054 0.8837 0.2340
vn -0.4055 0.8837 0.2340
vn -0.5615 0.8018 0.2044
vn -0.6704 0.7007 0.2440
vn -0.8008 0.5821 0.1413
vn -0.8798 0.4494 0.1551
vn -0.9879 0.1548 -0.0000
vn -0.9730 0.1548 -0.1714
vn -0.2534 0.9437 0.2126
vn -0.1518 0.9802 0.1273
vn -0.2863 0.9437 0.1654
vn -0.5176 0.8018 0.2988
vn -0.5616 0.8018 0.2044
vn -0.7641 0.5820 0.2781
vn -0.7642 0.5820 0.2780
vn -0.9376 0.3060 0.1653
vn -0.9376 0.3059 0.1653
vn -1.0000 -0.0000 -0.0000
vn -0.9730 -0.1547 -0.1714
vn -0.1273 0.9802 0.1518
vn -0.1273 0.9802 0.1517
vn -0.6181 0.7006 0.3566
vn -0.6704 0.7007 0.2441
vn -0.8394 0.4495 0.3054
vn -0.9730 0.1548 0.1715
vn -0.9730 0.1547 0.1714
vn -0.9879 -0.1548 -0.0000
vn -0.7042 0.5821 0.4065
vn -0.7642 0.5820 0.2781
vn -0.8394 0.4495 0.3055
vn -0.8946 0.3060 0.3257
vn -0.8946 0.3059 0.3257
vn -0.9848 -0.0000 0.1737
vn -0.9521 -0.3059 -0.0000
vn -0.7735 0.4495 0.4468
vn -0.9284 0.1548 0.3379
vn -0.9730 0.1547 0.1715
vn -0.9730 -0.1547 0.1715
vn -0.9730 -0.1548 0.1714
vn -0.8934 -0.4493 -0.0000
vn -0.8933 -0.4494 -0.0000
vn -0.8008 -0.5820 -0.1412
vn -0.8246 0.3059 0.4759
vn -0.8246 0.3058 0.4760
vn -0.9283 0.1548 0.3380
vn -0.9397 -0.0000 0.3421
vn -0.9376 -0.3059 0.1653
vn -0.9730 -0.1548 0.1715
vn -0.8131 -0.5821 -0.0000
vn -0.8008 -0.5821 -0.1412
vn -0.7027 -0.7007 -0.1239
vn -0.8556 0.1548 0.4940
vn -0.8556 0.1548 0.4939
vn -0.9396 -0.0000 0.3421
vn -0.9284 -0.1548 0.3379
vn -0.8798 -0.4494 0.1551
vn -0.9376 -0.3060 0.1653
vn -0.7134 -0.7007 -0.0000
vn -0.8661 -0.0000 0.4999
vn -0.9283 -0.1548 0.3380
vn -0.8946 -0.3059 0.3257
vn -0.8946 -0.3060 0.3257
vn -0.8798 -0.4494 0.1552
vn -0.8008 -0.5820 0.1412
vn -0.8008 -0.5821 0.1412
vn -0.5977 -0.8017 -0.0000
vn -0.5976 -0.8018 -0.0000
vn -0.8556 -0.1548 0.4939
vn -0.8946 -0.3059 0.3258
vn -0.8394 -0.4495 0.3054
vn -0.8797 -0.4494 0.1551
vn -0.8008 -0.5820 0.1413
vn -0.7027 -0.7007 0.1239
vn -0.7026 -0.7007 0.1239
vn -0.4680 -0.8837 -0.0000
vn -0.3257 -0.9437 -0.0574
vn -0.8246 -0.3058 0.4760
vn -0.8556 -0.1548 0.4940
vn -0.8246 -0.3059 0.4759
vn -0.8394 -0.4495 0.3055
vn -0.7642 -0.5820 0.2781
vn -0.8008 -0.5821 0.1413
vn -0.5885 -0.8018 0.1038
vn -0.5884 -0.8019 0.1038
vn -0.3308 -0.9437 -0.0000
vn -0.3307 -0.9437 -0.0000
vn -0.7735 -0.4495 0.4468
vn -0.8246 -0.3059 0.4760
vn -0.6704 -0.7007 0.2440
vn -0.7641 -0.5820 0.2781
vn -0.5884 -0.8018 0.1038
vn -0.4609 -0.8837 0.0813
vn -0.1980 -0.9802 -0.0000
vn -0.3256 -0.9438 0.0574
vn -0.3257 -0.9437 0.0574
vn -0.5615 -0.8018 0.2043
vn -0.5616 -0.8018 0.2043
vn -0.7042 -0.5821 0.4065
vn -0.6704 -0.7007 0.2441
vn -0.1950 -0.9802 0.0344
vn -0.4399 -0.8837 0.1601
vn -0.3256 -0.9437 0.0574
vn -0.4399 -0.8836 0.1601
vn -0.6181 -0.7006 0.3566
vn -0.5616 -0.8018 0.2044
vn -0.3107 -0.9438 0.1131
vn -0.3108 -0.9437 0.1131
vn -0.5176 -0.8018 0.2988
vn -0.5615 -0.8018 0.2044
vn -0.1861 -0.9802 0.0678
vn -0.4054 -0.8837 0.2340
vn -0.4398 -0.8837 0.1601
vn -0.4055 -0.8837 0.2340
vn -0.2863 -0.9438 0.1654
vn -0.2864 -0.9437 0.1654
vn -0.1716 -0.9802 0.0990
vn -0.1860 -0.9802 0.0677
vn -0.1715 -0.9802 0.0990
vn -0.6231 -0.5821 0.5224
vn -0.6181 -0.7006 0.3567
vn -0.5467 -0.7005 0.4586
vn -0.6180 -0.7006 0.3566
vn -0.5176 -0.8017 0.2989
vn -0.5468 -0.7005 0.4586
vn -0.4578 -0.8018 0.3840
vn -0.4578 -0.8018 0.3841
vn -0.3586 -0.8837 0.3007
vn -0.2863 -0.9437 0.1654
vn -0.3586 -0.8837 0.3008
vn -0.2534 -0.9437 0.2126
vn -0.6231 -0.5820 0.5225
vn -0.6844 -0.4494 0.5741
vn -0.7042 -0.5821 0.4066
vn -0.6845 -0.4494 0.5741
vn -0.1518 -0.9802 0.1273
vn -0.1517 -0.9802 0.1273
vn -0.7295 -0.3059 0.6118
vn -0.8245 -0.3059 0.4760
vn -0.7567 -0.1548 0.6352
vn -0.7567 -0.1548 0.6351
vn -0.7567 -0.1547 0.6352
vn -0.7662 -0.0000 0.6426
vn -0.7567 0.1548 0.6351
vn -0.8661 -0.0000 0.5000
vn -0.7295 0.3059 0.6118
vn -0.6845 0.4493 0.5741
vn -0.8245 0.3059 0.4760
vn -0.6845 0.4494 0.5741
vn -0.6844 0.4494 0.5741
vn -0.6231 0.5820 0.5225
vn -0.6231 0.5821 0.5225
vn -0.5468 0.7005 0.4586
vn -0.7042 0.5821 0.4066
vn -0.6181 0.7005 0.3567
vn -0.5467 0.7005 0.4586
vn -0.4578 0.8018 0.3841
vn -0.6180 0.7006 0.3566
vn -0.5176 0.8017 0.2989
vn -0.4578 0.8018 0.3840
vn -0.3586 0.8837 0.3007
vn -0.3586 0.8837 0.3008
vn -0.2126 0.9437 0.2534
vn -0.1274 0.9802 0.1518
vn -0.3008 0.8837 0.3586
vn -0.3841 0.8018 0.4578
vn -0.4587 0.7005 0.5467
vn -0.5467 0.7005 0.4587
vn -0.4586 0.7005 0.5467
vn -0.5225 0.5820 0.6231
vn -0.5225 0.5821 0.6231
vn -0.0990 0.9802 0.1716
vn -0.0990 0.9802 0.1715
vn -0.1654 0.9437 0.2864
vn -0.3007 0.8837 0.3586
vn -0.1654 0.9437 0.2863
vn -0.2340 0.8837 0.4055
vn -0.3840 0.8018 0.4578
vn -0.2989 0.8017 0.5176
vn -0.2988 0.8018 0.5176
vn -0.0678 0.9802 0.1861
vn -0.1654 0.9438 0.2863
vn -0.0677 0.9802 0.1860
vn -0.1131 0.9437 0.3108
vn -0.2340 0.8837 0.4054
vn -0.1131 0.9438 0.3107
vn -0.5741 0.4494 0.6844
vn -0.3567 0.7006 0.6181
vn -0.4586 0.7005 0.5468
vn -0.5224 0.5821 0.6231
vn -0.3566 0.7006 0.6180
vn -0.1601 0.8837 0.4399
vn -0.1601 0.8837 0.4398
vn -0.0344 0.9802 0.1950
vn -0.0574 0.9438 0.3256
vn -0.0574 0.9437 0.3257
vn -0.2044 0.8018 0.5615
vn -0.2044 0.8018 0.5616
vn -0.3566 0.7006 0.6181
vn -0.4065 0.5821 0.7042
vn -0.4066 0.5821 0.7042
vn -0.6118 0.3059 0.7295
vn -0.7567 0.1548 0.6352
vn -0.0000 0.9802 0.1980
vn -0.0813 0.8837 0.4609
vn -0.0574 0.9437 0.3256
vn -0.1601 0.8836 0.4399
vn -0.2043 0.8018 0.5615
vn -0.2440 0.7007 0.6704
vn -0.2441 0.7007 0.6704
vn -0.4468 0.4495 0.7735
vn -0.5741 0.4494 0.6845
vn -0.6352 0.1548 0.7567
vn -0.6352 0.1547 0.7567
vn -0.7567 0.1547 0.6352
vn -0.7662 -0.0000 0.6427
vn -0.0000 0.9437 0.3307
vn -0.0000 0.9437 0.3308
vn -0.1038 0.8019 0.5884
vn -0.1038 0.8018 0.5884
vn -0.2043 0.8018 0.5616
vn -0.2781 0.5820 0.7641
vn -0.2781 0.5820 0.7642
vn -0.4760 0.3059 0.8245
vn -0.4760 0.3058 0.8246
vn -0.6426 -0.0000 0.7662
vn -0.6427 -0.0000 0.7662
vn 0.0344 0.9802 0.1950
vn -0.1239 0.7007 0.7026
vn -0.3055 0.4495 0.8394
vn -0.4760 0.3059 0.8246
vn -0.4940 0.1548 0.8556
vn -0.6351 0.1548 0.7567
vn -0.6352 -0.1547 0.7567
vn -0.6352 -0.1548 0.7567
vn -0.1413 0.5821 0.8008
vn -0.1413 0.5820 0.8008
vn -0.3054 0.4495 0.8394
vn -0.3257 0.3059 0.8946
vn -0.4759 0.3059 0.8246
vn -0.3258 0.3059 0.8946
vn -0.4939 0.1548 0.8556
vn -0.4999 -0.0000 0.8661
vn -0.5000 -0.0000 0.8661
vn -0.6351 -0.1547 0.7567
vn -0.6118 -0.3059 0.7295
vn -0.6118 -0.3059 0.7294
vn -0.1551 0.4494 0.8797
vn -0.1552 0.4494 0.8798
vn -0.3257 0.3060 0.8946
vn -0.3380 0.1548 0.9283
vn -0.4940 -0.1548 0.8556
vn -0.6351 -0.1548 0.7567
vn -0.5741 -0.4494 0.6844
vn -0.1653 0.3060 0.9376
vn -0.1653 0.3059 0.9376
vn -0.3379 0.1548 0.9284
vn -0.3421 -0.0000 0.9396
vn -0.4760 -0.3058 0.8246
vn -0.4760 -0.3059 0.8245
vn -0.5741 -0.4494 0.6845
vn -0.5225 -0.5820 0.6231
vn -0.5225 -0.5821 0.6231
vn -0.6231 -0.5821 0.5225
vn -0.5467 -0.7005 0.4587
vn -0.1715 0.1548 0.9730
vn -0.1715 0.1547 0.9730
vn -0.3421 -0.0000 0.9397
vn -0.3380 -0.1548 0.9283
vn -0.4939 -0.1548 0.8556
vn -0.4468 -0.4495 0.7735
vn -0.4587 -0.7005 0.5467
vn -0.4586 -0.7005 0.5467
vn -0.1737 -0.0000 0.9848
vn -0.3379 -0.1548 0.9284
vn -0.3257 -0.3059 0.8946
vn -0.4760 -0.3059 0.8246
vn -0.4065 -0.5821 0.7042
vn -0.4066 -0.5821 0.7042
vn -0.4586 -0.7005 0.5468
vn -0.3841 -0.8018 0.4578
vn -0.1715 -0.1547 0.9730
vn -0.1715 -0.1548 0.9730
vn -0.3055 -0.4495 0.8394
vn -0.3567 -0.7005 0.6181
vn -0.3566 -0.7006 0.6180
vn -0.3008 -0.8837 0.3586
vn -0.3007 -0.8837 0.3586
vn -0.1653 -0.3059 0.9376
vn -0.1653 -0.3060 0.9376
vn -0.3257 -0.3060 0.8946
vn -0.3054 -0.4495 0.8394
vn -0.2781 -0.5820 0.7642
vn -0.2781 -0.5820 0.7641
vn -0.3566 -0.7006 0.6181
vn -0.2989 -0.8017 0.5176
vn -0.2988 -0.8018 0.5176
vn -0.3840 -0.8018 0.4578
vn -0.2126 -0.9437 0.2534
vn -0.1518 -0.9802 0.1274
vn -0.1551 -0.4494 0.8798
vn -0.2780 -0.5820 0.7642
vn -0.2441 -0.7007 0.6704
vn -0.2440 -0.7007 0.6704
vn -0.2988 -0.8017 0.5176
vn -0.2340 -0.8837 0.4055
vn -0.1274 -0.9802 0.1518
vn -0.1273 -0.9802 0.1517
vn -0.1654 -0.9437 0.2863
vn -0.1273 -0.9802 0.1518
vn -0.1654 -0.9437 0.2864
vn -0.2044 -0.8018 0.5615
vn -0.2044 -0.8018 0.5616
vn -0.1413 -0.5821 0.8008
vn -0.1413 -0.5820 0.8008
vn -0.0990 -0.9802 0.1716
vn -0.0990 -0.9802 0.1715
vn -0.1601 -0.8837 0.4398
vn -0.2340 -0.8837 0.4054
vn -0.1601 -0.8837 0.4399
vn -0.1239 -0.7007 0.7026
vn -0.2043 -0.8018 0.5616
vn -0.1131 -0.9438 0.3107
vn -0.1654 -0.9438 0.2863
vn -0.1131 -0.9437 0.3108
vn -0.1038 -0.8019 0.5884
vn -0.2043 -0.8018 0.5615
vn -0.1601 -0.8836 0.4399
vn -0.1038 -0.8018 0.5885
vn -0.0678 -0.9802 0.1861
vn -0.0677 -0.9802 0.1860
vn -0.0813 -0.8837 0.4609
vn -0.0574 -0.9438 0.3256
vn -0.0574 -0.9437 0.3256
vn -0.0344 -0.9802 0.1950
vn -0.0000 -0.5821 0.8131
vn -0.1412 -0.5821 0.8008
vn -0.1239 -0.7007 0.7027
vn -0.0000 -0.7007 0.7134
vn -0.0000 -0.5822 0.8131
vn -0.0000 -0.8018 0.5976
vn -0.0000 -0.8017 0.5977
vn -0.0000 -0.8837 0.4680
vn -0.0574 -0.9437 0.3257
vn -0.0000 -0.9437 0.3307
vn -0.0000 -0.9437 0.3308
vn -0.0000 -0.4494 0.8933
vn -0.1412 -0.5820 0.8008
vn -0.0000 -0.9802 0.1980
vn -0.0000 -0.4493 0.8934
vn -0.0000 -0.3059 0.9521
vn -0.0000 -0.1548 0.9879
vn -0.0000 -0.0000 1.0000
vn -0.1714 -0.1547 0.9730
vn -0.0000 0.1548 0.9879
vn -0.0000 0.3059 0.9521
vn -0.1714 0.1548 0.9730
vn -0.0000 0.4493 0.8934
vn -0.1551 0.4494 0.8798
vn -0.0000 0.4494 0.8933
vn -0.0000 0.5821 0.8131
vn -0.1412 0.5820 0.8008
vn -0.0000 0.7007 0.7134
vn -0.1412 0.5821 0.8008
vn -0.1239 0.7007 0.7027
vn -0.0000 0.8017 0.5977
vn -0.1038 0.8018 0.5885
vn -0.0000 0.8018 0.5976
vn -0.0000 0.8837 0.4680
vn -0.1037 0.8019 0.5884
vn 0.0574 0.9437 0.3257
vn 0.0574 0.9438 0.3256
vn 0.0813 0.8837 0.4609
vn 0.1038 0.8018 0.5885
vn 0.1038 0.8019 0.5884
vn 0.1239 0.7007 0.7027
vn -0.0000 0.5822 0.8131
vn 0.1239 0.7007 0.7026
vn 0.1412 0.5820 0.8008
vn 0.1412 0.5821 0.8008
vn 0.0678 0.9802 0.1861
vn 0.1131 0.9437 0.3108
vn 0.0574 0.9437 0.3256
vn 0.1131 0.9438 0.3107
vn 0.1601 0.8837 0.4399
vn 0.2043 0.8018 0.5616
vn 0.2043 0.8018 0.5615
vn 0.1601 0.8836 0.4399
vn 0.0990 0.9802 0.1716
vn 0.0990 0.9802 0.1715
vn 0.0677 0.9802 0.1860
vn 0.1654 0.9437 0.2864
vn 0.1601 0.8837 0.4398
vn 0.1654 0.9438 0.2863
vn 0.1551 0.4494 0.8798
vn -0.0000 0.4494 0.8934
vn 0.2440 0.7007 0.6704
vn 0.1413 0.5821 0.8008
vn 0.2340 0.8837 0.4055
vn 0.2044 0.8018 0.5615
vn 0.2340 0.8837 0.4054
vn 0.1273 0.9802 0.1517
vn 0.1654 0.9437 0.2863
vn 0.2126 0.9437 0.2534
vn 0.1274 0.9802 0.1518
vn 0.2988 0.8018 0.5176
vn 0.2044 0.8018 0.5616
vn 0.2781 0.5820 0.7641
vn 0.2780 0.5820 0.7642
vn 0.1413 0.5820 0.8008
vn 0.1653 0.3060 0.9376
vn 0.1653 0.3059 0.9376
vn 0.1518 0.9802 0.1273
vn 0.1273 0.9802 0.1518
vn 0.1517 0.9802 0.1273
vn 0.3007 0.8837 0.3586
vn 0.3008 0.8837 0.3586
vn 0.3566 0.7006 0.6181
vn 0.2988 0.8017 0.5176
vn 0.2441 0.7007 0.6704
vn 0.3054 0.4495 0.8394
vn 0.2781 0.5820 0.7642
vn 0.1715 0.1548 0.9730
vn 0.1714 0.1547 0.9730
vn 0.2534 0.9437 0.2126
vn 0.1518 0.9802 0.1274
vn 0.3840 0.8018 0.4578
vn 0.3841 0.8018 0.4578
vn 0.2989 0.8017 0.5176
vn 0.3566 0.7006 0.6180
vn 0.4065 0.5821 0.7042
vn 0.3055 0.4495 0.8394
vn 0.3257 0.3060 0.8946
vn 0.3257 0.3059 0.8946
vn 0.1737 -0.0000 0.9848
vn 0.1716 0.9802 0.0990
vn 0.1715 0.9802 0.0990
vn 0.4586 0.7005 0.5467
vn 0.4586 0.7005 0.5468
vn 0.3567 0.7005 0.6181
vn 0.4468 0.4495 0.7735
vn 0.3379 0.1548 0.9284
vn 0.1715 0.1547 0.9730
vn 0.1715 -0.1547 0.9730
vn 0.1714 -0.1548 0.9730
vn 0.5225 0.5821 0.6231
vn 0.4066 0.5821 0.7042
vn 0.4760 0.3059 0.8246
vn 0.4760 0.3058 0.8246
vn 0.3380 0.1548 0.9283
vn 0.3421 -0.0000 0.9397
vn 0.1653 -0.3059 0.9376
vn 0.1715 -0.1548 0.9730
vn 0.0001 -0.4493 0.8934
vn 0.5741 0.4494 0.6844
vn 0.5225 0.5820 0.6231
vn 0.5741 0.4494 0.6845
vn 0.4760 0.3059 0.8245
vn 0.4940 0.1548 0.8556
vn 0.4939 0.1548 0.8556
vn 0.3421 -0.0000 0.9396
vn 0.3379 -0.1548 0.9284
vn 0.1551 -0.4494 0.8798
vn 0.6118 0.3059 0.7295
vn 0.5741 0.4493 0.6845
vn 0.4999 -0.0000 0.8661
vn 0.3422 -0.0000 0.9396
vn 0.3380 -0.1548 0.9283
vn 0.3257 -0.3059 0.8946
vn 0.1653 -0.3060 0.9376
vn 0.1552 -0.4494 0.8798
vn 0.1412 -0.5820 0.8008
vn 0.1412 -0.5821 0.8008
vn 0.6351 0.1548 0.7567
vn 0.5000 -0.0000 0.8661
vn 0.4939 -0.1548 0.8556
vn 0.4940 -0.1548 0.8556
vn 0.3258 -0.3059 0.8946
vn 0.3054 -0.4495 0.8394
vn 0.1551 -0.4494 0.8797
vn 0.1413 -0.5820 0.8008
vn 0.1239 -0.7007 0.7027
vn 0.1239 -0.7007 0.7026
vn 0.6426 -0.0000 0.7662
vn 0.4760 -0.3058 0.8246
vn 0.4759 -0.3059 0.8246
vn 0.3055 -0.4495 0.8394
vn 0.2781 -0.5820 0.7642
vn 0.2781 -0.5820 0.7641
vn 0.1413 -0.5821 0.8008
vn 0.1038 -0.8018 0.5885
vn 0.1038 -0.8019 0.5884
vn 0.6352 -0.1547 0.7567
vn 0.6352 -0.1548 0.7567
vn 0.4760 -0.3059 0.8245
vn 0.4468 -0.4495 0.7735
vn 0.4760 -0.3059 0.8246
vn 0.2440 -0.7007 0.6704
vn 0.1038 -0.8018 0.5884
vn 0.0813 -0.8837 0.4609
vn 0.1037 -0.8019 0.5884
vn 0.6118 -0.3059 0.7295
vn 0.6351 -0.1548 0.7567
vn 0.4065 -0.5821 0.7042
vn 0.2441 -0.7007 0.6704
vn 0.2043 -0.8018 0.5616
vn 0.2043 -0.8018 0.5615
vn 0.0574 -0.9437 0.3257
vn 0.0574 -0.9438 0.3256
vn 0.5741 -0.4494 0.6845
vn 0.5741 -0.4494 0.6844
vn 0.4066 -0.5821 0.7042
vn 0.3566 -0.7006 0.6181
vn 0.2044 -0.8018 0.5616
vn 0.1601 -0.8836 0.4399
vn 0.1601 -0.8837 0.4399
vn 0.0574 -0.9437 0.3256
vn 0.0344 -0.9802 0.1950
vn 0.1131 -0.9438 0.3107
vn 0.1131 -0.9437 0.3108
vn 0.2988 -0.8018 0.5176
vn 0.2044 -0.8018 0.5615
vn 0.5224 -0.5821 0.6231
vn 0.3567 -0.7006 0.6181
vn 0.5225 -0.5820 0.6231
vn 0.0678 -0.9802 0.1861
vn 0.2340 -0.8837 0.4054
vn 0.1601 -0.8837 0.4398
vn 0.2340 -0.8837 0.4055
vn 0.4586 -0.7005 0.5468
vn 0.3566 -0.7006 0.6180
vn 0.2989 -0.8017 0.5176
vn 0.1654 -0.9438 0.2863
vn 0.1654 -0.9437 0.2864
vn 0.3840 -0.8018 0.4578
vn 0.3841 -0.8018 0.4578
vn 0.4586 -0.7005 0.5467
vn 0.0990 -0.9802 0.1716
vn 0.0677 -0.9802 0.1860
vn 0.0990 -0.9802 0.1715
vn 0.3007 -0.8837 0.3586
vn 0.1654 -0.9437 0.2863
vn 0.3008 -0.8837 0.3586
vn 0.2126 -0.9437 0.2534
vn 0.1273 -0.9802 0.1518
vn 0.1273 -0.9802 0.1517
vn 0.6231 -0.5821 0.5225
vn 0.5225 -0.5821 0.6231
vn 0.4587 -0.7005 0.5467
vn 0.5467 -0.7005 0.4586
vn 0.5467 -0.7005 0.4587
vn 0.4578 -0.8018 0.3841
vn 0.3586 -0.8837 0.3007
vn 0.3586 -0.8837 0.3008
vn 0.2534 -0.9437 0.2126
vn 0.6231 -0.5820 0.5225
vn 0.6844 -0.4494 0.5741
vn 0.1518 -0.9802 0.1274
vn 0.1517 -0.9802 0.1273
vn 0.7295 -0.3059 0.6118
vn 0.7294 -0.3059 0.6118
vn 0.7567 -0.1548 0.6352
vn 0.7567 -0.1547 0.6352
vn 0.7662 -0.0000 0.6427
vn 0.7662 -0.0000 0.6426
vn 0.7567 0.1547 0.6352
vn 0.6427 -0.0000 0.7662
vn 0.6352 0.1547 0.7567
vn 0.7567 0.1548 0.6352
vn 0.7295 0.3059 0.6118
vn 0.6352 0.1548 0.7567
vn 0.6844 0.4494 0.5741
vn 0.6231 0.5820 0.5225
vn 0.6231 0.5821 0.5225
vn 0.5467 0.7005 0.4587
vn 0.4587 0.7005 0.5467
vn 0.5467 0.7005 0.4586
vn 0.4578 0.8018 0.3841
vn 0.3586 0.8837 0.3008
vn 0.2864 0.9437 0.1654
vn 0.3586 0.8837 0.3007
vn 0.2863 0.9437 0.1654
vn 0.4055 0.8837 0.2340
vn 0.4578 0.8018 0.3840
vn 0.4054 0.8837 0.2340
vn 0.5176 0.8017 0.2989
vn 0.5176 0.8018 0.2988
vn 0.6181 0.7006 0.3566
vn 0.5468 0.7005 0.4586
vn 0.6231 0.5821 0.5224
vn 0.6180 0.7006 0.3566
vn 0.7042 0.5821 0.4066
vn 0.7042 0.5821 0.4065
vn 0.6181 0.7006 0.3567
vn 0.1861 0.9802 0.0678
vn 0.2863 0.9438 0.1654
vn 0.1860 0.9802 0.0677
vn 0.3108 0.9437 0.1131
vn 0.3107 0.9438 0.1131
vn 0.4399 0.8837 0.1601
vn 0.4398 0.8837 0.1601
vn 0.5616 0.8018 0.2044
vn 0.5615 0.8018 0.2044
vn 0.1950 0.9802 0.0344
vn 0.3256 0.9437 0.0574
vn 0.3256 0.9438 0.0574
vn 0.7735 0.4495 0.4468
vn 0.6845 0.4494 0.5741
vn 0.6704 0.7007 0.2441
vn 0.6704 0.7007 0.2440
vn 0.4609 0.8837 0.0813
vn 0.4399 0.8836 0.1601
vn 0.5615 0.8018 0.2043
vn 0.1980 0.9802 -0.0000
vn 0.3307 0.9437 -0.0000
vn 0.3308 0.9437 -0.0000
vn 0.3257 0.9437 0.0574
vn 0.5884 0.8019 0.1038
vn 0.5884 0.8018 0.1038
vn 0.7641 0.5820 0.2781
vn 0.7642 0.5820 0.2781
vn 0.8245 0.3059 0.4760
vn 0.8246 0.3058 0.4760
vn 0.7567 0.1548 0.6351
vn 0.4680 0.8837 -0.0000
vn 0.3257 0.9437 -0.0574
vn 0.5884 0.8019 0.1037
vn 0.5976 0.8018 -0.0000
vn 0.5884 0.8019 -0.1037
vn 0.5977 0.8017 -0.0000
vn 0.5885 0.8018 0.1038
vn 0.7026 0.7007 0.1239
vn 0.7134 0.7007 -0.0000
vn 0.8008 0.5821 0.1413
vn 0.7027 0.7007 0.1239
vn 0.8008 0.5821 0.1412
vn 0.7027 0.7007 -0.1239
vn 0.8131 0.5821 -0.0000
vn 0.8008 0.5821 -0.1412
vn 0.8008 0.5820 0.1413
vn 0.8394 0.4495 0.3054
vn 0.8394 0.4495 0.3055
vn 0.8246 0.3059 0.4760
vn 0.8008 0.5820 0.1412
vn 0.8798 0.4494 0.1551
vn 0.8797 0.4494 0.1551
vn 0.8933 0.4494 -0.0000
vn 0.8946 0.3060 0.3257
vn 0.8246 0.3059 0.4759
vn 0.8798 0.4494 0.1552
vn 0.8934 0.4493 -0.0000
vn 0.9376 0.3059 0.1653
vn 0.9376 0.3060 0.1653
vn 0.8934 0.4494 -0.0000
vn 0.9521 0.3059 -0.0000
vn 0.8946 0.3059 0.3258
vn 0.8556 0.1548 0.4939
vn 0.8556 0.1548 0.4940
vn 0.8946 0.3059 0.3257
vn 0.9284 0.1548 0.3379
vn 0.9283 0.1548 0.3380
vn 0.8661 -0.0000 0.4999
vn 0.8661 -0.0000 0.5000
vn 0.7567 -0.1548 0.6351
vn 0.9730 0.1548 0.1715
vn 0.9879 0.1548 -0.0000
vn 0.9730 0.1548 0.1714
vn 0.8556 -0.1548 0.4940
vn 0.9396 -0.0000 0.3421
vn 0.9397 -0.0000 0.3421
vn 0.9730 0.1547 0.1715
vn 0.9848 -0.0000 0.1737
vn 1.0000 -0.0000 -0.0000
vn 0.9730 0.1547 -0.1714
vn 0.8246 -0.3058 0.4760
vn 0.8245 -0.3059 0.4760
vn 0.6845 -0.4493 0.5741
vn 0.9283 -0.1548 0.3380
vn 0.8556 -0.1548 0.4939
vn 0.9284 -0.1548 0.3379
vn 0.9730 -0.1547 0.1714
vn 0.9730 -0.1547 0.1715
vn 0.9879 -0.1548 -0.0000
vn 0.7735 -0.4495 0.4468
vn 0.6845 -0.4494 0.5741
vn 0.8946 -0.3059 0.3257
vn 0.9730 -0.1548 0.1715
vn 0.8246 -0.3059 0.4760
vn 0.9376 -0.3059 0.1653
vn 0.9730 -0.1548 -0.1714
vn 0.9521 -0.3059 -0.0000
vn 0.7042 -0.5821 0.4065
vn 0.7042 -0.5821 0.4066
vn 0.5468 -0.7005 0.4586
vn 0.8394 -0.4495 0.3055
vn 0.9376 -0.3060 0.1653
vn 0.8394 -0.4495 0.3054
vn 0.8798 -0.4494 0.1551
vn 0.8933 -0.4494 -0.0000
vn 0.8934 -0.4493 -0.0000
vn 0.8798 -0.4494 -0.1551
vn 0.6181 -0.7006 0.3566
vn 0.6180 -0.7006 0.3566
vn 0.7642 -0.5820 0.2781
vn 0.7642 -0.5820 0.2780
vn 0.7641 -0.5820 0.2781
vn 0.8008 -0.5820 0.1412
vn 0.8008 -0.5820 0.1413
vn 0.8131 -0.5821 -0.0000
vn 0.8008 -0.5820 -0.1412
vn 0.5176 -0.8017 0.2989
vn 0.5176 -0.8018 0.2988
vn 0.4578 -0.8018 0.3840
vn 0.6704 -0.7007 0.2441
vn 0.8008 -0.5821 0.1413
vn 0.6704 -0.7007 0.2440
vn 0.8008 -0.5821 0.1412
vn 0.7027 -0.7007 0.1239
vn 0.7026 -0.7007 0.1239
vn 0.8008 -0.5821 -0.1412
vn 0.7134 -0.7007 -0.0000
vn 0.8131 -0.5822 -0.0000
vn 0.7027 -0.7007 -0.1239
vn 0.4055 -0.8837 0.2340
vn 0.4054 -0.8837 0.2340
vn 0.5616 -0.8018 0.2044
vn 0.5616 -0.8018 0.2043
vn 0.5615 -0.8018 0.2044
vn 0.5885 -0.8018 0.1038
vn 0.5977 -0.8017 -0.0000
vn 0.2864 -0.9437 0.1654
vn 0.2863 -0.9437 0.1654
vn 0.1518 -0.9802 0.1273
vn 0.4399 -0.8837 0.1601
vn 0.5884 -0.8019 0.1038
vn 0.5615 -0.8018 0.2043
vn 0.4399 -0.8836 0.1601
vn 0.4398 -0.8837 0.1601
vn 0.5976 -0.8018 -0.0000
vn 0.4609 -0.8837 0.0813
vn 0.4680 -0.8837 -0.0000
vn 0.1716 -0.9802 0.0990
vn 0.1715 -0.9802 0.0990
vn 0.3108 -0.9437 0.1131
vn 0.3107 -0.9438 0.1131
vn 0.2863 -0.9438 0.1654
vn 0.3257 -0.9437 0.0574
vn 0.3256 -0.9437 0.0574
vn 0.3308 -0.9437 -0.0000
vn 0.3257 -0.9437 -0.0574
vn 0.1861 -0.9802 0.0678
vn 0.3256 -0.9438 0.0574
vn 0.1860 -0.9802 0.0678
vn 0.1950 -0.9802 0.0344
vn 0.3307 -0.9437 -0.0000
vn 0.1980 -0.9802 -0.0000
vt 0.000000 0.049988
vt 0.013885 0.000000
vt 0.027771 0.049988
vt 0.027771 0.099976
vt 0.000000 0.099976
vt 0.027771 0.150024
vt 0.000000 0.150024
vt 0.027771 0.199951
vt 0.000000 0.199951
vt 0.027771 0.250000
vt 0.000000 0.250000
vt 0.027771 0.300049
vt 0.000000 0.300049
vt 0.027771 0.350098
vt 0.000000 0.350098
vt 0.027771 0.399902
vt 0.000000 0.399902
vt 0.027771 0.449951
vt 0.000000 0.449951
vt 0.027771 0.500000
vt 0.000000 0.500000
vt 0.027771 0.549805
vt 0.000000 0.549805
vt 0.027771 0.600098
vt 0.000000 0.600098
vt 0.027771 0.649902
vt 0.000000 0.649902
vt 0.027771 0.700195
vt 0.000000 0.700195
vt 0.027771 0.750000
vt 0.000000 0.750000
vt 0.027771 0.799805
vt 0.000000 0.799805
vt 0.027771 0.850098
vt 0.000000 0.850098
vt 0.027771 0.899902
vt 0.000000 0.899902
vt 0.027771 0.950195
vt 0.000000 0.950195
vt 0.013885 1.000000
vt 0.055542 0.950195
vt 0.041656 1.000000
vt 0.055542 0.899902
vt 0.055542 0.850098
vt 0.055542 0.799805
vt 0.083313 0.950195
vt 0.069458 1.000000
vt 0.083313 0.899902
vt 0.055542 0.750000
vt 0.083313 0.850098
vt 0.111084 0.950195
vt 0.097229 1.000000
vt 0.111084 0.899902
vt 0.083313 0.799805
vt 0.055542 0.700195
vt 0.138916 0.950195
vt 0.125000 1.000000
vt 0.111084 0.850098
vt 0.083313 0.750000
vt 0.055542 0.649902
vt 0.138916 0.899902
vt 0.111084 0.799805
vt 0.083313 0.700195
vt 0.055542 0.600098
vt 0.166626 0.950195
vt 0.152832 1.000000
vt 0.138916 0.850098
vt 0.111084 0.750000
vt 0.083313 0.649902
vt 0.055542 0.549805
vt 0.166626 0.899902
vt 0.138916 0.799805
vt 0.111084 0.700195
vt 0.083313 0.600098
vt 0.055542 0.500000
vt 0.194458 0.950195
vt 0.180542 1.000000
vt 0.138916 0.750000
vt 0.111084 0.649902
vt 0.083313 0.549805
vt 0.055542 0.449951
vt 0.138916 0.700195
vt 0.111084 0.600098
vt 0.083313 0.500000
vt 0.055542 0.399902
vt 0.138916 0.649902
vt 0.111084 0.549805
vt 0.083313 0.449951
vt 0.055542 0.350098
vt 0.138916 0.600098
vt 0.111084 0.500000
vt 0.083313 0.399902
vt 0.055542 0.300049
vt 0.138916 0.549805
vt 0.111084 0.449951
vt 0.083313 0.350098
vt 0.055542 0.250000
vt 0.138916 0.500000
vt 0.111084 0.399902
vt 0.083313 0.300049
vt 0.055542 0.199951
vt 0.138916 0.449951
vt 0.111084 0.350098
vt 0.083313 0.250000
vt 0.055542 0.150024
vt 0.138916 0.399902
vt 0.111084 0.300049
vt 0.083313 0.199951
vt 0.055542 0.099976
vt 0.138916 0.350098
vt 0.111084 0.250000
vt 0.083313 0.150024
vt 0.055542 0.049988
vt 0.041656 0.000000
vt 0.083313 0.099976
vt 0.111084 0.199951
vt 0.138916 0.300049
vt 0.083313 0.049988
vt 0.069458 0.000000
vt 0.111084 0.150024
vt 0.138916 0.250000
vt 0.111084 0.099976
vt 0.138916 0.199951
vt 0.111084 0.049988
vt 0.097229 0.000000
vt 0.138916 0.150024
vt 0.138916 0.099976
vt 0.138916 0.049988
vt 0.125000 0.000000
vt 0.166626 0.300049
vt 0.166626 0.250000
vt 0.166626 0.199951
vt 0.166626 0.150024
vt 0.166626 0.099976
vt 0.166626 0.350098
vt 0.166626 0.049988
vt 0.152832 0.000000
vt 0.166626 0.399902
vt 0.166626 0.449951
vt 0.166626 0.500000
vt 0.166626 0.549805
vt 0.166626 0.600098
vt 0.166626 0.649902
vt 0.166626 0.700195
vt 0.166626 0.750000
vt 0.166626 0.799805
vt 0.166626 0.850098
vt 0.194458 0.899902
vt 0.194458 0.850098
vt 0.194458 0.799805
vt 0.194458 0.750000
vt 0.194458 0.700195
vt 0.222168 0.950195
vt 0.208374 1.000000
vt 0.222168 0.899902
vt 0.222168 0.850098
vt 0.222168 0.799805
vt 0.250000 0.950195
vt 0.236084 1.000000
vt 0.250000 0.899902
vt 0.194458 0.649902
vt 0.222168 0.750000
vt 0.250000 0.850098
vt 0.277832 0.950195
vt 0.263916 1.000000
vt 0.277832 0.899902
vt 0.250000 0.799805
vt 0.222168 0.700195
vt 0.194458 0.600098
vt 0.305664 0.950195
vt 0.291748 1.000000
vt 0.277832 0.850098
vt 0.250000 0.750000
vt 0.222168 0.649902
vt 0.194458 0.549805
vt 0.305664 0.899902
vt 0.277832 0.799805
vt 0.250000 0.700195
vt 0.222168 0.600098
vt 0.194458 0.500000
vt 0.333252 0.950195
vt 0.319336 1.000000
vt 0.277832 0.750000
vt 0.250000 0.649902
vt 0.222168 0.549805
vt 0.194458 0.449951
vt 0.277832 0.700195
vt 0.250000 0.600098
vt 0.222168 0.500000
vt 0.194458 0.399902
vt 0.277832 0.649902
vt 0.250000 0.549805
vt 0.222168 0.449951
vt 0.194458 0.350098
vt 0.277832 0.600098
vt 0.250000 0.500000
vt 0.222168 0.399902
vt 0.194458 0.300049
vt 0.277832 0.549805
vt 0.250000 0.449951
vt 0.222168 0.350098
vt 0.194458 0.250000
vt 0.277832 0.500000
vt 0.250000 0.399902
vt 0.222168 0.300049
vt 0.194458 0.199951
vt 0.277832 0.449951
vt 0.250000 0.350098
vt 0.222168 0.250000
vt 0.194458 0.150024
vt 0.277832 0.399902
vt 0.250000 0.300049
vt 0.222168 0.199951
vt 0.194458 0.099976
vt 0.277832 0.350098
vt 0.250000 0.250000
vt 0.222168 0.150024
vt 0.194458 0.049988
vt 0.180542 0.000000
vt 0.222168 0.099976
vt 0.250000 0.199951
vt 0.277832 0.300049
vt 0.222168 0.049988
vt 0.208374 0.000000
vt 0.250000 0.150024
vt 0.277832 0.250000
vt 0.250000 0.099976
vt 0.277832 0.199951
vt 0.250000 0.049988
vt 0.236084 0.000000
vt 0.277832 0.150024
vt 0.277832 0.099976
vt 0.277832 0.049988
vt 0.263916 0.000000
vt 0.305664 0.300049
vt 0.305664 0.250000
vt 0.305664 0.199951
vt 0.305664 0.150024
vt 0.305664 0.099976
vt 0.305664 0.350098
vt 0.305664 0.049988
vt 0.291748 0.000000
vt 0.305664 0.399902
vt 0.305664 0.449951
vt 0.305664 0.500000
vt 0.305664 0.549805
vt 0.305664 0.600098
vt 0.305664 0.649902
vt 0.305664 0.700195
vt 0.305664 0.750000
vt 0.305664 0.799805
vt 0.305664 0.850098
vt 0.333252 0.899902
vt 0.333252 0.850098
vt 0.333252 0.799805
vt 0.333252 0.750000
vt 0.333252 0.700195
vt 0.361084 0.950195
vt 0.347168 1.000000
vt 0.361084 0.899902
vt 0.361084 0.850098
vt 0.361084 0.799805
vt 0.388916 0.950195
vt 0.375000 1.000000
vt 0.388916 0.899902
vt 0.333252 0.649902
vt 0.361084 0.750000
vt 0.388916 0.850098
vt 0.416748 0.950195
vt 0.402832 1.000000
vt 0.416748 0.899902
vt 0.388916 0.799805
vt 0.361084 0.700195
vt 0.333252 0.600098
vt 0.444336 0.950195
vt 0.430664 1.000000
vt 0.416748 0.850098
vt 0.388916 0.750000
vt 0.361084 0.649902
vt 0.333252 0.549805
vt 0.444336 0.899902
vt 0.416748 0.799805
vt 0.388916 0.700195
vt 0.361084 0.600098
vt 0.333252 0.500000
vt 0.472168 0.950195
vt 0.458252 1.000000
vt 0.416748 0.750000
vt 0.388916 0.649902
vt 0.361084 0.549805
vt 0.333252 0.449951
vt 0.416748 0.700195
vt 0.388916 0.600098
vt 0.361084 0.500000
vt 0.333252 0.399902
vt 0.416748 0.649902
vt 0.388916 0.549805
vt 0.361084 0.449951
vt 0.333252 0.350098
vt 0.416748 0.600098
vt 0.388916 0.500000
vt 0.361084 0.399902
vt 0.333252 0.300049
vt 0.416748 0.549805
vt 0.388916 0.449951
vt 0.361084 0.350098
vt 0.333252 0.250000
vt 0.416748 0.500000
vt 0.388916 0.399902
vt 0.361084 0.300049
vt 0.333252 0.199951
vt 0.416748 0.449951
vt 0.388916 0.350098
vt 0.361084 0.250000
vt 0.333252 0.150024
vt 0.416748 0.399902
vt 0.388916 0.300049
vt 0.361084 0.199951
vt 0.333252 0.099976
vt 0.416748 0.350098
vt 0.388916 0.250000
vt 0.361084 0.150024
vt 0.333252 0.049988
vt 0.319336 0.000000
vt 0.361084 0.099976
vt 0.388916 0.199951
vt 0.416748 0.300049
vt 0.361084 0.049988
vt 0.347168 0.000000
vt 0.388916 0.150024
vt 0.416748 0.250000
vt 0.388916 0.099976
vt 0.416748 0.199951
vt 0.388916 0.049988
vt 0.375000 0.000000
vt 0.416748 0.150024
vt 0.416748 0.099976
vt 0.416748 0.049988
vt 0.402832 0.000000
vt 0.444336 0.300049
vt 0.444336 0.250000
vt 0.444336 0.199951
vt 0.444336 0.150024
vt 0.444336 0.099976
vt 0.444336 0.350098
vt 0.444336 0.049988
vt 0.430664 0.000000
vt 0.444336 0.399902
vt 0.444336 0.449951
vt 0.444336 0.500000
vt 0.444336 0.549805
vt 0.444336 0.600098
vt 0.444336 0.649902
vt 0.444336 0.700195
vt 0.444336 0.750000
vt 0.444336 0.799805
vt 0.444336 0.850098
vt 0.472168 0.899902
vt 0.472168 0.850098
vt 0.472168 0.799805
vt 0.472168 0.750000
vt 0.472168 0.700195
vt 0.500000 0.950195
vt 0.486084 1.000000
vt 0.500000 0.899902
vt 0.500000 0.850098
vt 0.500000 0.799805
vt 0.527832 0.950195
vt 0.513672 1.000000
vt 0.527832 0.899902
vt 0.472168 0.649902
vt 0.500000 0.750000
vt 0.527832 0.850098
vt 0.555664 0.950195
vt 0.541504 1.000000
vt 0.555664 0.899902
vt 0.527832 0.799805
vt 0.500000 0.700195
vt 0.472168 0.600098
vt 0.583496 0.950195
vt 0.569336 1.000000
vt 0.555664 0.850098
vt 0.527832 0.750000
vt 0.500000 0.649902
vt 0.472168 0.549805
vt 0.583496 0.899902
vt 0.555664 0.799805
vt 0.527832 0.700195
vt 0.500000 0.600098
vt 0.472168 0.500000
vt 0.611328 0.950195
vt 0.597168 1.000000
vt 0.555664 0.750000
vt 0.527832 0.649902
vt 0.500000 0.549805
vt 0.472168 0.449951
vt 0.555664 0.700195
vt 0.527832 0.600098
vt 0.500000 0.500000
vt 0.472168 0.399902
vt 0.555664 0.649902
vt 0.527832 0.549805
vt 0.500000 0.449951
vt 0.472168 0.350098
vt 0.555664 0.600098
vt 0.527832 0.500000
vt 0.500000 0.399902
vt 0.472168 0.300049
vt 0.555664 0.549805
vt 0.527832 0.449951
vt 0.500000 0.350098
vt 0.472168 0.250000
vt 0.555664 0.500000
vt 0.527832 0.399902
vt 0.500000 0.300049
vt 0.472168 0.199951
vt 0.555664 0.449951
vt 0.527832 0.350098
vt 0.500000 0.250000
vt 0.472168 0.150024
vt 0.555664 0.399902
vt 0.527832 0.300049
vt 0.500000 0.199951
vt 0.472168 0.099976
vt 0.555664 0.350098
vt 0.527832 0.250000
vt 0.500000 0.150024
vt 0.472168 0.049988
vt 0.458252 0.000000
vt 0.500000 0.099976
vt 0.527832 0.199951
vt 0.555664 0.300049
vt 0.500000 0.049988
vt 0.486084 0.000000
vt 0.527832 0.150024
vt 0.555664 0.250000
vt 0.527832 0.099976
vt 0.555664 0.199951
vt 0.527832 0.049988
vt 0.513672 0.000000
vt 0.555664 0.150024
vt 0.555664 0.099976
vt 0.555664 0.049988
vt 0.541504 0.000000
vt 0.583496 0.300049
vt 0.583496 0.250000
vt 0.583496 0.199951
vt 0.583496 0.150024
vt 0.583496 0.099976
vt 0.583496 0.350098
vt 0.583496 0.049988
vt 0.569336 0.000000
vt 0.583496 0.399902
vt 0.583496 0.449951
vt 0.583496 0.500000
vt 0.583496 0.549805
vt 0.583496 0.600098
vt 0.583496 0.649902
vt 0.583496 0.700195
vt 0.583496 0.750000
vt 0.583496 0.799805
vt 0.583496 0.850098
vt 0.611328 0.899902
vt 0.611328 0.850098
vt 0.611328 0.799805
vt 0.611328 0.750000
vt 0.611328 0.700195
vt 0.638672 0.950195
vt 0.625000 1.000000
vt 0.638672 0.899902
vt 0.638672 0.850098
vt 0.638672 0.799805
vt 0.666504 0.950195
vt 0.652832 1.000000
vt 0.666504 0.899902
vt 0.611328 0.649902
vt 0.638672 0.750000
vt 0.666504 0.850098
vt 0.694336 0.950195
vt 0.680664 1.000000
vt 0.694336 0.899902
vt 0.666504 0.799805
vt 0.638672 0.700195
vt 0.611328 0.600098
vt 0.722168 0.950195
vt 0.708496 1.000000
vt 0.694336 0.850098
vt 0.666504 0.750000
vt 0.638672 0.649902
vt 0.611328 0.549805
vt 0.722168 0.899902
vt 0.694336 0.799805
vt 0.666504 0.700195
vt 0.638672 0.600098
vt 0.611328 0.500000
vt 0.750000 0.950195
vt 0.736328 1.000000
vt 0.694336 0.750000
vt 0.666504 0.649902
vt 0.638672 0.549805
vt 0.611328 0.449951
vt 0.694336 0.700195
vt 0.666504 0.600098
vt 0.638672 0.500000
vt 0.611328 0.399902
vt 0.694336 0.649902
vt 0.666504 0.549805
vt 0.638672 0.449951
vt 0.611328 0.350098
vt 0.694336 0.600098
vt 0.666504 0.500000
vt 0.638672 0.399902
vt 0.611328 0.300049
vt 0.694336 0.549805
vt 0.666504 0.449951
vt 0.638672 0.350098
vt 0.611328 0.250000
vt 0.694336 0.500000
vt 0.666504 0.399902
vt 0.638672 0.300049
vt 0.611328 0.199951
vt 0.694336 0.449951
vt 0.666504 0.350098
vt 0.638672 0.250000
vt 0.611328 0.150024
vt 0.694336 0.399902
vt 0.666504 0.300049
vt 0.638672 0.199951
vt 0.611328 0.099976
vt 0.694336 0.350098
vt 0.666504 0.250000
vt 0.638672 0.150024
vt 0.611328 0.049988
vt 0.597168 0.000000
vt 0.638672 0.099976
vt 0.666504 0.199951
vt 0.694336 0.300049
vt 0.638672 0.049988
vt 0.625000 0.000000
vt 0.666504 0.150024
vt 0.694336 0.250000
vt 0.666504 0.099976
vt 0.694336 0.199951
vt 0.666504 0.049988
vt 0.652832 0.000000
vt 0.694336 0.150024
vt 0.694336 0.099976
vt 0.694336 0.049988
vt 0.680664 0.000000
vt 0.722168 0.300049
vt 0.722168 0.250000
vt 0.722168 0.199951
vt 0.722168 0.150024
vt 0.722168 0.099976
vt 0.722168 0.350098
vt 0.722168 0.049988
vt 0.708496 0.000000
vt 0.722168 0.399902
vt 0.722168 0.449951
vt 0.722168 0.500000
vt 0.722168 0.549805
vt 0.722168 0.600098
vt 0.722168 0.649902
vt 0.722168 0.700195
vt 0.722168 0.750000
vt 0.722168 0.799805
vt 0.722168 0.850098
vt 0.750000 0.899902
vt 0.750000 0.850098
vt 0.750000 0.799805
vt 0.750000 0.750000
vt 0.750000 0.700195
vt 0.777832 0.950195
vt 0.763672 1.000000
vt 0.777832 0.899902
vt 0.777832 0.850098
vt 0.777832 0.799805
vt 0.805664 0.950195
vt 0.791504 1.000000
vt 0.805664 0.899902
vt 0.750000 0.649902
vt 0.777832 0.750000
vt 0.805664 0.850098
vt 0.833496 0.950195
vt 0.819336 1.000000
vt 0.833496 0.899902
vt 0.805664 0.799805
vt 0.777832 0.700195
vt 0.750000 0.600098
vt 0.861328 0.950195
vt 0.847168 1.000000
vt 0.833496 0.850098
vt 0.805664 0.750000
vt 0.777832 0.649902
vt 0.750000 0.549805
vt 0.861328 0.899902
vt 0.833496 0.799805
vt 0.805664 0.700195
vt 0.777832 0.600098
vt 0.750000 0.500000
vt 0.888672 0.950195
vt 0.875000 1.000000
vt 0.833496 0.750000
vt 0.805664 0.649902
vt 0.777832 0.549805
vt 0.750000 0.449951
vt 0.833496 0.700195
vt 0.805664 0.600098
vt 0.777832 0.500000
vt 0.750000 0.399902
vt 0.833496 0.649902
vt 0.805664 0.549805
vt 0.777832 0.449951
vt 0.750000 0.350098
vt 0.833496 0.600098
vt 0.805664 0.500000
vt 0.777832 0.399902
vt 0.750000 0.300049
vt 0.833496 0.549805
vt 0.805664 0.449951
vt 0.777832 0.350098
vt 0.750000 0.250000
vt 0.833496 0.500000
vt 0.805664 0.399902
vt 0.777832 0.300049
vt 0.750000 0.199951
vt 0.833496 0.449951
vt 0.805664 0.350098
vt 0.777832 0.250000
vt 0.750000 0.150024
vt 0.833496 0.399902
vt 0.805664 0.300049
vt 0.777832 0.199951
vt 0.750000 0.099976
vt 0.833496 0.350098
vt 0.805664 0.250000
vt 0.777832 0.150024
vt 0.750000 0.049988
vt 0.736328 0.000000
vt 0.777832 0.099976
vt 0.805664 0.199951
vt 0.833496 0.300049
vt 0.777832 0.049988
vt 0.763672 0.000000
vt 0.805664 0.150024
vt 0.833496 0.250000
vt 0.805664 0.099976
vt 0.833496 0.199951
vt 0.805664 0.049988
vt 0.791504 0.000000
vt 0.833496 0.150024
vt 0.833496 0.099976
vt 0.833496 0.049988
vt 0.819336 0.000000
vt 0.861328 0.300049
vt 0.861328 0.250000
vt 0.861328 0.199951
vt 0.861328 0.150024
vt 0.861328 0.099976
vt 0.861328 0.350098
vt 0.861328 0.049988
vt 0.847168 0.000000
vt 0.861328 0.399902
vt 0.861328 0.449951
vt 0.861328 0.500000
vt 0.861328 0.549805
vt 0.861328 0.600098
vt 0.861328 0.649902
vt 0.861328 0.700195
vt 0.861328 0.750000
vt 0.861328 0.799805
vt 0.861328 0.850098
vt 0.888672 0.899902
vt 0.888672 0.850098
vt 0.888672 0.799805
vt 0.888672 0.750000
vt 0.888672 0.700195
vt 0.916504 0.950195
vt 0.902832 1.000000
vt 0.916504 0.899902
vt 0.916504 0.850098
vt 0.916504 0.799805
vt 0.944336 0.950195
vt 0.930664 1.000000
vt 0.944336 0.899902
vt 0.888672 0.649902
vt 0.916504 0.750000
vt 0.944336 0.850098
vt 0.972168 0.950195
vt 0.958496 1.000000
vt 0.972168 0.899902
vt 0.944336 0.799805
vt 0.916504 0.700195
vt 0.888672 0.600098
vt 1.000000 0.950195
vt 0.986328 1.000000
vt 1.000000 0.899902
vt 0.972168 0.850098
vt 1.000000 0.850098
vt 0.972168 0.799805
vt 1.000000 0.799805
vt 0.944336 0.750000
vt 0.972168 0.750000
vt 1.000000 0.750000
vt 0.944336 0.700195
vt 0.972168 0.700195
vt 1.000000 0.700195
vt 0.916504 0.649902
vt 0.944336 0.649902
vt 0.972168 0.649902
vt 1.000000 0.649902
vt 0.916504 0.600098
vt 0.944336 0.600098
vt 0.972168 0.600098
vt 1.000000 0.600098
vt 0.888672 0.549805
vt 0.916504 0.549805
vt 0.888672 0.500000
vt 0.944336 0.549805
vt 0.972168 0.549805
vt 1.000000 0.549805
vt 0.888672 0.449951
vt 0.916504 0.500000
vt 0.944336 0.500000
vt 0.972168 0.500000
vt 1.000000 0.500000
vt 0.888672 0.399902
vt 0.916504 0.449951
vt 0.944336 0.449951
vt 0.972168 0.449951
vt 1.000000 0.449951
vt 0.888672 0.350098
vt 0.916504 0.399902
vt 0.944336 0.399902
vt 0.972168 0.399902
vt 1.000000 0.399902
vt 0.888672 0.300049
vt 0.916504 0.350098
vt 0.944336 0.350098
vt 0.972168 0.350098
vt 1.000000 0.350098
vt 0.888672 0.250000
vt 0.916504 0.300049
vt 0.944336 0.300049
vt 0.972168 0.300049
vt 1.000000 0.300049
vt 0.888672 0.199951
vt 0.916504 0.250000
vt 0.944336 0.250000
vt 0.972168 0.250000
vt 1.000000 0.250000
vt 0.888672 0.150024
vt 0.916504 0.199951
vt 0.944336 0.199951
vt 0.972168 0.199951
vt 1.000000 0.199951
vt 0.888672 0.099976
vt 0.916504 0.150024
vt 0.944336 0.150024
vt 0.972168 0.150024
vt 1.000000 0.150024
vt 0.888672 0.049988
vt 0.875000 0.000000
vt 0.916504 0.099976
vt 0.944336 0.099976
vt 0.972168 0.099976
vt 1.000000 0.099976
vt 0.916504 0.049988
vt 0.902832 0.000000
vt 0.944336 0.049988
vt 0.930664 0.000000
vt 0.972168 0.049988
vt 0.958496 0.000000
vt 1.000000 0.049988
vt 0.986328 0.000000
s 0
f 197/195/2 196/196/3 195/197/4
f 195/197/4 198/198/5 197/195/2
f 198/198/5 199/199/6 197/195/2
f 198/198/7 200/200/8 199/199/9
f 200/200/8 201/201/10 199/199/9
f 200/200/11 202/202/12 201/201/10
f 202/202/12 203/203/13 201/201/10
f 202/202/14 204/204/15 203/203/16
f 204/204/15 205/205/17 203/203/18
f 204/204/15 206/206/19 205/205/17
f 206/206/20 207/207/21 205/205/17
f 206/206/20 208/208/22 207/207/23
f 208/208/22 209/209/24 207/207/23
f 208/208/22 210/210/25 209/209/26
f 210/210/25 211/211/27 209/209/26
f 210/210/28 212/212/29 211/211/30
f 212/212/29 213/213/31 211/211/30
f 212/212/29 214/214/32 213/213/31
f 214/214/32 215/215/33 213/213/34
f 214/214/32 216/216/35 215/215/33
f 216/216/35 217/217/36 215/215/33
f 216/216/35 218/218/37 217/217/38
f 218/218/37 219/219/39 217/217/38
f 218/218/37 220/220/40 219/219/41
f 220/220/40 221/221/42 219/219/41
f 220/220/40 222/222/43 221/221/42
f 222/222/43 223/223/44 221/221/42
f 222/222/45 224/224/46 223/223/47
f 224/224/46 225/225/48 223/223/47
f 224/224/46 226/226/49 225/225/48
f 226/226/49 227/227/50 225/225/48
f 226/226/51 228/228/52 227/227/53
f 228/228/54 229/229/55 227/227/53
f 228/228/54 230/230/56 229/229/55
f 230/230/56 231/231/57 229/229/55
f 230/230/58 232/232/59 231/231/60
f 232/232/59 233/233/61 231/231/60
f 232/232/59 234/234/62 233/233/61
f 235/235/63 232/232/59 230/230/58
f 235/235/64 236/236/62 232/232/65
f 237/237/66 230/230/56 228/228/67
f 237/237/68 235/235/63 230/230/58
f 238/238/69 228/228/54 226/226/70
f 238/238/71 237/237/66 228/228/67
f 239/239/72 226/226/73 224/224/46
f 239/239/72 238/238/69 226/226/70
f 240/240/74 235/235/63 237/237/68
f 240/240/75 241/241/62 235/235/64
f 242/242/76 237/237/66 238/238/71
f 242/242/76 240/240/77 237/237/78
f 243/243/79 239/239/72 224/224/46
f 243/243/79 224/224/80 222/222/45
f 244/244/81 238/238/69 239/239/72
f 244/244/82 242/242/76 238/238/71
f 245/245/83 240/240/77 242/242/76
f 245/245/84 246/246/62 240/240/75
f 247/247/85 245/245/86 242/242/76
f 247/247/85 242/242/76 244/244/81
f 248/248/87 244/244/81 239/239/72
f 248/248/88 239/239/89 243/243/90
f 249/249/91 243/243/79 222/222/45
f 249/249/91 222/222/92 220/220/93
f 250/250/94 245/245/83 247/247/85
f 250/250/95 251/251/62 245/245/84
f 252/252/96 247/247/85 244/244/82
f 252/252/96 244/244/81 248/248/88
f 253/253/97 248/248/88 243/243/90
f 253/253/98 243/243/99 249/249/91
f 254/254/100 249/249/91 220/220/93
f 254/254/100 220/220/93 218/218/37
f 255/255/101 250/250/94 247/247/85
f 255/255/102 247/247/85 252/252/103
f 256/256/104 252/252/96 248/248/88
f 256/256/104 248/248/88 253/253/97
f 257/257/105 253/253/98 249/249/106
f 257/257/105 249/249/91 254/254/100
f 258/258/107 254/254/100 218/218/37
f 258/258/108 218/218/37 216/216/109
f 259/259/110 250/250/94 255/255/111
f 259/259/110 260/260/62 250/250/95
f 261/261/112 255/255/101 252/252/103
f 261/261/113 252/252/96 256/256/114
f 262/262/115 256/256/104 253/253/97
f 262/262/116 253/253/117 257/257/105
f 263/263/118 257/257/119 254/254/100
f 263/263/120 254/254/100 258/258/121
f 264/264/122 258/258/108 216/216/109
f 264/264/123 216/216/109 214/214/124
f 265/265/125 259/259/110 255/255/111
f 265/265/126 255/255/102 261/261/112
f 266/266/127 261/261/113 256/256/114
f 266/266/128 256/256/104 262/262/115
f 267/267/129 262/262/116 257/257/105
f 267/267/130 257/257/119 263/263/118
f 268/268/131 263/263/132 258/258/121
f 268/268/131 258/258/108 264/264/122
f 269/269/133 264/264/123 214/214/124
f 269/269/133 214/214/124 212/212/134
f 270/270/135 259/259/110 265/265/125
f 270/270/135 271/271/62 259/259/110
f 272/272/136 266/266/128 262/262/115
f 272/272/137 262/262/138 267/267/139
f 273/273/140 267/267/130 263/263/118
f 273/273/140 263/263/118 268/268/131
f 274/274/141 268/268/131 264/264/122
f 274/274/141 264/264/122 269/269/133
f 275/275/142 269/269/133 212/212/134
f 275/275/143 212/212/134 210/210/144
f 276/276/145 272/272/137 267/267/139
f 276/276/146 267/267/130 273/273/140
f 277/277/147 273/273/140 268/268/148
f 277/277/147 268/268/131 274/274/149
f 278/278/150 274/274/141 269/269/151
f 278/278/150 269/269/133 275/275/143
f 279/279/152 275/275/143 210/210/144
f 279/279/153 210/210/28 208/208/154
f 280/280/155 276/276/146 273/273/140
f 280/280/155 273/273/156 277/277/147
f 281/281/157 277/277/147 274/274/149
f 281/281/158 274/274/159 278/278/160
f 282/282/161 278/278/150 275/275/143
f 282/282/162 275/275/143 279/279/163
f 283/283/164 279/279/165 208/208/154
f 283/283/164 208/208/154 206/206/20
f 284/284/166 280/280/155 277/277/147
f 284/284/167 277/277/147 281/281/168
f 285/285/169 281/281/158 278/278/160
f 285/285/170 278/278/150 282/282/161
f 286/286/171 282/282/172 279/279/152
f 286/286/171 279/279/163 283/283/164
f 287/287/173 283/283/164 206/206/20
f 287/287/173 206/206/19 204/204/174
f 288/288/175 284/284/167 281/281/168
f 288/288/175 281/281/158 285/285/169
f 289/289/176 285/285/170 282/282/161
f 289/289/177 282/282/172 286/286/171
f 290/290/178 286/286/171 283/283/164
f 290/290/178 283/283/164 287/287/173
f 291/291/179 287/287/173 204/204/174
f 291/291/179 204/204/15 202/202/14
f 292/292/180 288/288/175 285/285/169
f 292/292/181 285/285/169 289/289/182
f 293/293/183 289/289/177 286/286/171
f 293/293/183 286/286/171 290/290/184
f 294/294/185 290/290/184 287/287/186
f 294/294/187 287/287/173 291/291/188
f 295/295/189 291/291/179 202/202/14
f 295/295/189 202/202/190 200/200/8
f 296/296/191 292/292/181 289/289/176
f 296/296/191 289/289/177 293/293/183
f 297/297/192 293/293/183 290/290/184
f 297/297/192 290/290/184 294/294/185
f 298/298/193 294/294/187 291/291/188
f 298/298/194 291/291/195 295/295/196
f 299/299/197 295/295/189 200/200/8
f 299/299/198 200/200/199 198/198/7
f 300/300/200 296/296/191 293/293/183
f 300/300/201 293/293/183 297/297/202
f 301/301/203 297/297/192 294/294/185
f 301/301/204 294/294/205 298/298/206
f 302/302/207 298/298/194 295/295/196
f 302/302/208 295/295/189 299/299/197
f 303/303/209 299/299/198 198/198/7
f 303/303/210 198/198/5 195/197/4
f 304/304/211 300/300/201 297/297/212
f 304/304/211 297/297/192 301/301/203
f 305/305/213 301/301/204 298/298/206
f 305/305/214 298/298/194 302/302/207
f 306/306/215 302/302/208 299/299/197
f 306/306/216 299/299/198 303/303/217
f 307/307/218 303/303/210 195/197/4
f 195/197/219 308/308/3 307/307/220
f 309/309/221 303/303/217 307/307/218
f 309/309/221 306/306/216 303/303/209
f 310/310/222 302/302/207 306/306/215
f 310/310/222 305/305/214 302/302/207
f 311/311/223 301/301/204 305/305/224
f 311/311/225 304/304/211 301/301/204
f 312/312/226 309/309/221 307/307/218
f 307/307/220 313/313/3 312/312/227
f 314/314/228 306/306/215 309/309/221
f 314/314/229 310/310/222 306/306/215
f 315/315/230 305/305/214 310/310/222
f 315/315/231 311/311/225 305/305/224
f 316/316/232 309/309/221 312/312/226
f 316/316/232 314/314/229 309/309/221
f 317/317/233 310/310/234 314/314/228
f 317/317/235 315/315/230 310/310/222
f 318/318/236 316/316/232 312/312/226
f 312/312/227 319/319/3 318/318/237
f 320/320/238 314/314/228 316/316/232
f 320/320/239 317/317/233 314/314/229
f 321/321/240 316/316/232 318/318/241
f 321/321/242 320/320/238 316/316/232
f 322/322/243 321/321/240 318/318/241
f 318/318/237 323/323/3 322/322/244
f 324/324/245 311/311/225 315/315/231
f 325/325/246 315/315/231 317/317/247
f 325/325/248 324/324/245 315/315/231
f 326/326/249 317/317/233 320/320/239
f 326/326/250 325/325/246 317/317/233
f 327/327/251 320/320/238 321/321/242
f 327/327/252 326/326/249 320/320/239
f 328/328/253 321/321/254 322/322/255
f 328/328/256 327/327/251 321/321/242
f 324/324/257 329/329/258 311/311/225
f 329/329/258 304/304/211 311/311/225
f 330/330/259 328/328/253 322/322/255
f 322/322/244 331/331/3 330/330/260
f 329/329/258 332/332/261 304/304/211
f 332/332/261 300/300/262 304/304/211
f 332/332/261 333/333/263 300/300/200
f 333/333/263 296/296/264 300/300/262
f 333/333/263 334/334/265 296/296/266
f 334/334/265 292/292/180 296/296/191
f 334/334/265 335/335/267 292/292/180
f 335/335/267 288/288/268 292/292/180
f 335/335/267 336/336/269 288/288/268
f 336/336/270 284/284/167 288/288/268
f 336/336/271 337/337/272 284/284/273
f 337/337/272 280/280/155 284/284/274
f 337/337/272 338/338/275 280/280/155
f 338/338/275 276/276/145 280/280/155
f 338/338/276 339/339/277 276/276/145
f 339/339/277 272/272/137 276/276/145
f 339/339/278 340/340/279 272/272/137
f 340/340/279 266/266/127 272/272/137
f 340/340/280 341/341/281 266/266/127
f 341/341/281 261/261/113 266/266/127
f 341/341/282 265/265/126 261/261/112
f 342/342/283 265/265/126 341/341/281
f 342/342/284 270/270/135 265/265/125
f 343/343/285 341/341/286 340/340/287
f 343/343/285 342/342/283 341/341/281
f 344/344/288 340/340/279 339/339/278
f 344/344/289 343/343/285 340/340/287
f 345/345/290 339/339/278 338/338/276
f 345/345/290 344/344/288 339/339/278
f 346/346/291 338/338/275 337/337/292
f 346/346/293 345/345/290 338/338/276
f 347/347/294 270/270/135 342/342/284
f 347/347/294 348/348/62 270/270/135
f 349/349/295 342/342/296 343/343/285
f 349/349/297 347/347/294 342/342/284
f 350/350/298 343/343/285 344/344/289
f 350/350/298 349/349/295 343/343/285
f 351/351/299 344/344/300 345/345/290
f 351/351/301 350/350/298 344/344/289
f 352/352/302 347/347/294 349/349/297
f 352/352/302 353/353/62 347/347/294
f 354/354/303 349/349/295 350/350/298
f 354/354/304 352/352/302 349/349/297
f 355/355/305 346/346/291 337/337/292
f 355/355/306 337/337/292 336/336/271
f 356/356/307 345/345/308 346/346/309
f 356/356/307 351/351/299 345/345/290
f 357/357/310 350/350/298 351/351/301
f 357/357/310 354/354/303 350/350/298
f 358/358/311 352/352/302 354/354/304
f 358/358/311 359/359/62 352/352/302
f 360/360/312 358/358/311 354/354/304
f 360/360/313 354/354/314 357/357/310
f 361/361/315 357/357/310 351/351/301
f 361/361/316 351/351/299 356/356/307
f 362/362/317 356/356/307 346/346/309
f 362/362/318 346/346/319 355/355/320
f 363/363/321 355/355/306 336/336/271
f 363/363/322 336/336/269 335/335/323
f 364/364/324 358/358/311 360/360/312
f 364/364/325 365/365/62 358/358/326
f 366/366/327 360/360/313 357/357/310
f 366/366/327 357/357/310 361/361/315
f 367/367/328 361/361/316 356/356/307
f 367/367/329 356/356/307 362/362/317
f 368/368/330 362/362/318 355/355/320
f 368/368/331 355/355/320 363/363/322
f 369/369/332 363/363/322 335/335/323
f 369/369/332 335/335/323 334/334/333
f 370/370/334 364/364/324 360/360/312
f 370/370/335 360/360/313 366/366/336
f 371/371/337 366/366/338 361/361/315
f 371/371/339 361/361/316 367/367/328
f 372/372/340 367/367/329 362/362/318
f 372/372/341 362/362/318 368/368/330
f 373/373/342 368/368/331 363/363/322
f 373/373/342 363/363/322 369/369/332
f 374/374/343 369/369/344 334/334/333
f 374/374/343 334/334/333 333/333/345
f 375/375/346 364/364/324 370/370/347
f 375/375/348 376/376/62 364/364/325
f 377/377/349 371/371/339 367/367/328
f 377/377/349 367/367/328 372/372/350
f 378/378/351 372/372/341 368/368/330
f 378/378/351 368/368/331 373/373/342
f 379/379/352 373/373/342 369/369/353
f 379/379/352 369/369/344 374/374/343
f 380/380/354 374/374/343 333/333/345
f 380/380/355 333/333/345 332/332/261
f 381/381/356 377/377/349 372/372/350
f 381/381/357 372/372/341 378/378/351
f 382/382/358 378/378/351 373/373/342
f 382/382/359 373/373/342 379/379/352
f 383/383/360 379/379/352 374/374/343
f 383/383/360 374/374/343 380/380/361
f 384/384/362 380/380/355 332/332/261
f 384/384/363 332/332/364 329/329/365
f 385/385/366 381/381/357 378/378/351
f 385/385/366 378/378/351 382/382/358
f 386/386/367 382/382/359 379/379/352
f 386/386/368 379/379/352 383/383/360
f 387/387/369 383/383/360 380/380/361
f 387/387/369 380/380/355 384/384/362
f 388/388/370 384/384/363 329/329/365
f 388/388/370 329/329/365 324/324/257
f 389/389/371 385/385/366 382/382/358
f 389/389/372 382/382/359 386/386/367
f 390/390/373 386/386/368 383/383/360
f 390/390/373 383/383/360 387/387/369
f 391/391/374 387/387/369 384/384/362
f 391/391/374 384/384/363 388/388/370
f 392/392/375 388/388/370 324/324/376
f 392/392/377 324/324/245 325/325/246
f 393/393/378 389/389/372 386/386/367
f 393/393/378 386/386/379 390/390/373
f 394/394/380 390/390/373 387/387/369
f 394/394/381 387/387/369 391/391/374
f 395/395/382 391/391/374 388/388/370
f 395/395/383 388/388/370 392/392/384
f 396/396/385 392/392/377 325/325/246
f 396/396/385 325/325/246 326/326/386
f 397/397/387 393/393/378 390/390/373
f 397/397/387 390/390/373 394/394/380
f 398/398/388 394/394/381 391/391/374
f 398/398/388 391/391/374 395/395/382
f 399/399/389 395/395/383 392/392/384
f 399/399/389 392/392/390 396/396/391
f 400/400/392 396/396/385 326/326/386
f 400/400/393 326/326/394 327/327/395
f 401/401/396 397/397/387 394/394/397
f 401/401/396 394/394/397 398/398/388
f 402/402/398 398/398/399 395/395/382
f 402/402/398 395/395/383 399/399/389
f 403/403/400 399/399/401 396/396/391
f 403/403/400 396/396/385 400/400/392
f 404/404/402 400/400/393 327/327/252
f 404/404/402 327/327/252 328/328/256
f 405/405/403 401/401/396 398/398/388
f 405/405/403 398/398/399 402/402/404
f 406/406/405 402/402/398 399/399/389
f 406/406/406 399/399/389 403/403/400
f 407/407/407 403/403/400 400/400/392
f 407/407/408 400/400/409 404/404/402
f 408/408/410 404/404/402 328/328/256
f 408/408/411 328/328/253 330/330/259
f 409/409/412 405/405/413 402/402/404
f 409/409/412 402/402/414 406/406/415
f 410/410/416 406/406/406 403/403/400
f 410/410/417 403/403/400 407/407/407
f 411/411/418 407/407/408 404/404/402
f 411/411/418 404/404/402 408/408/419
f 412/412/420 408/408/411 330/330/259
f 330/330/259 413/413/3 412/412/420
f 414/414/421 408/408/411 412/412/420
f 414/414/422 411/411/418 408/408/419
f 415/415/423 407/407/408 411/411/418
f 415/415/424 410/410/417 407/407/407
f 416/416/425 406/406/426 410/410/417
f 416/416/425 409/409/412 406/406/415
f 417/417/427 414/414/421 412/412/420
f 412/412/420 418/418/3 417/417/427
f 419/419/428 411/411/418 414/414/422
f 419/419/428 415/415/423 411/411/418
f 420/420/429 410/410/417 415/415/430
f 420/420/429 416/416/431 410/410/417
f 421/421/432 414/414/421 417/417/427
f 421/421/433 419/419/428 414/414/422
f 422/422/434 415/415/423 419/419/428
f 422/422/435 420/420/429 415/415/430
f 423/423/436 421/421/432 417/417/427
f 417/417/427 424/424/3 423/423/436
f 425/425/437 419/419/428 421/421/438
f 425/425/439 422/422/434 419/419/428
f 426/426/440 421/421/432 423/423/436
f 426/426/441 425/425/437 421/421/433
f 427/427/442 426/426/440 423/423/436
f 423/423/436 428/428/3 427/427/442
f 429/429/443 416/416/431 420/420/444
f 430/430/445 420/420/429 422/422/446
f 430/430/445 429/429/443 420/420/444
f 431/431/447 422/422/448 425/425/437
f 431/431/447 430/430/445 422/422/446
f 432/432/449 425/425/450 426/426/441
f 432/432/451 431/431/447 425/425/437
f 433/433/452 426/426/440 427/427/442
f 433/433/453 432/432/449 426/426/441
f 429/429/443 434/434/454 416/416/425
f 434/434/454 409/409/455 416/416/425
f 435/435/456 433/433/452 427/427/442
f 427/427/457 436/436/3 435/435/458
f 434/434/454 437/437/459 409/409/455
f 437/437/460 405/405/403 409/409/455
f 437/437/461 438/438/462 405/405/463
f 438/438/462 401/401/464 405/405/463
f 438/438/465 439/439/466 401/401/464
f 439/439/466 397/397/467 401/401/464
f 439/439/466 440/440/468 397/397/469
f 440/440/468 393/393/470 397/397/469
f 440/440/468 441/441/471 393/393/470
f 441/441/471 389/389/372 393/393/470
f 441/441/472 442/442/473 389/389/372
f 442/442/473 385/385/474 389/389/372
f 442/442/473 443/443/475 385/385/474
f 443/443/475 381/381/476 385/385/474
f 443/443/475 444/444/477 381/381/356
f 444/444/477 377/377/478 381/381/356
f 444/444/477 445/445/479 377/377/349
f 445/445/479 371/371/480 377/377/349
f 445/445/479 446/446/481 371/371/482
f 446/446/481 366/366/327 371/371/482
f 446/446/483 370/370/335 366/366/336
f 447/447/484 370/370/335 446/446/483
f 447/447/484 375/375/485 370/370/347
f 448/448/486 446/446/481 445/445/479
f 448/448/487 447/447/484 446/446/483
f 449/449/488 445/445/489 444/444/490
f 449/449/491 448/448/487 445/445/479
f 450/450/492 444/444/477 443/443/475
f 450/450/493 449/449/488 444/444/490
f 451/451/494 443/443/475 442/442/473
f 451/451/494 450/450/492 443/443/495
f 452/452/496 375/375/485 447/447/484
f 452/452/497 453/453/62 375/375/348
f 454/454/498 447/447/484 448/448/486
f 454/454/498 452/452/496 447/447/484
f 455/455/499 448/448/486 449/449/488
f 455/455/499 454/454/498 448/448/487
f 456/456/500 449/449/488 450/450/493
f 456/456/500 455/455/499 449/449/488
f 457/457/501 452/452/502 454/454/498
f 457/457/501 458/458/62 452/452/497
f 459/459/503 454/454/498 455/455/504
f 459/459/505 457/457/506 454/454/498
f 460/460/507 451/451/508 442/442/473
f 460/460/509 442/442/473 441/441/510
f 461/461/511 450/450/512 451/451/494
f 461/461/513 456/456/500 450/450/493
f 462/462/514 455/455/499 456/456/515
f 462/462/516 459/459/505 455/455/504
f 463/463/517 457/457/506 459/459/518
f 463/463/519 464/464/62 457/457/501
f 465/465/520 463/463/517 459/459/518
f 465/465/521 459/459/503 462/462/516
f 466/466/522 462/462/514 456/456/515
f 466/466/523 456/456/500 461/461/513
f 467/467/524 461/461/511 451/451/494
f 467/467/525 451/451/508 460/460/507
f 468/468/526 460/460/527 441/441/510
f 468/468/526 441/441/471 440/440/468
f 469/469/528 463/463/517 465/465/520
f 469/469/528 470/470/62 463/463/517
f 471/471/529 465/465/521 462/462/516
f 471/471/530 462/462/514 466/466/522
f 472/472/531 466/466/523 461/461/513
f 472/472/532 461/461/533 467/467/534
f 473/473/535 467/467/525 460/460/507
f 473/473/535 460/460/507 468/468/526
f 474/474/536 468/468/526 440/440/468
f 474/474/537 440/440/468 439/439/466
f 475/475/538 469/469/528 465/465/520
f 475/475/539 465/465/521 471/471/530
f 476/476/540 471/471/530 466/466/522
f 476/476/541 466/466/522 472/472/542
f 477/477/543 472/472/532 467/467/534
f 477/477/544 467/467/525 473/473/535
f 478/478/545 473/473/535 468/468/546
f 478/478/545 468/468/526 474/474/536
f 479/479/547 474/474/537 439/439/548
f 479/479/547 439/439/466 438/438/462
f 480/480/549 469/469/528 475/475/538
f 480/480/549 481/481/62 469/469/528
f 482/482/550 476/476/541 472/472/542
f 482/482/551 472/472/542 477/477/543
f 483/483/552 477/477/544 473/473/535
f 483/483/552 473/473/553 478/478/545
f 484/484/554 478/478/545 474/474/536
f 484/484/555 474/474/556 479/479/557
f 485/485/558 479/479/547 438/438/462
f 485/485/559 438/438/462 437/437/461
f 486/486/560 482/482/551 477/477/543
f 486/486/561 477/477/543 483/483/552
f 487/487/562 483/483/552 478/478/545
f 487/487/563 478/478/545 484/484/564
f 488/488/565 484/484/555 479/479/557
f 488/488/566 479/479/547 485/485/558
f 489/489/567 485/485/559 437/437/461
f 489/489/567 437/437/568 434/434/454
f 490/490/569 486/486/561 483/483/552
f 490/490/569 483/483/552 487/487/570
f 491/491/571 487/487/563 484/484/564
f 491/491/571 484/484/555 488/488/565
f 492/492/572 488/488/566 485/485/558
f 492/492/573 485/485/559 489/489/567
f 493/493/574 489/489/567 434/434/454
f 493/493/575 434/434/454 429/429/576
f 494/494/577 490/490/569 487/487/578
f 494/494/579 487/487/563 491/491/571
f 495/495/580 491/491/571 488/488/565
f 495/495/581 488/488/565 492/492/582
f 496/496/583 492/492/573 489/489/567
f 496/496/584 489/489/567 493/493/575
f 497/497/585 493/493/575 429/429/576
f 497/497/586 429/429/443 430/430/587
f 498/498/588 494/494/579 491/491/571
f 498/498/588 491/491/589 495/495/580
f 499/499/590 495/495/580 492/492/582
f 499/499/590 492/492/582 496/496/583
f 500/500/591 496/496/583 493/493/575
f 500/500/591 493/493/575 497/497/585
f 501/501/592 497/497/586 430/430/445
f 501/501/593 430/430/594 431/431/595
f 502/502/596 498/498/588 495/495/580
f 502/502/596 495/495/580 499/499/590
f 503/503/597 499/499/590 496/496/583
f 503/503/598 496/496/583 500/500/599
f 504/504/600 500/500/591 497/497/585
f 504/504/601 497/497/602 501/501/603
f 505/505/604 501/501/593 431/431/595
f 505/505/605 431/431/447 432/432/451
f 506/506/606 502/502/596 499/499/607
f 506/506/606 499/499/608 503/503/597
f 507/507/609 503/503/598 500/500/610
f 507/507/609 500/500/591 504/504/600
f 508/508/611 504/504/601 501/501/603
f 508/508/612 501/501/593 505/505/604
f 509/509/613 505/505/605 432/432/451
f 509/509/614 432/432/449 433/433/615
f 510/510/616 506/506/606 503/503/597
f 510/510/616 503/503/617 507/507/609
f 511/511/618 507/507/609 504/504/601
f 511/511/619 504/504/601 508/508/620
f 512/512/621 508/508/612 505/505/604
f 512/512/621 505/505/604 509/509/613
f 513/513/622 509/509/614 433/433/453
f 513/513/622 433/433/615 435/435/456
f 514/514/623 510/510/616 507/507/609
f 514/514/623 507/507/609 511/511/618
f 515/515/624 511/511/618 508/508/620
f 515/515/625 508/508/612 512/512/621
f 516/516/626 512/512/621 509/509/613
f 516/516/627 509/509/613 513/513/622
f 517/517/628 513/513/622 435/435/456
f 435/435/458 518/518/3 517/517/629
f 519/519/630 513/513/622 517/517/631
f 519/519/630 516/516/626 513/513/622
f 520/520/632 512/512/633 516/516/627
f 520/520/634 515/515/625 512/512/621
f 521/521/635 511/511/618 515/515/636
f 521/521/637 514/514/623 511/511/618
f 522/522/638 519/519/630 517/517/628
f 517/517/629 523/523/3 522/522/639
f 524/524/640 516/516/627 519/519/630
f 524/524/641 520/520/632 516/516/626
f 525/525/642 515/515/636 520/520/632
f 525/525/643 521/521/635 515/515/636
f 526/526/644 519/519/630 522/522/638
f 526/526/645 524/524/640 519/519/630
f 527/527/646 520/520/632 524/524/641
f 527/527/647 525/525/642 520/520/648
f 528/528/649 526/526/644 522/522/650
f 522/522/639 529/529/3 528/528/649
f 530/530/651 524/524/640 526/526/645
f 530/530/652 527/527/646 524/524/641
f 531/531/653 526/526/654 528/528/655
f 531/531/656 530/530/651 526/526/645
f 532/532/657 531/531/653 528/528/655
f 528/528/649 533/533/3 532/532/658
f 534/534/659 521/521/635 525/525/642
f 535/535/660 525/525/642 527/527/661
f 535/535/660 534/534/659 525/525/642
f 536/536/662 527/527/663 530/530/664
f 536/536/665 535/535/660 527/527/661
f 537/537/666 530/530/652 531/531/656
f 537/537/666 536/536/662 530/530/652
f 538/538/667 531/531/653 532/532/657
f 538/538/668 537/537/666 531/531/656
f 534/534/669 539/539/670 521/521/671
f 539/539/670 514/514/672 521/521/671
f 540/540/673 538/538/667 532/532/657
f 532/532/657 541/541/3 540/540/673
f 539/539/670 542/542/674 514/514/672
f 542/542/674 510/510/675 514/514/672
f 542/542/676 543/543/677 510/510/616
f 543/543/677 506/506/678 510/510/616
f 543/543/679 544/544/680 506/506/678
f 544/544/680 502/502/681 506/506/678
f 544/544/680 545/545/682 502/502/681
f 545/545/683 498/498/684 502/502/681
f 545/545/683 546/546/685 498/498/684
f 546/546/685 494/494/577 498/498/684
f 546/546/686 547/547/687 494/494/688
f 547/547/687 490/490/689 494/494/688
f 547/547/690 548/548/691 490/490/689
f 548/548/691 486/486/561 490/490/689
f 548/548/692 549/549/693 486/486/560
f 549/549/693 482/482/550 486/486/560
f 549/549/693 550/550/694 482/482/550
f 550/550/695 476/476/541 482/482/550
f 550/550/696 551/551/697 476/476/698
f 551/551/697 471/471/699 476/476/698
f 551/551/697 475/475/539 471/471/530
f 552/552/700 475/475/701 551/551/697
f 552/552/702 480/480/549 475/475/538
f 553/553/703 551/551/697 550/550/696
f 553/553/703 552/552/700 551/551/697
f 554/554/704 550/550/694 549/549/693
f 554/554/705 553/553/703 550/550/696
f 555/555/706 549/549/707 548/548/708
f 555/555/706 554/554/704 549/549/693
f 556/556/709 548/548/692 547/547/710
f 556/556/709 555/555/706 548/548/708
f 557/557/711 480/480/549 552/552/702
f 557/557/711 558/558/62 480/480/549
f 559/559/712 552/552/700 553/553/703
f 559/559/713 557/557/711 552/552/702
f 560/560/714 553/553/703 554/554/705
f 560/560/714 559/559/712 553/553/703
f 561/561/715 554/554/704 555/555/706
f 561/561/716 560/560/714 554/554/705
f 562/562/717 557/557/711 559/559/713
f 562/562/717 563/563/62 557/557/711
f 564/564/718 559/559/719 560/560/714
f 564/564/720 562/562/717 559/559/713
f 565/565/721 556/556/709 547/547/710
f 565/565/722 547/547/710 546/546/686
f 566/566/723 555/555/706 556/556/724
f 566/566/725 561/561/715 555/555/706
f 567/567/726 560/560/714 561/561/716
f 567/567/726 564/564/718 560/560/714
f 568/568/727 562/562/717 564/564/720
f 568/568/728 569/569/62 562/562/729
f 570/570/730 568/568/727 564/564/720
f 570/570/731 564/564/718 567/567/732
f 571/571/733 567/567/734 561/561/716
f 571/571/735 561/561/715 566/566/725
f 572/572/736 566/566/723 556/556/709
f 572/572/737 556/556/709 565/565/721
f 573/573/738 565/565/722 546/546/685
f 573/573/738 546/546/685 545/545/683
f 574/574/739 568/568/727 570/570/730
f 574/574/740 575/575/62 568/568/728
f 576/576/741 570/570/731 567/567/732
f 576/576/742 567/567/726 571/571/743
f 577/577/744 571/571/735 566/566/725
f 577/577/744 566/566/725 572/572/745
f 578/578/746 572/572/737 565/565/721
f 578/578/746 565/565/722 573/573/738
f 579/579/747 573/573/738 545/545/748
f 579/579/747 545/545/682 544/544/680
f 580/580/749 574/574/750 570/570/751
f 580/580/749 570/570/731 576/576/741
f 581/581/752 576/576/742 571/571/743
f 581/581/752 571/571/753 577/577/744
f 582/582/754 577/577/744 572/572/745
f 582/582/755 572/572/737 578/578/746
f 583/583/756 578/578/746 573/573/738
f 583/583/757 573/573/738 579/579/747
f 584/584/758 579/579/747 544/544/680
f 584/584/758 544/544/680 543/543/759
f 585/585/760 574/574/750 580/580/749
f 585/585/761 586/586/62 574/574/740
f 587/587/762 581/581/752 577/577/744
f 587/587/762 577/577/763 582/582/754
f 588/588/764 582/582/755 578/578/746
f 588/588/764 578/578/746 583/583/756
f 589/589/765 583/583/757 579/579/747
f 589/589/766 579/579/747 584/584/758
f 590/590/767 584/584/758 543/543/759
f 590/590/767 543/543/677 542/542/676
f 591/591/768 587/587/762 582/582/754
f 591/591/768 582/582/769 588/588/770
f 592/592/771 588/588/764 583/583/756
f 592/592/772 583/583/757 589/589/765
f 593/593/773 589/589/766 584/584/758
f 593/593/773 584/584/758 590/590/767
f 594/594/774 590/590/767 542/542/676
f 594/594/774 542/542/674 539/539/670
f 595/595/775 591/591/768 588/588/770
f 595/595/775 588/588/770 592/592/772
f 596/596/776 592/592/772 589/589/765
f 596/596/776 589/589/777 593/593/773
f 597/597/778 593/593/773 590/590/767
f 597/597/779 590/590/767 594/594/774
f 598/598/780 594/594/774 539/539/670
f 598/598/781 539/539/670 534/534/782
f 599/599/783 595/595/775 592/592/772
f 599/599/784 592/592/772 596/596/785
f 600/600/786 596/596/776 593/593/773
f 600/600/786 593/593/773 597/597/778
f 601/601/787 597/597/788 594/594/774
f 601/601/787 594/594/774 598/598/780
f 602/602/789 598/598/781 534/534/782
f 602/602/789 534/534/790 535/535/791
f 603/603/792 599/599/784 596/596/785
f 603/603/793 596/596/785 600/600/794
f 604/604/795 600/600/786 597/597/788
f 604/604/795 597/597/788 601/601/787
f 605/605/796 601/601/797 598/598/780
f 605/605/796 598/598/781 602/602/789
f 606/606/798 602/602/789 535/535/791
f 606/606/798 535/535/660 536/536/665
f 607/607/799 603/603/792 600/600/794
f 607/607/799 600/600/794 604/604/800
f 608/608/801 604/604/795 601/601/787
f 608/608/802 601/601/797 605/605/803
f 609/609/804 605/605/796 602/602/789
f 609/609/805 602/602/789 606/606/798
f 610/610/806 606/606/798 536/536/665
f 610/610/807 536/536/662 537/537/666
f 611/611/808 607/607/799 604/604/800
f 611/611/808 604/604/800 608/608/809
f 612/612/810 608/608/802 605/605/803
f 612/612/810 605/605/811 609/609/812
f 613/613/813 609/609/805 606/606/798
f 613/613/814 606/606/798 610/610/806
f 614/614/815 610/610/807 537/537/666
f 614/614/815 537/537/666 538/538/816
f 615/615/817 611/611/818 608/608/809
f 615/615/819 608/608/801 612/612/820
f 616/616/821 612/612/810 609/609/812
f 616/616/821 609/609/822 613/613/814
f 617/617/823 613/613/814 610/610/806
f 617/617/824 610/610/807 614/614/815
f 618/618/825 614/614/815 538/538/816
f 618/618/826 538/538/667 540/540/673
f 619/619/827 615/615/828 612/612/820
f 619/619/827 612/612/820 616/616/821
f 620/620/829 616/616/830 613/613/814
f 620/620/829 613/613/814 617/617/831
f 621/621/832 617/617/824 614/614/815
f 621/621/832 614/614/815 618/618/825
f 622/622/833 618/618/826 540/540/673
f 540/540/673 623/623/3 622/622/833
f 624/624/834 618/618/826 622/622/833
f 624/624/835 621/621/832 618/618/825
f 625/625/836 617/617/824 621/621/832
f 625/625/837 620/620/829 617/617/831
f 626/626/838 616/616/830 620/620/839
f 626/626/838 619/619/827 616/616/821
f 627/627/840 624/624/834 622/622/833
f 622/622/833 628/628/3 627/627/840
f 629/629/841 621/621/832 624/624/842
f 629/629/843 625/625/836 621/621/832
f 630/630/844 620/620/829 625/625/845
f 630/630/844 626/626/838 620/620/839
f 631/631/846 624/624/834 627/627/840
f 631/631/847 629/629/841 624/624/842
f 632/632/848 625/625/849 629/629/841
f 632/632/848 630/630/844 625/625/845
f 633/633/850 631/631/846 627/627/840
f 627/627/840 634/634/3 633/633/850
f 635/635/851 629/629/852 631/631/847
f 635/635/853 632/632/848 629/629/841
f 636/636/854 631/631/846 633/633/850
f 636/636/855 635/635/851 631/631/847
f 637/637/856 636/636/854 633/633/850
f 633/633/857 638/638/3 637/637/858
f 639/639/859 626/626/838 630/630/860
f 640/640/861 630/630/862 632/632/863
f 640/640/864 639/639/859 630/630/860
f 641/641/865 632/632/848 635/635/853
f 641/641/866 640/640/861 632/632/863
f 642/642/867 635/635/851 636/636/868
f 642/642/869 641/641/865 635/635/853
f 643/643/870 636/636/868 637/637/856
f 643/643/870 642/642/867 636/636/855
f 639/639/871 644/644/872 626/626/873
f 644/644/874 619/619/827 626/626/873
f 645/645/875 643/643/870 637/637/856
f 637/637/858 646/646/3 645/645/876
f 644/644/874 647/647/877 619/619/827
f 647/647/877 615/615/878 619/619/827
f 647/647/877 648/648/879 615/615/817
f 648/648/880 611/611/818 615/615/878
f 648/648/881 649/649/882 611/611/818
f 649/649/882 607/607/799 611/611/818
f 649/649/882 650/650/883 607/607/884
f 650/650/883 603/603/792 607/607/799
f 650/650/883 651/651/885 603/603/792
f 651/651/885 599/599/784 603/603/792
f 651/651/885 652/652/886 599/599/887
f 652/652/888 595/595/775 599/599/887
f 652/652/889 653/653/890 595/595/775
f 653/653/891 591/591/768 595/595/775
f 653/653/891 654/654/892 591/591/893
f 654/654/892 587/587/894 591/591/768
f 654/654/895 655/655/896 587/587/897
f 655/655/896 581/581/898 587/587/897
f 655/655/899 656/656/900 581/581/752
f 656/656/901 576/576/742 581/581/752
f 656/656/900 580/580/749 576/576/741
f 657/657/902 580/580/749 656/656/901
f 657/657/902 585/585/903 580/580/749
f 658/658/904 656/656/901 655/655/896
f 658/658/904 657/657/902 656/656/900
f 659/659/905 655/655/896 654/654/895
f 659/659/905 658/658/904 655/655/896
f 660/660/906 654/654/907 653/653/891
f 660/660/908 659/659/905 654/654/895
f 661/661/909 653/653/890 652/652/889
f 661/661/910 660/660/906 653/653/891
f 662/662/911 585/585/760 657/657/902
f 662/662/912 663/663/62 585/585/761
f 664/664/913 657/657/902 658/658/914
f 664/664/915 662/662/911 657/657/902
f 665/665/916 658/658/904 659/659/917
f 665/665/916 664/664/915 658/658/914
f 666/666/918 659/659/905 660/660/908
f 666/666/919 665/665/916 659/659/917
f 667/667/920 662/662/911 664/664/921
f 667/667/922 668/668/62 662/662/912
f 669/669/923 664/664/913 665/665/924
f 669/669/925 667/667/920 664/664/921
f 670/670/926 661/661/909 652/652/889
f 670/670/926 652/652/889 651/651/885
f 671/671/927 660/660/928 661/661/929
f 671/671/930 666/666/918 660/660/908
f 672/672/931 665/665/916 666/666/919
f 672/672/932 669/669/923 665/665/924
f 673/673/933 667/667/920 669/669/925
f 673/673/933 674/674/62 667/667/920
f 675/675/934 673/673/933 669/669/925
f 675/675/935 669/669/923 672/672/931
f 676/676/936 672/672/931 666/666/919
f 676/676/937 666/666/919 671/671/938
f 677/677/939 671/671/938 661/661/929
f 677/677/940 661/661/909 670/670/926
f 678/678/941 670/670/926 651/651/885
f 678/678/941 651/651/885 650/650/942
f 679/679/943 673/673/933 675/675/934
f 679/679/943 680/680/62 673/673/933
f 681/681/944 675/675/945 672/672/931
f 681/681/944 672/672/946 676/676/947
f 682/682/948 676/676/937 671/671/938
f 682/682/949 671/671/938 677/677/939
f 683/683/950 677/677/940 670/670/926
f 683/683/950 670/670/951 678/678/941
f 684/684/952 678/678/941 650/650/942
f 684/684/953 650/650/954 649/649/955
f 685/685/956 679/679/943 675/675/934
f 685/685/957 675/675/935 681/681/944
f 686/686/958 681/681/944 676/676/947
f 686/686/959 676/676/960 682/682/948
f 687/687/961 682/682/949 677/677/939
f 687/687/962 677/677/939 683/683/950
f 688/688/963 683/683/950 678/678/941
f 688/688/964 678/678/941 684/684/952
f 689/689/965 684/684/953 649/649/955
f 689/689/966 649/649/882 648/648/881
f 690/690/967 679/679/943 685/685/956
f 690/690/967 691/691/62 679/679/943
f 692/692/968 686/686/959 682/682/948
f 692/692/968 682/682/948 687/687/961
f 693/693/969 687/687/962 683/683/950
f 693/693/969 683/683/950 688/688/970
f 694/694/971 688/688/963 684/684/972
f 694/694/971 684/684/953 689/689/965
f 695/695/973 689/689/966 648/648/881
f 695/695/974 648/648/879 647/647/877
f 696/696/975 692/692/968 687/687/961
f 696/696/976 687/687/962 693/693/977
f 697/697/978 693/693/969 688/688/979
f 697/697/980 688/688/964 694/694/981
f 698/698/982 694/694/971 689/689/965
f 698/698/983 689/689/965 695/695/984
f 699/699/985 695/695/974 647/647/877
f 699/699/986 647/647/877 644/644/872
f 700/700/987 696/696/976 693/693/977
f 700/700/988 693/693/977 697/697/989
f 701/701/990 697/697/978 694/694/981
f 701/701/990 694/694/981 698/698/982
f 702/702/991 698/698/982 695/695/992
f 702/702/991 695/695/974 699/699/985
f 703/703/993 699/699/985 644/644/872
f 703/703/993 644/644/872 639/639/871
f 704/704/994 700/700/988 697/697/978
f 704/704/995 697/697/978 701/701/996
f 705/705/997 701/701/990 698/698/982
f 705/705/997 698/698/982 702/702/991
f 706/706/998 702/702/991 699/699/985
f 706/706/999 699/699/985 703/703/1000
f 707/707/1001 703/703/993 639/639/871
f 707/707/1002 639/639/1003 640/640/1004
f 708/708/1005 704/704/995 701/701/996
f 708/708/1006 701/701/996 705/705/1007
f 709/709/1008 705/705/997 702/702/1009
f 709/709/1008 702/702/991 706/706/998
f 710/710/1010 706/706/999 703/703/1000
f 710/710/1010 703/703/993 707/707/1001
f 711/711/1011 707/707/1002 640/640/1004
f 711/711/1012 640/640/861 641/641/866
f 712/712/1013 708/708/1006 705/705/1007
f 712/712/1013 705/705/1007 709/709/1014
f 713/713/1015 709/709/1008 706/706/998
f 713/713/1015 706/706/1016 710/710/1010
f 714/714/1017 710/710/1010 707/707/1002
f 714/714/1018 707/707/1002 711/711/1019
f 715/715/1020 711/711/1012 641/641/866
f 715/715/1020 641/641/866 642/642/869
f 716/716/1021 712/712/1013 709/709/1014
f 716/716/1022 709/709/1014 713/713/1015
f 717/717/1023 713/713/1015 710/710/1010
f 717/717/1023 710/710/1010 714/714/1017
f 718/718/1024 714/714/1017 711/711/1019
f 718/718/1025 711/711/1012 715/715/1020
f 719/719/1026 715/715/1020 642/642/869
f 719/719/1027 642/642/869 643/643/870
f 720/720/1028 716/716/1022 713/713/1015
f 720/720/1029 713/713/1030 717/717/1031
f 721/721/1032 717/717/1023 714/714/1017
f 721/721/1033 714/714/1017 718/718/1034
f 722/722/1035 718/718/1025 715/715/1020
f 722/722/1036 715/715/1037 719/719/1027
f 723/723/1038 719/719/1026 643/643/870
f 723/723/1038 643/643/870 645/645/1039
f 724/724/1040 720/720/1029 717/717/1031
f 724/724/1040 717/717/1031 721/721/1041
f 725/725/1042 721/721/1033 718/718/1034
f 725/725/1043 718/718/1034 722/722/1044
f 726/726/1045 722/722/1036 719/719/1026
f 726/726/1045 719/719/1027 723/723/1038
f 727/727/1046 723/723/1038 645/645/875
f 645/645/876 728/728/3 727/727/1047
f 729/729/1048 723/723/1038 727/727/1049
f 729/729/1050 726/726/1045 723/723/1038
f 730/730/1051 722/722/1036 726/726/1045
f 730/730/1052 725/725/1043 722/722/1036
f 731/731/1053 721/721/1033 725/725/1043
f 731/731/1054 724/724/1040 721/721/1041
f 732/732/1055 729/729/1048 727/727/1046
f 727/727/1047 733/733/3 732/732/1056
f 734/734/1057 726/726/1058 729/729/1050
f 734/734/1059 730/730/1051 726/726/1045
f 735/735/1060 725/725/1043 730/730/1061
f 735/735/1060 731/731/1053 725/725/1043
f 736/736/1062 729/729/1063 732/732/1055
f 736/736/1064 734/734/1057 729/729/1050
f 737/737/1065 730/730/1066 734/734/1067
f 737/737/1068 735/735/1060 730/730/1061
f 738/738/1069 736/736/1062 732/732/1055
f 732/732/1056 739/739/3 738/738/1070
f 740/740/1071 734/734/1059 736/736/1064
f 740/740/1071 737/737/1065 734/734/1059
f 741/741/1072 736/736/1062 738/738/1069
f 741/741/1073 740/740/1071 736/736/1064
f 742/742/1074 741/741/1072 738/738/1069
f 738/738/1069 743/743/3 742/742/1074
f 744/744/1075 731/731/1076 735/735/1077
f 745/745/1078 735/735/1060 737/737/1068
f 745/745/1078 744/744/1079 735/735/1077
f 746/746/1080 737/737/1065 740/740/1071
f 746/746/1081 745/745/1078 737/737/1068
f 747/747/1082 740/740/1071 741/741/1083
f 747/747/1082 746/746/1080 740/740/1071
f 748/748/1084 741/741/1072 742/742/1074
f 748/748/1085 747/747/1082 741/741/1083
f 744/744/1075 749/749/1086 731/731/1087
f 749/749/1086 724/724/1040 731/731/1087
f 750/750/1088 748/748/1084 742/742/1074
f 742/742/1074 751/751/3 750/750/1088
f 749/749/1089 752/752/1090 724/724/1040
f 752/752/1090 720/720/1029 724/724/1040
f 752/752/1090 753/753/1091 720/720/1028
f 753/753/1091 716/716/1022 720/720/1028
f 753/753/1091 754/754/1092 716/716/1093
f 754/754/1092 712/712/1013 716/716/1093
f 754/754/1092 755/755/1094 712/712/1013
f 755/755/1094 708/708/1006 712/712/1013
f 755/755/1094 756/756/1095 708/708/1096
f 756/756/1095 704/704/995 708/708/1005
f 756/756/1095 757/757/1097 704/704/995
f 757/757/1097 700/700/1098 704/704/995
f 757/757/1099 758/758/1100 700/700/1098
f 758/758/1100 696/696/1101 700/700/1098
f 758/758/1100 759/759/1102 696/696/1103
f 759/759/1102 692/692/1104 696/696/1103
f 759/759/1102 760/760/1105 692/692/968
f 760/760/1105 686/686/1106 692/692/968
f 760/760/1107 761/761/1108 686/686/958
f 761/761/1108 681/681/944 686/686/1109
f 761/761/1108 685/685/957 681/681/944
f 762/762/1110 685/685/957 761/761/1108
f 762/762/1111 690/690/967 685/685/956
f 763/763/1112 761/761/1108 760/760/1107
f 763/763/1112 762/762/1110 761/761/1108
f 764/764/1113 760/760/1105 759/759/1102
f 764/764/1114 763/763/1112 760/760/1107
f 765/765/1115 759/759/1102 758/758/1116
f 765/765/1117 764/764/1113 759/759/1102
f 766/766/1118 758/758/1100 757/757/1099
f 766/766/1119 765/765/1115 758/758/1100
f 767/767/1120 690/690/967 762/762/1111
f 767/767/1120 768/768/62 690/690/967
f 769/769/1121 762/762/1122 763/763/1112
f 769/769/1123 767/767/1120 762/762/1111
f 770/770/1124 763/763/1112 764/764/1114
f 770/770/1124 769/769/1121 763/763/1112
f 771/771/1125 764/764/1113 765/765/1117
f 771/771/1126 770/770/1127 764/764/1114
f 772/772/1128 767/767/1120 769/769/1123
f 772/772/1129 773/773/62 767/767/1130
f 774/774/1131 769/769/1121 770/770/1132
f 774/774/1133 772/772/1128 769/769/1123
f 775/775/1134 766/766/1118 757/757/1099
f 775/775/1134 757/757/1135 756/756/1095
f 776/776/1136 765/765/1117 766/766/1137
f 776/776/1136 771/771/1125 765/765/1117
f 777/777/1138 770/770/1124 771/771/1139
f 777/777/1140 774/774/1131 770/770/1132
f 778/778/1141 772/772/1128 774/774/1142
f 778/778/1141 779/779/62 772/772/1129
f 780/780/1143 778/778/1144 774/774/1142
f 780/780/1143 774/774/1131 777/777/1140
f 781/781/1145 777/777/1138 771/771/1139
f 781/781/1145 771/771/1146 776/776/1136
f 782/782/1147 776/776/1136 766/766/1137
f 782/782/1148 766/766/1149 775/775/1134
f 783/783/1150 775/775/1134 756/756/1095
f 783/783/1151 756/756/1095 755/755/1094
f 784/784/1152 778/778/1153 780/780/1143
f 784/784/1154 785/785/62 778/778/1141
f 786/786/1155 780/780/1143 777/777/1138
f 786/786/1156 777/777/1138 781/781/1145
f 787/787/1157 781/781/1158 776/776/1136
f 787/787/1157 776/776/1159 782/782/1147
f 788/788/1160 782/782/1161 775/775/1134
f 788/788/1160 775/775/1134 783/783/1150
f 789/789/1162 783/783/1151 755/755/1094
f 789/789/1163 755/755/1094 754/754/1092
f 790/790/1164 784/784/1165 780/780/1143
f 790/790/1164 780/780/1143 786/786/1156
f 791/791/1166 786/786/1156 781/781/1145
f 791/791/1167 781/781/1168 787/787/1169
f 792/792/1170 787/787/1157 782/782/1147
f 792/792/1170 782/782/1161 788/788/1171
f 793/793/1172 788/788/1171 783/783/1150
f 793/793/1173 783/783/1151 789/789/1162
f 794/794/1174 789/789/1163 754/754/1092
f 794/794/1174 754/754/1092 753/753/1091
f 795/795/1175 784/784/1152 790/790/1164
f 795/795/1176 796/796/62 784/784/1154
f 797/797/1177 791/791/1167 787/787/1169
f 797/797/1178 787/787/1179 792/792/1170
f 798/798/1180 792/792/1170 788/788/1171
f 798/798/1180 788/788/1171 793/793/1173
f 799/799/1181 793/793/1173 789/789/1162
f 799/799/1181 789/789/1182 794/794/1174
f 800/800/1183 794/794/1174 753/753/1091
f 800/800/1184 753/753/1091 752/752/1090
f 801/801/1185 797/797/1178 792/792/1186
f 801/801/1185 792/792/1170 798/798/1180
f 802/802/1187 798/798/1180 793/793/1173
f 802/802/1188 793/793/1173 799/799/1189
f 803/803/1190 799/799/1181 794/794/1174
f 803/803/1190 794/794/1174 800/800/1183
f 804/804/1191 800/800/1192 752/752/1090
f 804/804/1191 752/752/1090 749/749/1193
f 805/805/1194 801/801/1195 798/798/1180
f 805/805/1196 798/798/1180 802/802/1197
f 806/806/1198 802/802/1188 799/799/1189
f 806/806/1199 799/799/1189 803/803/1200
f 807/807/1201 803/803/1190 800/800/1192
f 807/807/1201 800/800/1192 804/804/1191
f 808/808/1202 804/804/1191 749/749/1089
f 808/808/1202 749/749/1086 744/744/1075
f 809/809/1203 805/805/1204 802/802/1197
f 809/809/1203 802/802/1188 806/806/1198
f 810/810/1205 806/806/1198 803/803/1200
f 810/810/1205 803/803/1206 807/807/1207
f 811/811/1208 807/807/1201 804/804/1191
f 811/811/1208 804/804/1209 808/808/1210
f 812/812/1211 808/808/1202 744/744/1075
f 812/812/1212 744/744/1075 745/745/1078
f 813/813/1213 809/809/1203 806/806/1198
f 813/813/1213 806/806/1198 810/810/1214
f 814/814/1215 810/810/1205 807/807/1207
f 814/814/1216 807/807/1207 811/811/1217
f 815/815/1218 811/811/1208 808/808/1210
f 815/815/1218 808/808/1219 812/812/1220
f 816/816/1221 812/812/1212 745/745/1078
f 816/816/1222 745/745/1078 746/746/1081
f 817/817/1223 813/813/1213 810/810/1214
f 817/817/1223 810/810/1205 814/814/1216
f 818/818/1224 814/814/1215 811/811/1217
f 818/818/1225 811/811/1208 815/815/1226
f 819/819/1227 815/815/1218 812/812/1220
f 819/819/1228 812/812/1229 816/816/1222
f 820/820/1230 816/816/1222 746/746/1081
f 820/820/1231 746/746/1080 747/747/1082
f 821/821/1232 817/817/1223 814/814/1216
f 821/821/1233 814/814/1216 818/818/1234
f 822/822/1235 818/818/1236 815/815/1226
f 822/822/1235 815/815/1226 819/819/1227
f 823/823/1237 819/819/1228 816/816/1222
f 823/823/1237 816/816/1222 820/820/1238
f 824/824/1239 820/820/1240 747/747/1082
f 824/824/1239 747/747/1082 748/748/1085
f 825/825/1241 821/821/1242 818/818/1224
f 825/825/1241 818/818/1234 822/822/1235
f 826/826/1243 822/822/1235 819/819/1227
f 826/826/1243 819/819/1228 823/823/1244
f 827/827/1245 823/823/1237 820/820/1238
f 827/827/1246 820/820/1231 824/824/1239
f 828/828/1247 824/824/1239 748/748/1085
f 828/828/1248 748/748/1084 750/750/1088
f 829/829/1249 825/825/1241 822/822/1235
f 829/829/1250 822/822/1235 826/826/1251
f 830/830/1252 826/826/1243 823/823/1244
f 830/830/1252 823/823/1237 827/827/1253
f 831/831/1254 827/827/1246 824/824/1239
f 831/831/1255 824/824/1239 828/828/1256
f 832/832/1257 828/828/1248 750/750/1088
f 750/750/1088 833/833/3 832/832/1257
f 834/834/1258 828/828/1248 832/832/1257
f 834/834/1259 831/831/1255 828/828/1256
f 835/835/1260 827/827/1261 831/831/1255
f 835/835/1260 830/830/1252 827/827/1253
f 836/836/1262 826/826/1243 830/830/1263
f 836/836/1264 829/829/1250 826/826/1251
f 837/837/1265 834/834/1258 832/832/1257
f 832/832/1257 838/838/3 837/837/1265
f 839/839/1266 831/831/1267 834/834/1259
f 839/839/1268 835/835/1260 831/831/1255
f 840/840/1269 830/830/1270 835/835/1271
f 840/840/1269 836/836/1262 830/830/1252
f 841/841/1272 834/834/1258 837/837/1265
f 841/841/1273 839/839/1266 834/834/1259
f 842/842/1274 835/835/1260 839/839/1268
f 842/842/1275 840/840/1276 835/835/1271
f 843/843/1277 841/841/1272 837/837/1265
f 837/837/1278 844/844/3 843/843/1279
f 845/845/1280 839/839/1268 841/841/1281
f 845/845/1282 842/842/1274 839/839/1268
f 846/846/1283 841/841/1281 843/843/1277
f 846/846/1283 845/845/1280 841/841/1273
f 847/847/1284 846/846/1283 843/843/1277
f 843/843/1279 848/848/3 847/847/1285
f 849/849/1286 836/836/1287 840/840/1288
f 850/850/1289 840/840/1276 842/842/1275
f 850/850/1290 849/849/1286 840/840/1288
f 851/851/1291 842/842/1275 845/845/1282
f 851/851/1291 850/850/1289 842/842/1275
f 852/852/1292 845/845/1282 846/846/1283
f 852/852/1293 851/851/1291 845/845/1282
f 853/853/1294 846/846/1283 847/847/1284
f 853/853/1294 852/852/1293 846/846/1283
f 849/849/1295 854/854/1296 836/836/1264
f 854/854/1296 829/829/1250 836/836/1264
f 855/855/1297 853/853/1294 847/847/1284
f 847/847/1285 856/856/3 855/855/1298
f 854/854/1296 857/857/1299 829/829/1250
f 857/857/1300 825/825/1241 829/829/1250
f 857/857/1299 858/858/1301 825/825/1241
f 858/858/1301 821/821/1233 825/825/1241
f 858/858/1302 859/859/1303 821/821/1232
f 859/859/1303 817/817/1223 821/821/1232
f 859/859/1304 860/860/1305 817/817/1306
f 860/860/1305 813/813/1307 817/817/1306
f 860/860/1308 861/861/1309 813/813/1310
f 861/861/1309 809/809/1203 813/813/1310
f 861/861/1309 862/862/1311 809/809/1203
f 862/862/1311 805/805/1194 809/809/1203
f 862/862/1311 863/863/1312 805/805/1194
f 863/863/1312 801/801/1195 805/805/1194
f 863/863/1313 864/864/1314 801/801/1185
f 864/864/1314 797/797/1315 801/801/1185
f 864/864/1316 865/865/1317 797/797/1177
f 865/865/1317 791/791/1167 797/797/1177
f 865/865/1317 866/866/1318 791/791/1167
f 866/866/1318 786/786/1156 791/791/1167
f 866/866/1318 790/790/1164 786/786/1155
f 867/867/1319 790/790/1164 866/866/1320
f 867/867/1321 795/795/1175 790/790/1164
f 868/868/1322 866/866/1318 865/865/1323
f 868/868/1324 867/867/1321 866/866/1320
f 869/869/1325 865/865/1317 864/864/1316
f 869/869/1326 868/868/1322 865/865/1323
f 870/870/1327 864/864/1328 863/863/1329
f 870/870/1330 869/869/1325 864/864/1316
f 871/871/1331 863/863/1312 862/862/1311
f 871/871/1332 870/870/1333 863/863/1329
f 872/872/1334 795/795/1175 867/867/1335
f 872/872/1336 873/873/62 795/795/1176
f 874/874/1337 867/867/1319 868/868/1324
f 874/874/1338 872/872/1334 867/867/1335
f 875/875/1339 868/868/1322 869/869/1326
f 875/875/1340 874/874/1337 868/868/1324
f 876/876/1341 869/869/1326 870/870/1327
f 876/876/1342 875/875/1339 869/869/1326
f 877/877/1343 872/872/1334 874/874/1338
f 877/877/1343 878/878/62 872/872/1334
f 879/879/1344 874/874/1337 875/875/1339
f 879/879/1345 877/877/1343 874/874/1338
f 880/880/1346 871/871/1331 862/862/1311
f 880/880/1346 862/862/1347 861/861/1309
f 881/881/1348 870/870/1327 871/871/1332
f 881/881/1349 876/876/1341 870/870/1327
f 882/882/1350 875/875/1351 876/876/1352
f 882/882/1350 879/879/1344 875/875/1339
f 883/883/1353 877/877/1343 879/879/1345
f 883/883/1353 884/884/62 877/877/1343
f 885/885/1354 883/883/1353 879/879/1345
f 885/885/1355 879/879/1356 882/882/1350
f 886/886/1357 882/882/1350 876/876/1352
f 886/886/1358 876/876/1341 881/881/1349
f 887/887/1359 881/881/1348 871/871/1332
f 887/887/1360 871/871/1332 880/880/1346
f 888/888/1361 880/880/1346 861/861/1309
f 888/888/1362 861/861/1309 860/860/1363
f 889/889/61 883/883/1353 885/885/1354
f 889/889/61 890/890/62 883/883/1353
f 891/891/60 889/889/61 885/885/1354
f 892/892/1364 885/885/1355 882/882/1350
f 891/891/1365 885/885/1355 892/892/1364
f 892/892/1364 882/882/1350 886/886/1366
f 893/893/55 891/891/1365 892/892/1364
f 893/893/55 892/892/1364 894/894/1367
f 894/894/1367 892/892/1364 886/886/1357
f 895/895/1368 893/893/55 894/894/1367
f 894/894/1369 886/886/1370 896/896/1371
f 896/896/1371 886/886/1358 881/881/1349
f 896/896/1371 881/881/1349 887/887/1359
f 895/895/50 894/894/1369 897/897/1372
f 897/897/1372 894/894/1369 896/896/1371
f 898/898/48 895/895/50 897/897/1372
f 899/899/1373 896/896/1371 887/887/1359
f 897/897/1372 896/896/1374 899/899/1375
f 898/898/1376 897/897/1372 900/900/1377
f 900/900/1377 897/897/1372 899/899/1375
f 901/901/1378 898/898/1376 900/900/1377
f 899/899/1379 887/887/1360 902/902/1380
f 902/902/1381 887/887/1359 880/880/1346
f 902/902/1381 880/880/1346 888/888/1382
f 900/900/1377 899/899/1383 903/903/1384
f 903/903/1385 899/899/1379 902/902/1380
f 901/901/44 900/900/1377 904/904/1386
f 904/904/1386 900/900/1377 903/903/1384
f 905/905/42 901/901/44 904/904/1386
f 906/906/1387 902/902/1381 888/888/1388
f 903/903/1389 902/902/1380 906/906/1387
f 904/904/1390 903/903/1384 907/907/1391
f 907/907/1392 903/903/1389 906/906/1387
f 905/905/42 904/904/1393 908/908/1394
f 908/908/1394 904/904/1390 907/907/1391
f 909/909/41 905/905/42 908/908/1394
f 906/906/1395 888/888/1362 910/910/1396
f 910/910/1397 888/888/1362 860/860/1363
f 910/910/1397 860/860/1305 859/859/1304
f 907/907/1391 906/906/1398 911/911/1399
f 911/911/1400 906/906/1395 910/910/1396
f 912/912/1401 910/910/1397 859/859/1304
f 911/911/1400 910/910/1396 912/912/1401
f 912/912/1402 859/859/1304 858/858/1403
f 908/908/1394 907/907/1391 913/913/1404
f 913/913/1404 907/907/1391 911/911/1399
f 909/909/39 908/908/1394 914/914/1405
f 914/914/1405 908/908/1394 913/913/1406
f 915/915/38 909/909/39 914/914/1405
f 916/916/1407 912/912/1401 858/858/1403
f 916/916/1407 858/858/1403 857/857/1299
f 917/917/1408 911/911/1400 912/912/1401
f 913/913/1404 911/911/1399 917/917/1409
f 917/917/1408 912/912/1401 916/916/1407
f 914/914/1405 913/913/1410 918/918/1411
f 918/918/1411 913/913/1404 917/917/1409
f 915/915/36 914/914/1405 919/919/1412
f 919/919/1412 914/914/1405 918/918/1411
f 920/920/33 915/915/1413 919/919/1412
f 921/921/1414 916/916/1407 857/857/1299
f 921/921/1415 857/857/1299 854/854/1416
f 922/922/1417 917/917/1408 916/916/1418
f 918/918/1411 917/917/1409 922/922/1419
f 922/922/1417 916/916/1418 921/921/1414
f 919/919/1412 918/918/1411 923/923/1420
f 923/923/1421 918/918/1411 922/922/1419
f 920/920/33 919/919/1412 924/924/1422
f 924/924/1422 919/919/1412 923/923/1420
f 925/925/34 920/920/33 924/924/1422
f 926/926/1423 921/921/1415 854/854/1424
f 926/926/1423 854/854/1296 849/849/1286
f 927/927/1425 922/922/1417 921/921/1414
f 923/923/1426 922/922/1419 927/927/1425
f 927/927/1425 921/921/1427 926/926/1423
f 924/924/1422 923/923/1426 928/928/1428
f 928/928/1428 923/923/1426 927/927/1425
f 925/925/1429 924/924/1422 929/929/1430
f 929/929/1430 924/924/1422 928/928/1428
f 930/930/30 925/925/31 929/929/1430
f 931/931/1431 926/926/1423 849/849/1286
f 931/931/1432 849/849/1286 850/850/1433
f 932/932/1434 927/927/1425 926/926/1423
f 928/928/1435 927/927/1425 932/932/1436
f 932/932/1434 926/926/1423 931/931/1431
f 929/929/1430 928/928/1435 933/933/1437
f 933/933/1437 928/928/1435 932/932/1436
f 930/930/30 929/929/1430 934/934/1438
f 934/934/1439 929/929/1430 933/933/1437
f 935/935/1440 930/930/30 934/934/1438
f 936/936/1441 931/931/1431 850/850/1433
f 936/936/1442 850/850/1289 851/851/1291
f 937/937/1443 932/932/1434 931/931/1431
f 933/933/1437 932/932/1436 937/937/1444
f 937/937/1445 931/931/1431 936/936/1441
f 934/934/1438 933/933/1437 938/938/1446
f 938/938/1447 933/933/1437 937/937/1444
f 935/935/1440 934/934/1438 939/939/1448
f 939/939/1448 934/934/1438 938/938/1446
f 940/940/1449 935/935/1440 939/939/1448
f 941/941/1450 936/936/1442 851/851/1291
f 941/941/1451 851/851/1452 852/852/1292
f 942/942/1453 937/937/1445 936/936/1441
f 938/938/1454 937/937/1445 942/942/1455
f 942/942/1455 936/936/1441 941/941/1451
f 939/939/1448 938/938/1456 943/943/1457
f 943/943/1458 938/938/1454 942/942/1455
f 940/940/1459 939/939/1448 944/944/1460
f 944/944/1460 939/939/1461 943/943/1457
f 945/945/1462 940/940/1459 944/944/1460
f 946/946/1463 941/941/1451 852/852/1293
f 946/946/1464 852/852/1292 853/853/1294
f 947/947/1465 942/942/1455 941/941/1451
f 943/943/1458 942/942/1455 947/947/1466
f 947/947/1467 941/941/1451 946/946/1463
f 944/944/1460 943/943/1458 948/948/1468
f 948/948/1468 943/943/1458 947/947/1466
f 945/945/17 944/944/1460 949/949/1469
f 949/949/1469 944/944/1460 948/948/1468
f 950/950/18 945/945/17 949/949/1469
f 951/951/1470 946/946/1464 853/853/1294
f 951/951/1471 853/853/1294 855/855/1472
f 952/952/1473 947/947/1467 946/946/1463
f 948/948/1474 947/947/1475 952/952/1476
f 952/952/1477 946/946/1464 951/951/1470
f 949/949/1478 948/948/1474 953/953/1479
f 953/953/1479 948/948/1474 952/952/1473
f 950/950/13 949/949/1478 954/954/1480
f 954/954/1480 949/949/1478 953/953/1479
f 955/955/10 950/950/13 954/954/1480
f 956/956/1481 951/951/1471 855/855/1297
f 855/855/1298 957/957/3 956/956/1482
f 958/958/1483 952/952/1477 951/951/1470
f 953/953/1479 952/952/1473 958/958/1483
f 958/958/1484 951/951/1485 956/956/1481
f 954/954/1480 953/953/1479 959/959/1486
f 959/959/1487 953/953/1479 958/958/1483
f 955/955/10 954/954/1480 960/960/1488
f 960/960/1488 954/954/1480 959/959/1486
f 961/961/1489 955/955/10 960/960/1488
f 962/962/1490 958/958/1484 956/956/1481
f 959/959/1491 958/958/1484 962/962/1490
f 956/956/1482 963/963/3 962/962/1492
f 964/964/1493 959/959/1491 962/962/1490
f 960/960/1494 959/959/1491 964/964/1493
f 962/962/1490 965/965/3 964/964/1493
f 961/961/6 960/960/1494 966/966/1495
f 966/966/1495 960/960/1494 964/964/1493
f 964/964/1493 967/967/3 966/966/1495
f 968/968/2 961/961/6 966/966/1495
f 966/966/1495 969/969/3 968/968/2
