#
# OBJECT NAME
#
o model_007
mtllib 007.mtl

#
# VERTEX BUFFER 000
#
v -0.482322 1 0.482322
v -0.475 1 0.5
v -0.482322 0.825 0.482322
v -0.475 0.825 0.5
v -0.475 1 0.5
v -0.482322 1 0.517678
v -0.475 0.825 0.5
v -0.482322 0.825 0.517678
v -0.5 1 0.525
v -0.517678 1 0.517678
v -0.5 0.825 0.525
v -0.517678 0.825 0.517678
v -0.482322 1 0.517678
v -0.5 1 0.525
v -0.482322 0.825 0.517678
v -0.5 0.825 0.525
v -0.525 1 0.5
v -0.517678 1 0.482322
v -0.525 0.825 0.5
v -0.517678 0.825 0.482322
v -0.5 1 0.475
v -0.482322 1 0.482322
v -0.5 0.825 0.475
v -0.482322 0.825 0.482322
v -0.517678 1 0.482322
v -0.5 1 0.475
v -0.517678 0.825 0.482322
v -0.5 0.825 0.475
v -0.517678 1 0.517678
v -0.525 1 0.5
v -0.517678 0.825 0.517678
v -0.525 0.825 0.5
v -0.482322 0.825 0.482322
v -0.482322 0.825 0.517678
v -0.5 0.825 0.475
v -0.5 0.825 0.525
v -0.517678 0.825 0.482322
v -0.517678 0.825 0.517678
v -0.482322 0.825 0.482322
v -0.475 0.825 0.5
v -0.482322 0.825 0.517678
v -0.517678 0.825 0.482322
v -0.517678 0.825 0.517678
v -0.525 0.825 0.5
v -0.5125 0.9875 0.482322
v -0.5 1 0.475
v -0.388756 0.863756 0.482322
v -0.376256 0.876256 0.475
v -0.5 1 0.475
v -0.4875 1.0125 0.482322
v -0.376256 0.876256 0.475
v -0.363756 0.888756 0.482322
v -0.482322 1.01768 0.5
v -0.4875 1.0125 0.517678
v -0.358579 0.893934 0.5
v -0.363756 0.888756 0.517678
v -0.4875 1.0125 0.482322
v -0.482322 1.01768 0.5
v -0.363756 0.888756 0.482322
v -0.358579 0.893934 0.5
v -0.5 1 0.525
v -0.5125 0.9875 0.517678
v -0.376256 0.876256 0.525
v -0.388756 0.863756 0.517678
v -0.517678 0.982322 0.5
v -0.5125 0.9875 0.482322
v -0.393934 0.858579 0.5
v -0.388756 0.863756 0.482322
v -0.5125 0.9875 0.517678
v -0.517678 0.982322 0.5
v -0.388756 0.863756 0.517678
v -0.393934 0.858579 0.5
v -0.4875 1.0125 0.517678
v -0.5 1 0.525
v -0.363756 0.888756 0.517678
v -0.376256 0.876256 0.525
v -0.388756 0.863756 0.482322
v -0.363756 0.888756 0.482322
v -0.393934 0.858579 0.5
v -0.358579 0.893934 0.5
v -0.388756 0.863756 0.517678
v -0.363756 0.888756 0.517678
v -0.388756 0.863756 0.482322
v -0.376256 0.876256 0.475
v -0.363756 0.888756 0.482322
v -0.388756 0.863756 0.517678
v -0.363756 0.888756 0.517678
v -0.376256 0.876256 0.525
v -0.517678 0.982322 0.5
v -0.525 1 0.5
v -0.517678 0.982322 0.325
v -0.525 1 0.325
v -0.525 1 0.5
v -0.517678 1.01768 0.5
v -0.525 1 0.325
v -0.517678 1.01768 0.325
v -0.5 1.025 0.5
v -0.482322 1.01768 0.5
v -0.5 1.025 0.325
v -0.482322 1.01768 0.325
v -0.517678 1.01768 0.5
v -0.5 1.025 0.5
v -0.517678 1.01768 0.325
v -0.5 1.025 0.325
v -0.475 1 0.5
v -0.482322 0.982322 0.5
v -0.475 1 0.325
v -0.482322 0.982322 0.325
v -0.5 0.975 0.5
v -0.517678 0.982322 0.5
v -0.5 0.975 0.325
v -0.517678 0.982322 0.325
v -0.482322 0.982322 0.5
v -0.5 0.975 0.5
v -0.482322 0.982322 0.325
v -0.5 0.975 0.325
v -0.482322 1.01768 0.5
v -0.475 1 0.5
v -0.482322 1.01768 0.325
v -0.475 1 0.325
v -0.517678 0.982322 0.325
v -0.517678 1.01768 0.325
v -0.5 0.975 0.325
v -0.5 1.025 0.325
v -0.482322 0.982322 0.325
v -0.482322 1.01768 0.325
v -0.517678 0.982322 0.325
v -0.525 1 0.325
v -0.517678 1.01768 0.325
v -0.482322 0.982322 0.325
v -0.482322 1.01768 0.325
v -0.475 1 0.325
v -0.493235 0.976903 0.493235
v -0.5 0.976903 0.490433
v -0.5 0.982322 0.482322
v -0.4875 0.982322 0.4875
v -0.5 0.976903 0.490433
v -0.506765 0.976903 0.493235
v -0.5125 0.982322 0.4875
v -0.5 0.982322 0.482322
v -0.506765 0.976903 0.493235
v -0.509567 0.976903 0.5
v -0.517678 0.982322 0.5
v -0.5125 0.982322 0.4875
v -0.509567 0.976903 0.5
v -0.506765 0.976903 0.506765
v -0.5125 0.982322 0.5125
v -0.517678 0.982322 0.5
v -0.506765 0.976903 0.506765
v -0.5 0.976903 0.509567
v -0.5 0.982322 0.517678
v -0.5125 0.982322 0.5125
v -0.5 0.976903 0.509567
v -0.493235 0.976903 0.506765
v -0.4875 0.982322 0.5125
v -0.5 0.982322 0.517678
v -0.493235 0.976903 0.506765
v -0.490433 0.976903 0.5
v -0.482322 0.982322 0.5
v -0.4875 0.982322 0.5125
v -0.490433 0.976903 0.5
v -0.493235 0.976903 0.493235
v -0.4875 0.982322 0.4875
v -0.482322 0.982322 0.5
v -0.4875 0.982322 0.4875
v -0.5 0.982322 0.482322
v -0.5 0.990433 0.476903
v -0.483668 0.990433 0.483668
v -0.5 0.982322 0.482322
v -0.5125 0.982322 0.4875
v -0.516332 0.990433 0.483668
v -0.5 0.990433 0.476903
v -0.5125 0.982322 0.4875
v -0.517678 0.982322 0.5
v -0.523097 0.990433 0.5
v -0.516332 0.990433 0.483668
v -0.517678 0.982322 0.5
v -0.5125 0.982322 0.5125
v -0.516332 0.990433 0.516332
v -0.523097 0.990433 0.5
v -0.5125 0.982322 0.5125
v -0.5 0.982322 0.517678
v -0.5 0.990433 0.523097
v -0.516332 0.990433 0.516332
v -0.5 0.982322 0.517678
v -0.4875 0.982322 0.5125
v -0.483668 0.990433 0.516332
v -0.5 0.990433 0.523097
v -0.4875 0.982322 0.5125
v -0.482322 0.982322 0.5
v -0.476903 0.990433 0.5
v -0.483668 0.990433 0.516332
v -0.482322 0.982322 0.5
v -0.4875 0.982322 0.4875
v -0.483668 0.990433 0.483668
v -0.476903 0.990433 0.5
v -0.483668 0.990433 0.483668
v -0.5 0.990433 0.476903
v -0.5 1 0.475
v -0.482322 1 0.482322
v -0.5 0.990433 0.476903
v -0.516332 0.990433 0.483668
v -0.517678 1 0.482322
v -0.5 1 0.475
v -0.516332 0.990433 0.483668
v -0.523097 0.990433 0.5
v -0.525 1 0.5
v -0.517678 1 0.482322
v -0.523097 0.990433 0.5
v -0.516332 0.990433 0.516332
v -0.517678 1 0.517678
v -0.525 1 0.5
v -0.516332 0.990433 0.516332
v -0.5 0.990433 0.523097
v -0.5 1 0.525
v -0.517678 1 0.517678
v -0.5 0.990433 0.523097
v -0.483668 0.990433 0.516332
v -0.482322 1 0.517678
v -0.5 1 0.525
v -0.483668 0.990433 0.516332
v -0.476903 0.990433 0.5
v -0.475 1 0.5
v -0.482322 1 0.517678
v -0.476903 0.990433 0.5
v -0.483668 0.990433 0.483668
v -0.482322 1 0.482322
v -0.475 1 0.5
v -0.482322 1 0.482322
v -0.5 1 0.475
v -0.5 1.00957 0.476903
v -0.483668 1.00957 0.483668
v -0.5 1 0.475
v -0.517678 1 0.482322
v -0.516332 1.00957 0.483668
v -0.5 1.00957 0.476903
v -0.517678 1 0.482322
v -0.525 1 0.5
v -0.523097 1.00957 0.5
v -0.516332 1.00957 0.483668
v -0.525 1 0.5
v -0.517678 1 0.517678
v -0.516332 1.00957 0.516332
v -0.523097 1.00957 0.5
v -0.517678 1 0.517678
v -0.5 1 0.525
v -0.5 1.00957 0.523097
v -0.516332 1.00957 0.516332
v -0.5 1 0.525
v -0.482322 1 0.517678
v -0.483668 1.00957 0.516332
v -0.5 1.00957 0.523097
v -0.482322 1 0.517678
v -0.475 1 0.5
v -0.476903 1.00957 0.5
v -0.483668 1.00957 0.516332
v -0.475 1 0.5
v -0.482322 1 0.482322
v -0.483668 1.00957 0.483668
v -0.476903 1.00957 0.5
v -0.483668 1.00957 0.483668
v -0.5 1.00957 0.476903
v -0.5 1.01768 0.482322
v -0.4875 1.01768 0.4875
v -0.5 1.00957 0.476903
v -0.516332 1.00957 0.483668
v -0.5125 1.01768 0.4875
v -0.5 1.01768 0.482322
v -0.516332 1.00957 0.483668
v -0.523097 1.00957 0.5
v -0.517678 1.01768 0.5
v -0.5125 1.01768 0.4875
v -0.523097 1.00957 0.5
v -0.516332 1.00957 0.516332
v -0.5125 1.01768 0.5125
v -0.517678 1.01768 0.5
v -0.516332 1.00957 0.516332
v -0.5 1.00957 0.523097
v -0.5 1.01768 0.517678
v -0.5125 1.01768 0.5125
v -0.5 1.00957 0.523097
v -0.483668 1.00957 0.516332
v -0.4875 1.01768 0.5125
v -0.5 1.01768 0.517678
v -0.483668 1.00957 0.516332
v -0.476903 1.00957 0.5
v -0.482322 1.01768 0.5
v -0.4875 1.01768 0.5125
v -0.476903 1.00957 0.5
v -0.483668 1.00957 0.483668
v -0.4875 1.01768 0.4875
v -0.482322 1.01768 0.5
v -0.4875 1.01768 0.4875
v -0.5 1.01768 0.482322
v -0.5 1.0231 0.490433
v -0.493235 1.0231 0.493235
v -0.5 1.01768 0.482322
v -0.5125 1.01768 0.4875
v -0.506765 1.0231 0.493235
v -0.5 1.0231 0.490433
v -0.5125 1.01768 0.4875
v -0.517678 1.01768 0.5
v -0.509567 1.0231 0.5
v -0.506765 1.0231 0.493235
v -0.517678 1.01768 0.5
v -0.5125 1.01768 0.5125
v -0.506765 1.0231 0.506765
v -0.509567 1.0231 0.5
v -0.5125 1.01768 0.5125
v -0.5 1.01768 0.517678
v -0.5 1.0231 0.509567
v -0.506765 1.0231 0.506765
v -0.5 1.01768 0.517678
v -0.4875 1.01768 0.5125
v -0.493235 1.0231 0.506765
v -0.5 1.0231 0.509567
v -0.4875 1.01768 0.5125
v -0.482322 1.01768 0.5
v -0.490433 1.0231 0.5
v -0.493235 1.0231 0.506765
v -0.482322 1.01768 0.5
v -0.4875 1.01768 0.4875
v -0.493235 1.0231 0.493235
v -0.490433 1.0231 0.5
v -0.5 0.976903 0.490433
v -0.493235 0.976903 0.493235
v -0.5 0.975 0.5
v -0.506765 0.976903 0.493235
v -0.5 0.976903 0.490433
v -0.5 0.975 0.5
v -0.509567 0.976903 0.5
v -0.506765 0.976903 0.493235
v -0.5 0.975 0.5
v -0.506765 0.976903 0.506765
v -0.509567 0.976903 0.5
v -0.5 0.975 0.5
v -0.5 0.976903 0.509567
v -0.506765 0.976903 0.506765
v -0.5 0.975 0.5
v -0.493235 0.976903 0.506765
v -0.5 0.976903 0.509567
v -0.5 0.975 0.5
v -0.490433 0.976903 0.5
v -0.493235 0.976903 0.506765
v -0.5 0.975 0.5
v -0.493235 0.976903 0.493235
v -0.490433 0.976903 0.5
v -0.5 0.975 0.5
v -0.493235 1.0231 0.493235
v -0.5 1.0231 0.490433
v -0.5 1.025 0.5
v -0.5 1.0231 0.490433
v -0.506765 1.0231 0.493235
v -0.5 1.025 0.5
v -0.506765 1.0231 0.493235
v -0.509567 1.0231 0.5
v -0.5 1.025 0.5
v -0.509567 1.0231 0.5
v -0.506765 1.0231 0.506765
v -0.5 1.025 0.5
v -0.506765 1.0231 0.506765
v -0.5 1.0231 0.509567
v -0.5 1.025 0.5
v -0.5 1.0231 0.509567
v -0.493235 1.0231 0.506765
v -0.5 1.025 0.5
v -0.493235 1.0231 0.506765
v -0.490433 1.0231 0.5
v -0.5 1.025 0.5
v -0.490433 1.0231 0.5
v -0.493235 1.0231 0.493235
v -0.5 1.025 0.5
v 0.5 1.01768 -0.482322
v 0.5 1.025 -0.5
v 0.325 1.01768 -0.482322
v 0.325 1.025 -0.5
v 0.5 1.025 -0.5
v 0.5 1.01768 -0.517678
v 0.325 1.025 -0.5
v 0.325 1.01768 -0.517678
v 0.5 1 -0.525
v 0.5 0.982322 -0.517678
v 0.325 1 -0.525
v 0.325 0.982322 -0.517678
v 0.5 1.01768 -0.517678
v 0.5 1 -0.525
v 0.325 1.01768 -0.517678
v 0.325 1 -0.525
v 0.5 0.975 -0.5
v 0.5 0.982322 -0.482322
v 0.325 0.975 -0.5
v 0.325 0.982322 -0.482322
v 0.5 1 -0.475
v 0.5 1.01768 -0.482322
v 0.325 1 -0.475
v 0.325 1.01768 -0.482322
v 0.5 0.982322 -0.482322
v 0.5 1 -0.475
v 0.325 0.982322 -0.482322
v 0.325 1 -0.475
v 0.5 0.982322 -0.517678
v 0.5 0.975 -0.5
v 0.325 0.982322 -0.517678
v 0.325 0.975 -0.5
v 0.325 1.01768 -0.482322
v 0.325 1.01768 -0.517678
v 0.325 1 -0.475
v 0.325 1 -0.525
v 0.325 0.982322 -0.482322
v 0.325 0.982322 -0.517678
v 0.325 1.01768 -0.482322
v 0.325 1.025 -0.5
v 0.325 1.01768 -0.517678
v 0.325 0.982322 -0.482322
v 0.325 0.982322 -0.517678
v 0.325 0.975 -0.5
v 0.482322 1.0125 -0.4875
v 0.475 1 -0.5
v 0.482322 0.888756 -0.363756
v 0.475 0.876256 -0.376256
v 0.475 1 -0.5
v 0.482322 0.9875 -0.5125
v 0.475 0.876256 -0.376256
v 0.482322 0.863756 -0.388756
v 0.5 0.982322 -0.517678
v 0.517678 0.9875 -0.5125
v 0.5 0.858579 -0.393934
v 0.517678 0.863756 -0.388756
v 0.482322 0.9875 -0.5125
v 0.5 0.982322 -0.517678
v 0.482322 0.863756 -0.388756
v 0.5 0.858579 -0.393934
v 0.525 1 -0.5
v 0.517678 1.0125 -0.4875
v 0.525 0.876256 -0.376256
v 0.517678 0.888756 -0.363756
v 0.5 1.01768 -0.482322
v 0.482322 1.0125 -0.4875
v 0.5 0.893934 -0.358579
v 0.482322 0.888756 -0.363756
v 0.517678 1.0125 -0.4875
v 0.5 1.01768 -0.482322
v 0.517678 0.888756 -0.363756
v 0.5 0.893934 -0.358579
v 0.517678 0.9875 -0.5125
v 0.525 1 -0.5
v 0.517678 0.863756 -0.388756
v 0.525 0.876256 -0.376256
v 0.482322 0.888756 -0.363756
v 0.482322 0.863756 -0.388756
v 0.5 0.893934 -0.358579
v 0.5 0.858579 -0.393934
v 0.517678 0.888756 -0.363756
v 0.517678 0.863756 -0.388756
v 0.482322 0.888756 -0.363756
v 0.475 0.876256 -0.376256
v 0.482322 0.863756 -0.388756
v 0.517678 0.888756 -0.363756
v 0.517678 0.863756 -0.388756
v 0.525 0.876256 -0.376256
v 0.517678 1 -0.517678
v 0.525 1 -0.5
v 0.517678 0.825 -0.517678
v 0.525 0.825 -0.5
v 0.525 1 -0.5
v 0.517678 1 -0.482322
v 0.525 0.825 -0.5
v 0.517678 0.825 -0.482322
v 0.5 1 -0.475
v 0.482322 1 -0.482322
v 0.5 0.825 -0.475
v 0.482322 0.825 -0.482322
v 0.517678 1 -0.482322
v 0.5 1 -0.475
v 0.517678 0.825 -0.482322
v 0.5 0.825 -0.475
v 0.475 1 -0.5
v 0.482322 1 -0.517678
v 0.475 0.825 -0.5
v 0.482322 0.825 -0.517678
v 0.5 1 -0.525
v 0.517678 1 -0.517678
v 0.5 0.825 -0.525
v 0.517678 0.825 -0.517678
v 0.482322 1 -0.517678
v 0.5 1 -0.525
v 0.482322 0.825 -0.517678
v 0.5 0.825 -0.525
v 0.482322 1 -0.482322
v 0.475 1 -0.5
v 0.482322 0.825 -0.482322
v 0.475 0.825 -0.5
v 0.517678 0.825 -0.517678
v 0.517678 0.825 -0.482322
v 0.5 0.825 -0.525
v 0.5 0.825 -0.475
v 0.482322 0.825 -0.517678
v 0.482322 0.825 -0.482322
v 0.517678 0.825 -0.517678
v 0.525 0.825 -0.5
v 0.517678 0.825 -0.482322
v 0.482322 0.825 -0.517678
v 0.482322 0.825 -0.482322
v 0.475 0.825 -0.5
v 0.506765 0.976903 -0.506765
v 0.5 0.976903 -0.509567
v 0.5 0.982322 -0.517678
v 0.5125 0.982322 -0.5125
v 0.5 0.976903 -0.509567
v 0.493235 0.976903 -0.506765
v 0.4875 0.982322 -0.5125
v 0.5 0.982322 -0.517678
v 0.493235 0.976903 -0.506765
v 0.490433 0.976903 -0.5
v 0.482322 0.982322 -0.5
v 0.4875 0.982322 -0.5125
v 0.490433 0.976903 -0.5
v 0.493235 0.976903 -0.493235
v 0.4875 0.982322 -0.4875
v 0.482322 0.982322 -0.5
v 0.493235 0.976903 -0.493235
v 0.5 0.976903 -0.490433
v 0.5 0.982322 -0.482322
v 0.4875 0.982322 -0.4875
v 0.5 0.976903 -0.490433
v 0.506765 0.976903 -0.493235
v 0.5125 0.982322 -0.4875
v 0.5 0.982322 -0.482322
v 0.506765 0.976903 -0.493235
v 0.509567 0.976903 -0.5
v 0.517678 0.982322 -0.5
v 0.5125 0.982322 -0.4875
v 0.509567 0.976903 -0.5
v 0.506765 0.976903 -0.506765
v 0.5125 0.982322 -0.5125
v 0.517678 0.982322 -0.5
v 0.5125 0.982322 -0.5125
v 0.5 0.982322 -0.517678
v 0.5 0.990433 -0.523097
v 0.516332 0.990433 -0.516332
v 0.5 0.982322 -0.517678
v 0.4875 0.982322 -0.5125
v 0.483668 0.990433 -0.516332
v 0.5 0.990433 -0.523097
v 0.4875 0.982322 -0.5125
v 0.482322 0.982322 -0.5
v 0.476903 0.990433 -0.5
v 0.483668 0.990433 -0.516332
v 0.482322 0.982322 -0.5
v 0.4875 0.982322 -0.4875
v 0.483668 0.990433 -0.483668
v 0.476903 0.990433 -0.5
v 0.4875 0.982322 -0.4875
v 0.5 0.982322 -0.482322
v 0.5 0.990433 -0.476903
v 0.483668 0.990433 -0.483668
v 0.5 0.982322 -0.482322
v 0.5125 0.982322 -0.4875
v 0.516332 0.990433 -0.483668
v 0.5 0.990433 -0.476903
v 0.5125 0.982322 -0.4875
v 0.517678 0.982322 -0.5
v 0.523097 0.990433 -0.5
v 0.516332 0.990433 -0.483668
v 0.517678 0.982322 -0.5
v 0.5125 0.982322 -0.5125
v 0.516332 0.990433 -0.516332
v 0.523097 0.990433 -0.5
v 0.516332 0.990433 -0.516332
v 0.5 0.990433 -0.523097
v 0.5 1 -0.525
v 0.517678 1 -0.517678
v 0.5 0.990433 -0.523097
v 0.483668 0.990433 -0.516332
v 0.482322 1 -0.517678
v 0.5 1 -0.525
v 0.483668 0.990433 -0.516332
v 0.476903 0.990433 -0.5
v 0.475 1 -0.5
v 0.482322 1 -0.517678
v 0.476903 0.990433 -0.5
v 0.483668 0.990433 -0.483668
v 0.482322 1 -0.482322
v 0.475 1 -0.5
v 0.483668 0.990433 -0.483668
v 0.5 0.990433 -0.476903
v 0.5 1 -0.475
v 0.482322 1 -0.482322
v 0.5 0.990433 -0.476903
v 0.516332 0.990433 -0.483668
v 0.517678 1 -0.482322
v 0.5 1 -0.475
v 0.516332 0.990433 -0.483668
v 0.523097 0.990433 -0.5
v 0.525 1 -0.5
v 0.517678 1 -0.482322
v 0.523097 0.990433 -0.5
v 0.516332 0.990433 -0.516332
v 0.517678 1 -0.517678
v 0.525 1 -0.5
v 0.517678 1 -0.517678
v 0.5 1 -0.525
v 0.5 1.00957 -0.523097
v 0.516332 1.00957 -0.516332
v 0.5 1 -0.525
v 0.482322 1 -0.517678
v 0.483668 1.00957 -0.516332
v 0.5 1.00957 -0.523097
v 0.482322 1 -0.517678
v 0.475 1 -0.5
v 0.476903 1.00957 -0.5
v 0.483668 1.00957 -0.516332
v 0.475 1 -0.5
v 0.482322 1 -0.482322
v 0.483668 1.00957 -0.483668
v 0.476903 1.00957 -0.5
v 0.482322 1 -0.482322
v 0.5 1 -0.475
v 0.5 1.00957 -0.476903
v 0.483668 1.00957 -0.483668
v 0.5 1 -0.475
v 0.517678 1 -0.482322
v 0.516332 1.00957 -0.483668
v 0.5 1.00957 -0.476903
v 0.517678 1 -0.482322
v 0.525 1 -0.5
v 0.523097 1.00957 -0.5
v 0.516332 1.00957 -0.483668
v 0.525 1 -0.5
v 0.517678 1 -0.517678
v 0.516332 1.00957 -0.516332
v 0.523097 1.00957 -0.5
v 0.516332 1.00957 -0.516332
v 0.5 1.00957 -0.523097
v 0.5 1.01768 -0.517678
v 0.5125 1.01768 -0.5125
v 0.5 1.00957 -0.523097
v 0.483668 1.00957 -0.516332
v 0.4875 1.01768 -0.5125
v 0.5 1.01768 -0.517678
v 0.483668 1.00957 -0.516332
v 0.476903 1.00957 -0.5
v 0.482322 1.01768 -0.5
v 0.4875 1.01768 -0.5125
v 0.476903 1.00957 -0.5
v 0.483668 1.00957 -0.483668
v 0.4875 1.01768 -0.4875
v 0.482322 1.01768 -0.5
v 0.483668 1.00957 -0.483668
v 0.5 1.00957 -0.476903
v 0.5 1.01768 -0.482322
v 0.4875 1.01768 -0.4875
v 0.5 1.00957 -0.476903
v 0.516332 1.00957 -0.483668
v 0.5125 1.01768 -0.4875
v 0.5 1.01768 -0.482322
v 0.516332 1.00957 -0.483668
v 0.523097 1.00957 -0.5
v 0.517678 1.01768 -0.5
v 0.5125 1.01768 -0.4875
v 0.523097 1.00957 -0.5
v 0.516332 1.00957 -0.516332
v 0.5125 1.01768 -0.5125
v 0.517678 1.01768 -0.5
v 0.5125 1.01768 -0.5125
v 0.5 1.01768 -0.517678
v 0.5 1.0231 -0.509567
v 0.506765 1.0231 -0.506765
v 0.5 1.01768 -0.517678
v 0.4875 1.01768 -0.5125
v 0.493235 1.0231 -0.506765
v 0.5 1.0231 -0.509567
v 0.4875 1.01768 -0.5125
v 0.482322 1.01768 -0.5
v 0.490433 1.0231 -0.5
v 0.493235 1.0231 -0.506765
v 0.482322 1.01768 -0.5
v 0.4875 1.01768 -0.4875
v 0.493235 1.0231 -0.493235
v 0.490433 1.0231 -0.5
v 0.4875 1.01768 -0.4875
v 0.5 1.01768 -0.482322
v 0.5 1.0231 -0.490433
v 0.493235 1.0231 -0.493235
v 0.5 1.01768 -0.482322
v 0.5125 1.01768 -0.4875
v 0.506765 1.0231 -0.493235
v 0.5 1.0231 -0.490433
v 0.5125 1.01768 -0.4875
v 0.517678 1.01768 -0.5
v 0.509567 1.0231 -0.5
v 0.506765 1.0231 -0.493235
v 0.517678 1.01768 -0.5
v 0.5125 1.01768 -0.5125
v 0.506765 1.0231 -0.506765
v 0.509567 1.0231 -0.5
v 0.5 0.976903 -0.509567
v 0.506765 0.976903 -0.506765
v 0.5 0.975 -0.5
v 0.493235 0.976903 -0.506765
v 0.5 0.976903 -0.509567
v 0.5 0.975 -0.5
v 0.490433 0.976903 -0.5
v 0.493235 0.976903 -0.506765
v 0.5 0.975 -0.5
v 0.493235 0.976903 -0.493235
v 0.490433 0.976903 -0.5
v 0.5 0.975 -0.5
v 0.5 0.976903 -0.490433
v 0.493235 0.976903 -0.493235
v 0.5 0.975 -0.5
v 0.506765 0.976903 -0.493235
v 0.5 0.976903 -0.490433
v 0.5 0.975 -0.5
v 0.509567 0.976903 -0.5
v 0.506765 0.976903 -0.493235
v 0.5 0.975 -0.5
v 0.506765 0.976903 -0.506765
v 0.509567 0.976903 -0.5
v 0.5 0.975 -0.5
v 0.506765 1.0231 -0.506765
v 0.5 1.0231 -0.509567
v 0.5 1.025 -0.5
v 0.5 1.0231 -0.509567
v 0.493235 1.0231 -0.506765
v 0.5 1.025 -0.5
v 0.493235 1.0231 -0.506765
v 0.490433 1.0231 -0.5
v 0.5 1.025 -0.5
v 0.490433 1.0231 -0.5
v 0.493235 1.0231 -0.493235
v 0.5 1.025 -0.5
v 0.493235 1.0231 -0.493235
v 0.5 1.0231 -0.490433
v 0.5 1.025 -0.5
v 0.5 1.0231 -0.490433
v 0.506765 1.0231 -0.493235
v 0.5 1.025 -0.5
v 0.506765 1.0231 -0.493235
v 0.509567 1.0231 -0.5
v 0.5 1.025 -0.5
v 0.509567 1.0231 -0.5
v 0.506765 1.0231 -0.506765
v 0.5 1.025 -0.5
v -0.482322 1.01768 -0.5
v -0.5 1.025 -0.5
v -0.482322 1.01768 -0.325
v -0.5 1.025 -0.325
v -0.5 1.025 -0.5
v -0.517678 1.01768 -0.5
v -0.5 1.025 -0.325
v -0.517678 1.01768 -0.325
v -0.525 1 -0.5
v -0.517678 0.982322 -0.5
v -0.525 1 -0.325
v -0.517678 0.982322 -0.325
v -0.517678 1.01768 -0.5
v -0.525 1 -0.5
v -0.517678 1.01768 -0.325
v -0.525 1 -0.325
v -0.5 0.975 -0.5
v -0.482322 0.982322 -0.5
v -0.5 0.975 -0.325
v -0.482322 0.982322 -0.325
v -0.475 1 -0.5
v -0.482322 1.01768 -0.5
v -0.475 1 -0.325
v -0.482322 1.01768 -0.325
v -0.482322 0.982322 -0.5
v -0.475 1 -0.5
v -0.482322 0.982322 -0.325
v -0.475 1 -0.325
v -0.517678 0.982322 -0.5
v -0.5 0.975 -0.5
v -0.517678 0.982322 -0.325
v -0.5 0.975 -0.325
v -0.482322 1.01768 -0.325
v -0.517678 1.01768 -0.325
v -0.475 1 -0.325
v -0.525 1 -0.325
v -0.482322 0.982322 -0.325
v -0.517678 0.982322 -0.325
v -0.482322 1.01768 -0.325
v -0.5 1.025 -0.325
v -0.517678 1.01768 -0.325
v -0.482322 0.982322 -0.325
v -0.517678 0.982322 -0.325
v -0.5 0.975 -0.325
v -0.482322 1 -0.482322
v -0.5 1 -0.475
v -0.482322 0.825 -0.482322
v -0.5 0.825 -0.475
v -0.5 1 -0.475
v -0.517678 1 -0.482322
v -0.5 0.825 -0.475
v -0.517678 0.825 -0.482322
v -0.525 1 -0.5
v -0.517678 1 -0.517678
v -0.525 0.825 -0.5
v -0.517678 0.825 -0.517678
v -0.517678 1 -0.482322
v -0.525 1 -0.5
v -0.517678 0.825 -0.482322
v -0.525 0.825 -0.5
v -0.5 1 -0.525
v -0.482322 1 -0.517678
v -0.5 0.825 -0.525
v -0.482322 0.825 -0.517678
v -0.475 1 -0.5
v -0.482322 1 -0.482322
v -0.475 0.825 -0.5
v -0.482322 0.825 -0.482322
v -0.482322 1 -0.517678
v -0.475 1 -0.5
v -0.482322 0.825 -0.517678
v -0.475 0.825 -0.5
v -0.517678 1 -0.517678
v -0.5 1 -0.525
v -0.517678 0.825 -0.517678
v -0.5 0.825 -0.525
v -0.482322 0.825 -0.482322
v -0.517678 0.825 -0.482322
v -0.475 0.825 -0.5
v -0.525 0.825 -0.5
v -0.482322 0.825 -0.517678
v -0.517678 0.825 -0.517678
v -0.482322 0.825 -0.482322
v -0.5 0.825 -0.475
v -0.517678 0.825 -0.482322
v -0.482322 0.825 -0.517678
v -0.517678 0.825 -0.517678
v -0.5 0.825 -0.525
v -0.478661 1.0125 -0.503661
v -0.4875 1.01768 -0.4875
v -0.391161 0.888756 -0.416161
v -0.4 0.893934 -0.4
v -0.4875 1.01768 -0.4875
v -0.503661 1.0125 -0.478661
v -0.4 0.893934 -0.4
v -0.416161 0.888756 -0.391161
v -0.517678 1 -0.482322
v -0.521339 0.9875 -0.496339
v -0.430178 0.876256 -0.394822
v -0.433839 0.863756 -0.408839
v -0.503661 1.0125 -0.478661
v -0.517678 1 -0.482322
v -0.416161 0.888756 -0.391161
v -0.430178 0.876256 -0.394822
v -0.5125 0.982322 -0.5125
v -0.496339 0.9875 -0.521339
v -0.425 0.858579 -0.425
v -0.408839 0.863756 -0.433839
v -0.482322 1 -0.517678
v -0.478661 1.0125 -0.503661
v -0.394822 0.876256 -0.430178
v -0.391161 0.888756 -0.416161
v -0.496339 0.9875 -0.521339
v -0.482322 1 -0.517678
v -0.408839 0.863756 -0.433839
v -0.394822 0.876256 -0.430178
v -0.521339 0.9875 -0.496339
v -0.5125 0.982322 -0.5125
v -0.433839 0.863756 -0.408839
v -0.425 0.858579 -0.425
v -0.391161 0.888756 -0.416161
v -0.416161 0.888756 -0.391161
v -0.394822 0.876256 -0.430178
v -0.430178 0.876256 -0.394822
v -0.408839 0.863756 -0.433839
v -0.433839 0.863756 -0.408839
v -0.391161 0.888756 -0.416161
v -0.4 0.893934 -0.4
v -0.416161 0.888756 -0.391161
v -0.408839 0.863756 -0.433839
v -0.433839 0.863756 -0.408839
v -0.425 0.858579 -0.425
v -0.5 0.982322 -0.517678
v -0.5 1 -0.525
v -0.325 0.982322 -0.517678
v -0.325 1 -0.525
v -0.5 1 -0.525
v -0.5 1.01768 -0.517678
v -0.325 1 -0.525
v -0.325 1.01768 -0.517678
v -0.5 1.025 -0.5
v -0.5 1.01768 -0.482322
v -0.325 1.025 -0.5
v -0.325 1.01768 -0.482322
v -0.5 1.01768 -0.517678
v -0.5 1.025 -0.5
v -0.325 1.01768 -0.517678
v -0.325 1.025 -0.5
v -0.5 1 -0.475
v -0.5 0.982322 -0.482322
v -0.325 1 -0.475
v -0.325 0.982322 -0.482322
v -0.5 0.975 -0.5
v -0.5 0.982322 -0.517678
v -0.325 0.975 -0.5
v -0.325 0.982322 -0.517678
v -0.5 0.982322 -0.482322
v -0.5 0.975 -0.5
v -0.325 0.982322 -0.482322
v -0.325 0.975 -0.5
v -0.5 1.01768 -0.482322
v -0.5 1 -0.475
v -0.325 1.01768 -0.482322
v -0.325 1 -0.475
v -0.325 0.982322 -0.517678
v -0.325 1.01768 -0.517678
v -0.325 0.975 -0.5
v -0.325 1.025 -0.5
v -0.325 0.982322 -0.482322
v -0.325 1.01768 -0.482322
v -0.325 0.982322 -0.517678
v -0.325 1 -0.525
v -0.325 1.01768 -0.517678
v -0.325 0.982322 -0.482322
v -0.325 1.01768 -0.482322
v -0.325 1 -0.475
v -0.506765 0.976903 -0.506765
v -0.509567 0.976903 -0.5
v -0.517678 0.982322 -0.5
v -0.5125 0.982322 -0.5125
v -0.509567 0.976903 -0.5
v -0.506765 0.976903 -0.493235
v -0.5125 0.982322 -0.4875
v -0.517678 0.982322 -0.5
v -0.506765 0.976903 -0.493235
v -0.5 0.976903 -0.490433
v -0.5 0.982322 -0.482322
v -0.5125 0.982322 -0.4875
v -0.5 0.976903 -0.490433
v -0.493235 0.976903 -0.493235
v -0.4875 0.982322 -0.4875
v -0.5 0.982322 -0.482322
v -0.493235 0.976903 -0.493235
v -0.490433 0.976903 -0.5
v -0.482322 0.982322 -0.5
v -0.4875 0.982322 -0.4875
v -0.490433 0.976903 -0.5
v -0.493235 0.976903 -0.506765
v -0.4875 0.982322 -0.5125
v -0.482322 0.982322 -0.5
v -0.493235 0.976903 -0.506765
v -0.5 0.976903 -0.509567
v -0.5 0.982322 -0.517678
v -0.4875 0.982322 -0.5125
v -0.5 0.976903 -0.509567
v -0.506765 0.976903 -0.506765
v -0.5125 0.982322 -0.5125
v -0.5 0.982322 -0.517678
v -0.5125 0.982322 -0.5125
v -0.517678 0.982322 -0.5
v -0.523097 0.990433 -0.5
v -0.516332 0.990433 -0.516332
v -0.517678 0.982322 -0.5
v -0.5125 0.982322 -0.4875
v -0.516332 0.990433 -0.483668
v -0.523097 0.990433 -0.5
v -0.5125 0.982322 -0.4875
v -0.5 0.982322 -0.482322
v -0.5 0.990433 -0.476903
v -0.516332 0.990433 -0.483668
v -0.5 0.982322 -0.482322
v -0.4875 0.982322 -0.4875
v -0.483668 0.990433 -0.483668
v -0.5 0.990433 -0.476903
v -0.4875 0.982322 -0.4875
v -0.482322 0.982322 -0.5
v -0.476903 0.990433 -0.5
v -0.483668 0.990433 -0.483668
v -0.482322 0.982322 -0.5
v -0.4875 0.982322 -0.5125
v -0.483668 0.990433 -0.516332
v -0.476903 0.990433 -0.5
v -0.4875 0.982322 -0.5125
v -0.5 0.982322 -0.517678
v -0.5 0.990433 -0.523097
v -0.483668 0.990433 -0.516332
v -0.5 0.982322 -0.517678
v -0.5125 0.982322 -0.5125
v -0.516332 0.990433 -0.516332
v -0.5 0.990433 -0.523097
v -0.516332 0.990433 -0.516332
v -0.523097 0.990433 -0.5
v -0.525 1 -0.5
v -0.517678 1 -0.517678
v -0.523097 0.990433 -0.5
v -0.516332 0.990433 -0.483668
v -0.517678 1 -0.482322
v -0.525 1 -0.5
v -0.516332 0.990433 -0.483668
v -0.5 0.990433 -0.476903
v -0.5 1 -0.475
v -0.517678 1 -0.482322
v -0.5 0.990433 -0.476903
v -0.483668 0.990433 -0.483668
v -0.482322 1 -0.482322
v -0.5 1 -0.475
v -0.483668 0.990433 -0.483668
v -0.476903 0.990433 -0.5
v -0.475 1 -0.5
v -0.482322 1 -0.482322
v -0.476903 0.990433 -0.5
v -0.483668 0.990433 -0.516332
v -0.482322 1 -0.517678
v -0.475 1 -0.5
v -0.483668 0.990433 -0.516332
v -0.5 0.990433 -0.523097
v -0.5 1 -0.525
v -0.482322 1 -0.517678
v -0.5 0.990433 -0.523097
v -0.516332 0.990433 -0.516332
v -0.517678 1 -0.517678
v -0.5 1 -0.525
v -0.517678 1 -0.517678
v -0.525 1 -0.5
v -0.523097 1.00957 -0.5
v -0.516332 1.00957 -0.516332
v -0.525 1 -0.5
v -0.517678 1 -0.482322
v -0.516332 1.00957 -0.483668
v -0.523097 1.00957 -0.5
v -0.517678 1 -0.482322
v -0.5 1 -0.475
v -0.5 1.00957 -0.476903
v -0.516332 1.00957 -0.483668
v -0.5 1 -0.475
v -0.482322 1 -0.482322
v -0.483668 1.00957 -0.483668
v -0.5 1.00957 -0.476903
v -0.482322 1 -0.482322
v -0.475 1 -0.5
v -0.476903 1.00957 -0.5
v -0.483668 1.00957 -0.483668
v -0.475 1 -0.5
v -0.482322 1 -0.517678
v -0.483668 1.00957 -0.516332
v -0.476903 1.00957 -0.5
v -0.482322 1 -0.517678
v -0.5 1 -0.525
v -0.5 1.00957 -0.523097
v -0.483668 1.00957 -0.516332
v -0.5 1 -0.525
v -0.517678 1 -0.517678
v -0.516332 1.00957 -0.516332
v -0.5 1.00957 -0.523097
v -0.516332 1.00957 -0.516332
v -0.523097 1.00957 -0.5
v -0.517678 1.01768 -0.5
v -0.5125 1.01768 -0.5125
v -0.523097 1.00957 -0.5
v -0.516332 1.00957 -0.483668
v -0.5125 1.01768 -0.4875
v -0.517678 1.01768 -0.5
v -0.516332 1.00957 -0.483668
v -0.5 1.00957 -0.476903
v -0.5 1.01768 -0.482322
v -0.5125 1.01768 -0.4875
v -0.5 1.00957 -0.476903
v -0.483668 1.00957 -0.483668
v -0.4875 1.01768 -0.4875
v -0.5 1.01768 -0.482322
v -0.483668 1.00957 -0.483668
v -0.476903 1.00957 -0.5
v -0.482322 1.01768 -0.5
v -0.4875 1.01768 -0.4875
v -0.476903 1.00957 -0.5
v -0.483668 1.00957 -0.516332
v -0.4875 1.01768 -0.5125
v -0.482322 1.01768 -0.5
v -0.483668 1.00957 -0.516332
v -0.5 1.00957 -0.523097
v -0.5 1.01768 -0.517678
v -0.4875 1.01768 -0.5125
v -0.5 1.00957 -0.523097
v -0.516332 1.00957 -0.516332
v -0.5125 1.01768 -0.5125
v -0.5 1.01768 -0.517678
v -0.5125 1.01768 -0.5125
v -0.517678 1.01768 -0.5
v -0.509567 1.0231 -0.5
v -0.506765 1.0231 -0.506765
v -0.517678 1.01768 -0.5
v -0.5125 1.01768 -0.4875
v -0.506765 1.0231 -0.493235
v -0.509567 1.0231 -0.5
v -0.5125 1.01768 -0.4875
v -0.5 1.01768 -0.482322
v -0.5 1.0231 -0.490433
v -0.506765 1.0231 -0.493235
v -0.5 1.01768 -0.482322
v -0.4875 1.01768 -0.4875
v -0.493235 1.0231 -0.493235
v -0.5 1.0231 -0.490433
v -0.4875 1.01768 -0.4875
v -0.482322 1.01768 -0.5
v -0.490433 1.0231 -0.5
v -0.493235 1.0231 -0.493235
v -0.482322 1.01768 -0.5
v -0.4875 1.01768 -0.5125
v -0.493235 1.0231 -0.506765
v -0.490433 1.0231 -0.5
v -0.4875 1.01768 -0.5125
v -0.5 1.01768 -0.517678
v -0.5 1.0231 -0.509567
v -0.493235 1.0231 -0.506765
v -0.5 1.01768 -0.517678
v -0.5125 1.01768 -0.5125
v -0.506765 1.0231 -0.506765
v -0.5 1.0231 -0.509567
v -0.509567 0.976903 -0.5
v -0.506765 0.976903 -0.506765
v -0.5 0.975 -0.5
v -0.506765 0.976903 -0.493235
v -0.509567 0.976903 -0.5
v -0.5 0.975 -0.5
v -0.5 0.976903 -0.490433
v -0.506765 0.976903 -0.493235
v -0.5 0.975 -0.5
v -0.493235 0.976903 -0.493235
v -0.5 0.976903 -0.490433
v -0.5 0.975 -0.5
v -0.490433 0.976903 -0.5
v -0.493235 0.976903 -0.493235
v -0.5 0.975 -0.5
v -0.493235 0.976903 -0.506765
v -0.490433 0.976903 -0.5
v -0.5 0.975 -0.5
v -0.5 0.976903 -0.509567
v -0.493235 0.976903 -0.506765
v -0.5 0.975 -0.5
v -0.506765 0.976903 -0.506765
v -0.5 0.976903 -0.509567
v -0.5 0.975 -0.5
v -0.506765 1.0231 -0.506765
v -0.509567 1.0231 -0.5
v -0.5 1.025 -0.5
v -0.509567 1.0231 -0.5
v -0.506765 1.0231 -0.493235
v -0.5 1.025 -0.5
v -0.506765 1.0231 -0.493235
v -0.5 1.0231 -0.490433
v -0.5 1.025 -0.5
v -0.5 1.0231 -0.490433
v -0.493235 1.0231 -0.493235
v -0.5 1.025 -0.5
v -0.493235 1.0231 -0.493235
v -0.490433 1.0231 -0.5
v -0.5 1.025 -0.5
v -0.490433 1.0231 -0.5
v -0.493235 1.0231 -0.506765
v -0.5 1.025 -0.5
v -0.493235 1.0231 -0.506765
v -0.5 1.0231 -0.509567
v -0.5 1.025 -0.5
v -0.5 1.0231 -0.509567
v -0.506765 1.0231 -0.506765
v -0.5 1.025 -0.5
v 0.482322 0.0176777 0.5
v 0.5 0.025 0.5
v 0.482322 0.0176777 0.325
v 0.5 0.025 0.325
v 0.5 0.025 0.5
v 0.517678 0.0176777 0.5
v 0.5 0.025 0.325
v 0.517678 0.0176777 0.325
v 0.525 0 0.5
v 0.517678 -0.0176776 0.5
v 0.525 0 0.325
v 0.517678 -0.0176777 0.325
v 0.517678 0.0176777 0.5
v 0.525 0 0.5
v 0.517678 0.0176777 0.325
v 0.525 0 0.325
v 0.5 -0.025 0.5
v 0.482322 -0.0176776 0.5
v 0.5 -0.025 0.325
v 0.482322 -0.0176777 0.325
v 0.475 0 0.5
v 0.482322 0.0176777 0.5
v 0.475 0 0.325
v 0.482322 0.0176777 0.325
v 0.482322 -0.0176776 0.5
v 0.475 0 0.5
v 0.482322 -0.0176777 0.325
v 0.475 0 0.325
v 0.517678 -0.0176776 0.5
v 0.5 -0.025 0.5
v 0.517678 -0.0176777 0.325
v 0.5 -0.025 0.325
v 0.482322 0.0176777 0.325
v 0.517678 0.0176777 0.325
v 0.475 0 0.325
v 0.525 0 0.325
v 0.482322 -0.0176777 0.325
v 0.517678 -0.0176777 0.325
v 0.482322 0.0176777 0.325
v 0.5 0.025 0.325
v 0.517678 0.0176777 0.325
v 0.482322 -0.0176777 0.325
v 0.517678 -0.0176777 0.325
v 0.5 -0.025 0.325
v 0.478661 -0.0125 0.503661
v 0.482322 0 0.517678
v 0.391161 0.111244 0.416161
v 0.394822 0.123744 0.430178
v 0.482322 0 0.517678
v 0.496339 0.0125 0.521339
v 0.394822 0.123744 0.430178
v 0.408839 0.136244 0.433839
v 0.5125 0.0176776 0.5125
v 0.521339 0.0125 0.496339
v 0.425 0.141421 0.425
v 0.433839 0.136244 0.408839
v 0.496339 0.0125 0.521339
v 0.5125 0.0176776 0.5125
v 0.408839 0.136244 0.433839
v 0.425 0.141421 0.425
v 0.517678 0 0.482322
v 0.503661 -0.0125 0.478661
v 0.430178 0.123744 0.394822
v 0.416161 0.111244 0.391161
v 0.4875 -0.0176776 0.4875
v 0.478661 -0.0125 0.503661
v 0.4 0.106066 0.4
v 0.391161 0.111244 0.416161
v 0.503661 -0.0125 0.478661
v 0.4875 -0.0176776 0.4875
v 0.416161 0.111244 0.391161
v 0.4 0.106066 0.4
v 0.521339 0.0125 0.496339
v 0.517678 0 0.482322
v 0.433839 0.136244 0.408839
v 0.430178 0.123744 0.394822
v 0.391161 0.111244 0.416161
v 0.408839 0.136244 0.433839
v 0.4 0.106066 0.4
v 0.425 0.141421 0.425
v 0.416161 0.111244 0.391161
v 0.433839 0.136244 0.408839
v 0.391161 0.111244 0.416161
v 0.394822 0.123744 0.430178
v 0.408839 0.136244 0.433839
v 0.416161 0.111244 0.391161
v 0.433839 0.136244 0.408839
v 0.430178 0.123744 0.394822
v 0.4875 -0.0125 0.517678
v 0.5 0 0.525
v 0.363756 0.111244 0.517678
v 0.376256 0.123744 0.525
v 0.5 0 0.525
v 0.5125 0.0125 0.517678
v 0.376256 0.123744 0.525
v 0.388756 0.136244 0.517678
v 0.517678 0.0176776 0.5
v 0.5125 0.0125 0.482322
v 0.393934 0.141421 0.5
v 0.388756 0.136244 0.482322
v 0.5125 0.0125 0.517678
v 0.517678 0.0176776 0.5
v 0.388756 0.136244 0.517678
v 0.393934 0.141421 0.5
v 0.5 0 0.475
v 0.4875 -0.0125 0.482322
v 0.376256 0.123744 0.475
v 0.363756 0.111244 0.482322
v 0.482322 -0.0176776 0.5
v 0.4875 -0.0125 0.517678
v 0.358579 0.106066 0.5
v 0.363756 0.111244 0.517678
v 0.4875 -0.0125 0.482322
v 0.482322 -0.0176776 0.5
v 0.363756 0.111244 0.482322
v 0.358579 0.106066 0.5
v 0.5125 0.0125 0.482322
v 0.5 0 0.475
v 0.388756 0.136244 0.482322
v 0.376256 0.123744 0.475
v 0.363756 0.111244 0.517678
v 0.388756 0.136244 0.517678
v 0.358579 0.106066 0.5
v 0.393934 0.141421 0.5
v 0.363756 0.111244 0.482322
v 0.388756 0.136244 0.482322
v 0.363756 0.111244 0.517678
v 0.376256 0.123744 0.525
v 0.388756 0.136244 0.517678
v 0.363756 0.111244 0.482322
v 0.388756 0.136244 0.482322
v 0.376256 0.123744 0.475
v 0.482322 -0.0125 0.4875
v 0.475 0 0.5
v 0.482322 0.111244 0.363756
v 0.475 0.123744 0.376256
v 0.475 0 0.5
v 0.482322 0.0125 0.5125
v 0.475 0.123744 0.376256
v 0.482322 0.136244 0.388756
v 0.5 0.0176776 0.517678
v 0.517678 0.0125 0.5125
v 0.5 0.141421 0.393934
v 0.517678 0.136244 0.388756
v 0.482322 0.0125 0.5125
v 0.5 0.0176776 0.517678
v 0.482322 0.136244 0.388756
v 0.5 0.141421 0.393934
v 0.525 0 0.5
v 0.517678 -0.0125 0.4875
v 0.525 0.123744 0.376256
v 0.517678 0.111244 0.363756
v 0.5 -0.0176776 0.482322
v 0.482322 -0.0125 0.4875
v 0.5 0.106066 0.358579
v 0.482322 0.111244 0.363756
v 0.517678 -0.0125 0.4875
v 0.5 -0.0176776 0.482322
v 0.517678 0.111244 0.363756
v 0.5 0.106066 0.358579
v 0.517678 0.0125 0.5125
v 0.525 0 0.5
v 0.517678 0.136244 0.388756
v 0.525 0.123744 0.376256
v 0.482322 0.111244 0.363756
v 0.482322 0.136244 0.388756
v 0.5 0.106066 0.358579
v 0.5 0.141421 0.393934
v 0.517678 0.111244 0.363756
v 0.517678 0.136244 0.388756
v 0.482322 0.111244 0.363756
v 0.475 0.123744 0.376256
v 0.482322 0.136244 0.388756
v 0.517678 0.111244 0.363756
v 0.517678 0.136244 0.388756
v 0.525 0.123744 0.376256
v 0.5 -0.0176776 0.517678
v 0.5 0 0.525
v 0.325 -0.0176777 0.517678
v 0.325 0 0.525
v 0.5 0 0.525
v 0.5 0.0176777 0.517678
v 0.325 0 0.525
v 0.325 0.0176777 0.517678
v 0.5 0.025 0.5
v 0.5 0.0176777 0.482322
v 0.325 0.025 0.5
v 0.325 0.0176777 0.482322
v 0.5 0.0176777 0.517678
v 0.5 0.025 0.5
v 0.325 0.0176777 0.517678
v 0.325 0.025 0.5
v 0.5 0 0.475
v 0.5 -0.0176776 0.482322
v 0.325 0 0.475
v 0.325 -0.0176777 0.482322
v 0.5 -0.025 0.5
v 0.5 -0.0176776 0.517678
v 0.325 -0.025 0.5
v 0.325 -0.0176777 0.517678
v 0.5 -0.0176776 0.482322
v 0.5 -0.025 0.5
v 0.325 -0.0176777 0.482322
v 0.325 -0.025 0.5
v 0.5 0.0176777 0.482322
v 0.5 0 0.475
v 0.325 0.0176777 0.482322
v 0.325 0 0.475
v 0.325 -0.0176777 0.517678
v 0.325 0.0176777 0.517678
v 0.325 -0.025 0.5
v 0.325 0.025 0.5
v 0.325 -0.0176777 0.482322
v 0.325 0.0176777 0.482322
v 0.325 -0.0176777 0.517678
v 0.325 0 0.525
v 0.325 0.0176777 0.517678
v 0.325 -0.0176777 0.482322
v 0.325 0.0176777 0.482322
v 0.325 0 0.475
v 0.493235 -0.023097 0.493235
v 0.490433 -0.023097 0.5
v 0.482322 -0.0176777 0.5
v 0.4875 -0.0176777 0.4875
v 0.490433 -0.023097 0.5
v 0.493235 -0.023097 0.506765
v 0.4875 -0.0176777 0.5125
v 0.482322 -0.0176777 0.5
v 0.493235 -0.023097 0.506765
v 0.5 -0.023097 0.509567
v 0.5 -0.0176777 0.517678
v 0.4875 -0.0176777 0.5125
v 0.5 -0.023097 0.509567
v 0.506765 -0.023097 0.506765
v 0.5125 -0.0176777 0.5125
v 0.5 -0.0176777 0.517678
v 0.506765 -0.023097 0.506765
v 0.509567 -0.023097 0.5
v 0.517678 -0.0176777 0.5
v 0.5125 -0.0176777 0.5125
v 0.509567 -0.023097 0.5
v 0.506765 -0.023097 0.493235
v 0.5125 -0.0176777 0.4875
v 0.517678 -0.0176777 0.5
v 0.506765 -0.023097 0.493235
v 0.5 -0.023097 0.490433
v 0.5 -0.0176777 0.482322
v 0.5125 -0.0176777 0.4875
v 0.5 -0.023097 0.490433
v 0.493235 -0.023097 0.493235
v 0.4875 -0.0176777 0.4875
v 0.5 -0.0176777 0.482322
v 0.4875 -0.0176777 0.4875
v 0.482322 -0.0176777 0.5
v 0.476903 -0.00956709 0.5
v 0.483668 -0.00956709 0.483668
v 0.482322 -0.0176777 0.5
v 0.4875 -0.0176777 0.5125
v 0.483668 -0.00956709 0.516332
v 0.476903 -0.00956709 0.5
v 0.4875 -0.0176777 0.5125
v 0.5 -0.0176777 0.517678
v 0.5 -0.00956709 0.523097
v 0.483668 -0.00956709 0.516332
v 0.5 -0.0176777 0.517678
v 0.5125 -0.0176777 0.5125
v 0.516332 -0.00956709 0.516332
v 0.5 -0.00956709 0.523097
v 0.5125 -0.0176777 0.5125
v 0.517678 -0.0176777 0.5
v 0.523097 -0.00956709 0.5
v 0.516332 -0.00956709 0.516332
v 0.517678 -0.0176777 0.5
v 0.5125 -0.0176777 0.4875
v 0.516332 -0.00956709 0.483668
v 0.523097 -0.00956709 0.5
v 0.5125 -0.0176777 0.4875
v 0.5 -0.0176777 0.482322
v 0.5 -0.00956709 0.476903
v 0.516332 -0.00956709 0.483668
v 0.5 -0.0176777 0.482322
v 0.4875 -0.0176777 0.4875
v 0.483668 -0.00956709 0.483668
v 0.5 -0.00956709 0.476903
v 0.483668 -0.00956709 0.483668
v 0.476903 -0.00956709 0.5
v 0.475 0 0.5
v 0.482322 0 0.482322
v 0.476903 -0.00956709 0.5
v 0.483668 -0.00956709 0.516332
v 0.482322 0 0.517678
v 0.475 0 0.5
v 0.483668 -0.00956709 0.516332
v 0.5 -0.00956709 0.523097
v 0.5 0 0.525
v 0.482322 0 0.517678
v 0.5 -0.00956709 0.523097
v 0.516332 -0.00956709 0.516332
v 0.517678 0 0.517678
v 0.5 0 0.525
v 0.516332 -0.00956709 0.516332
v 0.523097 -0.00956709 0.5
v 0.525 0 0.5
v 0.517678 0 0.517678
v 0.523097 -0.00956709 0.5
v 0.516332 -0.00956709 0.483668
v 0.517678 0 0.482322
v 0.525 0 0.5
v 0.516332 -0.00956709 0.483668
v 0.5 -0.00956709 0.476903
v 0.5 0 0.475
v 0.517678 0 0.482322
v 0.5 -0.00956709 0.476903
v 0.483668 -0.00956709 0.483668
v 0.482322 0 0.482322
v 0.5 0 0.475
v 0.482322 0 0.482322
v 0.475 0 0.5
v 0.476903 0.00956709 0.5
v 0.483668 0.00956709 0.483668
v 0.475 0 0.5
v 0.482322 0 0.517678
v 0.483668 0.00956709 0.516332
v 0.476903 0.00956709 0.5
v 0.482322 0 0.517678
v 0.5 0 0.525
v 0.5 0.00956709 0.523097
v 0.483668 0.00956709 0.516332
v 0.5 0 0.525
v 0.517678 0 0.517678
v 0.516332 0.00956709 0.516332
v 0.5 0.00956709 0.523097
v 0.517678 0 0.517678
v 0.525 0 0.5
v 0.523097 0.00956709 0.5
v 0.516332 0.00956709 0.516332
v 0.525 0 0.5
v 0.517678 0 0.482322
v 0.516332 0.00956709 0.483668
v 0.523097 0.00956709 0.5
v 0.517678 0 0.482322
v 0.5 0 0.475
v 0.5 0.00956709 0.476903
v 0.516332 0.00956709 0.483668
v 0.5 0 0.475
v 0.482322 0 0.482322
v 0.483668 0.00956709 0.483668
v 0.5 0.00956709 0.476903
v 0.483668 0.00956709 0.483668
v 0.476903 0.00956709 0.5
v 0.482322 0.0176777 0.5
v 0.4875 0.0176777 0.4875
v 0.476903 0.00956709 0.5
v 0.483668 0.00956709 0.516332
v 0.4875 0.0176777 0.5125
v 0.482322 0.0176777 0.5
v 0.483668 0.00956709 0.516332
v 0.5 0.00956709 0.523097
v 0.5 0.0176777 0.517678
v 0.4875 0.0176777 0.5125
v 0.5 0.00956709 0.523097
v 0.516332 0.00956709 0.516332
v 0.5125 0.0176777 0.5125
v 0.5 0.0176777 0.517678
v 0.516332 0.00956709 0.516332
v 0.523097 0.00956709 0.5
v 0.517678 0.0176777 0.5
v 0.5125 0.0176777 0.5125
v 0.523097 0.00956709 0.5
v 0.516332 0.00956709 0.483668
v 0.5125 0.0176777 0.4875
v 0.517678 0.0176777 0.5
v 0.516332 0.00956709 0.483668
v 0.5 0.00956709 0.476903
v 0.5 0.0176777 0.482322
v 0.5125 0.0176777 0.4875
v 0.5 0.00956709 0.476903
v 0.483668 0.00956709 0.483668
v 0.4875 0.0176777 0.4875
v 0.5 0.0176777 0.482322
v 0.4875 0.0176777 0.4875
v 0.482322 0.0176777 0.5
v 0.490433 0.023097 0.5
v 0.493235 0.023097 0.493235
v 0.482322 0.0176777 0.5
v 0.4875 0.0176777 0.5125
v 0.493235 0.023097 0.506765
v 0.490433 0.023097 0.5
v 0.4875 0.0176777 0.5125
v 0.5 0.0176777 0.517678
v 0.5 0.023097 0.509567
v 0.493235 0.023097 0.506765
v 0.5 0.0176777 0.517678
v 0.5125 0.0176777 0.5125
v 0.506765 0.023097 0.506765
v 0.5 0.023097 0.509567
v 0.5125 0.0176777 0.5125
v 0.517678 0.0176777 0.5
v 0.509567 0.023097 0.5
v 0.506765 0.023097 0.506765
v 0.517678 0.0176777 0.5
v 0.5125 0.0176777 0.4875
v 0.506765 0.023097 0.493235
v 0.509567 0.023097 0.5
v 0.5125 0.0176777 0.4875
v 0.5 0.0176777 0.482322
v 0.5 0.023097 0.490433
v 0.506765 0.023097 0.493235
v 0.5 0.0176777 0.482322
v 0.4875 0.0176777 0.4875
v 0.493235 0.023097 0.493235
v 0.5 0.023097 0.490433
v 0.490433 -0.023097 0.5
v 0.493235 -0.023097 0.493235
v 0.5 -0.025 0.5
v 0.493235 -0.023097 0.506765
v 0.490433 -0.023097 0.5
v 0.5 -0.025 0.5
v 0.5 -0.023097 0.509567
v 0.493235 -0.023097 0.506765
v 0.5 -0.025 0.5
v 0.506765 -0.023097 0.506765
v 0.5 -0.023097 0.509567
v 0.5 -0.025 0.5
v 0.509567 -0.023097 0.5
v 0.506765 -0.023097 0.506765
v 0.5 -0.025 0.5
v 0.506765 -0.023097 0.493235
v 0.509567 -0.023097 0.5
v 0.5 -0.025 0.5
v 0.5 -0.023097 0.490433
v 0.506765 -0.023097 0.493235
v 0.5 -0.025 0.5
v 0.493235 -0.023097 0.493235
v 0.5 -0.023097 0.490433
v 0.5 -0.025 0.5
v 0.493235 0.023097 0.493235
v 0.490433 0.023097 0.5
v 0.5 0.025 0.5
v 0.490433 0.023097 0.5
v 0.493235 0.023097 0.506765
v 0.5 0.025 0.5
v 0.493235 0.023097 0.506765
v 0.5 0.023097 0.509567
v 0.5 0.025 0.5
v 0.5 0.023097 0.509567
v 0.506765 0.023097 0.506765
v 0.5 0.025 0.5
v 0.506765 0.023097 0.506765
v 0.509567 0.023097 0.5
v 0.5 0.025 0.5
v 0.509567 0.023097 0.5
v 0.506765 0.023097 0.493235
v 0.5 0.025 0.5
v 0.506765 0.023097 0.493235
v 0.5 0.023097 0.490433
v 0.5 0.025 0.5
v 0.5 0.023097 0.490433
v 0.493235 0.023097 0.493235
v 0.5 0.025 0.5
v -0.482332 -0.0176777 -0.482312
v -0.475014 0 -0.474986
v -0.482332 -0.0176777 -0.474986
v -0.482332 0.0176777 -0.482312
v -0.5 0.025 -0.475
v -0.482332 0.0176777 -0.474986
v -0.475014 0 -0.474986
v -0.475 0.0176777 -0.482313
v -0.475 0.025 -0.5
v -0.475 -0.0176777 -0.482313
v -0.482322 -0.025 -0.5
v -0.475 -0.025 -0.5
v -0.482332 -0.0176777 -0.517678
v -0.475 -0.0176777 -0.517678
v -0.475 0 -0.525
v -0.482332 0.0176777 -0.517678
v -0.475 0.0176777 -0.517678
v -0.5 -0.025 -0.5
v -0.5 -0.0176777 -0.517678
v -0.5 0 -0.525
v -0.482322 0 -0.525
v -0.5 0.0176777 -0.525
v -0.482322 0.025 -0.517678
v -0.5 0.025 -0.525
v -0.517678 0.0176777 -0.517678
v -0.517678 0.025 -0.517678
v -0.525 0 -0.5
v -0.517678 0.0176777 -0.482322
v -0.525 0.0176777 -0.5
v -0.525 0.025 -0.5
v -0.517678 0.025 -0.482322
v -0.525 0 -0.482312
v -0.517678 -0.0176777 -0.5
v -0.517678 0 -0.517678
v -0.5 0.025 -0.475
v -0.517678 0.0176777 -0.474986
v -0.5 -0.025 -0.474986
v -0.5 -0.025 -0.482312
v -0.517678 -0.0176777 -0.482312
v -0.482322 0.025 -0.482322
v -0.475 0.025 -0.5
v -0.517678 -0.0176777 -0.474986
v -0.525 0 -0.474986
v -0.475 0.025 -0.5
v -0.475 0.0176777 -0.482313
v -0.325 0.025 -0.5
v -0.325 0.0176777 -0.482313
v -0.475014 0 -0.474986
v -0.475 -0.0176777 -0.482313
v -0.325014 0 -0.474986
v -0.325 -0.0176777 -0.482313
v -0.475 -0.0176777 -0.482313
v -0.475 -0.025 -0.5
v -0.325 -0.0176777 -0.482313
v -0.325 -0.025 -0.5
v -0.475 -0.025 -0.5
v -0.475 -0.0176777 -0.517678
v -0.325 -0.025 -0.5
v -0.325 -0.0176777 -0.517678
v -0.475 0 -0.525
v -0.475 0.0176777 -0.517678
v -0.325 0 -0.525
v -0.325 0.0176777 -0.517678
v -0.475 -0.0176777 -0.517678
v -0.475 0 -0.525
v -0.325 -0.0176777 -0.517678
v -0.325 0 -0.525
v -0.475 0.0176777 -0.482313
v -0.475014 0 -0.474986
v -0.325 0.0176777 -0.482313
v -0.325014 0 -0.474986
v -0.475 0.0176777 -0.517678
v -0.475 0.025 -0.5
v -0.325 0.0176777 -0.517678
v -0.325 0.025 -0.5
v -0.482332 -0.0176777 -0.474986
v -0.475014 0 -0.474986
v -0.482332 -0.0176777 -0.324986
v -0.475014 0 -0.324986
v -0.482332 0.0176777 -0.474986
v -0.5 0.025 -0.475
v -0.482332 0.0176777 -0.324986
v -0.5 0.025 -0.325
v -0.475014 0 -0.474986
v -0.482332 0.0176777 -0.474986
v -0.475014 0 -0.324986
v -0.482332 0.0176777 -0.324986
v -0.5 0.025 -0.475
v -0.517678 0.0176777 -0.474986
v -0.5 0.025 -0.325
v -0.517678 0.0176777 -0.324986
v -0.5 -0.025 -0.474986
v -0.482332 -0.0176777 -0.474986
v -0.5 -0.025 -0.324986
v -0.482332 -0.0176777 -0.324986
v -0.517678 -0.0176777 -0.474986
v -0.5 -0.025 -0.474986
v -0.517678 -0.0176777 -0.324986
v -0.5 -0.025 -0.324986
v -0.525 0 -0.474986
v -0.517678 -0.0176777 -0.474986
v -0.525 0 -0.324986
v -0.517678 -0.0176777 -0.324986
v -0.517678 0.0176777 -0.474986
v -0.525 0 -0.474986
v -0.517678 0.0176777 -0.324986
v -0.525 0 -0.324986
v -0.482322 0.025 -0.517678
v -0.5 0.025 -0.525
v -0.482322 0.175 -0.517678
v -0.5 0.175 -0.525
v -0.5 0.025 -0.525
v -0.517678 0.025 -0.517678
v -0.5 0.175 -0.525
v -0.517678 0.175 -0.517678
v -0.525 0.025 -0.5
v -0.517678 0.025 -0.482322
v -0.525 0.175 -0.5
v -0.517678 0.175 -0.482322
v -0.517678 0.025 -0.517678
v -0.525 0.025 -0.5
v -0.517678 0.175 -0.517678
v -0.525 0.175 -0.5
v -0.5 0.025 -0.475
v -0.482322 0.025 -0.482322
v -0.5 0.175 -0.475
v -0.482322 0.175 -0.482322
v -0.475 0.025 -0.5
v -0.482322 0.025 -0.517678
v -0.475 0.175 -0.5
v -0.482322 0.175 -0.517678
v -0.482322 0.025 -0.482322
v -0.475 0.025 -0.5
v -0.482322 0.175 -0.482322
v -0.475 0.175 -0.5
v -0.517678 0.025 -0.482322
v -0.5 0.025 -0.475
v -0.517678 0.175 -0.482322
v -0.5 0.175 -0.475
v -0.325 0.025 -0.5
v -0.325 0.0176777 -0.482313
v -0.325 0.0176777 -0.517678
v -0.482322 0.175 -0.517678
v -0.517678 0.175 -0.517678
v -0.475 0.175 -0.5
v -0.525 0.175 -0.5
v -0.482332 -0.0176777 -0.324986
v -0.517678 -0.0176777 -0.324986
v -0.5 -0.025 -0.324986
v -0.517678 0.0176777 -0.324986
v -0.482332 0.0176777 -0.324986
v -0.5 0.025 -0.325
v -0.475014 0 -0.324986
v -0.525 0 -0.324986
v -0.517678 0.0176777 -0.324986
v -0.482332 0.0176777 -0.324986
v -0.482322 0.175 -0.482322
v -0.517678 0.175 -0.482322
v -0.482322 0.175 -0.517678
v -0.5 0.175 -0.525
v -0.517678 0.175 -0.517678
v -0.482322 0.175 -0.482322
v -0.517678 0.175 -0.482322
v -0.5 0.175 -0.475
v -0.325 0 -0.525
v -0.325014 0 -0.474986
v -0.325 -0.0176777 -0.517678
v -0.325 -0.0176777 -0.482313
v -0.325 -0.0176777 -0.517678
v -0.325 -0.0176777 -0.482313
v -0.325 -0.025 -0.5
v -0.325 0.0176777 -0.517678
v -0.325 0.0176777 -0.482313
v -0.325 0 -0.525
v -0.325014 0 -0.474986
v 0.482312 -0.0176777 -0.482332
v 0.474986 0 -0.475014
v 0.474986 -0.0176777 -0.482332
v 0.482312 0.0176777 -0.482332
v 0.475 0.025 -0.5
v 0.474986 0.0176777 -0.482332
v 0.474986 0 -0.475014
v 0.482313 0.0176777 -0.475
v 0.5 0.025 -0.475
v 0.482313 -0.0176777 -0.475
v 0.5 -0.025 -0.482322
v 0.5 -0.025 -0.475
v 0.517678 -0.0176777 -0.482332
v 0.517678 -0.0176777 -0.475
v 0.525 0 -0.475
v 0.517678 0.0176777 -0.482332
v 0.517678 0.0176777 -0.475
v 0.5 -0.025 -0.5
v 0.517678 -0.0176777 -0.5
v 0.525 0 -0.5
v 0.525 0 -0.482322
v 0.525 0.0176777 -0.5
v 0.517678 0.025 -0.482322
v 0.525 0.025 -0.5
v 0.517678 0.0176777 -0.517678
v 0.517678 0.025 -0.517678
v 0.5 0 -0.525
v 0.482322 0.0176777 -0.517678
v 0.5 0.0176777 -0.525
v 0.5 0.025 -0.525
v 0.482322 0.025 -0.517678
v 0.482312 0 -0.525
v 0.5 -0.0176777 -0.517678
v 0.517678 0 -0.517678
v 0.475 0.025 -0.5
v 0.474986 0.0176777 -0.517678
v 0.474986 -0.025 -0.5
v 0.482312 -0.025 -0.5
v 0.482312 -0.0176777 -0.517678
v 0.482322 0.025 -0.482322
v 0.5 0.025 -0.475
v 0.474986 -0.0176777 -0.517678
v 0.474986 0 -0.525
v 0.5 0.025 -0.475
v 0.482313 0.0176777 -0.475
v 0.5 0.025 -0.325
v 0.482313 0.0176777 -0.325
v 0.474986 0 -0.475014
v 0.482313 -0.0176777 -0.475
v 0.474986 0 -0.325014
v 0.482313 -0.0176777 -0.325
v 0.482313 -0.0176777 -0.475
v 0.5 -0.025 -0.475
v 0.482313 -0.0176777 -0.325
v 0.5 -0.025 -0.325
v 0.5 -0.025 -0.475
v 0.517678 -0.0176777 -0.475
v 0.5 -0.025 -0.325
v 0.517678 -0.0176777 -0.325
v 0.525 0 -0.475
v 0.517678 0.0176777 -0.475
v 0.525 0 -0.325
v 0.517678 0.0176777 -0.325
v 0.517678 -0.0176777 -0.475
v 0.525 0 -0.475
v 0.517678 -0.0176777 -0.325
v 0.525 0 -0.325
v 0.482313 0.0176777 -0.475
v 0.474986 0 -0.475014
v 0.482313 0.0176777 -0.325
v 0.474986 0 -0.325014
v 0.517678 0.0176777 -0.475
v 0.5 0.025 -0.475
v 0.517678 0.0176777 -0.325
v 0.5 0.025 -0.325
v 0.474986 -0.0176777 -0.482332
v 0.474986 0 -0.475014
v 0.324986 -0.0176777 -0.482332
v 0.324986 0 -0.475014
v 0.474986 0.0176777 -0.482332
v 0.475 0.025 -0.5
v 0.324986 0.0176777 -0.482332
v 0.325 0.025 -0.5
v 0.474986 0 -0.475014
v 0.474986 0.0176777 -0.482332
v 0.324986 0 -0.475014
v 0.324986 0.0176777 -0.482332
v 0.475 0.025 -0.5
v 0.474986 0.0176777 -0.517678
v 0.325 0.025 -0.5
v 0.324986 0.0176777 -0.517678
v 0.474986 -0.025 -0.5
v 0.474986 -0.0176777 -0.482332
v 0.324986 -0.025 -0.5
v 0.324986 -0.0176777 -0.482332
v 0.474986 -0.0176777 -0.517678
v 0.474986 -0.025 -0.5
v 0.324986 -0.0176777 -0.517678
v 0.324986 -0.025 -0.5
v 0.474986 0 -0.525
v 0.474986 -0.0176777 -0.517678
v 0.324986 0 -0.525
v 0.324986 -0.0176777 -0.517678
v 0.474986 0.0176777 -0.517678
v 0.474986 0 -0.525
v 0.324986 0.0176777 -0.517678
v 0.324986 0 -0.525
v 0.517678 0.025 -0.482322
v 0.525 0.025 -0.5
v 0.517678 0.175 -0.482322
v 0.525 0.175 -0.5
v 0.525 0.025 -0.5
v 0.517678 0.025 -0.517678
v 0.525 0.175 -0.5
v 0.517678 0.175 -0.517678
v 0.5 0.025 -0.525
v 0.482322 0.025 -0.517678
v 0.5 0.175 -0.525
v 0.482322 0.175 -0.517678
v 0.517678 0.025 -0.517678
v 0.5 0.025 -0.525
v 0.517678 0.175 -0.517678
v 0.5 0.175 -0.525
v 0.475 0.025 -0.5
v 0.482322 0.025 -0.482322
v 0.475 0.175 -0.5
v 0.482322 0.175 -0.482322
v 0.5 0.025 -0.475
v 0.517678 0.025 -0.482322
v 0.5 0.175 -0.475
v 0.517678 0.175 -0.482322
v 0.482322 0.025 -0.482322
v 0.5 0.025 -0.475
v 0.482322 0.175 -0.482322
v 0.5 0.175 -0.475
v 0.482322 0.025 -0.517678
v 0.475 0.025 -0.5
v 0.482322 0.175 -0.517678
v 0.475 0.175 -0.5
v 0.5 0.025 -0.325
v 0.482313 0.0176777 -0.325
v 0.517678 0.0176777 -0.325
v 0.517678 0.175 -0.482322
v 0.517678 0.175 -0.517678
v 0.5 0.175 -0.475
v 0.5 0.175 -0.525
v 0.324986 -0.0176777 -0.482332
v 0.324986 -0.0176777 -0.517678
v 0.324986 -0.025 -0.5
v 0.324986 0.0176777 -0.517678
v 0.324986 0.0176777 -0.482332
v 0.325 0.025 -0.5
v 0.324986 0 -0.475014
v 0.324986 0 -0.525
v 0.324986 0.0176777 -0.517678
v 0.324986 0.0176777 -0.482332
v 0.482322 0.175 -0.482322
v 0.482322 0.175 -0.517678
v 0.517678 0.175 -0.482322
v 0.525 0.175 -0.5
v 0.517678 0.175 -0.517678
v 0.482322 0.175 -0.482322
v 0.482322 0.175 -0.517678
v 0.475 0.175 -0.5
v 0.525 0 -0.325
v 0.474986 0 -0.325014
v 0.517678 -0.0176777 -0.325
v 0.482313 -0.0176777 -0.325
v 0.517678 -0.0176777 -0.325
v 0.482313 -0.0176777 -0.325
v 0.5 -0.025 -0.325
v 0.517678 0.0176777 -0.325
v 0.482313 0.0176777 -0.325
v 0.525 0 -0.325
v 0.474986 0 -0.325014
v -0.482312 -0.0176777 0.482332
v -0.474986 0 0.475014
v -0.474986 -0.0176777 0.482332
v -0.482312 0.0176777 0.482332
v -0.475 0.025 0.5
v -0.474986 0.0176777 0.482332
v -0.474986 0 0.475014
v -0.482313 0.0176777 0.475
v -0.5 0.025 0.475
v -0.482313 -0.0176777 0.475
v -0.5 -0.025 0.482322
v -0.5 -0.025 0.475
v -0.517678 -0.0176777 0.482332
v -0.517678 -0.0176777 0.475
v -0.525 0 0.475
v -0.517678 0.0176777 0.482332
v -0.517678 0.0176777 0.475
v -0.5 -0.025 0.5
v -0.517678 -0.0176777 0.5
v -0.525 0 0.5
v -0.525 0 0.482322
v -0.525 0.0176777 0.5
v -0.517678 0.025 0.482322
v -0.525 0.025 0.5
v -0.517678 0.0176777 0.517678
v -0.517678 0.025 0.517678
v -0.5 0 0.525
v -0.482322 0.0176777 0.517678
v -0.5 0.0176777 0.525
v -0.5 0.025 0.525
v -0.482322 0.025 0.517678
v -0.482312 0 0.525
v -0.5 -0.0176777 0.517678
v -0.517678 0 0.517678
v -0.475 0.025 0.5
v -0.474986 0.0176777 0.517678
v -0.474986 -0.025 0.5
v -0.482312 -0.025 0.5
v -0.482312 -0.0176777 0.517678
v -0.482322 0.025 0.482322
v -0.5 0.025 0.475
v -0.474986 -0.0176777 0.517678
v -0.474986 0 0.525
v -0.5 0.025 0.475
v -0.482313 0.0176777 0.475
v -0.5 0.025 0.325
v -0.482313 0.0176777 0.325
v -0.474986 0 0.475014
v -0.482313 -0.0176777 0.475
v -0.474986 0 0.325014
v -0.482313 -0.0176777 0.325
v -0.482313 -0.0176777 0.475
v -0.5 -0.025 0.475
v -0.482313 -0.0176777 0.325
v -0.5 -0.025 0.325
v -0.5 -0.025 0.475
v -0.517678 -0.0176777 0.475
v -0.5 -0.025 0.325
v -0.517678 -0.0176777 0.325
v -0.525 0 0.475
v -0.517678 0.0176777 0.475
v -0.525 0 0.325
v -0.517678 0.0176777 0.325
v -0.517678 -0.0176777 0.475
v -0.525 0 0.475
v -0.517678 -0.0176777 0.325
v -0.525 0 0.325
v -0.482313 0.0176777 0.475
v -0.474986 0 0.475014
v -0.482313 0.0176777 0.325
v -0.474986 0 0.325014
v -0.517678 0.0176777 0.475
v -0.5 0.025 0.475
v -0.517678 0.0176777 0.325
v -0.5 0.025 0.325
v -0.474986 -0.0176777 0.482332
v -0.474986 0 0.475014
v -0.324986 -0.0176777 0.482332
v -0.324986 0 0.475014
v -0.474986 0.0176777 0.482332
v -0.475 0.025 0.5
v -0.324986 0.0176777 0.482332
v -0.325 0.025 0.5
v -0.474986 0 0.475014
v -0.474986 0.0176777 0.482332
v -0.324986 0 0.475014
v -0.324986 0.0176777 0.482332
v -0.475 0.025 0.5
v -0.474986 0.0176777 0.517678
v -0.325 0.025 0.5
v -0.324986 0.0176777 0.517678
v -0.474986 -0.025 0.5
v -0.474986 -0.0176777 0.482332
v -0.324986 -0.025 0.5
v -0.324986 -0.0176777 0.482332
v -0.474986 -0.0176777 0.517678
v -0.474986 -0.025 0.5
v -0.324986 -0.0176777 0.517678
v -0.324986 -0.025 0.5
v -0.474986 0 0.525
v -0.474986 -0.0176777 0.517678
v -0.324986 0 0.525
v -0.324986 -0.0176777 0.517678
v -0.474986 0.0176777 0.517678
v -0.474986 0 0.525
v -0.324986 0.0176777 0.517678
v -0.324986 0 0.525
v -0.517678 0.025 0.482322
v -0.525 0.025 0.5
v -0.517678 0.175 0.482322
v -0.525 0.175 0.5
v -0.525 0.025 0.5
v -0.517678 0.025 0.517678
v -0.525 0.175 0.5
v -0.517678 0.175 0.517678
v -0.5 0.025 0.525
v -0.482322 0.025 0.517678
v -0.5 0.175 0.525
v -0.482322 0.175 0.517678
v -0.517678 0.025 0.517678
v -0.5 0.025 0.525
v -0.517678 0.175 0.517678
v -0.5 0.175 0.525
v -0.475 0.025 0.5
v -0.482322 0.025 0.482322
v -0.475 0.175 0.5
v -0.482322 0.175 0.482322
v -0.5 0.025 0.475
v -0.517678 0.025 0.482322
v -0.5 0.175 0.475
v -0.517678 0.175 0.482322
v -0.482322 0.025 0.482322
v -0.5 0.025 0.475
v -0.482322 0.175 0.482322
v -0.5 0.175 0.475
v -0.482322 0.025 0.517678
v -0.475 0.025 0.5
v -0.482322 0.175 0.517678
v -0.475 0.175 0.5
v -0.5 0.025 0.325
v -0.482313 0.0176777 0.325
v -0.517678 0.0176777 0.325
v -0.517678 0.175 0.482322
v -0.517678 0.175 0.517678
v -0.5 0.175 0.475
v -0.5 0.175 0.525
v -0.324986 -0.0176777 0.482332
v -0.324986 -0.0176777 0.517678
v -0.324986 -0.025 0.5
v -0.324986 0.0176777 0.517678
v -0.324986 0.0176777 0.482332
v -0.325 0.025 0.5
v -0.324986 0 0.475014
v -0.324986 0 0.525
v -0.324986 0.0176777 0.517678
v -0.324986 0.0176777 0.482332
v -0.482322 0.175 0.482322
v -0.482322 0.175 0.517678
v -0.517678 0.175 0.482322
v -0.525 0.175 0.5
v -0.517678 0.175 0.517678
v -0.482322 0.175 0.482322
v -0.482322 0.175 0.517678
v -0.475 0.175 0.5
v -0.525 0 0.325
v -0.474986 0 0.325014
v -0.517678 -0.0176777 0.325
v -0.482313 -0.0176777 0.325
v -0.517678 -0.0176777 0.325
v -0.482313 -0.0176777 0.325
v -0.5 -0.025 0.325
v -0.517678 0.0176777 0.325
v -0.482313 0.0176777 0.325
v -0.525 0 0.325
v -0.474986 0 0.325014

vn 0.923828 0 -0.382568
vn 0.923828 0 -0.382568
vn 0.923828 0 -0.382568
vn 0.923828 0 -0.382568
vn 0.923828 0 0.382568
vn 0.923828 0 0.382568
vn 0.923828 0 0.382568
vn 0.923828 0 0.382568
vn -0.382568 0 0.923828
vn -0.382568 0 0.923828
vn -0.382568 0 0.923828
vn -0.382568 0 0.923828
vn 0.382568 0 0.923828
vn 0.382568 0 0.923828
vn 0.382568 0 0.923828
vn 0.382568 0 0.923828
vn -0.923828 0 -0.382568
vn -0.923828 0 -0.382568
vn -0.923828 0 -0.382568
vn -0.923828 0 -0.382568
vn 0.382568 0 -0.923828
vn 0.382568 0 -0.923828
vn 0.382568 0 -0.923828
vn 0.382568 0 -0.923828
vn -0.382568 0 -0.923828
vn -0.382568 0 -0.923828
vn -0.382568 0 -0.923828
vn -0.382568 0 -0.923828
vn -0.923828 0 0.382568
vn -0.923828 0 0.382568
vn -0.923828 0 0.382568
vn -0.923828 0 0.382568
vn -2.98023e-007 -1 0
vn -2.98023e-007 -1 0
vn -2.98023e-007 -1 0
vn -2.98023e-007 -1 0
vn -2.98023e-007 -1 0
vn -2.98023e-007 -1 0
vn 0 -1 0
vn 0 -1 0
vn 0 -1 0
vn 0 -1 0
vn 0 -1 0
vn 0 -1 0
vn -0.270508 -0.270508 -0.923828
vn -0.270508 -0.270508 -0.923828
vn -0.270508 -0.270508 -0.923828
vn -0.270508 -0.270508 -0.923828
vn 0.270508 0.270508 -0.923828
vn 0.270508 0.270508 -0.923828
vn 0.270508 0.270508 -0.923828
vn 0.270508 0.270508 -0.923828
vn 0.652832 0.652832 0.382568
vn 0.652832 0.652832 0.382568
vn 0.652832 0.652832 0.382568
vn 0.652832 0.652832 0.382568
vn 0.652832 0.652832 -0.382568
vn 0.652832 0.652832 -0.382568
vn 0.652832 0.652832 -0.382568
vn 0.652832 0.652832 -0.382568
vn -0.270508 -0.270508 0.923828
vn -0.270508 -0.270508 0.923828
vn -0.270508 -0.270508 0.923828
vn -0.270508 -0.270508 0.923828
vn -0.652832 -0.652832 -0.382568
vn -0.652832 -0.652832 -0.382568
vn -0.652832 -0.652832 -0.382568
vn -0.652832 -0.652832 -0.382568
vn -0.652832 -0.652832 0.382568
vn -0.652832 -0.652832 0.382568
vn -0.652832 -0.652832 0.382568
vn -0.652832 -0.652832 0.382568
vn 0.270508 0.270508 0.923828
vn 0.270508 0.270508 0.923828
vn 0.270508 0.270508 0.923828
vn 0.270508 0.270508 0.923828
vn 0.707031 -0.707031 2.98023e-007
vn 0.707031 -0.707031 2.98023e-007
vn 0.707031 -0.707031 2.98023e-007
vn 0.707031 -0.707031 2.98023e-007
vn 0.707031 -0.707031 2.98023e-007
vn 0.707031 -0.707031 2.98023e-007
vn 0.707031 -0.707031 0
vn 0.707031 -0.707031 0
vn 0.707031 -0.707031 0
vn 0.707031 -0.707031 0
vn 0.707031 -0.707031 0
vn 0.707031 -0.707031 0
vn -0.923828 -0.382568 0
vn -0.923828 -0.382568 0
vn -0.923828 -0.382568 0
vn -0.923828 -0.382568 0
vn -0.923828 0.382568 0
vn -0.923828 0.382568 0
vn -0.923828 0.382568 0
vn -0.923828 0.382568 0
vn 0.382568 0.923828 0
vn 0.382568 0.923828 0
vn 0.382568 0.923828 0
vn 0.382568 0.923828 0
vn -0.382568 0.923828 0
vn -0.382568 0.923828 0
vn -0.382568 0.923828 0
vn -0.382568 0.923828 0
vn 0.923828 -0.382568 0
vn 0.923828 -0.382568 0
vn 0.923828 -0.382568 0
vn 0.923828 -0.382568 0
vn -0.382568 -0.923828 0
vn -0.382568 -0.923828 0
vn -0.382568 -0.923828 0
vn -0.382568 -0.923828 0
vn 0.382568 -0.923828 0
vn 0.382568 -0.923828 0
vn 0.382568 -0.923828 0
vn 0.382568 -0.923828 0
vn 0.923828 0.382568 0
vn 0.923828 0.382568 0
vn 0.923828 0.382568 0
vn 0.923828 0.382568 0
vn 2.98023e-007 0 -1
vn 2.98023e-007 0 -1
vn 2.98023e-007 0 -1
vn 2.98023e-007 0 -1
vn 2.98023e-007 0 -1
vn 2.98023e-007 0 -1
vn 0 0 -1
vn 0 0 -1
vn 0 0 -1
vn 0 0 -1
vn 0 0 -1
vn 0 0 -1
vn 0.224243 -0.810059 -0.541016
vn 0.224243 -0.810059 -0.541016
vn 0.224243 -0.810059 -0.541016
vn 0.224243 -0.810059 -0.541016
vn -0.224243 -0.810059 -0.541016
vn -0.224243 -0.810059 -0.541016
vn -0.224243 -0.810059 -0.541016
vn -0.224243 -0.810059 -0.541016
vn -0.541016 -0.810059 -0.224243
vn -0.541016 -0.810059 -0.224243
vn -0.541016 -0.810059 -0.224243
vn -0.541016 -0.810059 -0.224243
vn -0.541016 -0.810059 0.224243
vn -0.541016 -0.810059 0.224243
vn -0.541016 -0.810059 0.224243
vn -0.541016 -0.810059 0.224243
vn -0.224243 -0.810059 0.541016
vn -0.224243 -0.810059 0.541016
vn -0.224243 -0.810059 0.541016
vn -0.224243 -0.810059 0.541016
vn 0.224243 -0.810059 0.541016
vn 0.224243 -0.810059 0.541016
vn 0.224243 -0.810059 0.541016
vn 0.224243 -0.810059 0.541016
vn 0.541016 -0.810059 0.224243
vn 0.541016 -0.810059 0.224243
vn 0.541016 -0.810059 0.224243
vn 0.541016 -0.810059 0.224243
vn 0.541016 -0.810059 -0.224243
vn 0.541016 -0.810059 -0.224243
vn 0.541016 -0.810059 -0.224243
vn 0.541016 -0.810059 -0.224243
vn 0.325439 -0.524902 -0.786133
vn 0.325439 -0.524902 -0.786133
vn 0.325439 -0.524902 -0.786133
vn 0.325439 -0.524902 -0.786133
vn -0.325439 -0.524902 -0.786133
vn -0.325439 -0.524902 -0.786133
vn -0.325439 -0.524902 -0.786133
vn -0.325439 -0.524902 -0.786133
vn -0.786133 -0.524902 -0.325439
vn -0.786133 -0.524902 -0.325439
vn -0.786133 -0.524902 -0.325439
vn -0.786133 -0.524902 -0.325439
vn -0.786133 -0.524902 0.325439
vn -0.786133 -0.524902 0.325439
vn -0.786133 -0.524902 0.325439
vn -0.786133 -0.524902 0.325439
vn -0.325439 -0.524902 0.786133
vn -0.325439 -0.524902 0.786133
vn -0.325439 -0.524902 0.786133
vn -0.325439 -0.524902 0.786133
vn 0.325439 -0.524902 0.786133
vn 0.325439 -0.524902 0.786133
vn 0.325439 -0.524902 0.786133
vn 0.325439 -0.524902 0.786133
vn 0.786133 -0.524902 0.325439
vn 0.786133 -0.524902 0.325439
vn 0.786133 -0.524902 0.325439
vn 0.786133 -0.524902 0.325439
vn 0.786133 -0.524902 -0.325439
vn 0.786133 -0.524902 -0.325439
vn 0.786133 -0.524902 -0.325439
vn 0.786133 -0.524902 -0.325439
vn 0.376221 -0.180664 -0.908203
vn 0.376221 -0.180664 -0.908203
vn 0.376221 -0.180664 -0.908203
vn 0.376221 -0.180664 -0.908203
vn -0.376221 -0.180664 -0.908203
vn -0.376221 -0.180664 -0.908203
vn -0.376221 -0.180664 -0.908203
vn -0.376221 -0.180664 -0.908203
vn -0.908203 -0.180664 -0.376221
vn -0.908203 -0.180664 -0.376221
vn -0.908203 -0.180664 -0.376221
vn -0.908203 -0.180664 -0.376221
vn -0.908203 -0.180664 0.376221
vn -0.908203 -0.180664 0.376221
vn -0.908203 -0.180664 0.376221
vn -0.908203 -0.180664 0.376221
vn -0.376221 -0.180664 0.908203
vn -0.376221 -0.180664 0.908203
vn -0.376221 -0.180664 0.908203
vn -0.376221 -0.180664 0.908203
vn 0.376221 -0.180664 0.908203
vn 0.376221 -0.180664 0.908203
vn 0.376221 -0.180664 0.908203
vn 0.376221 -0.180664 0.908203
vn 0.908203 -0.180664 0.376221
vn 0.908203 -0.180664 0.376221
vn 0.908203 -0.180664 0.376221
vn 0.908203 -0.180664 0.376221
vn 0.908203 -0.180664 -0.376221
vn 0.908203 -0.180664 -0.376221
vn 0.908203 -0.180664 -0.376221
vn 0.908203 -0.180664 -0.376221
vn 0.376221 0.180664 -0.908203
vn 0.376221 0.180664 -0.908203
vn 0.376221 0.180664 -0.908203
vn 0.376221 0.180664 -0.908203
vn -0.376221 0.180664 -0.908203
vn -0.376221 0.180664 -0.908203
vn -0.376221 0.180664 -0.908203
vn -0.376221 0.180664 -0.908203
vn -0.908203 0.180664 -0.376221
vn -0.908203 0.180664 -0.376221
vn -0.908203 0.180664 -0.376221
vn -0.908203 0.180664 -0.376221
vn -0.908203 0.180664 0.376221
vn -0.908203 0.180664 0.376221
vn -0.908203 0.180664 0.376221
vn -0.908203 0.180664 0.376221
vn -0.376221 0.180664 0.908203
vn -0.376221 0.180664 0.908203
vn -0.376221 0.180664 0.908203
vn -0.376221 0.180664 0.908203
vn 0.376221 0.180664 0.908203
vn 0.376221 0.180664 0.908203
vn 0.376221 0.180664 0.908203
vn 0.376221 0.180664 0.908203
vn 0.908203 0.180664 0.376221
vn 0.908203 0.180664 0.376221
vn 0.908203 0.180664 0.376221
vn 0.908203 0.180664 0.376221
vn 0.908203 0.180664 -0.376221
vn 0.908203 0.180664 -0.376221
vn 0.908203 0.180664 -0.376221
vn 0.908203 0.180664 -0.376221
vn 0.325439 0.524902 -0.786133
vn 0.325439 0.524902 -0.786133
vn 0.325439 0.524902 -0.786133
vn 0.325439 0.524902 -0.786133
vn -0.325439 0.524902 -0.786133
vn -0.325439 0.524902 -0.786133
vn -0.325439 0.524902 -0.786133
vn -0.325439 0.524902 -0.786133
vn -0.786133 0.524902 -0.325439
vn -0.786133 0.524902 -0.325439
vn -0.786133 0.524902 -0.325439
vn -0.786133 0.524902 -0.325439
vn -0.786133 0.524902 0.325439
vn -0.786133 0.524902 0.325439
vn -0.786133 0.524902 0.325439
vn -0.786133 0.524902 0.325439
vn -0.325439 0.524902 0.786133
vn -0.325439 0.524902 0.786133
vn -0.325439 0.524902 0.786133
vn -0.325439 0.524902 0.786133
vn 0.325439 0.524902 0.786133
vn 0.325439 0.524902 0.786133
vn 0.325439 0.524902 0.786133
vn 0.325439 0.524902 0.786133
vn 0.786133 0.524902 0.325439
vn 0.786133 0.524902 0.325439
vn 0.786133 0.524902 0.325439
vn 0.786133 0.524902 0.325439
vn 0.786133 0.524902 -0.325439
vn 0.786133 0.524902 -0.325439
vn 0.786133 0.524902 -0.325439
vn 0.786133 0.524902 -0.325439
vn 0.224243 0.810059 -0.541016
vn 0.224243 0.810059 -0.541016
vn 0.224243 0.810059 -0.541016
vn 0.224243 0.810059 -0.541016
vn -0.224243 0.810059 -0.541016
vn -0.224243 0.810059 -0.541016
vn -0.224243 0.810059 -0.541016
vn -0.224243 0.810059 -0.541016
vn -0.541016 0.810059 -0.224243
vn -0.541016 0.810059 -0.224243
vn -0.541016 0.810059 -0.224243
vn -0.541016 0.810059 -0.224243
vn -0.541016 0.810059 0.224243
vn -0.541016 0.810059 0.224243
vn -0.541016 0.810059 0.224243
vn -0.541016 0.810059 0.224243
vn -0.224243 0.810059 0.541016
vn -0.224243 0.810059 0.541016
vn -0.224243 0.810059 0.541016
vn -0.224243 0.810059 0.541016
vn 0.224243 0.810059 0.541016
vn 0.224243 0.810059 0.541016
vn 0.224243 0.810059 0.541016
vn 0.224243 0.810059 0.541016
vn 0.541016 0.810059 0.224243
vn 0.541016 0.810059 0.224243
vn 0.541016 0.810059 0.224243
vn 0.541016 0.810059 0.224243
vn 0.541016 0.810059 -0.224243
vn 0.541016 0.810059 -0.224243
vn 0.541016 0.810059 -0.224243
vn 0.541016 0.810059 -0.224243
vn 0.0805054 -0.977539 -0.194336
vn 0.0805054 -0.977539 -0.194336
vn 0.0805054 -0.977539 -0.194336
vn -0.0805054 -0.977539 -0.194336
vn -0.0805054 -0.977539 -0.194336
vn -0.0805054 -0.977539 -0.194336
vn -0.194336 -0.977539 -0.0805054
vn -0.194336 -0.977539 -0.0805054
vn -0.194336 -0.977539 -0.0805054
vn -0.194336 -0.977539 0.0805054
vn -0.194336 -0.977539 0.0805054
vn -0.194336 -0.977539 0.0805054
vn -0.0805054 -0.977539 0.194336
vn -0.0805054 -0.977539 0.194336
vn -0.0805054 -0.977539 0.194336
vn 0.0805054 -0.977539 0.194336
vn 0.0805054 -0.977539 0.194336
vn 0.0805054 -0.977539 0.194336
vn 0.194336 -0.977539 0.0805054
vn 0.194336 -0.977539 0.0805054
vn 0.194336 -0.977539 0.0805054
vn 0.194336 -0.977539 -0.0805054
vn 0.194336 -0.977539 -0.0805054
vn 0.194336 -0.977539 -0.0805054
vn 0.0805054 0.977539 -0.194336
vn 0.0805054 0.977539 -0.194336
vn 0.0805054 0.977539 -0.194336
vn -0.0805054 0.977539 -0.194336
vn -0.0805054 0.977539 -0.194336
vn -0.0805054 0.977539 -0.194336
vn -0.194336 0.977539 -0.0805054
vn -0.194336 0.977539 -0.0805054
vn -0.194336 0.977539 -0.0805054
vn -0.194336 0.977539 0.0805054
vn -0.194336 0.977539 0.0805054
vn -0.194336 0.977539 0.0805054
vn -0.0805054 0.977539 0.194336
vn -0.0805054 0.977539 0.194336
vn -0.0805054 0.977539 0.194336
vn 0.0805054 0.977539 0.194336
vn 0.0805054 0.977539 0.194336
vn 0.0805054 0.977539 0.194336
vn 0.194336 0.977539 0.0805054
vn 0.194336 0.977539 0.0805054
vn 0.194336 0.977539 0.0805054
vn 0.194336 0.977539 -0.0805054
vn 0.194336 0.977539 -0.0805054
vn 0.194336 0.977539 -0.0805054
vn 0 0.923828 0.382568
vn 0 0.923828 0.382568
vn 0 0.923828 0.382568
vn 0 0.923828 0.382568
vn 0 0.923828 -0.382568
vn 0 0.923828 -0.382568
vn 0 0.923828 -0.382568
vn 0 0.923828 -0.382568
vn 0 -0.382568 -0.923828
vn 0 -0.382568 -0.923828
vn 0 -0.382568 -0.923828
vn 0 -0.382568 -0.923828
vn 0 0.382568 -0.923828
vn 0 0.382568 -0.923828
vn 0 0.382568 -0.923828
vn 0 0.382568 -0.923828
vn 0 -0.923828 0.382568
vn 0 -0.923828 0.382568
vn 0 -0.923828 0.382568
vn 0 -0.923828 0.382568
vn 0 0.382568 0.923828
vn 0 0.382568 0.923828
vn 0 0.382568 0.923828
vn 0 0.382568 0.923828
vn 0 -0.382568 0.923828
vn 0 -0.382568 0.923828
vn 0 -0.382568 0.923828
vn 0 -0.382568 0.923828
vn 0 -0.923828 -0.382568
vn 0 -0.923828 -0.382568
vn 0 -0.923828 -0.382568
vn 0 -0.923828 -0.382568
vn -1 -2.98023e-007 0
vn -1 -2.98023e-007 0
vn -1 -2.98023e-007 0
vn -1 -2.98023e-007 0
vn -1 -2.98023e-007 0
vn -1 -2.98023e-007 0
vn -1 0 0
vn -1 0 0
vn -1 0 0
vn -1 0 0
vn -1 0 0
vn -1 0 0
vn -0.923828 0.270508 0.270508
vn -0.923828 0.270508 0.270508
vn -0.923828 0.270508 0.270508
vn -0.923828 0.270508 0.270508
vn -0.923828 -0.270508 -0.270508
vn -0.923828 -0.270508 -0.270508
vn -0.923828 -0.270508 -0.270508
vn -0.923828 -0.270508 -0.270508
vn 0.382568 -0.652832 -0.652832
vn 0.382568 -0.652832 -0.652832
vn 0.382568 -0.652832 -0.652832
vn 0.382568 -0.652832 -0.652832
vn -0.382568 -0.652832 -0.652832
vn -0.382568 -0.652832 -0.652832
vn -0.382568 -0.652832 -0.652832
vn -0.382568 -0.652832 -0.652832
vn 0.923828 0.270508 0.270508
vn 0.923828 0.270508 0.270508
vn 0.923828 0.270508 0.270508
vn 0.923828 0.270508 0.270508
vn -0.382568 0.652832 0.652832
vn -0.382568 0.652832 0.652832
vn -0.382568 0.652832 0.652832
vn -0.382568 0.652832 0.652832
vn 0.382568 0.652832 0.652832
vn 0.382568 0.652832 0.652832
vn 0.382568 0.652832 0.652832
vn 0.382568 0.652832 0.652832
vn 0.923828 -0.270508 -0.270508
vn 0.923828 -0.270508 -0.270508
vn 0.923828 -0.270508 -0.270508
vn 0.923828 -0.270508 -0.270508
vn 2.98023e-007 -0.707031 0.707031
vn 2.98023e-007 -0.707031 0.707031
vn 2.98023e-007 -0.707031 0.707031
vn 2.98023e-007 -0.707031 0.707031
vn 2.98023e-007 -0.707031 0.707031
vn 2.98023e-007 -0.707031 0.707031
vn 0 -0.707031 0.707031
vn 0 -0.707031 0.707031
vn 0 -0.707031 0.707031
vn 0 -0.707031 0.707031
vn 0 -0.707031 0.707031
vn 0 -0.707031 0.707031
vn 0.923828 0 -0.382568
vn 0.923828 0 -0.382568
vn 0.923828 0 -0.382568
vn 0.923828 0 -0.382568
vn 0.923828 0 0.382568
vn 0.923828 0 0.382568
vn 0.923828 0 0.382568
vn 0.923828 0 0.382568
vn -0.382568 0 0.923828
vn -0.382568 0 0.923828
vn -0.382568 0 0.923828
vn -0.382568 0 0.923828
vn 0.382568 0 0.923828
vn 0.382568 0 0.923828
vn 0.382568 0 0.923828
vn 0.382568 0 0.923828
vn -0.923828 0 -0.382568
vn -0.923828 0 -0.382568
vn -0.923828 0 -0.382568
vn -0.923828 0 -0.382568
vn 0.382568 0 -0.923828
vn 0.382568 0 -0.923828
vn 0.382568 0 -0.923828
vn 0.382568 0 -0.923828
vn -0.382568 0 -0.923828
vn -0.382568 0 -0.923828
vn -0.382568 0 -0.923828
vn -0.382568 0 -0.923828
vn -0.923828 0 0.382568
vn -0.923828 0 0.382568
vn -0.923828 0 0.382568
vn -0.923828 0 0.382568
vn -2.98023e-007 -1 0
vn -2.98023e-007 -1 0
vn -2.98023e-007 -1 0
vn -2.98023e-007 -1 0
vn -2.98023e-007 -1 0
vn -2.98023e-007 -1 0
vn 0 -1 0
vn 0 -1 0
vn 0 -1 0
vn 0 -1 0
vn 0 -1 0
vn 0 -1 0
vn 0.224243 -0.810059 -0.541016
vn 0.224243 -0.810059 -0.541016
vn 0.224243 -0.810059 -0.541016
vn 0.224243 -0.810059 -0.541016
vn -0.224243 -0.810059 -0.541016
vn -0.224243 -0.810059 -0.541016
vn -0.224243 -0.810059 -0.541016
vn -0.224243 -0.810059 -0.541016
vn -0.541016 -0.810059 -0.224243
vn -0.541016 -0.810059 -0.224243
vn -0.541016 -0.810059 -0.224243
vn -0.541016 -0.810059 -0.224243
vn -0.541016 -0.810059 0.224243
vn -0.541016 -0.810059 0.224243
vn -0.541016 -0.810059 0.224243
vn -0.541016 -0.810059 0.224243
vn -0.224243 -0.810059 0.541016
vn -0.224243 -0.810059 0.541016
vn -0.224243 -0.810059 0.541016
vn -0.224243 -0.810059 0.541016
vn 0.224243 -0.810059 0.541016
vn 0.224243 -0.810059 0.541016
vn 0.224243 -0.810059 0.541016
vn 0.224243 -0.810059 0.541016
vn 0.541016 -0.810059 0.224243
vn 0.541016 -0.810059 0.224243
vn 0.541016 -0.810059 0.224243
vn 0.541016 -0.810059 0.224243
vn 0.541016 -0.810059 -0.224243
vn 0.541016 -0.810059 -0.224243
vn 0.541016 -0.810059 -0.224243
vn 0.541016 -0.810059 -0.224243
vn 0.325439 -0.524902 -0.786133
vn 0.325439 -0.524902 -0.786133
vn 0.325439 -0.524902 -0.786133
vn 0.325439 -0.524902 -0.786133
vn -0.325439 -0.524902 -0.786133
vn -0.325439 -0.524902 -0.786133
vn -0.325439 -0.524902 -0.786133
vn -0.325439 -0.524902 -0.786133
vn -0.786133 -0.524902 -0.325439
vn -0.786133 -0.524902 -0.325439
vn -0.786133 -0.524902 -0.325439
vn -0.786133 -0.524902 -0.325439
vn -0.786133 -0.524902 0.325439
vn -0.786133 -0.524902 0.325439
vn -0.786133 -0.524902 0.325439
vn -0.786133 -0.524902 0.325439
vn -0.325439 -0.524902 0.786133
vn -0.325439 -0.524902 0.786133
vn -0.325439 -0.524902 0.786133
vn -0.325439 -0.524902 0.786133
vn 0.325439 -0.524902 0.786133
vn 0.325439 -0.524902 0.786133
vn 0.325439 -0.524902 0.786133
vn 0.325439 -0.524902 0.786133
vn 0.786133 -0.524902 0.325439
vn 0.786133 -0.524902 0.325439
vn 0.786133 -0.524902 0.325439
vn 0.786133 -0.524902 0.325439
vn 0.786133 -0.524902 -0.325439
vn 0.786133 -0.524902 -0.325439
vn 0.786133 -0.524902 -0.325439
vn 0.786133 -0.524902 -0.325439
vn 0.376221 -0.180664 -0.908203
vn 0.376221 -0.180664 -0.908203
vn 0.376221 -0.180664 -0.908203
vn 0.376221 -0.180664 -0.908203
vn -0.376221 -0.180664 -0.908203
vn -0.376221 -0.180664 -0.908203
vn -0.376221 -0.180664 -0.908203
vn -0.376221 -0.180664 -0.908203
vn -0.908203 -0.180664 -0.376221
vn -0.908203 -0.180664 -0.376221
vn -0.908203 -0.180664 -0.376221
vn -0.908203 -0.180664 -0.376221
vn -0.908203 -0.180664 0.376221
vn -0.908203 -0.180664 0.376221
vn -0.908203 -0.180664 0.376221
vn -0.908203 -0.180664 0.376221
vn -0.376221 -0.180664 0.908203
vn -0.376221 -0.180664 0.908203
vn -0.376221 -0.180664 0.908203
vn -0.376221 -0.180664 0.908203
vn 0.376221 -0.180664 0.908203
vn 0.376221 -0.180664 0.908203
vn 0.376221 -0.180664 0.908203
vn 0.376221 -0.180664 0.908203
vn 0.908203 -0.180664 0.376221
vn 0.908203 -0.180664 0.376221
vn 0.908203 -0.180664 0.376221
vn 0.908203 -0.180664 0.376221
vn 0.908203 -0.180664 -0.376221
vn 0.908203 -0.180664 -0.376221
vn 0.908203 -0.180664 -0.376221
vn 0.908203 -0.180664 -0.376221
vn 0.376221 0.180664 -0.908203
vn 0.376221 0.180664 -0.908203
vn 0.376221 0.180664 -0.908203
vn 0.376221 0.180664 -0.908203
vn -0.376221 0.180664 -0.908203
vn -0.376221 0.180664 -0.908203
vn -0.376221 0.180664 -0.908203
vn -0.376221 0.180664 -0.908203
vn -0.908203 0.180664 -0.376221
vn -0.908203 0.180664 -0.376221
vn -0.908203 0.180664 -0.376221
vn -0.908203 0.180664 -0.376221
vn -0.908203 0.180664 0.376221
vn -0.908203 0.180664 0.376221
vn -0.908203 0.180664 0.376221
vn -0.908203 0.180664 0.376221
vn -0.376221 0.180664 0.908203
vn -0.376221 0.180664 0.908203
vn -0.376221 0.180664 0.908203
vn -0.376221 0.180664 0.908203
vn 0.376221 0.180664 0.908203
vn 0.376221 0.180664 0.908203
vn 0.376221 0.180664 0.908203
vn 0.376221 0.180664 0.908203
vn 0.908203 0.180664 0.376221
vn 0.908203 0.180664 0.376221
vn 0.908203 0.180664 0.376221
vn 0.908203 0.180664 0.376221
vn 0.908203 0.180664 -0.376221
vn 0.908203 0.180664 -0.376221
vn 0.908203 0.180664 -0.376221
vn 0.908203 0.180664 -0.376221
vn 0.325439 0.524902 -0.786133
vn 0.325439 0.524902 -0.786133
vn 0.325439 0.524902 -0.786133
vn 0.325439 0.524902 -0.786133
vn -0.325439 0.524902 -0.786133
vn -0.325439 0.524902 -0.786133
vn -0.325439 0.524902 -0.786133
vn -0.325439 0.524902 -0.786133
vn -0.786133 0.524902 -0.325439
vn -0.786133 0.524902 -0.325439
vn -0.786133 0.524902 -0.325439
vn -0.786133 0.524902 -0.325439
vn -0.786133 0.524902 0.325439
vn -0.786133 0.524902 0.325439
vn -0.786133 0.524902 0.325439
vn -0.786133 0.524902 0.325439
vn -0.325439 0.524902 0.786133
vn -0.325439 0.524902 0.786133
vn -0.325439 0.524902 0.786133
vn -0.325439 0.524902 0.786133
vn 0.325439 0.524902 0.786133
vn 0.325439 0.524902 0.786133
vn 0.325439 0.524902 0.786133
vn 0.325439 0.524902 0.786133
vn 0.786133 0.524902 0.325439
vn 0.786133 0.524902 0.325439
vn 0.786133 0.524902 0.325439
vn 0.786133 0.524902 0.325439
vn 0.786133 0.524902 -0.325439
vn 0.786133 0.524902 -0.325439
vn 0.786133 0.524902 -0.325439
vn 0.786133 0.524902 -0.325439
vn 0.224243 0.810059 -0.541016
vn 0.224243 0.810059 -0.541016
vn 0.224243 0.810059 -0.541016
vn 0.224243 0.810059 -0.541016
vn -0.224243 0.810059 -0.541016
vn -0.224243 0.810059 -0.541016
vn -0.224243 0.810059 -0.541016
vn -0.224243 0.810059 -0.541016
vn -0.541016 0.810059 -0.224243
vn -0.541016 0.810059 -0.224243
vn -0.541016 0.810059 -0.224243
vn -0.541016 0.810059 -0.224243
vn -0.541016 0.810059 0.224243
vn -0.541016 0.810059 0.224243
vn -0.541016 0.810059 0.224243
vn -0.541016 0.810059 0.224243
vn -0.224243 0.810059 0.541016
vn -0.224243 0.810059 0.541016
vn -0.224243 0.810059 0.541016
vn -0.224243 0.810059 0.541016
vn 0.224243 0.810059 0.541016
vn 0.224243 0.810059 0.541016
vn 0.224243 0.810059 0.541016
vn 0.224243 0.810059 0.541016
vn 0.541016 0.810059 0.224243
vn 0.541016 0.810059 0.224243
vn 0.541016 0.810059 0.224243
vn 0.541016 0.810059 0.224243
vn 0.541016 0.810059 -0.224243
vn 0.541016 0.810059 -0.224243
vn 0.541016 0.810059 -0.224243
vn 0.541016 0.810059 -0.224243
vn 0.0805054 -0.977539 -0.194336
vn 0.0805054 -0.977539 -0.194336
vn 0.0805054 -0.977539 -0.194336
vn -0.0805054 -0.977539 -0.194336
vn -0.0805054 -0.977539 -0.194336
vn -0.0805054 -0.977539 -0.194336
vn -0.194336 -0.977539 -0.0805054
vn -0.194336 -0.977539 -0.0805054
vn -0.194336 -0.977539 -0.0805054
vn -0.194336 -0.977539 0.0805054
vn -0.194336 -0.977539 0.0805054
vn -0.194336 -0.977539 0.0805054
vn -0.0805054 -0.977539 0.194336
vn -0.0805054 -0.977539 0.194336
vn -0.0805054 -0.977539 0.194336
vn 0.0805054 -0.977539 0.194336
vn 0.0805054 -0.977539 0.194336
vn 0.0805054 -0.977539 0.194336
vn 0.194336 -0.977539 0.0805054
vn 0.194336 -0.977539 0.0805054
vn 0.194336 -0.977539 0.0805054
vn 0.194336 -0.977539 -0.0805054
vn 0.194336 -0.977539 -0.0805054
vn 0.194336 -0.977539 -0.0805054
vn 0.0805054 0.977539 -0.194336
vn 0.0805054 0.977539 -0.194336
vn 0.0805054 0.977539 -0.194336
vn -0.0805054 0.977539 -0.194336
vn -0.0805054 0.977539 -0.194336
vn -0.0805054 0.977539 -0.194336
vn -0.194336 0.977539 -0.0805054
vn -0.194336 0.977539 -0.0805054
vn -0.194336 0.977539 -0.0805054
vn -0.194336 0.977539 0.0805054
vn -0.194336 0.977539 0.0805054
vn -0.194336 0.977539 0.0805054
vn -0.0805054 0.977539 0.194336
vn -0.0805054 0.977539 0.194336
vn -0.0805054 0.977539 0.194336
vn 0.0805054 0.977539 0.194336
vn 0.0805054 0.977539 0.194336
vn 0.0805054 0.977539 0.194336
vn 0.194336 0.977539 0.0805054
vn 0.194336 0.977539 0.0805054
vn 0.194336 0.977539 0.0805054
vn 0.194336 0.977539 -0.0805054
vn 0.194336 0.977539 -0.0805054
vn 0.194336 0.977539 -0.0805054
vn 0.382568 0.923828 0
vn 0.382568 0.923828 0
vn 0.382568 0.923828 0
vn 0.382568 0.923828 0
vn -0.382568 0.923828 0
vn -0.382568 0.923828 0
vn -0.382568 0.923828 0
vn -0.382568 0.923828 0
vn -0.923828 -0.382568 0
vn -0.923828 -0.382568 0
vn -0.923828 -0.382568 0
vn -0.923828 -0.382568 0
vn -0.923828 0.382568 0
vn -0.923828 0.382568 0
vn -0.923828 0.382568 0
vn -0.923828 0.382568 0
vn 0.382568 -0.923828 0
vn 0.382568 -0.923828 0
vn 0.382568 -0.923828 0
vn 0.382568 -0.923828 0
vn 0.923828 0.382568 0
vn 0.923828 0.382568 0
vn 0.923828 0.382568 0
vn 0.923828 0.382568 0
vn 0.923828 -0.382568 0
vn 0.923828 -0.382568 0
vn 0.923828 -0.382568 0
vn 0.923828 -0.382568 0
vn -0.382568 -0.923828 0
vn -0.382568 -0.923828 0
vn -0.382568 -0.923828 0
vn -0.382568 -0.923828 0
vn 0 -2.98023e-007 1
vn 0 -2.98023e-007 1
vn 0 -2.98023e-007 1
vn 0 -2.98023e-007 1
vn 0 -2.98023e-007 1
vn 0 -2.98023e-007 1
vn 0 0 1
vn 0 0 1
vn 0 0 1
vn 0 0 1
vn 0 0 1
vn 0 0 1
vn 0.382568 0 0.923828
vn 0.382568 0 0.923828
vn 0.382568 0 0.923828
vn 0.382568 0 0.923828
vn -0.382568 0 0.923828
vn -0.382568 0 0.923828
vn -0.382568 0 0.923828
vn -0.382568 0 0.923828
vn -0.923828 0 -0.382568
vn -0.923828 0 -0.382568
vn -0.923828 0 -0.382568
vn -0.923828 0 -0.382568
vn -0.923828 0 0.382568
vn -0.923828 0 0.382568
vn -0.923828 0 0.382568
vn -0.923828 0 0.382568
vn 0.382568 0 -0.923828
vn 0.382568 0 -0.923828
vn 0.382568 0 -0.923828
vn 0.382568 0 -0.923828
vn 0.923828 0 0.382568
vn 0.923828 0 0.382568
vn 0.923828 0 0.382568
vn 0.923828 0 0.382568
vn 0.923828 0 -0.382568
vn 0.923828 0 -0.382568
vn 0.923828 0 -0.382568
vn 0.923828 0 -0.382568
vn -0.382568 0 -0.923828
vn -0.382568 0 -0.923828
vn -0.382568 0 -0.923828
vn -0.382568 0 -0.923828
vn 0 -1 -2.98023e-007
vn 0 -1 -2.98023e-007
vn 0 -1 -2.98023e-007
vn 0 -1 -2.98023e-007
vn 0 -1 -2.98023e-007
vn 0 -1 -2.98023e-007
vn 0 -1 0
vn 0 -1 0
vn 0 -1 0
vn 0 -1 0
vn 0 -1 0
vn 0 -1 0
vn 0.732422 0.652832 0.191284
vn 0.732422 0.652832 0.191284
vn 0.732422 0.652832 0.191284
vn 0.732422 0.652832 0.191284
vn 0.191284 0.652832 0.732422
vn 0.191284 0.652832 0.732422
vn 0.191284 0.652832 0.732422
vn 0.191284 0.652832 0.732422
vn -0.844238 -0.270508 0.461914
vn -0.844238 -0.270508 0.461914
vn -0.844238 -0.270508 0.461914
vn -0.844238 -0.270508 0.461914
vn -0.461914 0.270508 0.844238
vn -0.461914 0.270508 0.844238
vn -0.461914 0.270508 0.844238
vn -0.461914 0.270508 0.844238
vn -0.191284 -0.652832 -0.732422
vn -0.191284 -0.652832 -0.732422
vn -0.191284 -0.652832 -0.732422
vn -0.191284 -0.652832 -0.732422
vn 0.844238 0.270508 -0.461914
vn 0.844238 0.270508 -0.461914
vn 0.844238 0.270508 -0.461914
vn 0.844238 0.270508 -0.461914
vn 0.461914 -0.270508 -0.844238
vn 0.461914 -0.270508 -0.844238
vn 0.461914 -0.270508 -0.844238
vn 0.461914 -0.270508 -0.844238
vn -0.732422 -0.652832 -0.191284
vn -0.732422 -0.652832 -0.191284
vn -0.732422 -0.652832 -0.191284
vn -0.732422 -0.652832 -0.191284
vn 0.499756 -0.707031 0.499756
vn 0.499756 -0.707031 0.499756
vn 0.499756 -0.707031 0.499756
vn 0.499756 -0.707031 0.499756
vn 0.499756 -0.707031 0.499756
vn 0.499756 -0.707031 0.499756
vn 0.499756 -0.707031 0.499756
vn 0.499756 -0.707031 0.499756
vn 0.499756 -0.707031 0.499756
vn 0.499756 -0.707031 0.499756
vn 0.499756 -0.707031 0.499756
vn 0.499756 -0.707031 0.499756
vn 0 -0.382568 -0.923828
vn 0 -0.382568 -0.923828
vn 0 -0.382568 -0.923828
vn 0 -0.382568 -0.923828
vn 0 0.382568 -0.923828
vn 0 0.382568 -0.923828
vn 0 0.382568 -0.923828
vn 0 0.382568 -0.923828
vn 0 0.923828 0.382568
vn 0 0.923828 0.382568
vn 0 0.923828 0.382568
vn 0 0.923828 0.382568
vn 0 0.923828 -0.382568
vn 0 0.923828 -0.382568
vn 0 0.923828 -0.382568
vn 0 0.923828 -0.382568
vn 0 -0.382568 0.923828
vn 0 -0.382568 0.923828
vn 0 -0.382568 0.923828
vn 0 -0.382568 0.923828
vn 0 -0.923828 -0.382568
vn 0 -0.923828 -0.382568
vn 0 -0.923828 -0.382568
vn 0 -0.923828 -0.382568
vn 0 -0.923828 0.382568
vn 0 -0.923828 0.382568
vn 0 -0.923828 0.382568
vn 0 -0.923828 0.382568
vn 0 0.382568 0.923828
vn 0 0.382568 0.923828
vn 0 0.382568 0.923828
vn 0 0.382568 0.923828
vn 1 0 2.98023e-007
vn 1 0 2.98023e-007
vn 1 0 2.98023e-007
vn 1 0 2.98023e-007
vn 1 0 2.98023e-007
vn 1 0 2.98023e-007
vn 1 0 0
vn 1 0 0
vn 1 0 0
vn 1 0 0
vn 1 0 0
vn 1 0 0
vn -0.541016 -0.810059 -0.224243
vn -0.541016 -0.810059 -0.224243
vn -0.541016 -0.810059 -0.224243
vn -0.541016 -0.810059 -0.224243
vn -0.541016 -0.810059 0.224243
vn -0.541016 -0.810059 0.224243
vn -0.541016 -0.810059 0.224243
vn -0.541016 -0.810059 0.224243
vn -0.224243 -0.810059 0.541016
vn -0.224243 -0.810059 0.541016
vn -0.224243 -0.810059 0.541016
vn -0.224243 -0.810059 0.541016
vn 0.224243 -0.810059 0.541016
vn 0.224243 -0.810059 0.541016
vn 0.224243 -0.810059 0.541016
vn 0.224243 -0.810059 0.541016
vn 0.541016 -0.810059 0.224243
vn 0.541016 -0.810059 0.224243
vn 0.541016 -0.810059 0.224243
vn 0.541016 -0.810059 0.224243
vn 0.541016 -0.810059 -0.224243
vn 0.541016 -0.810059 -0.224243
vn 0.541016 -0.810059 -0.224243
vn 0.541016 -0.810059 -0.224243
vn 0.224243 -0.810059 -0.541016
vn 0.224243 -0.810059 -0.541016
vn 0.224243 -0.810059 -0.541016
vn 0.224243 -0.810059 -0.541016
vn -0.224243 -0.810059 -0.541016
vn -0.224243 -0.810059 -0.541016
vn -0.224243 -0.810059 -0.541016
vn -0.224243 -0.810059 -0.541016
vn -0.786133 -0.524902 -0.325439
vn -0.786133 -0.524902 -0.325439
vn -0.786133 -0.524902 -0.325439
vn -0.786133 -0.524902 -0.325439
vn -0.786133 -0.524902 0.325439
vn -0.786133 -0.524902 0.325439
vn -0.786133 -0.524902 0.325439
vn -0.786133 -0.524902 0.325439
vn -0.325439 -0.524902 0.786133
vn -0.325439 -0.524902 0.786133
vn -0.325439 -0.524902 0.786133
vn -0.325439 -0.524902 0.786133
vn 0.325439 -0.524902 0.786133
vn 0.325439 -0.524902 0.786133
vn 0.325439 -0.524902 0.786133
vn 0.325439 -0.524902 0.786133
vn 0.786133 -0.524902 0.325439
vn 0.786133 -0.524902 0.325439
vn 0.786133 -0.524902 0.325439
vn 0.786133 -0.524902 0.325439
vn 0.786133 -0.524902 -0.325439
vn 0.786133 -0.524902 -0.325439
vn 0.786133 -0.524902 -0.325439
vn 0.786133 -0.524902 -0.325439
vn 0.325439 -0.524902 -0.786133
vn 0.325439 -0.524902 -0.786133
vn 0.325439 -0.524902 -0.786133
vn 0.325439 -0.524902 -0.786133
vn -0.325439 -0.524902 -0.786133
vn -0.325439 -0.524902 -0.786133
vn -0.325439 -0.524902 -0.786133
vn -0.325439 -0.524902 -0.786133
vn -0.908203 -0.180664 -0.376221
vn -0.908203 -0.180664 -0.376221
vn -0.908203 -0.180664 -0.376221
vn -0.908203 -0.180664 -0.376221
vn -0.908203 -0.180664 0.376221
vn -0.908203 -0.180664 0.376221
vn -0.908203 -0.180664 0.376221
vn -0.908203 -0.180664 0.376221
vn -0.376221 -0.180664 0.908203
vn -0.376221 -0.180664 0.908203
vn -0.376221 -0.180664 0.908203
vn -0.376221 -0.180664 0.908203
vn 0.376221 -0.180664 0.908203
vn 0.376221 -0.180664 0.908203
vn 0.376221 -0.180664 0.908203
vn 0.376221 -0.180664 0.908203
vn 0.908203 -0.180664 0.376221
vn 0.908203 -0.180664 0.376221
vn 0.908203 -0.180664 0.376221
vn 0.908203 -0.180664 0.376221
vn 0.908203 -0.180664 -0.376221
vn 0.908203 -0.180664 -0.376221
vn 0.908203 -0.180664 -0.376221
vn 0.908203 -0.180664 -0.376221
vn 0.376221 -0.180664 -0.908203
vn 0.376221 -0.180664 -0.908203
vn 0.376221 -0.180664 -0.908203
vn 0.376221 -0.180664 -0.908203
vn -0.376221 -0.180664 -0.908203
vn -0.376221 -0.180664 -0.908203
vn -0.376221 -0.180664 -0.908203
vn -0.376221 -0.180664 -0.908203
vn -0.908203 0.180664 -0.376221
vn -0.908203 0.180664 -0.376221
vn -0.908203 0.180664 -0.376221
vn -0.908203 0.180664 -0.376221
vn -0.908203 0.180664 0.376221
vn -0.908203 0.180664 0.376221
vn -0.908203 0.180664 0.376221
vn -0.908203 0.180664 0.376221
vn -0.376221 0.180664 0.908203
vn -0.376221 0.180664 0.908203
vn -0.376221 0.180664 0.908203
vn -0.376221 0.180664 0.908203
vn 0.376221 0.180664 0.908203
vn 0.376221 0.180664 0.908203
vn 0.376221 0.180664 0.908203
vn 0.376221 0.180664 0.908203
vn 0.908203 0.180664 0.376221
vn 0.908203 0.180664 0.376221
vn 0.908203 0.180664 0.376221
vn 0.908203 0.180664 0.376221
vn 0.908203 0.180664 -0.376221
vn 0.908203 0.180664 -0.376221
vn 0.908203 0.180664 -0.376221
vn 0.908203 0.180664 -0.376221
vn 0.376221 0.180664 -0.908203
vn 0.376221 0.180664 -0.908203
vn 0.376221 0.180664 -0.908203
vn 0.376221 0.180664 -0.908203
vn -0.376221 0.180664 -0.908203
vn -0.376221 0.180664 -0.908203
vn -0.376221 0.180664 -0.908203
vn -0.376221 0.180664 -0.908203
vn -0.786133 0.524902 -0.325439
vn -0.786133 0.524902 -0.325439
vn -0.786133 0.524902 -0.325439
vn -0.786133 0.524902 -0.325439
vn -0.786133 0.524902 0.325439
vn -0.786133 0.524902 0.325439
vn -0.786133 0.524902 0.325439
vn -0.786133 0.524902 0.325439
vn -0.325439 0.524902 0.786133
vn -0.325439 0.524902 0.786133
vn -0.325439 0.524902 0.786133
vn -0.325439 0.524902 0.786133
vn 0.325439 0.524902 0.786133
vn 0.325439 0.524902 0.786133
vn 0.325439 0.524902 0.786133
vn 0.325439 0.524902 0.786133
vn 0.786133 0.524902 0.325439
vn 0.786133 0.524902 0.325439
vn 0.786133 0.524902 0.325439
vn 0.786133 0.524902 0.325439
vn 0.786133 0.524902 -0.325439
vn 0.786133 0.524902 -0.325439
vn 0.786133 0.524902 -0.325439
vn 0.786133 0.524902 -0.325439
vn 0.325439 0.524902 -0.786133
vn 0.325439 0.524902 -0.786133
vn 0.325439 0.524902 -0.786133
vn 0.325439 0.524902 -0.786133
vn -0.325439 0.524902 -0.786133
vn -0.325439 0.524902 -0.786133
vn -0.325439 0.524902 -0.786133
vn -0.325439 0.524902 -0.786133
vn -0.541016 0.810059 -0.224243
vn -0.541016 0.810059 -0.224243
vn -0.541016 0.810059 -0.224243
vn -0.541016 0.810059 -0.224243
vn -0.541016 0.810059 0.224243
vn -0.541016 0.810059 0.224243
vn -0.541016 0.810059 0.224243
vn -0.541016 0.810059 0.224243
vn -0.224243 0.810059 0.541016
vn -0.224243 0.810059 0.541016
vn -0.224243 0.810059 0.541016
vn -0.224243 0.810059 0.541016
vn 0.224243 0.810059 0.541016
vn 0.224243 0.810059 0.541016
vn 0.224243 0.810059 0.541016
vn 0.224243 0.810059 0.541016
vn 0.541016 0.810059 0.224243
vn 0.541016 0.810059 0.224243
vn 0.541016 0.810059 0.224243
vn 0.541016 0.810059 0.224243
vn 0.541016 0.810059 -0.224243
vn 0.541016 0.810059 -0.224243
vn 0.541016 0.810059 -0.224243
vn 0.541016 0.810059 -0.224243
vn 0.224243 0.810059 -0.541016
vn 0.224243 0.810059 -0.541016
vn 0.224243 0.810059 -0.541016
vn 0.224243 0.810059 -0.541016
vn -0.224243 0.810059 -0.541016
vn -0.224243 0.810059 -0.541016
vn -0.224243 0.810059 -0.541016
vn -0.224243 0.810059 -0.541016
vn -0.194336 -0.977539 -0.0805054
vn -0.194336 -0.977539 -0.0805054
vn -0.194336 -0.977539 -0.0805054
vn -0.194336 -0.977539 0.0805054
vn -0.194336 -0.977539 0.0805054
vn -0.194336 -0.977539 0.0805054
vn -0.0805054 -0.977539 0.194458
vn -0.0805054 -0.977539 0.194458
vn -0.0805054 -0.977539 0.194458
vn 0.0805054 -0.977539 0.194336
vn 0.0805054 -0.977539 0.194336
vn 0.0805054 -0.977539 0.194336
vn 0.194336 -0.977539 0.0805054
vn 0.194336 -0.977539 0.0805054
vn 0.194336 -0.977539 0.0805054
vn 0.194336 -0.977539 -0.0805054
vn 0.194336 -0.977539 -0.0805054
vn 0.194336 -0.977539 -0.0805054
vn 0.0805054 -0.977539 -0.194336
vn 0.0805054 -0.977539 -0.194336
vn 0.0805054 -0.977539 -0.194336
vn -0.0805054 -0.977539 -0.194336
vn -0.0805054 -0.977539 -0.194336
vn -0.0805054 -0.977539 -0.194336
vn -0.194336 0.977539 -0.0805054
vn -0.194336 0.977539 -0.0805054
vn -0.194336 0.977539 -0.0805054
vn -0.194336 0.977539 0.0805054
vn -0.194336 0.977539 0.0805054
vn -0.194336 0.977539 0.0805054
vn -0.0805054 0.977539 0.194336
vn -0.0805054 0.977539 0.194336
vn -0.0805054 0.977539 0.194336
vn 0.0805054 0.977539 0.194336
vn 0.0805054 0.977539 0.194336
vn 0.0805054 0.977539 0.194336
vn 0.194336 0.977539 0.0805054
vn 0.194336 0.977539 0.0805054
vn 0.194336 0.977539 0.0805054
vn 0.194336 0.977539 -0.0805054
vn 0.194336 0.977539 -0.0805054
vn 0.194336 0.977539 -0.0805054
vn 0.0805054 0.977539 -0.194336
vn 0.0805054 0.977539 -0.194336
vn 0.0805054 0.977539 -0.194336
vn -0.0805054 0.977539 -0.194336
vn -0.0805054 0.977539 -0.194336
vn -0.0805054 0.977539 -0.194336
vn -0.382568 0.923828 0
vn -0.382568 0.923828 0
vn -0.382568 0.923828 0
vn -0.382568 0.923828 0
vn 0.382568 0.923828 0
vn 0.382568 0.923828 0
vn 0.382568 0.923828 0
vn 0.382568 0.923828 0
vn 0.923828 -0.382568 0
vn 0.923828 -0.382568 0
vn 0.923828 -0.382568 0
vn 0.923828 -0.382568 0
vn 0.923828 0.382568 0
vn 0.923828 0.382568 0
vn 0.923828 0.382568 0
vn 0.923828 0.382568 0
vn -0.382568 -0.923828 0
vn -0.382568 -0.923828 0
vn -0.382568 -0.923828 0
vn -0.382568 -0.923828 0
vn -0.923828 0.382568 0
vn -0.923828 0.382568 0
vn -0.923828 0.382568 0
vn -0.923828 0.382568 0
vn -0.923828 -0.382568 0
vn -0.923828 -0.382568 0
vn -0.923828 -0.382568 0
vn -0.923828 -0.382568 0
vn 0.382568 -0.923828 0
vn 0.382568 -0.923828 0
vn 0.382568 -0.923828 0
vn 0.382568 -0.923828 0
vn 0 -2.98023e-007 -1
vn 0 -2.98023e-007 -1
vn 0 -2.98023e-007 -1
vn 0 -2.98023e-007 -1
vn 0 -2.98023e-007 -1
vn 0 -2.98023e-007 -1
vn 0 0 -1
vn 0 0 -1
vn 0 0 -1
vn 0 0 -1
vn 0 0 -1
vn 0 0 -1
vn -0.844238 -0.270508 0.461914
vn -0.844238 -0.270508 0.461914
vn -0.844238 -0.270508 0.461914
vn -0.844238 -0.270508 0.461914
vn -0.461914 0.270508 0.844238
vn -0.461914 0.270508 0.844238
vn -0.461914 0.270508 0.844238
vn -0.461914 0.270508 0.844238
vn 0.732422 0.652832 0.191284
vn 0.732422 0.652832 0.191284
vn 0.732422 0.652832 0.191284
vn 0.732422 0.652832 0.191284
vn 0.191284 0.652832 0.732422
vn 0.191284 0.652832 0.732422
vn 0.191284 0.652832 0.732422
vn 0.191284 0.652832 0.732422
vn 0.461914 -0.270508 -0.844238
vn 0.461914 -0.270508 -0.844238
vn 0.461914 -0.270508 -0.844238
vn 0.461914 -0.270508 -0.844238
vn -0.732422 -0.652832 -0.191284
vn -0.732422 -0.652832 -0.191284
vn -0.732422 -0.652832 -0.191284
vn -0.732422 -0.652832 -0.191284
vn -0.191284 -0.652832 -0.732422
vn -0.191284 -0.652832 -0.732422
vn -0.191284 -0.652832 -0.732422
vn -0.191284 -0.652832 -0.732422
vn 0.844238 0.270508 -0.461914
vn 0.844238 0.270508 -0.461914
vn 0.844238 0.270508 -0.461914
vn 0.844238 0.270508 -0.461914
vn -0.499756 0.707031 -0.5
vn -0.499756 0.707031 -0.5
vn -0.499756 0.707031 -0.5
vn -0.499756 0.707031 -0.5
vn -0.499756 0.707031 -0.5
vn -0.499756 0.707031 -0.5
vn -0.499756 0.707031 -0.5
vn -0.499756 0.707031 -0.5
vn -0.499756 0.707031 -0.5
vn -0.499756 0.707031 -0.5
vn -0.499756 0.707031 -0.5
vn -0.499756 0.707031 -0.5
vn -0.270508 -0.270508 0.923828
vn -0.270508 -0.270508 0.923828
vn -0.270508 -0.270508 0.923828
vn -0.270508 -0.270508 0.923828
vn 0.270508 0.270508 0.923828
vn 0.270508 0.270508 0.923828
vn 0.270508 0.270508 0.923828
vn 0.270508 0.270508 0.923828
vn 0.652832 0.652832 -0.382568
vn 0.652832 0.652832 -0.382568
vn 0.652832 0.652832 -0.382568
vn 0.652832 0.652832 -0.382568
vn 0.652832 0.652832 0.382568
vn 0.652832 0.652832 0.382568
vn 0.652832 0.652832 0.382568
vn 0.652832 0.652832 0.382568
vn -0.270508 -0.270508 -0.923828
vn -0.270508 -0.270508 -0.923828
vn -0.270508 -0.270508 -0.923828
vn -0.270508 -0.270508 -0.923828
vn -0.652832 -0.652832 0.382568
vn -0.652832 -0.652832 0.382568
vn -0.652832 -0.652832 0.382568
vn -0.652832 -0.652832 0.382568
vn -0.652832 -0.652832 -0.382568
vn -0.652832 -0.652832 -0.382568
vn -0.652832 -0.652832 -0.382568
vn -0.652832 -0.652832 -0.382568
vn 0.270508 0.270508 -0.923828
vn 0.270508 0.270508 -0.923828
vn 0.270508 0.270508 -0.923828
vn 0.270508 0.270508 -0.923828
vn -0.707031 0.707031 -2.98023e-007
vn -0.707031 0.707031 -2.98023e-007
vn -0.707031 0.707031 -2.98023e-007
vn -0.707031 0.707031 -2.98023e-007
vn -0.707031 0.707031 -2.98023e-007
vn -0.707031 0.707031 -2.98023e-007
vn -0.707031 0.707031 0
vn -0.707031 0.707031 0
vn -0.707031 0.707031 0
vn -0.707031 0.707031 0
vn -0.707031 0.707031 0
vn -0.707031 0.707031 0
vn -0.923828 -0.270508 -0.270508
vn -0.923828 -0.270508 -0.270508
vn -0.923828 -0.270508 -0.270508
vn -0.923828 -0.270508 -0.270508
vn -0.923828 0.270508 0.270508
vn -0.923828 0.270508 0.270508
vn -0.923828 0.270508 0.270508
vn -0.923828 0.270508 0.270508
vn 0.382568 0.652832 0.652832
vn 0.382568 0.652832 0.652832
vn 0.382568 0.652832 0.652832
vn 0.382568 0.652832 0.652832
vn -0.382568 0.652832 0.652832
vn -0.382568 0.652832 0.652832
vn -0.382568 0.652832 0.652832
vn -0.382568 0.652832 0.652832
vn 0.923828 -0.270508 -0.270508
vn 0.923828 -0.270508 -0.270508
vn 0.923828 -0.270508 -0.270508
vn 0.923828 -0.270508 -0.270508
vn -0.382568 -0.652832 -0.652832
vn -0.382568 -0.652832 -0.652832
vn -0.382568 -0.652832 -0.652832
vn -0.382568 -0.652832 -0.652832
vn 0.382568 -0.652832 -0.652832
vn 0.382568 -0.652832 -0.652832
vn 0.382568 -0.652832 -0.652832
vn 0.382568 -0.652832 -0.652832
vn 0.923828 0.270508 0.270508
vn 0.923828 0.270508 0.270508
vn 0.923828 0.270508 0.270508
vn 0.923828 0.270508 0.270508
vn 2.98023e-007 0.707031 -0.707031
vn 2.98023e-007 0.707031 -0.707031
vn 2.98023e-007 0.707031 -0.707031
vn 2.98023e-007 0.707031 -0.707031
vn 2.98023e-007 0.707031 -0.707031
vn 2.98023e-007 0.707031 -0.707031
vn 0 0.707031 -0.707031
vn 0 0.707031 -0.707031
vn 0 0.707031 -0.707031
vn 0 0.707031 -0.707031
vn 0 0.707031 -0.707031
vn 0 0.707031 -0.707031
vn 0 -0.382568 0.923828
vn 0 -0.382568 0.923828
vn 0 -0.382568 0.923828
vn 0 -0.382568 0.923828
vn 0 0.382568 0.923828
vn 0 0.382568 0.923828
vn 0 0.382568 0.923828
vn 0 0.382568 0.923828
vn 0 0.923828 -0.382568
vn 0 0.923828 -0.382568
vn 0 0.923828 -0.382568
vn 0 0.923828 -0.382568
vn 0 0.923828 0.382568
vn 0 0.923828 0.382568
vn 0 0.923828 0.382568
vn 0 0.923828 0.382568
vn 0 -0.382568 -0.923828
vn 0 -0.382568 -0.923828
vn 0 -0.382568 -0.923828
vn 0 -0.382568 -0.923828
vn 0 -0.923828 0.382568
vn 0 -0.923828 0.382568
vn 0 -0.923828 0.382568
vn 0 -0.923828 0.382568
vn 0 -0.923828 -0.382568
vn 0 -0.923828 -0.382568
vn 0 -0.923828 -0.382568
vn 0 -0.923828 -0.382568
vn 0 0.382568 -0.923828
vn 0 0.382568 -0.923828
vn 0 0.382568 -0.923828
vn 0 0.382568 -0.923828
vn -1 0 -2.98023e-007
vn -1 0 -2.98023e-007
vn -1 0 -2.98023e-007
vn -1 0 -2.98023e-007
vn -1 0 -2.98023e-007
vn -1 0 -2.98023e-007
vn -1 0 0
vn -1 0 0
vn -1 0 0
vn -1 0 0
vn -1 0 0
vn -1 0 0
vn -0.541016 -0.810059 -0.224243
vn -0.541016 -0.810059 -0.224243
vn -0.541016 -0.810059 -0.224243
vn -0.541016 -0.810059 -0.224243
vn -0.541016 -0.810059 0.224243
vn -0.541016 -0.810059 0.224243
vn -0.541016 -0.810059 0.224243
vn -0.541016 -0.810059 0.224243
vn -0.224243 -0.810059 0.541016
vn -0.224243 -0.810059 0.541016
vn -0.224243 -0.810059 0.541016
vn -0.224243 -0.810059 0.541016
vn 0.224243 -0.810059 0.541016
vn 0.224243 -0.810059 0.541016
vn 0.224243 -0.810059 0.541016
vn 0.224243 -0.810059 0.541016
vn 0.541016 -0.810059 0.224243
vn 0.541016 -0.810059 0.224243
vn 0.541016 -0.810059 0.224243
vn 0.541016 -0.810059 0.224243
vn 0.541016 -0.810059 -0.224243
vn 0.541016 -0.810059 -0.224243
vn 0.541016 -0.810059 -0.224243
vn 0.541016 -0.810059 -0.224243
vn 0.224243 -0.810059 -0.541016
vn 0.224243 -0.810059 -0.541016
vn 0.224243 -0.810059 -0.541016
vn 0.224243 -0.810059 -0.541016
vn -0.224243 -0.810059 -0.541016
vn -0.224243 -0.810059 -0.541016
vn -0.224243 -0.810059 -0.541016
vn -0.224243 -0.810059 -0.541016
vn -0.786133 -0.524902 -0.325439
vn -0.786133 -0.524902 -0.325439
vn -0.786133 -0.524902 -0.325439
vn -0.786133 -0.524902 -0.325439
vn -0.786133 -0.524902 0.325439
vn -0.786133 -0.524902 0.325439
vn -0.786133 -0.524902 0.325439
vn -0.786133 -0.524902 0.325439
vn -0.325439 -0.524902 0.786133
vn -0.325439 -0.524902 0.786133
vn -0.325439 -0.524902 0.786133
vn -0.325439 -0.524902 0.786133
vn 0.325439 -0.524902 0.786133
vn 0.325439 -0.524902 0.786133
vn 0.325439 -0.524902 0.786133
vn 0.325439 -0.524902 0.786133
vn 0.786133 -0.524902 0.325439
vn 0.786133 -0.524902 0.325439
vn 0.786133 -0.524902 0.325439
vn 0.786133 -0.524902 0.325439
vn 0.786133 -0.524902 -0.325439
vn 0.786133 -0.524902 -0.325439
vn 0.786133 -0.524902 -0.325439
vn 0.786133 -0.524902 -0.325439
vn 0.325439 -0.524902 -0.786133
vn 0.325439 -0.524902 -0.786133
vn 0.325439 -0.524902 -0.786133
vn 0.325439 -0.524902 -0.786133
vn -0.325439 -0.524902 -0.786133
vn -0.325439 -0.524902 -0.786133
vn -0.325439 -0.524902 -0.786133
vn -0.325439 -0.524902 -0.786133
vn -0.908203 -0.180664 -0.376221
vn -0.908203 -0.180664 -0.376221
vn -0.908203 -0.180664 -0.376221
vn -0.908203 -0.180664 -0.376221
vn -0.908203 -0.180664 0.376221
vn -0.908203 -0.180664 0.376221
vn -0.908203 -0.180664 0.376221
vn -0.908203 -0.180664 0.376221
vn -0.376221 -0.180664 0.908203
vn -0.376221 -0.180664 0.908203
vn -0.376221 -0.180664 0.908203
vn -0.376221 -0.180664 0.908203
vn 0.376221 -0.180664 0.908203
vn 0.376221 -0.180664 0.908203
vn 0.376221 -0.180664 0.908203
vn 0.376221 -0.180664 0.908203
vn 0.908203 -0.180664 0.376221
vn 0.908203 -0.180664 0.376221
vn 0.908203 -0.180664 0.376221
vn 0.908203 -0.180664 0.376221
vn 0.908203 -0.180664 -0.376221
vn 0.908203 -0.180664 -0.376221
vn 0.908203 -0.180664 -0.376221
vn 0.908203 -0.180664 -0.376221
vn 0.376221 -0.180664 -0.908203
vn 0.376221 -0.180664 -0.908203
vn 0.376221 -0.180664 -0.908203
vn 0.376221 -0.180664 -0.908203
vn -0.376221 -0.180664 -0.908203
vn -0.376221 -0.180664 -0.908203
vn -0.376221 -0.180664 -0.908203
vn -0.376221 -0.180664 -0.908203
vn -0.908203 0.180664 -0.376221
vn -0.908203 0.180664 -0.376221
vn -0.908203 0.180664 -0.376221
vn -0.908203 0.180664 -0.376221
vn -0.908203 0.180664 0.376221
vn -0.908203 0.180664 0.376221
vn -0.908203 0.180664 0.376221
vn -0.908203 0.180664 0.376221
vn -0.376221 0.180664 0.908203
vn -0.376221 0.180664 0.908203
vn -0.376221 0.180664 0.908203
vn -0.376221 0.180664 0.908203
vn 0.376221 0.180664 0.908203
vn 0.376221 0.180664 0.908203
vn 0.376221 0.180664 0.908203
vn 0.376221 0.180664 0.908203
vn 0.908203 0.180664 0.376221
vn 0.908203 0.180664 0.376221
vn 0.908203 0.180664 0.376221
vn 0.908203 0.180664 0.376221
vn 0.908203 0.180664 -0.376221
vn 0.908203 0.180664 -0.376221
vn 0.908203 0.180664 -0.376221
vn 0.908203 0.180664 -0.376221
vn 0.376221 0.180664 -0.908203
vn 0.376221 0.180664 -0.908203
vn 0.376221 0.180664 -0.908203
vn 0.376221 0.180664 -0.908203
vn -0.376221 0.180664 -0.908203
vn -0.376221 0.180664 -0.908203
vn -0.376221 0.180664 -0.908203
vn -0.376221 0.180664 -0.908203
vn -0.786133 0.524902 -0.325439
vn -0.786133 0.524902 -0.325439
vn -0.786133 0.524902 -0.325439
vn -0.786133 0.524902 -0.325439
vn -0.786133 0.524902 0.325439
vn -0.786133 0.524902 0.325439
vn -0.786133 0.524902 0.325439
vn -0.786133 0.524902 0.325439
vn -0.325439 0.524902 0.786133
vn -0.325439 0.524902 0.786133
vn -0.325439 0.524902 0.786133
vn -0.325439 0.524902 0.786133
vn 0.325439 0.524902 0.786133
vn 0.325439 0.524902 0.786133
vn 0.325439 0.524902 0.786133
vn 0.325439 0.524902 0.786133
vn 0.786133 0.524902 0.325439
vn 0.786133 0.524902 0.325439
vn 0.786133 0.524902 0.325439
vn 0.786133 0.524902 0.325439
vn 0.786133 0.524902 -0.325439
vn 0.786133 0.524902 -0.325439
vn 0.786133 0.524902 -0.325439
vn 0.786133 0.524902 -0.325439
vn 0.325439 0.524902 -0.786133
vn 0.325439 0.524902 -0.786133
vn 0.325439 0.524902 -0.786133
vn 0.325439 0.524902 -0.786133
vn -0.325439 0.524902 -0.786133
vn -0.325439 0.524902 -0.786133
vn -0.325439 0.524902 -0.786133
vn -0.325439 0.524902 -0.786133
vn -0.541016 0.810059 -0.224243
vn -0.541016 0.810059 -0.224243
vn -0.541016 0.810059 -0.224243
vn -0.541016 0.810059 -0.224243
vn -0.541016 0.810059 0.224243
vn -0.541016 0.810059 0.224243
vn -0.541016 0.810059 0.224243
vn -0.541016 0.810059 0.224243
vn -0.224243 0.810059 0.541016
vn -0.224243 0.810059 0.541016
vn -0.224243 0.810059 0.541016
vn -0.224243 0.810059 0.541016
vn 0.224243 0.810059 0.541016
vn 0.224243 0.810059 0.541016
vn 0.224243 0.810059 0.541016
vn 0.224243 0.810059 0.541016
vn 0.541016 0.810059 0.224243
vn 0.541016 0.810059 0.224243
vn 0.541016 0.810059 0.224243
vn 0.541016 0.810059 0.224243
vn 0.541016 0.810059 -0.224243
vn 0.541016 0.810059 -0.224243
vn 0.541016 0.810059 -0.224243
vn 0.541016 0.810059 -0.224243
vn 0.224243 0.810059 -0.541016
vn 0.224243 0.810059 -0.541016
vn 0.224243 0.810059 -0.541016
vn 0.224243 0.810059 -0.541016
vn -0.224243 0.810059 -0.541016
vn -0.224243 0.810059 -0.541016
vn -0.224243 0.810059 -0.541016
vn -0.224243 0.810059 -0.541016
vn -0.194336 -0.977539 -0.0805054
vn -0.194336 -0.977539 -0.0805054
vn -0.194336 -0.977539 -0.0805054
vn -0.194336 -0.977539 0.0805054
vn -0.194336 -0.977539 0.0805054
vn -0.194336 -0.977539 0.0805054
vn -0.0805054 -0.977539 0.194336
vn -0.0805054 -0.977539 0.194336
vn -0.0805054 -0.977539 0.194336
vn 0.0805054 -0.977539 0.194458
vn 0.0805054 -0.977539 0.194458
vn 0.0805054 -0.977539 0.194458
vn 0.194336 -0.977539 0.0805054
vn 0.194336 -0.977539 0.0805054
vn 0.194336 -0.977539 0.0805054
vn 0.194336 -0.977539 -0.0805054
vn 0.194336 -0.977539 -0.0805054
vn 0.194336 -0.977539 -0.0805054
vn 0.0805054 -0.977539 -0.194336
vn 0.0805054 -0.977539 -0.194336
vn 0.0805054 -0.977539 -0.194336
vn -0.0805054 -0.977539 -0.194336
vn -0.0805054 -0.977539 -0.194336
vn -0.0805054 -0.977539 -0.194336
vn -0.194336 0.977539 -0.0805054
vn -0.194336 0.977539 -0.0805054
vn -0.194336 0.977539 -0.0805054
vn -0.194336 0.977539 0.0805054
vn -0.194336 0.977539 0.0805054
vn -0.194336 0.977539 0.0805054
vn -0.0805054 0.977539 0.194336
vn -0.0805054 0.977539 0.194336
vn -0.0805054 0.977539 0.194336
vn 0.0805054 0.977539 0.194336
vn 0.0805054 0.977539 0.194336
vn 0.0805054 0.977539 0.194336
vn 0.194336 0.977539 0.0805054
vn 0.194336 0.977539 0.0805054
vn 0.194336 0.977539 0.0805054
vn 0.194336 0.977539 -0.0805054
vn 0.194336 0.977539 -0.0805054
vn 0.194336 0.977539 -0.0805054
vn 0.0805054 0.977539 -0.194458
vn 0.0805054 0.977539 -0.194458
vn 0.0805054 0.977539 -0.194458
vn -0.0805054 0.977539 -0.194336
vn -0.0805054 0.977539 -0.194336
vn -0.0805054 0.977539 -0.194336
vn 0.344727 -0.895508 0.280762
vn 0.609863 -0.505371 0.609863
vn 0.707031 -0.706543 -1.45435e-005
vn 0.577148 0.577148 0.577148
vn 0.505371 0.610352 0.609863
vn 0.707031 0.706543 0
vn 0.609863 0.505371 0.609863
vn 1.45435e-005 0.707031 0.706543
vn 0.609863 0.609863 0.505371
vn 9.59635e-006 -0.796875 0.603516
vn 1.66893e-006 -0.996582 0.0823975
vn 0 -0.990234 -0.136719
vn 0 -0.747559 -0.664063
vn 0 -0.603516 -0.796875
vn 0 0.136719 -0.990234
vn 0.281006 0.344238 -0.895508
vn 0 0.707031 -0.707031
vn -0.0643921 -0.98877 -0.133423
vn -0.282227 -0.678223 -0.678223
vn -0.113953 -0.114014 -0.986816
vn 0 -0.0825195 -0.996582
vn 0.0825806 -0.000110447 -0.996094
vn 0.603516 -0.00062418 -0.796875
vn -0.136719 0 -0.990234
vn -0.603516 0 -0.796875
vn -0.796875 0 -0.603516
vn -0.98877 -0.133423 -0.0644531
vn -0.895508 0.280762 0.344482
vn -0.990234 0 -0.136719
vn -0.990234 0 0.136719
vn -0.707031 0 0.707031
vn -0.996582 0.0825195 0
vn -0.635742 -0.734375 -0.235596
vn -0.734375 -0.235596 -0.635742
vn -0.505371 0.609863 0.609863
vn -0.796875 0.603516 0
vn 0.136841 -0.990234 -2.80142e-006
vn -0.136597 -0.990234 0
vn -0.796875 -0.603516 0
vn 0.707031 1.56164e-005 0.707031
vn 0.610352 0.609375 -0.505371
vn -0.603516 -0.796875 0
vn -0.990234 -0.136719 0
vn 0 0.923828 0.382324
vn 0 0.923828 0.382324
vn 0 0.923828 0.382324
vn 0 0.923828 0.382324
vn 0 -0.382813 0.92334
vn 0 -0.382813 0.92334
vn 0 -0.382813 0.92334
vn 0 -0.382813 0.92334
vn 0 -0.923828 0.382324
vn 0 -0.923828 0.382324
vn 0 -0.923828 0.382324
vn 0 -0.923828 0.382324
vn 0 -0.923828 -0.382568
vn 0 -0.923828 -0.382568
vn 0 -0.923828 -0.382568
vn 0 -0.923828 -0.382568
vn 0 0.382568 -0.923828
vn 0 0.382568 -0.923828
vn 0 0.382568 -0.923828
vn 0 0.382568 -0.923828
vn 0 -0.382568 -0.923828
vn 0 -0.382568 -0.923828
vn 0 -0.382568 -0.923828
vn 0 -0.382568 -0.923828
vn 0 0.382813 0.92334
vn 0 0.382813 0.92334
vn 0 0.382813 0.92334
vn 0 0.382813 0.92334
vn 0 0.923828 -0.382568
vn 0 0.923828 -0.382568
vn 0 0.923828 -0.382568
vn 0 0.923828 -0.382568
vn 0.923828 -0.382324 0
vn 0.923828 -0.382324 0
vn 0.923828 -0.382324 0
vn 0.923828 -0.382324 0
vn 0.382813 0.92334 0
vn 0.382813 0.92334 0
vn 0.382813 0.92334 0
vn 0.382813 0.92334 0
vn 0.923828 0.382324 0
vn 0.923828 0.382324 0
vn 0.923828 0.382324 0
vn 0.923828 0.382324 0
vn -0.382568 0.923828 0
vn -0.382568 0.923828 0
vn -0.382568 0.923828 0
vn -0.382568 0.923828 0
vn 0.382813 -0.92334 0
vn 0.382813 -0.92334 0
vn 0.382813 -0.92334 0
vn 0.382813 -0.92334 0
vn -0.382568 -0.923828 0
vn -0.382568 -0.923828 0
vn -0.382568 -0.923828 0
vn -0.382568 -0.923828 0
vn -0.923828 -0.382568 0
vn -0.923828 -0.382568 0
vn -0.923828 -0.382568 0
vn -0.923828 -0.382568 0
vn -0.923828 0.382568 0
vn -0.923828 0.382568 0
vn -0.923828 0.382568 0
vn -0.923828 0.382568 0
vn 0.382568 0 -0.923828
vn 0.382568 0 -0.923828
vn 0.382568 0 -0.923828
vn 0.382568 0 -0.923828
vn -0.382568 0 -0.923828
vn -0.382568 0 -0.923828
vn -0.382568 0 -0.923828
vn -0.382568 0 -0.923828
vn -0.923828 0 0.382568
vn -0.923828 0 0.382568
vn -0.923828 0 0.382568
vn -0.923828 0 0.382568
vn -0.923828 0 -0.382568
vn -0.923828 0 -0.382568
vn -0.923828 0 -0.382568
vn -0.923828 0 -0.382568
vn 0.382568 0 0.923828
vn 0.382568 0 0.923828
vn 0.382568 0 0.923828
vn 0.382568 0 0.923828
vn 0.923828 0 -0.382568
vn 0.923828 0 -0.382568
vn 0.923828 0 -0.382568
vn 0.923828 0 -0.382568
vn 0.923828 0 0.382568
vn 0.923828 0 0.382568
vn 0.923828 0 0.382568
vn 0.923828 0 0.382568
vn -0.382568 0 0.923828
vn -0.382568 0 0.923828
vn -0.382568 0 0.923828
vn -0.382568 0 0.923828
vn 1 -3.57628e-006 0
vn 1 -3.57628e-006 0
vn 1 -3.57628e-006 0
vn 0 1 2.98023e-007
vn 0 1 2.98023e-007
vn 0 1 2.98023e-007
vn 0 1 2.98023e-007
vn 0 0 1
vn 0 0 1
vn 0 0 1
vn 0 0.0019207 0.999512
vn 0 0.0019207 0.999512
vn 0 0.0019207 0.999512
vn 0 0 1
vn 0 0 1
vn 0 0 1
vn 0 0 1
vn 0 1 2.98023e-007
vn 0 1 2.98023e-007
vn 0 1 0
vn 0 1 0
vn 0 1 0
vn 0 1 0
vn 0 1 0
vn 0 1 0
vn 0.999512 0.000397682 0.000164747
vn 0.999512 0.000397682 0.000164747
vn 0.999512 0.000397682 0.000164747
vn 0.999512 0.000397682 0.000164747
vn 1 3.57628e-006 0
vn 1 3.57628e-006 0
vn 1 3.57628e-006 0
vn 0.999512 -0.000397682 0.000164747
vn 0.999512 -0.000397682 0.000164747
vn 0.999512 -0.000397682 0.000164747
vn 0.999512 -0.000397682 0.000164747
vn -0.280762 -0.895508 0.344727
vn -0.609863 -0.505371 0.609863
vn 1.45435e-005 -0.706543 0.707031
vn -0.577148 0.577148 0.577148
vn -0.609863 0.610352 0.505371
vn 0 0.706543 0.707031
vn -0.609863 0.505371 0.609863
vn -0.706543 0.707031 1.45435e-005
vn -0.505371 0.609863 0.609863
vn -0.603516 -0.796875 9.59635e-006
vn -0.0823975 -0.996582 1.66893e-006
vn 0.136719 -0.990234 0
vn 0.664063 -0.747559 0
vn 0.796875 -0.603516 0
vn 0.990234 0.136719 0
vn 0.895508 0.344238 0.281006
vn 0.707031 0.707031 0
vn 0.133423 -0.98877 -0.0643921
vn 0.678223 -0.678223 -0.282227
vn 0.986816 -0.114014 -0.113953
vn 0.996582 -0.0825195 0
vn 0.996094 -0.000110447 0.0825806
vn 0.796875 -0.00062418 0.603516
vn 0.990234 0 -0.136719
vn 0.796875 0 -0.603516
vn 0.603516 0 -0.796875
vn 0.0644531 -0.133423 -0.98877
vn -0.344482 0.280762 -0.895508
vn 0.136719 0 -0.990234
vn -0.136719 0 -0.990234
vn -0.707031 0 -0.707031
vn 0 0.0825195 -0.996582
vn 0.235596 -0.734375 -0.635742
vn 0.635742 -0.235596 -0.734375
vn -0.609863 0.609863 -0.505371
vn 0 0.603516 -0.796875
vn 2.80142e-006 -0.990234 0.136841
vn 0 -0.990234 -0.136597
vn 0 -0.603516 -0.796875
vn -0.707031 1.56164e-005 0.707031
vn 0.505371 0.609375 0.610352
vn 0 -0.796875 -0.603516
vn 0 -0.136719 -0.990234
vn -0.382324 0.923828 0
vn -0.382324 0.923828 0
vn -0.382324 0.923828 0
vn -0.382324 0.923828 0
vn -0.92334 -0.382813 0
vn -0.92334 -0.382813 0
vn -0.92334 -0.382813 0
vn -0.92334 -0.382813 0
vn -0.382324 -0.923828 0
vn -0.382324 -0.923828 0
vn -0.382324 -0.923828 0
vn -0.382324 -0.923828 0
vn 0.382568 -0.923828 0
vn 0.382568 -0.923828 0
vn 0.382568 -0.923828 0
vn 0.382568 -0.923828 0
vn 0.923828 0.382568 0
vn 0.923828 0.382568 0
vn 0.923828 0.382568 0
vn 0.923828 0.382568 0
vn 0.923828 -0.382568 0
vn 0.923828 -0.382568 0
vn 0.923828 -0.382568 0
vn 0.923828 -0.382568 0
vn -0.92334 0.382813 0
vn -0.92334 0.382813 0
vn -0.92334 0.382813 0
vn -0.92334 0.382813 0
vn 0.382568 0.923828 0
vn 0.382568 0.923828 0
vn 0.382568 0.923828 0
vn 0.382568 0.923828 0
vn 0 -0.382324 0.923828
vn 0 -0.382324 0.923828
vn 0 -0.382324 0.923828
vn 0 -0.382324 0.923828
vn 0 0.92334 0.382813
vn 0 0.92334 0.382813
vn 0 0.92334 0.382813
vn 0 0.92334 0.382813
vn 0 0.382324 0.923828
vn 0 0.382324 0.923828
vn 0 0.382324 0.923828
vn 0 0.382324 0.923828
vn 0 0.923828 -0.382568
vn 0 0.923828 -0.382568
vn 0 0.923828 -0.382568
vn 0 0.923828 -0.382568
vn 0 -0.92334 0.382813
vn 0 -0.92334 0.382813
vn 0 -0.92334 0.382813
vn 0 -0.92334 0.382813
vn 0 -0.923828 -0.382568
vn 0 -0.923828 -0.382568
vn 0 -0.923828 -0.382568
vn 0 -0.923828 -0.382568
vn 0 -0.382568 -0.923828
vn 0 -0.382568 -0.923828
vn 0 -0.382568 -0.923828
vn 0 -0.382568 -0.923828
vn 0 0.382568 -0.923828
vn 0 0.382568 -0.923828
vn 0 0.382568 -0.923828
vn 0 0.382568 -0.923828
vn 0.923828 0 0.382568
vn 0.923828 0 0.382568
vn 0.923828 0 0.382568
vn 0.923828 0 0.382568
vn 0.923828 0 -0.382568
vn 0.923828 0 -0.382568
vn 0.923828 0 -0.382568
vn 0.923828 0 -0.382568
vn -0.382568 0 -0.923828
vn -0.382568 0 -0.923828
vn -0.382568 0 -0.923828
vn -0.382568 0 -0.923828
vn 0.382568 0 -0.923828
vn 0.382568 0 -0.923828
vn 0.382568 0 -0.923828
vn 0.382568 0 -0.923828
vn -0.923828 0 0.382568
vn -0.923828 0 0.382568
vn -0.923828 0 0.382568
vn -0.923828 0 0.382568
vn 0.382568 0 0.923828
vn 0.382568 0 0.923828
vn 0.382568 0 0.923828
vn 0.382568 0 0.923828
vn -0.382568 0 0.923828
vn -0.382568 0 0.923828
vn -0.382568 0 0.923828
vn -0.382568 0 0.923828
vn -0.923828 0 -0.382568
vn -0.923828 0 -0.382568
vn -0.923828 0 -0.382568
vn -0.923828 0 -0.382568
vn 0 -3.57628e-006 1
vn 0 -3.57628e-006 1
vn 0 -3.57628e-006 1
vn -2.98023e-007 1 0
vn -2.98023e-007 1 0
vn -2.98023e-007 1 0
vn -2.98023e-007 1 0
vn -1 0 0
vn -1 0 0
vn -1 0 0
vn -0.999512 0.0019207 0
vn -0.999512 0.0019207 0
vn -0.999512 0.0019207 0
vn -1 0 0
vn -1 0 0
vn -1 0 0
vn -1 0 0
vn -2.98023e-007 1 0
vn -2.98023e-007 1 0
vn 0 1 0
vn 0 1 0
vn 0 1 0
vn 0 1 0
vn 0 1 0
vn 0 1 0
vn -0.000164747 0.000397682 0.999512
vn -0.000164747 0.000397682 0.999512
vn -0.000164747 0.000397682 0.999512
vn -0.000164747 0.000397682 0.999512
vn 0 3.57628e-006 1
vn 0 3.57628e-006 1
vn 0 3.57628e-006 1
vn -0.000164747 -0.000397682 0.999512
vn -0.000164747 -0.000397682 0.999512
vn -0.000164747 -0.000397682 0.999512
vn -0.000164747 -0.000397682 0.999512
vn 0.280762 -0.895508 -0.344727
vn 0.609863 -0.505371 -0.609863
vn -1.45435e-005 -0.706543 -0.707031
vn 0.577148 0.577148 -0.577148
vn 0.609863 0.610352 -0.505371
vn 0 0.706543 -0.707031
vn 0.609863 0.505371 -0.609863
vn 0.706543 0.707031 -1.45435e-005
vn 0.505371 0.609863 -0.609863
vn 0.603516 -0.796875 -9.59635e-006
vn 0.0823975 -0.996582 -1.66893e-006
vn -0.136719 -0.990234 0
vn -0.664063 -0.747559 0
vn -0.796875 -0.603516 0
vn -0.990234 0.136719 0
vn -0.895508 0.344238 -0.281006
vn -0.707031 0.707031 0
vn -0.133423 -0.98877 0.0643921
vn -0.678223 -0.678223 0.282227
vn -0.986816 -0.114014 0.113953
vn -0.996582 -0.0825195 0
vn -0.996094 -0.000110447 -0.0825806
vn -0.796875 -0.00062418 -0.603516
vn -0.990234 0 0.136719
vn -0.796875 0 0.603516
vn -0.603516 0 0.796875
vn -0.0644531 -0.133423 0.98877
vn 0.344482 0.280762 0.895508
vn -0.136719 0 0.990234
vn 0.136719 0 0.990234
vn 0.707031 0 0.707031
vn 0 0.0825195 0.996582
vn -0.235596 -0.734375 0.635742
vn -0.635742 -0.235596 0.734375
vn 0.609863 0.609863 0.505371
vn 0 0.603516 0.796875
vn -2.80142e-006 -0.990234 -0.136841
vn 0 -0.990234 0.136597
vn 0 -0.603516 0.796875
vn 0.707031 1.56164e-005 -0.707031
vn -0.505371 0.609375 -0.610352
vn 0 -0.796875 0.603516
vn 0 -0.136719 0.990234
vn 0.382324 0.923828 0
vn 0.382324 0.923828 0
vn 0.382324 0.923828 0
vn 0.382324 0.923828 0
vn 0.92334 -0.382813 0
vn 0.92334 -0.382813 0
vn 0.92334 -0.382813 0
vn 0.92334 -0.382813 0
vn 0.382324 -0.923828 0
vn 0.382324 -0.923828 0
vn 0.382324 -0.923828 0
vn 0.382324 -0.923828 0
vn -0.382568 -0.923828 0
vn -0.382568 -0.923828 0
vn -0.382568 -0.923828 0
vn -0.382568 -0.923828 0
vn -0.923828 0.382568 0
vn -0.923828 0.382568 0
vn -0.923828 0.382568 0
vn -0.923828 0.382568 0
vn -0.923828 -0.382568 0
vn -0.923828 -0.382568 0
vn -0.923828 -0.382568 0
vn -0.923828 -0.382568 0
vn 0.92334 0.382813 0
vn 0.92334 0.382813 0
vn 0.92334 0.382813 0
vn 0.92334 0.382813 0
vn -0.382568 0.923828 0
vn -0.382568 0.923828 0
vn -0.382568 0.923828 0
vn -0.382568 0.923828 0
vn 0 -0.382324 -0.923828
vn 0 -0.382324 -0.923828
vn 0 -0.382324 -0.923828
vn 0 -0.382324 -0.923828
vn 0 0.92334 -0.382813
vn 0 0.92334 -0.382813
vn 0 0.92334 -0.382813
vn 0 0.92334 -0.382813
vn 0 0.382324 -0.923828
vn 0 0.382324 -0.923828
vn 0 0.382324 -0.923828
vn 0 0.382324 -0.923828
vn 0 0.923828 0.382568
vn 0 0.923828 0.382568
vn 0 0.923828 0.382568
vn 0 0.923828 0.382568
vn 0 -0.92334 -0.382813
vn 0 -0.92334 -0.382813
vn 0 -0.92334 -0.382813
vn 0 -0.92334 -0.382813
vn 0 -0.923828 0.382568
vn 0 -0.923828 0.382568
vn 0 -0.923828 0.382568
vn 0 -0.923828 0.382568
vn 0 -0.382568 0.923828
vn 0 -0.382568 0.923828
vn 0 -0.382568 0.923828
vn 0 -0.382568 0.923828
vn 0 0.382568 0.923828
vn 0 0.382568 0.923828
vn 0 0.382568 0.923828
vn 0 0.382568 0.923828
vn -0.923828 0 -0.382568
vn -0.923828 0 -0.382568
vn -0.923828 0 -0.382568
vn -0.923828 0 -0.382568
vn -0.923828 0 0.382568
vn -0.923828 0 0.382568
vn -0.923828 0 0.382568
vn -0.923828 0 0.382568
vn 0.382568 0 0.923828
vn 0.382568 0 0.923828
vn 0.382568 0 0.923828
vn 0.382568 0 0.923828
vn -0.382568 0 0.923828
vn -0.382568 0 0.923828
vn -0.382568 0 0.923828
vn -0.382568 0 0.923828
vn 0.923828 0 -0.382568
vn 0.923828 0 -0.382568
vn 0.923828 0 -0.382568
vn 0.923828 0 -0.382568
vn -0.382568 0 -0.923828
vn -0.382568 0 -0.923828
vn -0.382568 0 -0.923828
vn -0.382568 0 -0.923828
vn 0.382568 0 -0.923828
vn 0.382568 0 -0.923828
vn 0.382568 0 -0.923828
vn 0.382568 0 -0.923828
vn 0.923828 0 0.382568
vn 0.923828 0 0.382568
vn 0.923828 0 0.382568
vn 0.923828 0 0.382568
vn 0 -3.57628e-006 -1
vn 0 -3.57628e-006 -1
vn 0 -3.57628e-006 -1
vn 2.98023e-007 1 0
vn 2.98023e-007 1 0
vn 2.98023e-007 1 0
vn 2.98023e-007 1 0
vn 1 0 0
vn 1 0 0
vn 1 0 0
vn 0.999512 0.0019207 0
vn 0.999512 0.0019207 0
vn 0.999512 0.0019207 0
vn 1 0 0
vn 1 0 0
vn 1 0 0
vn 1 0 0
vn 2.98023e-007 1 0
vn 2.98023e-007 1 0
vn 0 1 0
vn 0 1 0
vn 0 1 0
vn 0 1 0
vn 0 1 0
vn 0 1 0
vn 0.000164747 0.000397682 -0.999512
vn 0.000164747 0.000397682 -0.999512
vn 0.000164747 0.000397682 -0.999512
vn 0.000164747 0.000397682 -0.999512
vn 0 3.57628e-006 -1
vn 0 3.57628e-006 -1
vn 0 3.57628e-006 -1
vn 0.000164747 -0.000397682 -0.999512
vn 0.000164747 -0.000397682 -0.999512
vn 0.000164747 -0.000397682 -0.999512
vn 0.000164747 -0.000397682 -0.999512

vt 0 0
vt 1 0
vt 0 1
vt 1 1
vt 0 0
vt 1 0
vt 0 1
vt 1 1
vt 0 0
vt 1 0
vt 0 1
vt 1 1
vt 0 0
vt 1 0
vt 0 1
vt 1 1
vt 0 0
vt 1 0
vt 0 1
vt 1 1
vt 0 0
vt 1 0
vt 0 1
vt 1 1
vt 0 0
vt 1 0
vt 0 1
vt 1 1
vt 0 0
vt 1 0
vt 0 1
vt 1 1
vt 0 1
vt 0 1
vt 0 1
vt 0 1
vt 0 1
vt 0 1
vt 0 1
vt 0 1
vt 0 1
vt 0 1
vt 0 1
vt 0 1
vt 0 0
vt 1 0
vt 0 1
vt 1 1
vt 0 0
vt 1 0
vt 0 1
vt 1 1
vt 0 0
vt 1 0
vt 0 1
vt 1 1
vt 0 0
vt 1 0
vt 0 1
vt 1 1
vt 0 0
vt 1 0
vt 0 1
vt 1 1
vt 0 0
vt 1 0
vt 0 1
vt 1 1
vt 0 0
vt 1 0
vt 0 1
vt 1 1
vt 0 0
vt 1 0
vt 0 1
vt 1 1
vt 0 1
vt 0 1
vt 0 1
vt 0 1
vt 0 1
vt 0 1
vt 0 1
vt 0 1
vt 0 1
vt 0 1
vt 0 1
vt 0 1
vt 0 0
vt 1 0
vt 0 1
vt 1 1
vt 0 0
vt 1 0
vt 0 1
vt 1 1
vt 0 0
vt 1 0
vt 0 1
vt 1 1
vt 0 0
vt 1 0
vt 0 1
vt 1 1
vt 0 0
vt 1 0
vt 0 1
vt 1 1
vt 0 0
vt 1 0
vt 0 1
vt 1 1
vt 0 0
vt 1 0
vt 0 1
vt 1 1
vt 0 0
vt 1 0
vt 0 1
vt 1 1
vt 0 1
vt 0 1
vt 0 1
vt 0 1
vt 0 1
vt 0 1
vt 0 1
vt 0 1
vt 0 1
vt 0 1
vt 0 1
vt 0 1
vt 0 0.125
vt 0.125 0.125
vt 0.125 0.25
vt 0 0.25
vt 0.125 0.125
vt 0.25 0.125
vt 0.25 0.25
vt 0.125 0.25
vt 0.25 0.125
vt 0.375 0.125
vt 0.375 0.25
vt 0.25 0.25
vt 0.375 0.125
vt 0.5 0.125
vt 0.5 0.25
vt 0.375 0.25
vt 0.5 0.125
vt 0.625 0.125
vt 0.625 0.25
vt 0.5 0.25
vt 0.625 0.125
vt 0.75 0.125
vt 0.75 0.25
vt 0.625 0.25
vt 0.75 0.125
vt 0.875 0.125
vt 0.875 0.25
vt 0.75 0.25
vt 0.875 0.125
vt 1 0.125
vt 1 0.25
vt 0.875 0.25
vt 0 0.25
vt 0.125 0.25
vt 0.125 0.375
vt 0 0.375
vt 0.125 0.25
vt 0.25 0.25
vt 0.25 0.375
vt 0.125 0.375
vt 0.25 0.25
vt 0.375 0.25
vt 0.375 0.375
vt 0.25 0.375
vt 0.375 0.25
vt 0.5 0.25
vt 0.5 0.375
vt 0.375 0.375
vt 0.5 0.25
vt 0.625 0.25
vt 0.625 0.375
vt 0.5 0.375
vt 0.625 0.25
vt 0.75 0.25
vt 0.75 0.375
vt 0.625 0.375
vt 0.75 0.25
vt 0.875 0.25
vt 0.875 0.375
vt 0.75 0.375
vt 0.875 0.25
vt 1 0.25
vt 1 0.375
vt 0.875 0.375
vt 0 0.375
vt 0.125 0.375
vt 0.125 0.5
vt 0 0.5
vt 0.125 0.375
vt 0.25 0.375
vt 0.25 0.5
vt 0.125 0.5
vt 0.25 0.375
vt 0.375 0.375
vt 0.375 0.5
vt 0.25 0.5
vt 0.375 0.375
vt 0.5 0.375
vt 0.5 0.5
vt 0.375 0.5
vt 0.5 0.375
vt 0.625 0.375
vt 0.625 0.5
vt 0.5 0.5
vt 0.625 0.375
vt 0.75 0.375
vt 0.75 0.5
vt 0.625 0.5
vt 0.75 0.375
vt 0.875 0.375
vt 0.875 0.5
vt 0.75 0.5
vt 0.875 0.375
vt 1 0.375
vt 1 0.5
vt 0.875 0.5
vt 0 0.5
vt 0.125 0.5
vt 0.125 0.625
vt 0 0.625
vt 0.125 0.5
vt 0.25 0.5
vt 0.25 0.625
vt 0.125 0.625
vt 0.25 0.5
vt 0.375 0.5
vt 0.375 0.625
vt 0.25 0.625
vt 0.375 0.5
vt 0.5 0.5
vt 0.5 0.625
vt 0.375 0.625
vt 0.5 0.5
vt 0.625 0.5
vt 0.625 0.625
vt 0.5 0.625
vt 0.625 0.5
vt 0.75 0.5
vt 0.75 0.625
vt 0.625 0.625
vt 0.75 0.5
vt 0.875 0.5
vt 0.875 0.625
vt 0.75 0.625
vt 0.875 0.5
vt 1 0.5
vt 1 0.625
vt 0.875 0.625
vt 0 0.625
vt 0.125 0.625
vt 0.125 0.75
vt 0 0.75
vt 0.125 0.625
vt 0.25 0.625
vt 0.25 0.75
vt 0.125 0.75
vt 0.25 0.625
vt 0.375 0.625
vt 0.375 0.75
vt 0.25 0.75
vt 0.375 0.625
vt 0.5 0.625
vt 0.5 0.75
vt 0.375 0.75
vt 0.5 0.625
vt 0.625 0.625
vt 0.625 0.75
vt 0.5 0.75
vt 0.625 0.625
vt 0.75 0.625
vt 0.75 0.75
vt 0.625 0.75
vt 0.75 0.625
vt 0.875 0.625
vt 0.875 0.75
vt 0.75 0.75
vt 0.875 0.625
vt 1 0.625
vt 1 0.75
vt 0.875 0.75
vt 0 0.75
vt 0.125 0.75
vt 0.125 0.875
vt 0 0.875
vt 0.125 0.75
vt 0.25 0.75
vt 0.25 0.875
vt 0.125 0.875
vt 0.25 0.75
vt 0.375 0.75
vt 0.375 0.875
vt 0.25 0.875
vt 0.375 0.75
vt 0.5 0.75
vt 0.5 0.875
vt 0.375 0.875
vt 0.5 0.75
vt 0.625 0.75
vt 0.625 0.875
vt 0.5 0.875
vt 0.625 0.75
vt 0.75 0.75
vt 0.75 0.875
vt 0.625 0.875
vt 0.75 0.75
vt 0.875 0.75
vt 0.875 0.875
vt 0.75 0.875
vt 0.875 0.75
vt 1 0.75
vt 1 0.875
vt 0.875 0.875
vt 0.125 0.125
vt 0 0.125
vt 0.0625 0
vt 0.25 0.125
vt 0.125 0.125
vt 0.1875 0
vt 0.375 0.125
vt 0.25 0.125
vt 0.3125 0
vt 0.5 0.125
vt 0.375 0.125
vt 0.4375 0
vt 0.625 0.125
vt 0.5 0.125
vt 0.5625 0
vt 0.75 0.125
vt 0.625 0.125
vt 0.6875 0
vt 0.875 0.125
vt 0.75 0.125
vt 0.8125 0
vt 1 0.125
vt 0.875 0.125
vt 0.9375 0
vt 0 0.875
vt 0.125 0.875
vt 0.0625 1
vt 0.125 0.875
vt 0.25 0.875
vt 0.1875 1
vt 0.25 0.875
vt 0.375 0.875
vt 0.3125 1
vt 0.375 0.875
vt 0.5 0.875
vt 0.4375 1
vt 0.5 0.875
vt 0.625 0.875
vt 0.5625 1
vt 0.625 0.875
vt 0.75 0.875
vt 0.6875 1
vt 0.75 0.875
vt 0.875 0.875
vt 0.8125 1
vt 0.875 0.875
vt 1 0.875
vt 0.9375 1
vt 0 0
vt 1 0
vt 0 1
vt 1 1
vt 0 0
vt 1 0
vt 0 1
vt 1 1
vt 0 0
vt 1 0
vt 0 1
vt 1 1
vt 0 0
vt 1 0
vt 0 1
vt 1 1
vt 0 0
vt 1 0
vt 0 1
vt 1 1
vt 0 0
vt 1 0
vt 0 1
vt 1 1
vt 0 0
vt 1 0
vt 0 1
vt 1 1
vt 0 0
vt 1 0
vt 0 1
vt 1 1
vt 0 1
vt 0 1
vt 0 1
vt 0 1
vt 0 1
vt 0 1
vt 0 1
vt 0 1
vt 0 1
vt 0 1
vt 0 1
vt 0 1
vt 0 0
vt 1 0
vt 0 1
vt 1 1
vt 0 0
vt 1 0
vt 0 1
vt 1 1
vt 0 0
vt 1 0
vt 0 1
vt 1 1
vt 0 0
vt 1 0
vt 0 1
vt 1 1
vt 0 0
vt 1 0
vt 0 1
vt 1 1
vt 0 0
vt 1 0
vt 0 1
vt 1 1
vt 0 0
vt 1 0
vt 0 1
vt 1 1
vt 0 0
vt 1 0
vt 0 1
vt 1 1
vt 0 1
vt 0 1
vt 0 1
vt 0 1
vt 0 1
vt 0 1
vt 0 1
vt 0 1
vt 0 1
vt 0 1
vt 0 1
vt 0 1
vt 0 0
vt 1 0
vt 0 1
vt 1 1
vt 0 0
vt 1 0
vt 0 1
vt 1 1
vt 0 0
vt 1 0
vt 0 1
vt 1 1
vt 0 0
vt 1 0
vt 0 1
vt 1 1
vt 0 0
vt 1 0
vt 0 1
vt 1 1
vt 0 0
vt 1 0
vt 0 1
vt 1 1
vt 0 0
vt 1 0
vt 0 1
vt 1 1
vt 0 0
vt 1 0
vt 0 1
vt 1 1
vt 0 1
vt 0 1
vt 0 1
vt 0 1
vt 0 1
vt 0 1
vt 0 1
vt 0 1
vt 0 1
vt 0 1
vt 0 1
vt 0 1
vt 0 0.125
vt 0.125 0.125
vt 0.125 0.25
vt 0 0.25
vt 0.125 0.125
vt 0.25 0.125
vt 0.25 0.25
vt 0.125 0.25
vt 0.25 0.125
vt 0.375 0.125
vt 0.375 0.25
vt 0.25 0.25
vt 0.375 0.125
vt 0.5 0.125
vt 0.5 0.25
vt 0.375 0.25
vt 0.5 0.125
vt 0.625 0.125
vt 0.625 0.25
vt 0.5 0.25
vt 0.625 0.125
vt 0.75 0.125
vt 0.75 0.25
vt 0.625 0.25
vt 0.75 0.125
vt 0.875 0.125
vt 0.875 0.25
vt 0.75 0.25
vt 0.875 0.125
vt 1 0.125
vt 1 0.25
vt 0.875 0.25
vt 0 0.25
vt 0.125 0.25
vt 0.125 0.375
vt 0 0.375
vt 0.125 0.25
vt 0.25 0.25
vt 0.25 0.375
vt 0.125 0.375
vt 0.25 0.25
vt 0.375 0.25
vt 0.375 0.375
vt 0.25 0.375
vt 0.375 0.25
vt 0.5 0.25
vt 0.5 0.375
vt 0.375 0.375
vt 0.5 0.25
vt 0.625 0.25
vt 0.625 0.375
vt 0.5 0.375
vt 0.625 0.25
vt 0.75 0.25
vt 0.75 0.375
vt 0.625 0.375
vt 0.75 0.25
vt 0.875 0.25
vt 0.875 0.375
vt 0.75 0.375
vt 0.875 0.25
vt 1 0.25
vt 1 0.375
vt 0.875 0.375
vt 0 0.375
vt 0.125 0.375
vt 0.125 0.5
vt 0 0.5
vt 0.125 0.375
vt 0.25 0.375
vt 0.25 0.5
vt 0.125 0.5
vt 0.25 0.375
vt 0.375 0.375
vt 0.375 0.5
vt 0.25 0.5
vt 0.375 0.375
vt 0.5 0.375
vt 0.5 0.5
vt 0.375 0.5
vt 0.5 0.375
vt 0.625 0.375
vt 0.625 0.5
vt 0.5 0.5
vt 0.625 0.375
vt 0.75 0.375
vt 0.75 0.5
vt 0.625 0.5
vt 0.75 0.375
vt 0.875 0.375
vt 0.875 0.5
vt 0.75 0.5
vt 0.875 0.375
vt 1 0.375
vt 1 0.5
vt 0.875 0.5
vt 0 0.5
vt 0.125 0.5
vt 0.125 0.625
vt 0 0.625
vt 0.125 0.5
vt 0.25 0.5
vt 0.25 0.625
vt 0.125 0.625
vt 0.25 0.5
vt 0.375 0.5
vt 0.375 0.625
vt 0.25 0.625
vt 0.375 0.5
vt 0.5 0.5
vt 0.5 0.625
vt 0.375 0.625
vt 0.5 0.5
vt 0.625 0.5
vt 0.625 0.625
vt 0.5 0.625
vt 0.625 0.5
vt 0.75 0.5
vt 0.75 0.625
vt 0.625 0.625
vt 0.75 0.5
vt 0.875 0.5
vt 0.875 0.625
vt 0.75 0.625
vt 0.875 0.5
vt 1 0.5
vt 1 0.625
vt 0.875 0.625
vt 0 0.625
vt 0.125 0.625
vt 0.125 0.75
vt 0 0.75
vt 0.125 0.625
vt 0.25 0.625
vt 0.25 0.75
vt 0.125 0.75
vt 0.25 0.625
vt 0.375 0.625
vt 0.375 0.75
vt 0.25 0.75
vt 0.375 0.625
vt 0.5 0.625
vt 0.5 0.75
vt 0.375 0.75
vt 0.5 0.625
vt 0.625 0.625
vt 0.625 0.75
vt 0.5 0.75
vt 0.625 0.625
vt 0.75 0.625
vt 0.75 0.75
vt 0.625 0.75
vt 0.75 0.625
vt 0.875 0.625
vt 0.875 0.75
vt 0.75 0.75
vt 0.875 0.625
vt 1 0.625
vt 1 0.75
vt 0.875 0.75
vt 0 0.75
vt 0.125 0.75
vt 0.125 0.875
vt 0 0.875
vt 0.125 0.75
vt 0.25 0.75
vt 0.25 0.875
vt 0.125 0.875
vt 0.25 0.75
vt 0.375 0.75
vt 0.375 0.875
vt 0.25 0.875
vt 0.375 0.75
vt 0.5 0.75
vt 0.5 0.875
vt 0.375 0.875
vt 0.5 0.75
vt 0.625 0.75
vt 0.625 0.875
vt 0.5 0.875
vt 0.625 0.75
vt 0.75 0.75
vt 0.75 0.875
vt 0.625 0.875
vt 0.75 0.75
vt 0.875 0.75
vt 0.875 0.875
vt 0.75 0.875
vt 0.875 0.75
vt 1 0.75
vt 1 0.875
vt 0.875 0.875
vt 0.125 0.125
vt 0 0.125
vt 0.0625 0
vt 0.25 0.125
vt 0.125 0.125
vt 0.1875 0
vt 0.375 0.125
vt 0.25 0.125
vt 0.3125 0
vt 0.5 0.125
vt 0.375 0.125
vt 0.4375 0
vt 0.625 0.125
vt 0.5 0.125
vt 0.5625 0
vt 0.75 0.125
vt 0.625 0.125
vt 0.6875 0
vt 0.875 0.125
vt 0.75 0.125
vt 0.8125 0
vt 1 0.125
vt 0.875 0.125
vt 0.9375 0
vt 0 0.875
vt 0.125 0.875
vt 0.0625 1
vt 0.125 0.875
vt 0.25 0.875
vt 0.1875 1
vt 0.25 0.875
vt 0.375 0.875
vt 0.3125 1
vt 0.375 0.875
vt 0.5 0.875
vt 0.4375 1
vt 0.5 0.875
vt 0.625 0.875
vt 0.5625 1
vt 0.625 0.875
vt 0.75 0.875
vt 0.6875 1
vt 0.75 0.875
vt 0.875 0.875
vt 0.8125 1
vt 0.875 0.875
vt 1 0.875
vt 0.9375 1
vt 0 0
vt 1 0
vt 0 1
vt 1 1
vt 0 0
vt 1 0
vt 0 1
vt 1 1
vt 0 0
vt 1 0
vt 0 1
vt 1 1
vt 0 0
vt 1 0
vt 0 1
vt 1 1
vt 0 0
vt 1 0
vt 0 1
vt 1 1
vt 0 0
vt 1 0
vt 0 1
vt 1 1
vt 0 0
vt 1 0
vt 0 1
vt 1 1
vt 0 0
vt 1 0
vt 0 1
vt 1 1
vt 0 1
vt 0 1
vt 0 1
vt 0 1
vt 0 1
vt 0 1
vt 0 1
vt 0 1
vt 0 1
vt 0 1
vt 0 1
vt 0 1
vt 0 0
vt 1 0
vt 0 1
vt 1 1
vt 0 0
vt 1 0
vt 0 1
vt 1 1
vt 0 0
vt 1 0
vt 0 1
vt 1 1
vt 0 0
vt 1 0
vt 0 1
vt 1 1
vt 0 0
vt 1 0
vt 0 1
vt 1 1
vt 0 0
vt 1 0
vt 0 1
vt 1 1
vt 0 0
vt 1 0
vt 0 1
vt 1 1
vt 0 0
vt 1 0
vt 0 1
vt 1 1
vt 0 1
vt 0 1
vt 0 1
vt 0 1
vt 0 1
vt 0 1
vt 0 1
vt 0 1
vt 0 1
vt 0 1
vt 0 1
vt 0 1
vt 0 0
vt 1 0
vt 0 1
vt 1 1
vt 0 0
vt 1 0
vt 0 1
vt 1 1
vt 0 0
vt 1 0
vt 0 1
vt 1 1
vt 0 0
vt 1 0
vt 0 1
vt 1 1
vt 0 0
vt 1 0
vt 0 1
vt 1 1
vt 0 0
vt 1 0
vt 0 1
vt 1 1
vt 0 0
vt 1 0
vt 0 1
vt 1 1
vt 0 0
vt 1 0
vt 0 1
vt 1 1
vt 0 1
vt 0 1
vt 0 1
vt 0 1
vt 0 1
vt 0 1
vt 0 1
vt 0 1
vt 0 1
vt 0 1
vt 0 1
vt 0 1
vt 0 0
vt 1 0
vt 0 1
vt 1 1
vt 0 0
vt 1 0
vt 0 1
vt 1 1
vt 0 0
vt 1 0
vt 0 1
vt 1 1
vt 0 0
vt 1 0
vt 0 1
vt 1 1
vt 0 0
vt 1 0
vt 0 1
vt 1 1
vt 0 0
vt 1 0
vt 0 1
vt 1 1
vt 0 0
vt 1 0
vt 0 1
vt 1 1
vt 0 0
vt 1 0
vt 0 1
vt 1 1
vt 0 1
vt 0 1
vt 0 1
vt 0 1
vt 0 1
vt 0 1
vt 0 1
vt 0 1
vt 0 1
vt 0 1
vt 0 1
vt 0 1
vt 0 0.125
vt 0.125 0.125
vt 0.125 0.25
vt 0 0.25
vt 0.125 0.125
vt 0.25 0.125
vt 0.25 0.25
vt 0.125 0.25
vt 0.25 0.125
vt 0.375 0.125
vt 0.375 0.25
vt 0.25 0.25
vt 0.375 0.125
vt 0.5 0.125
vt 0.5 0.25
vt 0.375 0.25
vt 0.5 0.125
vt 0.625 0.125
vt 0.625 0.25
vt 0.5 0.25
vt 0.625 0.125
vt 0.75 0.125
vt 0.75 0.25
vt 0.625 0.25
vt 0.75 0.125
vt 0.875 0.125
vt 0.875 0.25
vt 0.75 0.25
vt 0.875 0.125
vt 1 0.125
vt 1 0.25
vt 0.875 0.25
vt 0 0.25
vt 0.125 0.25
vt 0.125 0.375
vt 0 0.375
vt 0.125 0.25
vt 0.25 0.25
vt 0.25 0.375
vt 0.125 0.375
vt 0.25 0.25
vt 0.375 0.25
vt 0.375 0.375
vt 0.25 0.375
vt 0.375 0.25
vt 0.5 0.25
vt 0.5 0.375
vt 0.375 0.375
vt 0.5 0.25
vt 0.625 0.25
vt 0.625 0.375
vt 0.5 0.375
vt 0.625 0.25
vt 0.75 0.25
vt 0.75 0.375
vt 0.625 0.375
vt 0.75 0.25
vt 0.875 0.25
vt 0.875 0.375
vt 0.75 0.375
vt 0.875 0.25
vt 1 0.25
vt 1 0.375
vt 0.875 0.375
vt 0 0.375
vt 0.125 0.375
vt 0.125 0.5
vt 0 0.5
vt 0.125 0.375
vt 0.25 0.375
vt 0.25 0.5
vt 0.125 0.5
vt 0.25 0.375
vt 0.375 0.375
vt 0.375 0.5
vt 0.25 0.5
vt 0.375 0.375
vt 0.5 0.375
vt 0.5 0.5
vt 0.375 0.5
vt 0.5 0.375
vt 0.625 0.375
vt 0.625 0.5
vt 0.5 0.5
vt 0.625 0.375
vt 0.75 0.375
vt 0.75 0.5
vt 0.625 0.5
vt 0.75 0.375
vt 0.875 0.375
vt 0.875 0.5
vt 0.75 0.5
vt 0.875 0.375
vt 1 0.375
vt 1 0.5
vt 0.875 0.5
vt 0 0.5
vt 0.125 0.5
vt 0.125 0.625
vt 0 0.625
vt 0.125 0.5
vt 0.25 0.5
vt 0.25 0.625
vt 0.125 0.625
vt 0.25 0.5
vt 0.375 0.5
vt 0.375 0.625
vt 0.25 0.625
vt 0.375 0.5
vt 0.5 0.5
vt 0.5 0.625
vt 0.375 0.625
vt 0.5 0.5
vt 0.625 0.5
vt 0.625 0.625
vt 0.5 0.625
vt 0.625 0.5
vt 0.75 0.5
vt 0.75 0.625
vt 0.625 0.625
vt 0.75 0.5
vt 0.875 0.5
vt 0.875 0.625
vt 0.75 0.625
vt 0.875 0.5
vt 1 0.5
vt 1 0.625
vt 0.875 0.625
vt 0 0.625
vt 0.125 0.625
vt 0.125 0.75
vt 0 0.75
vt 0.125 0.625
vt 0.25 0.625
vt 0.25 0.75
vt 0.125 0.75
vt 0.25 0.625
vt 0.375 0.625
vt 0.375 0.75
vt 0.25 0.75
vt 0.375 0.625
vt 0.5 0.625
vt 0.5 0.75
vt 0.375 0.75
vt 0.5 0.625
vt 0.625 0.625
vt 0.625 0.75
vt 0.5 0.75
vt 0.625 0.625
vt 0.75 0.625
vt 0.75 0.75
vt 0.625 0.75
vt 0.75 0.625
vt 0.875 0.625
vt 0.875 0.75
vt 0.75 0.75
vt 0.875 0.625
vt 1 0.625
vt 1 0.75
vt 0.875 0.75
vt 0 0.75
vt 0.125 0.75
vt 0.125 0.875
vt 0 0.875
vt 0.125 0.75
vt 0.25 0.75
vt 0.25 0.875
vt 0.125 0.875
vt 0.25 0.75
vt 0.375 0.75
vt 0.375 0.875
vt 0.25 0.875
vt 0.375 0.75
vt 0.5 0.75
vt 0.5 0.875
vt 0.375 0.875
vt 0.5 0.75
vt 0.625 0.75
vt 0.625 0.875
vt 0.5 0.875
vt 0.625 0.75
vt 0.75 0.75
vt 0.75 0.875
vt 0.625 0.875
vt 0.75 0.75
vt 0.875 0.75
vt 0.875 0.875
vt 0.75 0.875
vt 0.875 0.75
vt 1 0.75
vt 1 0.875
vt 0.875 0.875
vt 0.125 0.125
vt 0 0.125
vt 0.0625 0
vt 0.25 0.125
vt 0.125 0.125
vt 0.1875 0
vt 0.375 0.125
vt 0.25 0.125
vt 0.3125 0
vt 0.5 0.125
vt 0.375 0.125
vt 0.4375 0
vt 0.625 0.125
vt 0.5 0.125
vt 0.5625 0
vt 0.75 0.125
vt 0.625 0.125
vt 0.6875 0
vt 0.875 0.125
vt 0.75 0.125
vt 0.8125 0
vt 1 0.125
vt 0.875 0.125
vt 0.9375 0
vt 0 0.875
vt 0.125 0.875
vt 0.0625 1
vt 0.125 0.875
vt 0.25 0.875
vt 0.1875 1
vt 0.25 0.875
vt 0.375 0.875
vt 0.3125 1
vt 0.375 0.875
vt 0.5 0.875
vt 0.4375 1
vt 0.5 0.875
vt 0.625 0.875
vt 0.5625 1
vt 0.625 0.875
vt 0.75 0.875
vt 0.6875 1
vt 0.75 0.875
vt 0.875 0.875
vt 0.8125 1
vt 0.875 0.875
vt 1 0.875
vt 0.9375 1
vt 0 0
vt 1 0
vt 0 1
vt 1 1
vt 0 0
vt 1 0
vt 0 1
vt 1 1
vt 0 0
vt 1 0
vt 0 1
vt 1 1
vt 0 0
vt 1 0
vt 0 1
vt 1 1
vt 0 0
vt 1 0
vt 0 1
vt 1 1
vt 0 0
vt 1 0
vt 0 1
vt 1 1
vt 0 0
vt 1 0
vt 0 1
vt 1 1
vt 0 0
vt 1 0
vt 0 1
vt 1 1
vt 0 1
vt 0 1
vt 0 1
vt 0 1
vt 0 1
vt 0 1
vt 0 1
vt 0 1
vt 0 1
vt 0 1
vt 0 1
vt 0 1
vt 0 0
vt 1 0
vt 0 1
vt 1 1
vt 0 0
vt 1 0
vt 0 1
vt 1 1
vt 0 0
vt 1 0
vt 0 1
vt 1 1
vt 0 0
vt 1 0
vt 0 1
vt 1 1
vt 0 0
vt 1 0
vt 0 1
vt 1 1
vt 0 0
vt 1 0
vt 0 1
vt 1 1
vt 0 0
vt 1 0
vt 0 1
vt 1 1
vt 0 0
vt 1 0
vt 0 1
vt 1 1
vt 0 1
vt 0 1
vt 0 1
vt 0 1
vt 0 1
vt 0 1
vt 0 1
vt 0 1
vt 0 1
vt 0 1
vt 0 1
vt 0 1
vt 0 0
vt 1 0
vt 0 1
vt 1 1
vt 0 0
vt 1 0
vt 0 1
vt 1 1
vt 0 0
vt 1 0
vt 0 1
vt 1 1
vt 0 0
vt 1 0
vt 0 1
vt 1 1
vt 0 0
vt 1 0
vt 0 1
vt 1 1
vt 0 0
vt 1 0
vt 0 1
vt 1 1
vt 0 0
vt 1 0
vt 0 1
vt 1 1
vt 0 0
vt 1 0
vt 0 1
vt 1 1
vt 0 1
vt 0 1
vt 0 1
vt 0 1
vt 0 1
vt 0 1
vt 0 1
vt 0 1
vt 0 1
vt 0 1
vt 0 1
vt 0 1
vt 0 0
vt 1 0
vt 0 1
vt 1 1
vt 0 0
vt 1 0
vt 0 1
vt 1 1
vt 0 0
vt 1 0
vt 0 1
vt 1 1
vt 0 0
vt 1 0
vt 0 1
vt 1 1
vt 0 0
vt 1 0
vt 0 1
vt 1 1
vt 0 0
vt 1 0
vt 0 1
vt 1 1
vt 0 0
vt 1 0
vt 0 1
vt 1 1
vt 0 0
vt 1 0
vt 0 1
vt 1 1
vt 0 1
vt 0 1
vt 0 1
vt 0 1
vt 0 1
vt 0 1
vt 0 1
vt 0 1
vt 0 1
vt 0 1
vt 0 1
vt 0 1
vt 0 0
vt 1 0
vt 0 1
vt 1 1
vt 0 0
vt 1 0
vt 0 1
vt 1 1
vt 0 0
vt 1 0
vt 0 1
vt 1 1
vt 0 0
vt 1 0
vt 0 1
vt 1 1
vt 0 0
vt 1 0
vt 0 1
vt 1 1
vt 0 0
vt 1 0
vt 0 1
vt 1 1
vt 0 0
vt 1 0
vt 0 1
vt 1 1
vt 0 0
vt 1 0
vt 0 1
vt 1 1
vt 0 1
vt 0 1
vt 0 1
vt 0 1
vt 0 1
vt 0 1
vt 0 1
vt 0 1
vt 0 1
vt 0 1
vt 0 1
vt 0 1
vt 0 0.125
vt 0.125 0.125
vt 0.125 0.25
vt 0 0.25
vt 0.125 0.125
vt 0.25 0.125
vt 0.25 0.25
vt 0.125 0.25
vt 0.25 0.125
vt 0.375 0.125
vt 0.375 0.25
vt 0.25 0.25
vt 0.375 0.125
vt 0.5 0.125
vt 0.5 0.25
vt 0.375 0.25
vt 0.5 0.125
vt 0.625 0.125
vt 0.625 0.25
vt 0.5 0.25
vt 0.625 0.125
vt 0.75 0.125
vt 0.75 0.25
vt 0.625 0.25
vt 0.75 0.125
vt 0.875 0.125
vt 0.875 0.25
vt 0.75 0.25
vt 0.875 0.125
vt 1 0.125
vt 1 0.25
vt 0.875 0.25
vt 0 0.25
vt 0.125 0.25
vt 0.125 0.375
vt 0 0.375
vt 0.125 0.25
vt 0.25 0.25
vt 0.25 0.375
vt 0.125 0.375
vt 0.25 0.25
vt 0.375 0.25
vt 0.375 0.375
vt 0.25 0.375
vt 0.375 0.25
vt 0.5 0.25
vt 0.5 0.375
vt 0.375 0.375
vt 0.5 0.25
vt 0.625 0.25
vt 0.625 0.375
vt 0.5 0.375
vt 0.625 0.25
vt 0.75 0.25
vt 0.75 0.375
vt 0.625 0.375
vt 0.75 0.25
vt 0.875 0.25
vt 0.875 0.375
vt 0.75 0.375
vt 0.875 0.25
vt 1 0.25
vt 1 0.375
vt 0.875 0.375
vt 0 0.375
vt 0.125 0.375
vt 0.125 0.5
vt 0 0.5
vt 0.125 0.375
vt 0.25 0.375
vt 0.25 0.5
vt 0.125 0.5
vt 0.25 0.375
vt 0.375 0.375
vt 0.375 0.5
vt 0.25 0.5
vt 0.375 0.375
vt 0.5 0.375
vt 0.5 0.5
vt 0.375 0.5
vt 0.5 0.375
vt 0.625 0.375
vt 0.625 0.5
vt 0.5 0.5
vt 0.625 0.375
vt 0.75 0.375
vt 0.75 0.5
vt 0.625 0.5
vt 0.75 0.375
vt 0.875 0.375
vt 0.875 0.5
vt 0.75 0.5
vt 0.875 0.375
vt 1 0.375
vt 1 0.5
vt 0.875 0.5
vt 0 0.5
vt 0.125 0.5
vt 0.125 0.625
vt 0 0.625
vt 0.125 0.5
vt 0.25 0.5
vt 0.25 0.625
vt 0.125 0.625
vt 0.25 0.5
vt 0.375 0.5
vt 0.375 0.625
vt 0.25 0.625
vt 0.375 0.5
vt 0.5 0.5
vt 0.5 0.625
vt 0.375 0.625
vt 0.5 0.5
vt 0.625 0.5
vt 0.625 0.625
vt 0.5 0.625
vt 0.625 0.5
vt 0.75 0.5
vt 0.75 0.625
vt 0.625 0.625
vt 0.75 0.5
vt 0.875 0.5
vt 0.875 0.625
vt 0.75 0.625
vt 0.875 0.5
vt 1 0.5
vt 1 0.625
vt 0.875 0.625
vt 0 0.625
vt 0.125 0.625
vt 0.125 0.75
vt 0 0.75
vt 0.125 0.625
vt 0.25 0.625
vt 0.25 0.75
vt 0.125 0.75
vt 0.25 0.625
vt 0.375 0.625
vt 0.375 0.75
vt 0.25 0.75
vt 0.375 0.625
vt 0.5 0.625
vt 0.5 0.75
vt 0.375 0.75
vt 0.5 0.625
vt 0.625 0.625
vt 0.625 0.75
vt 0.5 0.75
vt 0.625 0.625
vt 0.75 0.625
vt 0.75 0.75
vt 0.625 0.75
vt 0.75 0.625
vt 0.875 0.625
vt 0.875 0.75
vt 0.75 0.75
vt 0.875 0.625
vt 1 0.625
vt 1 0.75
vt 0.875 0.75
vt 0 0.75
vt 0.125 0.75
vt 0.125 0.875
vt 0 0.875
vt 0.125 0.75
vt 0.25 0.75
vt 0.25 0.875
vt 0.125 0.875
vt 0.25 0.75
vt 0.375 0.75
vt 0.375 0.875
vt 0.25 0.875
vt 0.375 0.75
vt 0.5 0.75
vt 0.5 0.875
vt 0.375 0.875
vt 0.5 0.75
vt 0.625 0.75
vt 0.625 0.875
vt 0.5 0.875
vt 0.625 0.75
vt 0.75 0.75
vt 0.75 0.875
vt 0.625 0.875
vt 0.75 0.75
vt 0.875 0.75
vt 0.875 0.875
vt 0.75 0.875
vt 0.875 0.75
vt 1 0.75
vt 1 0.875
vt 0.875 0.875
vt 0.125 0.125
vt 0 0.125
vt 0.0625 0
vt 0.25 0.125
vt 0.125 0.125
vt 0.1875 0
vt 0.375 0.125
vt 0.25 0.125
vt 0.3125 0
vt 0.5 0.125
vt 0.375 0.125
vt 0.4375 0
vt 0.625 0.125
vt 0.5 0.125
vt 0.5625 0
vt 0.75 0.125
vt 0.625 0.125
vt 0.6875 0
vt 0.875 0.125
vt 0.75 0.125
vt 0.8125 0
vt 1 0.125
vt 0.875 0.125
vt 0.9375 0
vt 0 0.875
vt 0.125 0.875
vt 0.0625 1
vt 0.125 0.875
vt 0.25 0.875
vt 0.1875 1
vt 0.25 0.875
vt 0.375 0.875
vt 0.3125 1
vt 0.375 0.875
vt 0.5 0.875
vt 0.4375 1
vt 0.5 0.875
vt 0.625 0.875
vt 0.5625 1
vt 0.625 0.875
vt 0.75 0.875
vt 0.6875 1
vt 0.75 0.875
vt 0.875 0.875
vt 0.8125 1
vt 0.875 0.875
vt 1 0.875
vt 0.9375 1
vt 0 0
vt 0 0
vt 0 0
vt 0 0
vt 0 0
vt 0 0
vt 0 0
vt 0 0
vt 0 0
vt 0 0
vt 0 0
vt 0 0
vt 0 0
vt 0 0
vt 0 0
vt 0 0
vt 0 0
vt 0 0
vt 0 0
vt 0 0
vt 0 0
vt 0 0
vt 0 0
vt 0 0
vt 0 0
vt 0 0
vt 0 0
vt 0 0
vt 0 0
vt 0 0
vt 0 0
vt 0 0
vt 0 0
vt 0 0
vt 0 0
vt 0 0
vt 0 0
vt 0 0
vt 0 0
vt 0 0
vt 0 0
vt 0 0
vt 0 0
vt 0 0
vt 1 0
vt 0 1
vt 1 1
vt 0 0
vt 1 0
vt 0 1
vt 1 1
vt 0 0
vt 1 0
vt 0 1
vt 1 1
vt 0 0
vt 1 0
vt 0 1
vt 1 1
vt 0 0
vt 1 0
vt 0 1
vt 1 1
vt 0 0
vt 1 0
vt 0 1
vt 1 1
vt 0 0
vt 1 0
vt 0 1
vt 1 1
vt 0 0
vt 1 0
vt 0 1
vt 1 1
vt 0 0
vt 1 0
vt 0 1
vt 1 1
vt 0 0
vt 1 0
vt 0 1
vt 1 1
vt 0 0
vt 1 0
vt 0 1
vt 1 1
vt 0 0
vt 1 0
vt 0 1
vt 1 1
vt 0 0
vt 1 0
vt 0 1
vt 1 1
vt 0 0
vt 1 0
vt 0 1
vt 1 1
vt 0 0
vt 1 0
vt 0 1
vt 1 1
vt 0 0
vt 1 0
vt 0 1
vt 1 1
vt 0 0
vt 1 0
vt 0 1
vt 1 1
vt 0 0
vt 1 0
vt 0 1
vt 1 1
vt 0 0
vt 1 0
vt 0 1
vt 1 1
vt 0 0
vt 1 0
vt 0 1
vt 1 1
vt 0 0
vt 1 0
vt 0 1
vt 1 1
vt 0 0
vt 1 0
vt 0 1
vt 1 1
vt 0 0
vt 1 0
vt 0 1
vt 1 1
vt 0 0
vt 1 0
vt 0 1
vt 1 1
vt 0 1
vt 0 1
vt 0 1
vt 0 1
vt 0 1
vt 0 1
vt 0 1
vt 0 1
vt 0 1
vt 0 1
vt 0 1
vt 0 1
vt 0 1
vt 0 1
vt 0 1
vt 0 1
vt 0 1
vt 0 1
vt 0 1
vt 0 1
vt 0 1
vt 0 1
vt 0 1
vt 0 1
vt 0 1
vt 0 1
vt 0 1
vt 0 1
vt 0 1
vt 0 1
vt 0 1
vt 0 1
vt 0 1
vt 0 1
vt 0 1
vt 0 1
vt 0 0
vt 0 0
vt 0 0
vt 0 0
vt 0 0
vt 0 0
vt 0 0
vt 0 0
vt 0 0
vt 0 0
vt 0 0
vt 0 0
vt 0 0
vt 0 0
vt 0 0
vt 0 0
vt 0 0
vt 0 0
vt 0 0
vt 0 0
vt 0 0
vt 0 0
vt 0 0
vt 0 0
vt 0 0
vt 0 0
vt 0 0
vt 0 0
vt 0 0
vt 0 0
vt 0 0
vt 0 0
vt 0 0
vt 0 0
vt 0 0
vt 0 0
vt 0 0
vt 0 0
vt 0 0
vt 0 0
vt 0 0
vt 0 0
vt 0 0
vt 0 0
vt 1 0
vt 0 1
vt 1 1
vt 0 0
vt 1 0
vt 0 1
vt 1 1
vt 0 0
vt 1 0
vt 0 1
vt 1 1
vt 0 0
vt 1 0
vt 0 1
vt 1 1
vt 0 0
vt 1 0
vt 0 1
vt 1 1
vt 0 0
vt 1 0
vt 0 1
vt 1 1
vt 0 0
vt 1 0
vt 0 1
vt 1 1
vt 0 0
vt 1 0
vt 0 1
vt 1 1
vt 0 0
vt 1 0
vt 0 1
vt 1 1
vt 0 0
vt 1 0
vt 0 1
vt 1 1
vt 0 0
vt 1 0
vt 0 1
vt 1 1
vt 0 0
vt 1 0
vt 0 1
vt 1 1
vt 0 0
vt 1 0
vt 0 1
vt 1 1
vt 0 0
vt 1 0
vt 0 1
vt 1 1
vt 0 0
vt 1 0
vt 0 1
vt 1 1
vt 0 0
vt 1 0
vt 0 1
vt 1 1
vt 0 0
vt 1 0
vt 0 1
vt 1 1
vt 0 0
vt 1 0
vt 0 1
vt 1 1
vt 0 0
vt 1 0
vt 0 1
vt 1 1
vt 0 0
vt 1 0
vt 0 1
vt 1 1
vt 0 0
vt 1 0
vt 0 1
vt 1 1
vt 0 0
vt 1 0
vt 0 1
vt 1 1
vt 0 0
vt 1 0
vt 0 1
vt 1 1
vt 0 0
vt 1 0
vt 0 1
vt 1 1
vt 0 1
vt 0 1
vt 0 1
vt 0 1
vt 0 1
vt 0 1
vt 0 1
vt 0 1
vt 0 1
vt 0 1
vt 0 1
vt 0 1
vt 0 1
vt 0 1
vt 0 1
vt 0 1
vt 0 1
vt 0 1
vt 0 1
vt 0 1
vt 0 1
vt 0 1
vt 0 1
vt 0 1
vt 0 1
vt 0 1
vt 0 1
vt 0 1
vt 0 1
vt 0 1
vt 0 1
vt 0 1
vt 0 1
vt 0 1
vt 0 1
vt 0 1
vt 0 0
vt 0 0
vt 0 0
vt 0 0
vt 0 0
vt 0 0
vt 0 0
vt 0 0
vt 0 0
vt 0 0
vt 0 0
vt 0 0
vt 0 0
vt 0 0
vt 0 0
vt 0 0
vt 0 0
vt 0 0
vt 0 0
vt 0 0
vt 0 0
vt 0 0
vt 0 0
vt 0 0
vt 0 0
vt 0 0
vt 0 0
vt 0 0
vt 0 0
vt 0 0
vt 0 0
vt 0 0
vt 0 0
vt 0 0
vt 0 0
vt 0 0
vt 0 0
vt 0 0
vt 0 0
vt 0 0
vt 0 0
vt 0 0
vt 0 0
vt 0 0
vt 1 0
vt 0 1
vt 1 1
vt 0 0
vt 1 0
vt 0 1
vt 1 1
vt 0 0
vt 1 0
vt 0 1
vt 1 1
vt 0 0
vt 1 0
vt 0 1
vt 1 1
vt 0 0
vt 1 0
vt 0 1
vt 1 1
vt 0 0
vt 1 0
vt 0 1
vt 1 1
vt 0 0
vt 1 0
vt 0 1
vt 1 1
vt 0 0
vt 1 0
vt 0 1
vt 1 1
vt 0 0
vt 1 0
vt 0 1
vt 1 1
vt 0 0
vt 1 0
vt 0 1
vt 1 1
vt 0 0
vt 1 0
vt 0 1
vt 1 1
vt 0 0
vt 1 0
vt 0 1
vt 1 1
vt 0 0
vt 1 0
vt 0 1
vt 1 1
vt 0 0
vt 1 0
vt 0 1
vt 1 1
vt 0 0
vt 1 0
vt 0 1
vt 1 1
vt 0 0
vt 1 0
vt 0 1
vt 1 1
vt 0 0
vt 1 0
vt 0 1
vt 1 1
vt 0 0
vt 1 0
vt 0 1
vt 1 1
vt 0 0
vt 1 0
vt 0 1
vt 1 1
vt 0 0
vt 1 0
vt 0 1
vt 1 1
vt 0 0
vt 1 0
vt 0 1
vt 1 1
vt 0 0
vt 1 0
vt 0 1
vt 1 1
vt 0 0
vt 1 0
vt 0 1
vt 1 1
vt 0 0
vt 1 0
vt 0 1
vt 1 1
vt 0 1
vt 0 1
vt 0 1
vt 0 1
vt 0 1
vt 0 1
vt 0 1
vt 0 1
vt 0 1
vt 0 1
vt 0 1
vt 0 1
vt 0 1
vt 0 1
vt 0 1
vt 0 1
vt 0 1
vt 0 1
vt 0 1
vt 0 1
vt 0 1
vt 0 1
vt 0 1
vt 0 1
vt 0 1
vt 0 1
vt 0 1
vt 0 1
vt 0 1
vt 0 1
vt 0 1
vt 0 1
vt 0 1
vt 0 1
vt 0 1
vt 0 1


#
# MESH 000
#
g surface_000
usemtl surface_000
f 42/42/42 43/43/43 44/44/44
f 39/39/39 40/40/40 41/41/41
f 37/37/37 36/36/36 38/38/38
f 35/35/35 36/36/36 37/37/37
f 35/35/35 34/34/34 36/36/36
f 33/33/33 34/34/34 35/35/35
f 31/31/31 30/30/30 32/32/32
f 29/29/29 30/30/30 31/31/31
f 27/27/27 26/26/26 28/28/28
f 25/25/25 26/26/26 27/27/27
f 23/23/23 22/22/22 24/24/24
f 21/21/21 22/22/22 23/23/23
f 19/19/19 18/18/18 20/20/20
f 17/17/17 18/18/18 19/19/19
f 15/15/15 14/14/14 16/16/16
f 13/13/13 14/14/14 15/15/15
f 11/11/11 10/10/10 12/12/12
f 9/9/9 10/10/10 11/11/11
f 7/7/7 6/6/6 8/8/8
f 5/5/5 6/6/6 7/7/7
f 3/3/3 2/2/2 4/4/4
f 1/1/1 2/2/2 3/3/3
f 86/86/86 87/87/87 88/88/88
f 83/83/83 84/84/84 85/85/85
f 81/81/81 80/80/80 82/82/82
f 79/79/79 80/80/80 81/81/81
f 79/79/79 78/78/78 80/80/80
f 77/77/77 78/78/78 79/79/79
f 75/75/75 74/74/74 76/76/76
f 73/73/73 74/74/74 75/75/75
f 71/71/71 70/70/70 72/72/72
f 69/69/69 70/70/70 71/71/71
f 67/67/67 66/66/66 68/68/68
f 65/65/65 66/66/66 67/67/67
f 63/63/63 62/62/62 64/64/64
f 61/61/61 62/62/62 63/63/63
f 59/59/59 58/58/58 60/60/60
f 57/57/57 58/58/58 59/59/59
f 55/55/55 54/54/54 56/56/56
f 53/53/53 54/54/54 55/55/55
f 51/51/51 50/50/50 52/52/52
f 49/49/49 50/50/50 51/51/51
f 47/47/47 46/46/46 48/48/48
f 45/45/45 46/46/46 47/47/47
f 130/130/130 131/131/131 132/132/132
f 127/127/127 128/128/128 129/129/129
f 125/125/125 124/124/124 126/126/126
f 123/123/123 124/124/124 125/125/125
f 123/123/123 122/122/122 124/124/124
f 121/121/121 122/122/122 123/123/123
f 119/119/119 118/118/118 120/120/120
f 117/117/117 118/118/118 119/119/119
f 115/115/115 114/114/114 116/116/116
f 113/113/113 114/114/114 115/115/115
f 111/111/111 110/110/110 112/112/112
f 109/109/109 110/110/110 111/111/111
f 107/107/107 106/106/106 108/108/108
f 105/105/105 106/106/106 107/107/107
f 103/103/103 102/102/102 104/104/104
f 101/101/101 102/102/102 103/103/103
f 99/99/99 98/98/98 100/100/100
f 97/97/97 98/98/98 99/99/99
f 95/95/95 94/94/94 96/96/96
f 93/93/93 94/94/94 95/95/95
f 91/91/91 90/90/90 92/92/92
f 89/89/89 90/90/90 91/91/91
f 370/370/370 371/371/371 372/372/372
f 367/367/367 368/368/368 369/369/369
f 364/364/364 365/365/365 366/366/366
f 361/361/361 362/362/362 363/363/363
f 358/358/358 359/359/359 360/360/360
f 355/355/355 356/356/356 357/357/357
f 352/352/352 353/353/353 354/354/354
f 349/349/349 350/350/350 351/351/351
f 346/346/346 347/347/347 348/348/348
f 343/343/343 344/344/344 345/345/345
f 340/340/340 341/341/341 342/342/342
f 337/337/337 338/338/338 339/339/339
f 334/334/334 335/335/335 336/336/336
f 331/331/331 332/332/332 333/333/333
f 328/328/328 329/329/329 330/330/330
f 325/325/325 326/326/326 327/327/327
f 321/321/321 323/323/323 324/324/324
f 321/321/321 322/322/322 323/323/323
f 317/317/317 319/319/319 320/320/320
f 317/317/317 318/318/318 319/319/319
f 313/313/313 315/315/315 316/316/316
f 313/313/313 314/314/314 315/315/315
f 309/309/309 311/311/311 312/312/312
f 309/309/309 310/310/310 311/311/311
f 305/305/305 307/307/307 308/308/308
f 305/305/305 306/306/306 307/307/307
f 301/301/301 303/303/303 304/304/304
f 301/301/301 302/302/302 303/303/303
f 297/297/297 299/299/299 300/300/300
f 297/297/297 298/298/298 299/299/299
f 293/293/293 295/295/295 296/296/296
f 293/293/293 294/294/294 295/295/295
f 289/289/289 291/291/291 292/292/292
f 289/289/289 290/290/290 291/291/291
f 285/285/285 287/287/287 288/288/288
f 285/285/285 286/286/286 287/287/287
f 281/281/281 283/283/283 284/284/284
f 281/281/281 282/282/282 283/283/283
f 277/277/277 279/279/279 280/280/280
f 277/277/277 278/278/278 279/279/279
f 273/273/273 275/275/275 276/276/276
f 273/273/273 274/274/274 275/275/275
f 269/269/269 271/271/271 272/272/272
f 269/269/269 270/270/270 271/271/271
f 265/265/265 267/267/267 268/268/268
f 265/265/265 266/266/266 267/267/267
f 261/261/261 263/263/263 264/264/264
f 261/261/261 262/262/262 263/263/263
f 257/257/257 259/259/259 260/260/260
f 257/257/257 258/258/258 259/259/259
f 253/253/253 255/255/255 256/256/256
f 253/253/253 254/254/254 255/255/255
f 249/249/249 251/251/251 252/252/252
f 249/249/249 250/250/250 251/251/251
f 245/245/245 247/247/247 248/248/248
f 245/245/245 246/246/246 247/247/247
f 241/241/241 243/243/243 244/244/244
f 241/241/241 242/242/242 243/243/243
f 237/237/237 239/239/239 240/240/240
f 237/237/237 238/238/238 239/239/239
f 233/233/233 235/235/235 236/236/236
f 233/233/233 234/234/234 235/235/235
f 229/229/229 231/231/231 232/232/232
f 229/229/229 230/230/230 231/231/231
f 225/225/225 227/227/227 228/228/228
f 225/225/225 226/226/226 227/227/227
f 221/221/221 223/223/223 224/224/224
f 221/221/221 222/222/222 223/223/223
f 217/217/217 219/219/219 220/220/220
f 217/217/217 218/218/218 219/219/219
f 213/213/213 215/215/215 216/216/216
f 213/213/213 214/214/214 215/215/215
f 209/209/209 211/211/211 212/212/212
f 209/209/209 210/210/210 211/211/211
f 205/205/205 207/207/207 208/208/208
f 205/205/205 206/206/206 207/207/207
f 201/201/201 203/203/203 204/204/204
f 201/201/201 202/202/202 203/203/203
f 197/197/197 199/199/199 200/200/200
f 197/197/197 198/198/198 199/199/199
f 193/193/193 195/195/195 196/196/196
f 193/193/193 194/194/194 195/195/195
f 189/189/189 191/191/191 192/192/192
f 189/189/189 190/190/190 191/191/191
f 185/185/185 187/187/187 188/188/188
f 185/185/185 186/186/186 187/187/187
f 181/181/181 183/183/183 184/184/184
f 181/181/181 182/182/182 183/183/183
f 177/177/177 179/179/179 180/180/180
f 177/177/177 178/178/178 179/179/179
f 173/173/173 175/175/175 176/176/176
f 173/173/173 174/174/174 175/175/175
f 169/169/169 171/171/171 172/172/172
f 169/169/169 170/170/170 171/171/171
f 165/165/165 167/167/167 168/168/168
f 165/165/165 166/166/166 167/167/167
f 161/161/161 163/163/163 164/164/164
f 161/161/161 162/162/162 163/163/163
f 157/157/157 159/159/159 160/160/160
f 157/157/157 158/158/158 159/159/159
f 153/153/153 155/155/155 156/156/156
f 153/153/153 154/154/154 155/155/155
f 149/149/149 151/151/151 152/152/152
f 149/149/149 150/150/150 151/151/151
f 145/145/145 147/147/147 148/148/148
f 145/145/145 146/146/146 147/147/147
f 141/141/141 143/143/143 144/144/144
f 141/141/141 142/142/142 143/143/143
f 137/137/137 139/139/139 140/140/140
f 137/137/137 138/138/138 139/139/139
f 133/133/133 135/135/135 136/136/136
f 133/133/133 134/134/134 135/135/135
f 414/414/414 415/415/415 416/416/416
f 411/411/411 412/412/412 413/413/413
f 409/409/409 408/408/408 410/410/410
f 407/407/407 408/408/408 409/409/409
f 407/407/407 406/406/406 408/408/408
f 405/405/405 406/406/406 407/407/407
f 403/403/403 402/402/402 404/404/404
f 401/401/401 402/402/402 403/403/403
f 399/399/399 398/398/398 400/400/400
f 397/397/397 398/398/398 399/399/399
f 395/395/395 394/394/394 396/396/396
f 393/393/393 394/394/394 395/395/395
f 391/391/391 390/390/390 392/392/392
f 389/389/389 390/390/390 391/391/391
f 387/387/387 386/386/386 388/388/388
f 385/385/385 386/386/386 387/387/387
f 383/383/383 382/382/382 384/384/384
f 381/381/381 382/382/382 383/383/383
f 379/379/379 378/378/378 380/380/380
f 377/377/377 378/378/378 379/379/379
f 375/375/375 374/374/374 376/376/376
f 373/373/373 374/374/374 375/375/375
f 458/458/458 459/459/459 460/460/460
f 455/455/455 456/456/456 457/457/457
f 453/453/453 452/452/452 454/454/454
f 451/451/451 452/452/452 453/453/453
f 451/451/451 450/450/450 452/452/452
f 449/449/449 450/450/450 451/451/451
f 447/447/447 446/446/446 448/448/448
f 445/445/445 446/446/446 447/447/447
f 443/443/443 442/442/442 444/444/444
f 441/441/441 442/442/442 443/443/443
f 439/439/439 438/438/438 440/440/440
f 437/437/437 438/438/438 439/439/439
f 435/435/435 434/434/434 436/436/436
f 433/433/433 434/434/434 435/435/435
f 431/431/431 430/430/430 432/432/432
f 429/429/429 430/430/430 431/431/431
f 427/427/427 426/426/426 428/428/428
f 425/425/425 426/426/426 427/427/427
f 423/423/423 422/422/422 424/424/424
f 421/421/421 422/422/422 423/423/423
f 419/419/419 418/418/418 420/420/420
f 417/417/417 418/418/418 419/419/419
f 502/502/502 503/503/503 504/504/504
f 499/499/499 500/500/500 501/501/501
f 497/497/497 496/496/496 498/498/498
f 495/495/495 496/496/496 497/497/497
f 495/495/495 494/494/494 496/496/496
f 493/493/493 494/494/494 495/495/495
f 491/491/491 490/490/490 492/492/492
f 489/489/489 490/490/490 491/491/491
f 487/487/487 486/486/486 488/488/488
f 485/485/485 486/486/486 487/487/487
f 483/483/483 482/482/482 484/484/484
f 481/481/481 482/482/482 483/483/483
f 479/479/479 478/478/478 480/480/480
f 477/477/477 478/478/478 479/479/479
f 475/475/475 474/474/474 476/476/476
f 473/473/473 474/474/474 475/475/475
f 471/471/471 470/470/470 472/472/472
f 469/469/469 470/470/470 471/471/471
f 467/467/467 466/466/466 468/468/468
f 465/465/465 466/466/466 467/467/467
f 463/463/463 462/462/462 464/464/464
f 461/461/461 462/462/462 463/463/463
f 742/742/742 743/743/743 744/744/744
f 739/739/739 740/740/740 741/741/741
f 736/736/736 737/737/737 738/738/738
f 733/733/733 734/734/734 735/735/735
f 730/730/730 731/731/731 732/732/732
f 727/727/727 728/728/728 729/729/729
f 724/724/724 725/725/725 726/726/726
f 721/721/721 722/722/722 723/723/723
f 718/718/718 719/719/719 720/720/720
f 715/715/715 716/716/716 717/717/717
f 712/712/712 713/713/713 714/714/714
f 709/709/709 710/710/710 711/711/711
f 706/706/706 707/707/707 708/708/708
f 703/703/703 704/704/704 705/705/705
f 700/700/700 701/701/701 702/702/702
f 697/697/697 698/698/698 699/699/699
f 693/693/693 695/695/695 696/696/696
f 693/693/693 694/694/694 695/695/695
f 689/689/689 691/691/691 692/692/692
f 689/689/689 690/690/690 691/691/691
f 685/685/685 687/687/687 688/688/688
f 685/685/685 686/686/686 687/687/687
f 681/681/681 683/683/683 684/684/684
f 681/681/681 682/682/682 683/683/683
f 677/677/677 679/679/679 680/680/680
f 677/677/677 678/678/678 679/679/679
f 673/673/673 675/675/675 676/676/676
f 673/673/673 674/674/674 675/675/675
f 669/669/669 671/671/671 672/672/672
f 669/669/669 670/670/670 671/671/671
f 665/665/665 667/667/667 668/668/668
f 665/665/665 666/666/666 667/667/667
f 661/661/661 663/663/663 664/664/664
f 661/661/661 662/662/662 663/663/663
f 657/657/657 659/659/659 660/660/660
f 657/657/657 658/658/658 659/659/659
f 653/653/653 655/655/655 656/656/656
f 653/653/653 654/654/654 655/655/655
f 649/649/649 651/651/651 652/652/652
f 649/649/649 650/650/650 651/651/651
f 645/645/645 647/647/647 648/648/648
f 645/645/645 646/646/646 647/647/647
f 641/641/641 643/643/643 644/644/644
f 641/641/641 642/642/642 643/643/643
f 637/637/637 639/639/639 640/640/640
f 637/637/637 638/638/638 639/639/639
f 633/633/633 635/635/635 636/636/636
f 633/633/633 634/634/634 635/635/635
f 629/629/629 631/631/631 632/632/632
f 629/629/629 630/630/630 631/631/631
f 625/625/625 627/627/627 628/628/628
f 625/625/625 626/626/626 627/627/627
f 621/621/621 623/623/623 624/624/624
f 621/621/621 622/622/622 623/623/623
f 617/617/617 619/619/619 620/620/620
f 617/617/617 618/618/618 619/619/619
f 613/613/613 615/615/615 616/616/616
f 613/613/613 614/614/614 615/615/615
f 609/609/609 611/611/611 612/612/612
f 609/609/609 610/610/610 611/611/611
f 605/605/605 607/607/607 608/608/608
f 605/605/605 606/606/606 607/607/607
f 601/601/601 603/603/603 604/604/604
f 601/601/601 602/602/602 603/603/603
f 597/597/597 599/599/599 600/600/600
f 597/597/597 598/598/598 599/599/599
f 593/593/593 595/595/595 596/596/596
f 593/593/593 594/594/594 595/595/595
f 589/589/589 591/591/591 592/592/592
f 589/589/589 590/590/590 591/591/591
f 585/585/585 587/587/587 588/588/588
f 585/585/585 586/586/586 587/587/587
f 581/581/581 583/583/583 584/584/584
f 581/581/581 582/582/582 583/583/583
f 577/577/577 579/579/579 580/580/580
f 577/577/577 578/578/578 579/579/579
f 573/573/573 575/575/575 576/576/576
f 573/573/573 574/574/574 575/575/575
f 569/569/569 571/571/571 572/572/572
f 569/569/569 570/570/570 571/571/571
f 565/565/565 567/567/567 568/568/568
f 565/565/565 566/566/566 567/567/567
f 561/561/561 563/563/563 564/564/564
f 561/561/561 562/562/562 563/563/563
f 557/557/557 559/559/559 560/560/560
f 557/557/557 558/558/558 559/559/559
f 553/553/553 555/555/555 556/556/556
f 553/553/553 554/554/554 555/555/555
f 549/549/549 551/551/551 552/552/552
f 549/549/549 550/550/550 551/551/551
f 545/545/545 547/547/547 548/548/548
f 545/545/545 546/546/546 547/547/547
f 541/541/541 543/543/543 544/544/544
f 541/541/541 542/542/542 543/543/543
f 537/537/537 539/539/539 540/540/540
f 537/537/537 538/538/538 539/539/539
f 533/533/533 535/535/535 536/536/536
f 533/533/533 534/534/534 535/535/535
f 529/529/529 531/531/531 532/532/532
f 529/529/529 530/530/530 531/531/531
f 525/525/525 527/527/527 528/528/528
f 525/525/525 526/526/526 527/527/527
f 521/521/521 523/523/523 524/524/524
f 521/521/521 522/522/522 523/523/523
f 517/517/517 519/519/519 520/520/520
f 517/517/517 518/518/518 519/519/519
f 513/513/513 515/515/515 516/516/516
f 513/513/513 514/514/514 515/515/515
f 509/509/509 511/511/511 512/512/512
f 509/509/509 510/510/510 511/511/511
f 505/505/505 507/507/507 508/508/508
f 505/505/505 506/506/506 507/507/507
f 786/786/786 787/787/787 788/788/788
f 783/783/783 784/784/784 785/785/785
f 781/781/781 780/780/780 782/782/782
f 779/779/779 780/780/780 781/781/781
f 779/779/779 778/778/778 780/780/780
f 777/777/777 778/778/778 779/779/779
f 775/775/775 774/774/774 776/776/776
f 773/773/773 774/774/774 775/775/775
f 771/771/771 770/770/770 772/772/772
f 769/769/769 770/770/770 771/771/771
f 767/767/767 766/766/766 768/768/768
f 765/765/765 766/766/766 767/767/767
f 763/763/763 762/762/762 764/764/764
f 761/761/761 762/762/762 763/763/763
f 759/759/759 758/758/758 760/760/760
f 757/757/757 758/758/758 759/759/759
f 755/755/755 754/754/754 756/756/756
f 753/753/753 754/754/754 755/755/755
f 751/751/751 750/750/750 752/752/752
f 749/749/749 750/750/750 751/751/751
f 747/747/747 746/746/746 748/748/748
f 745/745/745 746/746/746 747/747/747
f 830/830/830 831/831/831 832/832/832
f 827/827/827 828/828/828 829/829/829
f 825/825/825 824/824/824 826/826/826
f 823/823/823 824/824/824 825/825/825
f 823/823/823 822/822/822 824/824/824
f 821/821/821 822/822/822 823/823/823
f 819/819/819 818/818/818 820/820/820
f 817/817/817 818/818/818 819/819/819
f 815/815/815 814/814/814 816/816/816
f 813/813/813 814/814/814 815/815/815
f 811/811/811 810/810/810 812/812/812
f 809/809/809 810/810/810 811/811/811
f 807/807/807 806/806/806 808/808/808
f 805/805/805 806/806/806 807/807/807
f 803/803/803 802/802/802 804/804/804
f 801/801/801 802/802/802 803/803/803
f 799/799/799 798/798/798 800/800/800
f 797/797/797 798/798/798 799/799/799
f 795/795/795 794/794/794 796/796/796
f 793/793/793 794/794/794 795/795/795
f 791/791/791 790/790/790 792/792/792
f 789/789/789 790/790/790 791/791/791
f 874/874/874 875/875/875 876/876/876
f 871/871/871 872/872/872 873/873/873
f 869/869/869 868/868/868 870/870/870
f 867/867/867 868/868/868 869/869/869
f 867/867/867 866/866/866 868/868/868
f 865/865/865 866/866/866 867/867/867
f 863/863/863 862/862/862 864/864/864
f 861/861/861 862/862/862 863/863/863
f 859/859/859 858/858/858 860/860/860
f 857/857/857 858/858/858 859/859/859
f 855/855/855 854/854/854 856/856/856
f 853/853/853 854/854/854 855/855/855
f 851/851/851 850/850/850 852/852/852
f 849/849/849 850/850/850 851/851/851
f 847/847/847 846/846/846 848/848/848
f 845/845/845 846/846/846 847/847/847
f 843/843/843 842/842/842 844/844/844
f 841/841/841 842/842/842 843/843/843
f 839/839/839 838/838/838 840/840/840
f 837/837/837 838/838/838 839/839/839
f 835/835/835 834/834/834 836/836/836
f 833/833/833 834/834/834 835/835/835
f 918/918/918 919/919/919 920/920/920
f 915/915/915 916/916/916 917/917/917
f 913/913/913 912/912/912 914/914/914
f 911/911/911 912/912/912 913/913/913
f 911/911/911 910/910/910 912/912/912
f 909/909/909 910/910/910 911/911/911
f 907/907/907 906/906/906 908/908/908
f 905/905/905 906/906/906 907/907/907
f 903/903/903 902/902/902 904/904/904
f 901/901/901 902/902/902 903/903/903
f 899/899/899 898/898/898 900/900/900
f 897/897/897 898/898/898 899/899/899
f 895/895/895 894/894/894 896/896/896
f 893/893/893 894/894/894 895/895/895
f 891/891/891 890/890/890 892/892/892
f 889/889/889 890/890/890 891/891/891
f 887/887/887 886/886/886 888/888/888
f 885/885/885 886/886/886 887/887/887
f 883/883/883 882/882/882 884/884/884
f 881/881/881 882/882/882 883/883/883
f 879/879/879 878/878/878 880/880/880
f 877/877/877 878/878/878 879/879/879
f 1158/1158/1158 1159/1159/1159 1160/1160/1160
f 1155/1155/1155 1156/1156/1156 1157/1157/1157
f 1152/1152/1152 1153/1153/1153 1154/1154/1154
f 1149/1149/1149 1150/1150/1150 1151/1151/1151
f 1146/1146/1146 1147/1147/1147 1148/1148/1148
f 1143/1143/1143 1144/1144/1144 1145/1145/1145
f 1140/1140/1140 1141/1141/1141 1142/1142/1142
f 1137/1137/1137 1138/1138/1138 1139/1139/1139
f 1134/1134/1134 1135/1135/1135 1136/1136/1136
f 1131/1131/1131 1132/1132/1132 1133/1133/1133
f 1128/1128/1128 1129/1129/1129 1130/1130/1130
f 1125/1125/1125 1126/1126/1126 1127/1127/1127
f 1122/1122/1122 1123/1123/1123 1124/1124/1124
f 1119/1119/1119 1120/1120/1120 1121/1121/1121
f 1116/1116/1116 1117/1117/1117 1118/1118/1118
f 1113/1113/1113 1114/1114/1114 1115/1115/1115
f 1109/1109/1109 1111/1111/1111 1112/1112/1112
f 1109/1109/1109 1110/1110/1110 1111/1111/1111
f 1105/1105/1105 1107/1107/1107 1108/1108/1108
f 1105/1105/1105 1106/1106/1106 1107/1107/1107
f 1101/1101/1101 1103/1103/1103 1104/1104/1104
f 1101/1101/1101 1102/1102/1102 1103/1103/1103
f 1097/1097/1097 1099/1099/1099 1100/1100/1100
f 1097/1097/1097 1098/1098/1098 1099/1099/1099
f 1093/1093/1093 1095/1095/1095 1096/1096/1096
f 1093/1093/1093 1094/1094/1094 1095/1095/1095
f 1089/1089/1089 1091/1091/1091 1092/1092/1092
f 1089/1089/1089 1090/1090/1090 1091/1091/1091
f 1085/1085/1085 1087/1087/1087 1088/1088/1088
f 1085/1085/1085 1086/1086/1086 1087/1087/1087
f 1081/1081/1081 1083/1083/1083 1084/1084/1084
f 1081/1081/1081 1082/1082/1082 1083/1083/1083
f 1077/1077/1077 1079/1079/1079 1080/1080/1080
f 1077/1077/1077 1078/1078/1078 1079/1079/1079
f 1073/1073/1073 1075/1075/1075 1076/1076/1076
f 1073/1073/1073 1074/1074/1074 1075/1075/1075
f 1069/1069/1069 1071/1071/1071 1072/1072/1072
f 1069/1069/1069 1070/1070/1070 1071/1071/1071
f 1065/1065/1065 1067/1067/1067 1068/1068/1068
f 1065/1065/1065 1066/1066/1066 1067/1067/1067
f 1061/1061/1061 1063/1063/1063 1064/1064/1064
f 1061/1061/1061 1062/1062/1062 1063/1063/1063
f 1057/1057/1057 1059/1059/1059 1060/1060/1060
f 1057/1057/1057 1058/1058/1058 1059/1059/1059
f 1053/1053/1053 1055/1055/1055 1056/1056/1056
f 1053/1053/1053 1054/1054/1054 1055/1055/1055
f 1049/1049/1049 1051/1051/1051 1052/1052/1052
f 1049/1049/1049 1050/1050/1050 1051/1051/1051
f 1045/1045/1045 1047/1047/1047 1048/1048/1048
f 1045/1045/1045 1046/1046/1046 1047/1047/1047
f 1041/1041/1041 1043/1043/1043 1044/1044/1044
f 1041/1041/1041 1042/1042/1042 1043/1043/1043
f 1037/1037/1037 1039/1039/1039 1040/1040/1040
f 1037/1037/1037 1038/1038/1038 1039/1039/1039
f 1033/1033/1033 1035/1035/1035 1036/1036/1036
f 1033/1033/1033 1034/1034/1034 1035/1035/1035
f 1029/1029/1029 1031/1031/1031 1032/1032/1032
f 1029/1029/1029 1030/1030/1030 1031/1031/1031
f 1025/1025/1025 1027/1027/1027 1028/1028/1028
f 1025/1025/1025 1026/1026/1026 1027/1027/1027
f 1021/1021/1021 1023/1023/1023 1024/1024/1024
f 1021/1021/1021 1022/1022/1022 1023/1023/1023
f 1017/1017/1017 1019/1019/1019 1020/1020/1020
f 1017/1017/1017 1018/1018/1018 1019/1019/1019
f 1013/1013/1013 1015/1015/1015 1016/1016/1016
f 1013/1013/1013 1014/1014/1014 1015/1015/1015
f 1009/1009/1009 1011/1011/1011 1012/1012/1012
f 1009/1009/1009 1010/1010/1010 1011/1011/1011
f 1005/1005/1005 1007/1007/1007 1008/1008/1008
f 1005/1005/1005 1006/1006/1006 1007/1007/1007
f 1001/1001/1001 1003/1003/1003 1004/1004/1004
f 1001/1001/1001 1002/1002/1002 1003/1003/1003
f 997/997/997 999/999/999 1000/1000/1000
f 997/997/997 998/998/998 999/999/999
f 993/993/993 995/995/995 996/996/996
f 993/993/993 994/994/994 995/995/995
f 989/989/989 991/991/991 992/992/992
f 989/989/989 990/990/990 991/991/991
f 985/985/985 987/987/987 988/988/988
f 985/985/985 986/986/986 987/987/987
f 981/981/981 983/983/983 984/984/984
f 981/981/981 982/982/982 983/983/983
f 977/977/977 979/979/979 980/980/980
f 977/977/977 978/978/978 979/979/979
f 973/973/973 975/975/975 976/976/976
f 973/973/973 974/974/974 975/975/975
f 969/969/969 971/971/971 972/972/972
f 969/969/969 970/970/970 971/971/971
f 965/965/965 967/967/967 968/968/968
f 965/965/965 966/966/966 967/967/967
f 961/961/961 963/963/963 964/964/964
f 961/961/961 962/962/962 963/963/963
f 957/957/957 959/959/959 960/960/960
f 957/957/957 958/958/958 959/959/959
f 953/953/953 955/955/955 956/956/956
f 953/953/953 954/954/954 955/955/955
f 949/949/949 951/951/951 952/952/952
f 949/949/949 950/950/950 951/951/951
f 945/945/945 947/947/947 948/948/948
f 945/945/945 946/946/946 947/947/947
f 941/941/941 943/943/943 944/944/944
f 941/941/941 942/942/942 943/943/943
f 937/937/937 939/939/939 940/940/940
f 937/937/937 938/938/938 939/939/939
f 933/933/933 935/935/935 936/936/936
f 933/933/933 934/934/934 935/935/935
f 929/929/929 931/931/931 932/932/932
f 929/929/929 930/930/930 931/931/931
f 925/925/925 927/927/927 928/928/928
f 925/925/925 926/926/926 927/927/927
f 921/921/921 923/923/923 924/924/924
f 921/921/921 922/922/922 923/923/923
f 1202/1202/1202 1203/1203/1203 1204/1204/1204
f 1199/1199/1199 1200/1200/1200 1201/1201/1201
f 1197/1197/1197 1196/1196/1196 1198/1198/1198
f 1195/1195/1195 1196/1196/1196 1197/1197/1197
f 1195/1195/1195 1194/1194/1194 1196/1196/1196
f 1193/1193/1193 1194/1194/1194 1195/1195/1195
f 1191/1191/1191 1190/1190/1190 1192/1192/1192
f 1189/1189/1189 1190/1190/1190 1191/1191/1191
f 1187/1187/1187 1186/1186/1186 1188/1188/1188
f 1185/1185/1185 1186/1186/1186 1187/1187/1187
f 1183/1183/1183 1182/1182/1182 1184/1184/1184
f 1181/1181/1181 1182/1182/1182 1183/1183/1183
f 1179/1179/1179 1178/1178/1178 1180/1180/1180
f 1177/1177/1177 1178/1178/1178 1179/1179/1179
f 1175/1175/1175 1174/1174/1174 1176/1176/1176
f 1173/1173/1173 1174/1174/1174 1175/1175/1175
f 1171/1171/1171 1170/1170/1170 1172/1172/1172
f 1169/1169/1169 1170/1170/1170 1171/1171/1171
f 1167/1167/1167 1166/1166/1166 1168/1168/1168
f 1165/1165/1165 1166/1166/1166 1167/1167/1167
f 1163/1163/1163 1162/1162/1162 1164/1164/1164
f 1161/1161/1161 1162/1162/1162 1163/1163/1163
f 1246/1246/1246 1247/1247/1247 1248/1248/1248
f 1243/1243/1243 1244/1244/1244 1245/1245/1245
f 1241/1241/1241 1240/1240/1240 1242/1242/1242
f 1239/1239/1239 1240/1240/1240 1241/1241/1241
f 1239/1239/1239 1238/1238/1238 1240/1240/1240
f 1237/1237/1237 1238/1238/1238 1239/1239/1239
f 1235/1235/1235 1234/1234/1234 1236/1236/1236
f 1233/1233/1233 1234/1234/1234 1235/1235/1235
f 1231/1231/1231 1230/1230/1230 1232/1232/1232
f 1229/1229/1229 1230/1230/1230 1231/1231/1231
f 1227/1227/1227 1226/1226/1226 1228/1228/1228
f 1225/1225/1225 1226/1226/1226 1227/1227/1227
f 1223/1223/1223 1222/1222/1222 1224/1224/1224
f 1221/1221/1221 1222/1222/1222 1223/1223/1223
f 1219/1219/1219 1218/1218/1218 1220/1220/1220
f 1217/1217/1217 1218/1218/1218 1219/1219/1219
f 1215/1215/1215 1214/1214/1214 1216/1216/1216
f 1213/1213/1213 1214/1214/1214 1215/1215/1215
f 1211/1211/1211 1210/1210/1210 1212/1212/1212
f 1209/1209/1209 1210/1210/1210 1211/1211/1211
f 1207/1207/1207 1206/1206/1206 1208/1208/1208
f 1205/1205/1205 1206/1206/1206 1207/1207/1207
f 1290/1290/1290 1291/1291/1291 1292/1292/1292
f 1287/1287/1287 1288/1288/1288 1289/1289/1289
f 1285/1285/1285 1284/1284/1284 1286/1286/1286
f 1283/1283/1283 1284/1284/1284 1285/1285/1285
f 1283/1283/1283 1282/1282/1282 1284/1284/1284
f 1281/1281/1281 1282/1282/1282 1283/1283/1283
f 1279/1279/1279 1278/1278/1278 1280/1280/1280
f 1277/1277/1277 1278/1278/1278 1279/1279/1279
f 1275/1275/1275 1274/1274/1274 1276/1276/1276
f 1273/1273/1273 1274/1274/1274 1275/1275/1275
f 1271/1271/1271 1270/1270/1270 1272/1272/1272
f 1269/1269/1269 1270/1270/1270 1271/1271/1271
f 1267/1267/1267 1266/1266/1266 1268/1268/1268
f 1265/1265/1265 1266/1266/1266 1267/1267/1267
f 1263/1263/1263 1262/1262/1262 1264/1264/1264
f 1261/1261/1261 1262/1262/1262 1263/1263/1263
f 1259/1259/1259 1258/1258/1258 1260/1260/1260
f 1257/1257/1257 1258/1258/1258 1259/1259/1259
f 1255/1255/1255 1254/1254/1254 1256/1256/1256
f 1253/1253/1253 1254/1254/1254 1255/1255/1255
f 1251/1251/1251 1250/1250/1250 1252/1252/1252
f 1249/1249/1249 1250/1250/1250 1251/1251/1251
f 1334/1334/1334 1335/1335/1335 1336/1336/1336
f 1331/1331/1331 1332/1332/1332 1333/1333/1333
f 1329/1329/1329 1328/1328/1328 1330/1330/1330
f 1327/1327/1327 1328/1328/1328 1329/1329/1329
f 1327/1327/1327 1326/1326/1326 1328/1328/1328
f 1325/1325/1325 1326/1326/1326 1327/1327/1327
f 1323/1323/1323 1322/1322/1322 1324/1324/1324
f 1321/1321/1321 1322/1322/1322 1323/1323/1323
f 1319/1319/1319 1318/1318/1318 1320/1320/1320
f 1317/1317/1317 1318/1318/1318 1319/1319/1319
f 1315/1315/1315 1314/1314/1314 1316/1316/1316
f 1313/1313/1313 1314/1314/1314 1315/1315/1315
f 1311/1311/1311 1310/1310/1310 1312/1312/1312
f 1309/1309/1309 1310/1310/1310 1311/1311/1311
f 1307/1307/1307 1306/1306/1306 1308/1308/1308
f 1305/1305/1305 1306/1306/1306 1307/1307/1307
f 1303/1303/1303 1302/1302/1302 1304/1304/1304
f 1301/1301/1301 1302/1302/1302 1303/1303/1303
f 1299/1299/1299 1298/1298/1298 1300/1300/1300
f 1297/1297/1297 1298/1298/1298 1299/1299/1299
f 1295/1295/1295 1294/1294/1294 1296/1296/1296
f 1293/1293/1293 1294/1294/1294 1295/1295/1295
f 1378/1378/1378 1379/1379/1379 1380/1380/1380
f 1375/1375/1375 1376/1376/1376 1377/1377/1377
f 1373/1373/1373 1372/1372/1372 1374/1374/1374
f 1371/1371/1371 1372/1372/1372 1373/1373/1373
f 1371/1371/1371 1370/1370/1370 1372/1372/1372
f 1369/1369/1369 1370/1370/1370 1371/1371/1371
f 1367/1367/1367 1366/1366/1366 1368/1368/1368
f 1365/1365/1365 1366/1366/1366 1367/1367/1367
f 1363/1363/1363 1362/1362/1362 1364/1364/1364
f 1361/1361/1361 1362/1362/1362 1363/1363/1363
f 1359/1359/1359 1358/1358/1358 1360/1360/1360
f 1357/1357/1357 1358/1358/1358 1359/1359/1359
f 1355/1355/1355 1354/1354/1354 1356/1356/1356
f 1353/1353/1353 1354/1354/1354 1355/1355/1355
f 1351/1351/1351 1350/1350/1350 1352/1352/1352
f 1349/1349/1349 1350/1350/1350 1351/1351/1351
f 1347/1347/1347 1346/1346/1346 1348/1348/1348
f 1345/1345/1345 1346/1346/1346 1347/1347/1347
f 1343/1343/1343 1342/1342/1342 1344/1344/1344
f 1341/1341/1341 1342/1342/1342 1343/1343/1343
f 1339/1339/1339 1338/1338/1338 1340/1340/1340
f 1337/1337/1337 1338/1338/1338 1339/1339/1339
f 1618/1618/1618 1619/1619/1619 1620/1620/1620
f 1615/1615/1615 1616/1616/1616 1617/1617/1617
f 1612/1612/1612 1613/1613/1613 1614/1614/1614
f 1609/1609/1609 1610/1610/1610 1611/1611/1611
f 1606/1606/1606 1607/1607/1607 1608/1608/1608
f 1603/1603/1603 1604/1604/1604 1605/1605/1605
f 1600/1600/1600 1601/1601/1601 1602/1602/1602
f 1597/1597/1597 1598/1598/1598 1599/1599/1599
f 1594/1594/1594 1595/1595/1595 1596/1596/1596
f 1591/1591/1591 1592/1592/1592 1593/1593/1593
f 1588/1588/1588 1589/1589/1589 1590/1590/1590
f 1585/1585/1585 1586/1586/1586 1587/1587/1587
f 1582/1582/1582 1583/1583/1583 1584/1584/1584
f 1579/1579/1579 1580/1580/1580 1581/1581/1581
f 1576/1576/1576 1577/1577/1577 1578/1578/1578
f 1573/1573/1573 1574/1574/1574 1575/1575/1575
f 1569/1569/1569 1571/1571/1571 1572/1572/1572
f 1569/1569/1569 1570/1570/1570 1571/1571/1571
f 1565/1565/1565 1567/1567/1567 1568/1568/1568
f 1565/1565/1565 1566/1566/1566 1567/1567/1567
f 1561/1561/1561 1563/1563/1563 1564/1564/1564
f 1561/1561/1561 1562/1562/1562 1563/1563/1563
f 1557/1557/1557 1559/1559/1559 1560/1560/1560
f 1557/1557/1557 1558/1558/1558 1559/1559/1559
f 1553/1553/1553 1555/1555/1555 1556/1556/1556
f 1553/1553/1553 1554/1554/1554 1555/1555/1555
f 1549/1549/1549 1551/1551/1551 1552/1552/1552
f 1549/1549/1549 1550/1550/1550 1551/1551/1551
f 1545/1545/1545 1547/1547/1547 1548/1548/1548
f 1545/1545/1545 1546/1546/1546 1547/1547/1547
f 1541/1541/1541 1543/1543/1543 1544/1544/1544
f 1541/1541/1541 1542/1542/1542 1543/1543/1543
f 1537/1537/1537 1539/1539/1539 1540/1540/1540
f 1537/1537/1537 1538/1538/1538 1539/1539/1539
f 1533/1533/1533 1535/1535/1535 1536/1536/1536
f 1533/1533/1533 1534/1534/1534 1535/1535/1535
f 1529/1529/1529 1531/1531/1531 1532/1532/1532
f 1529/1529/1529 1530/1530/1530 1531/1531/1531
f 1525/1525/1525 1527/1527/1527 1528/1528/1528
f 1525/1525/1525 1526/1526/1526 1527/1527/1527
f 1521/1521/1521 1523/1523/1523 1524/1524/1524
f 1521/1521/1521 1522/1522/1522 1523/1523/1523
f 1517/1517/1517 1519/1519/1519 1520/1520/1520
f 1517/1517/1517 1518/1518/1518 1519/1519/1519
f 1513/1513/1513 1515/1515/1515 1516/1516/1516
f 1513/1513/1513 1514/1514/1514 1515/1515/1515
f 1509/1509/1509 1511/1511/1511 1512/1512/1512
f 1509/1509/1509 1510/1510/1510 1511/1511/1511
f 1505/1505/1505 1507/1507/1507 1508/1508/1508
f 1505/1505/1505 1506/1506/1506 1507/1507/1507
f 1501/1501/1501 1503/1503/1503 1504/1504/1504
f 1501/1501/1501 1502/1502/1502 1503/1503/1503
f 1497/1497/1497 1499/1499/1499 1500/1500/1500
f 1497/1497/1497 1498/1498/1498 1499/1499/1499
f 1493/1493/1493 1495/1495/1495 1496/1496/1496
f 1493/1493/1493 1494/1494/1494 1495/1495/1495
f 1489/1489/1489 1491/1491/1491 1492/1492/1492
f 1489/1489/1489 1490/1490/1490 1491/1491/1491
f 1485/1485/1485 1487/1487/1487 1488/1488/1488
f 1485/1485/1485 1486/1486/1486 1487/1487/1487
f 1481/1481/1481 1483/1483/1483 1484/1484/1484
f 1481/1481/1481 1482/1482/1482 1483/1483/1483
f 1477/1477/1477 1479/1479/1479 1480/1480/1480
f 1477/1477/1477 1478/1478/1478 1479/1479/1479
f 1473/1473/1473 1475/1475/1475 1476/1476/1476
f 1473/1473/1473 1474/1474/1474 1475/1475/1475
f 1469/1469/1469 1471/1471/1471 1472/1472/1472
f 1469/1469/1469 1470/1470/1470 1471/1471/1471
f 1465/1465/1465 1467/1467/1467 1468/1468/1468
f 1465/1465/1465 1466/1466/1466 1467/1467/1467
f 1461/1461/1461 1463/1463/1463 1464/1464/1464
f 1461/1461/1461 1462/1462/1462 1463/1463/1463
f 1457/1457/1457 1459/1459/1459 1460/1460/1460
f 1457/1457/1457 1458/1458/1458 1459/1459/1459
f 1453/1453/1453 1455/1455/1455 1456/1456/1456
f 1453/1453/1453 1454/1454/1454 1455/1455/1455
f 1449/1449/1449 1451/1451/1451 1452/1452/1452
f 1449/1449/1449 1450/1450/1450 1451/1451/1451
f 1445/1445/1445 1447/1447/1447 1448/1448/1448
f 1445/1445/1445 1446/1446/1446 1447/1447/1447
f 1441/1441/1441 1443/1443/1443 1444/1444/1444
f 1441/1441/1441 1442/1442/1442 1443/1443/1443
f 1437/1437/1437 1439/1439/1439 1440/1440/1440
f 1437/1437/1437 1438/1438/1438 1439/1439/1439
f 1433/1433/1433 1435/1435/1435 1436/1436/1436
f 1433/1433/1433 1434/1434/1434 1435/1435/1435
f 1429/1429/1429 1431/1431/1431 1432/1432/1432
f 1429/1429/1429 1430/1430/1430 1431/1431/1431
f 1425/1425/1425 1427/1427/1427 1428/1428/1428
f 1425/1425/1425 1426/1426/1426 1427/1427/1427
f 1421/1421/1421 1423/1423/1423 1424/1424/1424
f 1421/1421/1421 1422/1422/1422 1423/1423/1423
f 1417/1417/1417 1419/1419/1419 1420/1420/1420
f 1417/1417/1417 1418/1418/1418 1419/1419/1419
f 1413/1413/1413 1415/1415/1415 1416/1416/1416
f 1413/1413/1413 1414/1414/1414 1415/1415/1415
f 1409/1409/1409 1411/1411/1411 1412/1412/1412
f 1409/1409/1409 1410/1410/1410 1411/1411/1411
f 1405/1405/1405 1407/1407/1407 1408/1408/1408
f 1405/1405/1405 1406/1406/1406 1407/1407/1407
f 1401/1401/1401 1403/1403/1403 1404/1404/1404
f 1401/1401/1401 1402/1402/1402 1403/1403/1403
f 1397/1397/1397 1399/1399/1399 1400/1400/1400
f 1397/1397/1397 1398/1398/1398 1399/1399/1399
f 1393/1393/1393 1395/1395/1395 1396/1396/1396
f 1393/1393/1393 1394/1394/1394 1395/1395/1395
f 1389/1389/1389 1391/1391/1391 1392/1392/1392
f 1389/1389/1389 1390/1390/1390 1391/1391/1391
f 1385/1385/1385 1387/1387/1387 1388/1388/1388
f 1385/1385/1385 1386/1386/1386 1387/1387/1387
f 1381/1381/1381 1383/1383/1383 1384/1384/1384
f 1381/1381/1381 1382/1382/1382 1383/1383/1383
f 1789/1789/1789 1790/1790/1790 1791/1791/1791
f 1782/1782/1782 1783/1783/1783 1784/1784/1784
f 1779/1779/1779 1780/1780/1780 1781/1781/1781
f 1770/1770/1770 1771/1771/1771 1772/1772/1772
f 1760/1760/1760 1761/1761/1761 1762/1762/1762
f 1794/1794/1794 1793/1793/1793 1795/1795/1795
f 1792/1792/1792 1793/1793/1793 1794/1794/1794
f 1787/1787/1787 1786/1786/1786 1788/1788/1788
f 1785/1785/1785 1786/1786/1786 1787/1787/1787
f 1777/1777/1777 1766/1766/1766 1778/1778/1778
f 1765/1765/1765 1766/1766/1766 1777/1777/1777
f 1765/1765/1765 1764/1764/1764 1766/1766/1766
f 1763/1763/1763 1764/1764/1764 1765/1765/1765
f 1775/1775/1775 1773/1773/1773 1776/1776/1776
f 1774/1774/1774 1773/1773/1773 1775/1775/1775
f 1768/1768/1768 1773/1773/1773 1774/1774/1774
f 1767/1767/1767 1773/1773/1773 1768/1768/1768
f 1767/1767/1767 1768/1768/1768 1769/1769/1769
f 1758/1758/1758 1757/1757/1757 1759/1759/1759
f 1756/1756/1756 1757/1757/1757 1758/1758/1758
f 1754/1754/1754 1753/1753/1753 1755/1755/1755
f 1752/1752/1752 1753/1753/1753 1754/1754/1754
f 1750/1750/1750 1749/1749/1749 1751/1751/1751
f 1748/1748/1748 1749/1749/1749 1750/1750/1750
f 1746/1746/1746 1745/1745/1745 1747/1747/1747
f 1744/1744/1744 1745/1745/1745 1746/1746/1746
f 1742/1742/1742 1741/1741/1741 1743/1743/1743
f 1740/1740/1740 1741/1741/1741 1742/1742/1742
f 1738/1738/1738 1737/1737/1737 1739/1739/1739
f 1736/1736/1736 1737/1737/1737 1738/1738/1738
f 1734/1734/1734 1733/1733/1733 1735/1735/1735
f 1732/1732/1732 1733/1733/1733 1734/1734/1734
f 1730/1730/1730 1729/1729/1729 1731/1731/1731
f 1728/1728/1728 1729/1729/1729 1730/1730/1730
f 1726/1726/1726 1725/1725/1725 1727/1727/1727
f 1724/1724/1724 1725/1725/1725 1726/1726/1726
f 1722/1722/1722 1721/1721/1721 1723/1723/1723
f 1720/1720/1720 1721/1721/1721 1722/1722/1722
f 1718/1718/1718 1717/1717/1717 1719/1719/1719
f 1716/1716/1716 1717/1717/1717 1718/1718/1718
f 1714/1714/1714 1713/1713/1713 1715/1715/1715
f 1712/1712/1712 1713/1713/1713 1714/1714/1714
f 1710/1710/1710 1709/1709/1709 1711/1711/1711
f 1708/1708/1708 1709/1709/1709 1710/1710/1710
f 1706/1706/1706 1705/1705/1705 1707/1707/1707
f 1704/1704/1704 1705/1705/1705 1706/1706/1706
f 1702/1702/1702 1701/1701/1701 1703/1703/1703
f 1700/1700/1700 1701/1701/1701 1702/1702/1702
f 1698/1698/1698 1697/1697/1697 1699/1699/1699
f 1696/1696/1696 1697/1697/1697 1698/1698/1698
f 1694/1694/1694 1693/1693/1693 1695/1695/1695
f 1692/1692/1692 1693/1693/1693 1694/1694/1694
f 1690/1690/1690 1689/1689/1689 1691/1691/1691
f 1688/1688/1688 1689/1689/1689 1690/1690/1690
f 1686/1686/1686 1685/1685/1685 1687/1687/1687
f 1684/1684/1684 1685/1685/1685 1686/1686/1686
f 1682/1682/1682 1681/1681/1681 1683/1683/1683
f 1680/1680/1680 1681/1681/1681 1682/1682/1682
f 1678/1678/1678 1677/1677/1677 1679/1679/1679
f 1676/1676/1676 1677/1677/1677 1678/1678/1678
f 1674/1674/1674 1673/1673/1673 1675/1675/1675
f 1672/1672/1672 1673/1673/1673 1674/1674/1674
f 1670/1670/1670 1669/1669/1669 1671/1671/1671
f 1668/1668/1668 1669/1669/1669 1670/1670/1670
f 1666/1666/1666 1665/1665/1665 1667/1667/1667
f 1664/1664/1664 1665/1665/1665 1666/1666/1666
f 1663/1663/1663 1656/1656/1656 1652/1652/1652
f 1652/1652/1652 1656/1656/1656 1648/1648/1648
f 1648/1648/1648 1647/1647/1647 1652/1652/1652
f 1647/1647/1647 1659/1659/1659 1652/1652/1652
f 1652/1652/1652 1659/1659/1659 1663/1663/1663
f 1663/1663/1663 1659/1659/1659 1662/1662/1662
f 1659/1659/1659 1658/1658/1658 1662/1662/1662
f 1662/1662/1662 1658/1658/1658 1657/1657/1657
f 1655/1655/1655 1648/1648/1648 1656/1656/1656
f 1651/1651/1651 1648/1648/1648 1655/1655/1655
f 1650/1650/1650 1648/1648/1648 1651/1651/1651
f 1649/1649/1649 1648/1648/1648 1650/1650/1650
f 1647/1647/1647 1648/1648/1648 1649/1649/1649
f 1647/1647/1647 1649/1649/1649 1654/1654/1654
f 1647/1647/1647 1654/1654/1654 1653/1653/1653
f 1653/1653/1653 1659/1659/1659 1647/1647/1647
f 1653/1653/1653 1658/1658/1658 1659/1659/1659
f 1638/1638/1638 1658/1658/1658 1653/1653/1653
f 1638/1638/1638 1621/1621/1621 1658/1658/1658
f 1658/1658/1658 1621/1621/1621 1657/1657/1657
f 1657/1657/1657 1621/1621/1621 1623/1623/1623
f 1621/1621/1621 1622/1622/1622 1623/1623/1623
f 1646/1646/1646 1649/1649/1649 1650/1650/1650
f 1645/1645/1645 1649/1649/1649 1646/1646/1646
f 1654/1654/1654 1649/1649/1649 1645/1645/1645
f 1654/1654/1654 1645/1645/1645 1640/1640/1640
f 1640/1640/1640 1639/1639/1639 1654/1654/1654
f 1639/1639/1639 1653/1653/1653 1654/1654/1654
f 1638/1638/1638 1653/1653/1653 1639/1639/1639
f 1633/1633/1633 1638/1638/1638 1639/1639/1639
f 1631/1631/1631 1638/1638/1638 1633/1633/1633
f 1638/1638/1638 1631/1631/1631 1621/1621/1621
f 1621/1621/1621 1631/1631/1631 1630/1630/1630
f 1621/1621/1621 1630/1630/1630 1622/1622/1622
f 1644/1644/1644 1645/1645/1645 1646/1646/1646
f 1642/1642/1642 1645/1645/1645 1644/1644/1644
f 1640/1640/1640 1645/1645/1645 1642/1642/1642
f 1636/1636/1636 1640/1640/1640 1642/1642/1642
f 1640/1640/1640 1636/1636/1636 1641/1641/1641
f 1633/1633/1633 1640/1640/1640 1641/1641/1641
f 1639/1639/1639 1640/1640/1640 1633/1633/1633
f 1643/1643/1643 1642/1642/1642 1644/1644/1644
f 1636/1636/1636 1642/1642/1642 1643/1643/1643
f 1643/1643/1643 1661/1661/1661 1636/1636/1636
f 1636/1636/1636 1661/1661/1661 1637/1637/1637
f 1635/1635/1635 1636/1636/1636 1637/1637/1637
f 1641/1641/1641 1636/1636/1636 1635/1635/1635
f 1634/1634/1634 1641/1641/1641 1635/1635/1635
f 1633/1633/1633 1641/1641/1641 1634/1634/1634
f 1632/1632/1632 1633/1633/1633 1634/1634/1634
f 1631/1631/1631 1633/1633/1633 1632/1632/1632
f 1630/1630/1630 1631/1631/1631 1632/1632/1632
f 1624/1624/1624 1629/1629/1629 1660/1660/1660
f 1628/1628/1628 1629/1629/1629 1624/1624/1624
f 1624/1624/1624 1627/1627/1627 1628/1628/1628
f 1624/1624/1624 1626/1626/1626 1627/1627/1627
f 1624/1624/1624 1625/1625/1625 1626/1626/1626
f 1660/1660/1660 1625/1625/1625 1624/1624/1624
f 1964/1964/1964 1965/1965/1965 1966/1966/1966
f 1957/1957/1957 1958/1958/1958 1959/1959/1959
f 1954/1954/1954 1955/1955/1955 1956/1956/1956
f 1945/1945/1945 1946/1946/1946 1947/1947/1947
f 1935/1935/1935 1936/1936/1936 1937/1937/1937
f 1969/1969/1969 1968/1968/1968 1970/1970/1970
f 1967/1967/1967 1968/1968/1968 1969/1969/1969
f 1962/1962/1962 1961/1961/1961 1963/1963/1963
f 1960/1960/1960 1961/1961/1961 1962/1962/1962
f 1952/1952/1952 1941/1941/1941 1953/1953/1953
f 1940/1940/1940 1941/1941/1941 1952/1952/1952
f 1940/1940/1940 1939/1939/1939 1941/1941/1941
f 1938/1938/1938 1939/1939/1939 1940/1940/1940
f 1950/1950/1950 1948/1948/1948 1951/1951/1951
f 1949/1949/1949 1948/1948/1948 1950/1950/1950
f 1943/1943/1943 1948/1948/1948 1949/1949/1949
f 1942/1942/1942 1948/1948/1948 1943/1943/1943
f 1942/1942/1942 1943/1943/1943 1944/1944/1944
f 1933/1933/1933 1932/1932/1932 1934/1934/1934
f 1931/1931/1931 1932/1932/1932 1933/1933/1933
f 1929/1929/1929 1928/1928/1928 1930/1930/1930
f 1927/1927/1927 1928/1928/1928 1929/1929/1929
f 1925/1925/1925 1924/1924/1924 1926/1926/1926
f 1923/1923/1923 1924/1924/1924 1925/1925/1925
f 1921/1921/1921 1920/1920/1920 1922/1922/1922
f 1919/1919/1919 1920/1920/1920 1921/1921/1921
f 1917/1917/1917 1916/1916/1916 1918/1918/1918
f 1915/1915/1915 1916/1916/1916 1917/1917/1917
f 1913/1913/1913 1912/1912/1912 1914/1914/1914
f 1911/1911/1911 1912/1912/1912 1913/1913/1913
f 1909/1909/1909 1908/1908/1908 1910/1910/1910
f 1907/1907/1907 1908/1908/1908 1909/1909/1909
f 1905/1905/1905 1904/1904/1904 1906/1906/1906
f 1903/1903/1903 1904/1904/1904 1905/1905/1905
f 1901/1901/1901 1900/1900/1900 1902/1902/1902
f 1899/1899/1899 1900/1900/1900 1901/1901/1901
f 1897/1897/1897 1896/1896/1896 1898/1898/1898
f 1895/1895/1895 1896/1896/1896 1897/1897/1897
f 1893/1893/1893 1892/1892/1892 1894/1894/1894
f 1891/1891/1891 1892/1892/1892 1893/1893/1893
f 1889/1889/1889 1888/1888/1888 1890/1890/1890
f 1887/1887/1887 1888/1888/1888 1889/1889/1889
f 1885/1885/1885 1884/1884/1884 1886/1886/1886
f 1883/1883/1883 1884/1884/1884 1885/1885/1885
f 1881/1881/1881 1880/1880/1880 1882/1882/1882
f 1879/1879/1879 1880/1880/1880 1881/1881/1881
f 1877/1877/1877 1876/1876/1876 1878/1878/1878
f 1875/1875/1875 1876/1876/1876 1877/1877/1877
f 1873/1873/1873 1872/1872/1872 1874/1874/1874
f 1871/1871/1871 1872/1872/1872 1873/1873/1873
f 1869/1869/1869 1868/1868/1868 1870/1870/1870
f 1867/1867/1867 1868/1868/1868 1869/1869/1869
f 1865/1865/1865 1864/1864/1864 1866/1866/1866
f 1863/1863/1863 1864/1864/1864 1865/1865/1865
f 1861/1861/1861 1860/1860/1860 1862/1862/1862
f 1859/1859/1859 1860/1860/1860 1861/1861/1861
f 1857/1857/1857 1856/1856/1856 1858/1858/1858
f 1855/1855/1855 1856/1856/1856 1857/1857/1857
f 1853/1853/1853 1852/1852/1852 1854/1854/1854
f 1851/1851/1851 1852/1852/1852 1853/1853/1853
f 1849/1849/1849 1848/1848/1848 1850/1850/1850
f 1847/1847/1847 1848/1848/1848 1849/1849/1849
f 1845/1845/1845 1844/1844/1844 1846/1846/1846
f 1843/1843/1843 1844/1844/1844 1845/1845/1845
f 1841/1841/1841 1840/1840/1840 1842/1842/1842
f 1839/1839/1839 1840/1840/1840 1841/1841/1841
f 1838/1838/1838 1831/1831/1831 1827/1827/1827
f 1827/1827/1827 1831/1831/1831 1823/1823/1823
f 1823/1823/1823 1822/1822/1822 1827/1827/1827
f 1822/1822/1822 1834/1834/1834 1827/1827/1827
f 1827/1827/1827 1834/1834/1834 1838/1838/1838
f 1838/1838/1838 1834/1834/1834 1837/1837/1837
f 1834/1834/1834 1833/1833/1833 1837/1837/1837
f 1837/1837/1837 1833/1833/1833 1832/1832/1832
f 1830/1830/1830 1823/1823/1823 1831/1831/1831
f 1826/1826/1826 1823/1823/1823 1830/1830/1830
f 1825/1825/1825 1823/1823/1823 1826/1826/1826
f 1824/1824/1824 1823/1823/1823 1825/1825/1825
f 1822/1822/1822 1823/1823/1823 1824/1824/1824
f 1822/1822/1822 1824/1824/1824 1829/1829/1829
f 1822/1822/1822 1829/1829/1829 1828/1828/1828
f 1828/1828/1828 1834/1834/1834 1822/1822/1822
f 1828/1828/1828 1833/1833/1833 1834/1834/1834
f 1813/1813/1813 1833/1833/1833 1828/1828/1828
f 1813/1813/1813 1796/1796/1796 1833/1833/1833
f 1833/1833/1833 1796/1796/1796 1832/1832/1832
f 1832/1832/1832 1796/1796/1796 1798/1798/1798
f 1796/1796/1796 1797/1797/1797 1798/1798/1798
f 1821/1821/1821 1824/1824/1824 1825/1825/1825
f 1820/1820/1820 1824/1824/1824 1821/1821/1821
f 1829/1829/1829 1824/1824/1824 1820/1820/1820
f 1829/1829/1829 1820/1820/1820 1815/1815/1815
f 1815/1815/1815 1814/1814/1814 1829/1829/1829
f 1814/1814/1814 1828/1828/1828 1829/1829/1829
f 1813/1813/1813 1828/1828/1828 1814/1814/1814
f 1808/1808/1808 1813/1813/1813 1814/1814/1814
f 1806/1806/1806 1813/1813/1813 1808/1808/1808
f 1813/1813/1813 1806/1806/1806 1796/1796/1796
f 1796/1796/1796 1806/1806/1806 1805/1805/1805
f 1796/1796/1796 1805/1805/1805 1797/1797/1797
f 1819/1819/1819 1820/1820/1820 1821/1821/1821
f 1817/1817/1817 1820/1820/1820 1819/1819/1819
f 1815/1815/1815 1820/1820/1820 1817/1817/1817
f 1811/1811/1811 1815/1815/1815 1817/1817/1817
f 1815/1815/1815 1811/1811/1811 1816/1816/1816
f 1808/1808/1808 1815/1815/1815 1816/1816/1816
f 1814/1814/1814 1815/1815/1815 1808/1808/1808
f 1818/1818/1818 1817/1817/1817 1819/1819/1819
f 1811/1811/1811 1817/1817/1817 1818/1818/1818
f 1818/1818/1818 1836/1836/1836 1811/1811/1811
f 1811/1811/1811 1836/1836/1836 1812/1812/1812
f 1810/1810/1810 1811/1811/1811 1812/1812/1812
f 1816/1816/1816 1811/1811/1811 1810/1810/1810
f 1809/1809/1809 1816/1816/1816 1810/1810/1810
f 1808/1808/1808 1816/1816/1816 1809/1809/1809
f 1807/1807/1807 1808/1808/1808 1809/1809/1809
f 1806/1806/1806 1808/1808/1808 1807/1807/1807
f 1805/1805/1805 1806/1806/1806 1807/1807/1807
f 1799/1799/1799 1804/1804/1804 1835/1835/1835
f 1803/1803/1803 1804/1804/1804 1799/1799/1799
f 1799/1799/1799 1802/1802/1802 1803/1803/1803
f 1799/1799/1799 1801/1801/1801 1802/1802/1802
f 1799/1799/1799 1800/1800/1800 1801/1801/1801
f 1835/1835/1835 1800/1800/1800 1799/1799/1799
f 2139/2139/2139 2140/2140/2140 2141/2141/2141
f 2132/2132/2132 2133/2133/2133 2134/2134/2134
f 2129/2129/2129 2130/2130/2130 2131/2131/2131
f 2120/2120/2120 2121/2121/2121 2122/2122/2122
f 2110/2110/2110 2111/2111/2111 2112/2112/2112
f 2144/2144/2144 2143/2143/2143 2145/2145/2145
f 2142/2142/2142 2143/2143/2143 2144/2144/2144
f 2137/2137/2137 2136/2136/2136 2138/2138/2138
f 2135/2135/2135 2136/2136/2136 2137/2137/2137
f 2127/2127/2127 2116/2116/2116 2128/2128/2128
f 2115/2115/2115 2116/2116/2116 2127/2127/2127
f 2115/2115/2115 2114/2114/2114 2116/2116/2116
f 2113/2113/2113 2114/2114/2114 2115/2115/2115
f 2125/2125/2125 2123/2123/2123 2126/2126/2126
f 2124/2124/2124 2123/2123/2123 2125/2125/2125
f 2118/2118/2118 2123/2123/2123 2124/2124/2124
f 2117/2117/2117 2123/2123/2123 2118/2118/2118
f 2117/2117/2117 2118/2118/2118 2119/2119/2119
f 2108/2108/2108 2107/2107/2107 2109/2109/2109
f 2106/2106/2106 2107/2107/2107 2108/2108/2108
f 2104/2104/2104 2103/2103/2103 2105/2105/2105
f 2102/2102/2102 2103/2103/2103 2104/2104/2104
f 2100/2100/2100 2099/2099/2099 2101/2101/2101
f 2098/2098/2098 2099/2099/2099 2100/2100/2100
f 2096/2096/2096 2095/2095/2095 2097/2097/2097
f 2094/2094/2094 2095/2095/2095 2096/2096/2096
f 2092/2092/2092 2091/2091/2091 2093/2093/2093
f 2090/2090/2090 2091/2091/2091 2092/2092/2092
f 2088/2088/2088 2087/2087/2087 2089/2089/2089
f 2086/2086/2086 2087/2087/2087 2088/2088/2088
f 2084/2084/2084 2083/2083/2083 2085/2085/2085
f 2082/2082/2082 2083/2083/2083 2084/2084/2084
f 2080/2080/2080 2079/2079/2079 2081/2081/2081
f 2078/2078/2078 2079/2079/2079 2080/2080/2080
f 2076/2076/2076 2075/2075/2075 2077/2077/2077
f 2074/2074/2074 2075/2075/2075 2076/2076/2076
f 2072/2072/2072 2071/2071/2071 2073/2073/2073
f 2070/2070/2070 2071/2071/2071 2072/2072/2072
f 2068/2068/2068 2067/2067/2067 2069/2069/2069
f 2066/2066/2066 2067/2067/2067 2068/2068/2068
f 2064/2064/2064 2063/2063/2063 2065/2065/2065
f 2062/2062/2062 2063/2063/2063 2064/2064/2064
f 2060/2060/2060 2059/2059/2059 2061/2061/2061
f 2058/2058/2058 2059/2059/2059 2060/2060/2060
f 2056/2056/2056 2055/2055/2055 2057/2057/2057
f 2054/2054/2054 2055/2055/2055 2056/2056/2056
f 2052/2052/2052 2051/2051/2051 2053/2053/2053
f 2050/2050/2050 2051/2051/2051 2052/2052/2052
f 2048/2048/2048 2047/2047/2047 2049/2049/2049
f 2046/2046/2046 2047/2047/2047 2048/2048/2048
f 2044/2044/2044 2043/2043/2043 2045/2045/2045
f 2042/2042/2042 2043/2043/2043 2044/2044/2044
f 2040/2040/2040 2039/2039/2039 2041/2041/2041
f 2038/2038/2038 2039/2039/2039 2040/2040/2040
f 2036/2036/2036 2035/2035/2035 2037/2037/2037
f 2034/2034/2034 2035/2035/2035 2036/2036/2036
f 2032/2032/2032 2031/2031/2031 2033/2033/2033
f 2030/2030/2030 2031/2031/2031 2032/2032/2032
f 2028/2028/2028 2027/2027/2027 2029/2029/2029
f 2026/2026/2026 2027/2027/2027 2028/2028/2028
f 2024/2024/2024 2023/2023/2023 2025/2025/2025
f 2022/2022/2022 2023/2023/2023 2024/2024/2024
f 2020/2020/2020 2019/2019/2019 2021/2021/2021
f 2018/2018/2018 2019/2019/2019 2020/2020/2020
f 2016/2016/2016 2015/2015/2015 2017/2017/2017
f 2014/2014/2014 2015/2015/2015 2016/2016/2016
f 2013/2013/2013 2006/2006/2006 2002/2002/2002
f 2002/2002/2002 2006/2006/2006 1998/1998/1998
f 1998/1998/1998 1997/1997/1997 2002/2002/2002
f 1997/1997/1997 2009/2009/2009 2002/2002/2002
f 2002/2002/2002 2009/2009/2009 2013/2013/2013
f 2013/2013/2013 2009/2009/2009 2012/2012/2012
f 2009/2009/2009 2008/2008/2008 2012/2012/2012
f 2012/2012/2012 2008/2008/2008 2007/2007/2007
f 2005/2005/2005 1998/1998/1998 2006/2006/2006
f 2001/2001/2001 1998/1998/1998 2005/2005/2005
f 2000/2000/2000 1998/1998/1998 2001/2001/2001
f 1999/1999/1999 1998/1998/1998 2000/2000/2000
f 1997/1997/1997 1998/1998/1998 1999/1999/1999
f 1997/1997/1997 1999/1999/1999 2004/2004/2004
f 1997/1997/1997 2004/2004/2004 2003/2003/2003
f 2003/2003/2003 2009/2009/2009 1997/1997/1997
f 2003/2003/2003 2008/2008/2008 2009/2009/2009
f 1988/1988/1988 2008/2008/2008 2003/2003/2003
f 1988/1988/1988 1971/1971/1971 2008/2008/2008
f 2008/2008/2008 1971/1971/1971 2007/2007/2007
f 2007/2007/2007 1971/1971/1971 1973/1973/1973
f 1971/1971/1971 1972/1972/1972 1973/1973/1973
f 1996/1996/1996 1999/1999/1999 2000/2000/2000
f 1995/1995/1995 1999/1999/1999 1996/1996/1996
f 2004/2004/2004 1999/1999/1999 1995/1995/1995
f 2004/2004/2004 1995/1995/1995 1990/1990/1990
f 1990/1990/1990 1989/1989/1989 2004/2004/2004
f 1989/1989/1989 2003/2003/2003 2004/2004/2004
f 1988/1988/1988 2003/2003/2003 1989/1989/1989
f 1983/1983/1983 1988/1988/1988 1989/1989/1989
f 1981/1981/1981 1988/1988/1988 1983/1983/1983
f 1988/1988/1988 1981/1981/1981 1971/1971/1971
f 1971/1971/1971 1981/1981/1981 1980/1980/1980
f 1971/1971/1971 1980/1980/1980 1972/1972/1972
f 1994/1994/1994 1995/1995/1995 1996/1996/1996
f 1992/1992/1992 1995/1995/1995 1994/1994/1994
f 1990/1990/1990 1995/1995/1995 1992/1992/1992
f 1986/1986/1986 1990/1990/1990 1992/1992/1992
f 1990/1990/1990 1986/1986/1986 1991/1991/1991
f 1983/1983/1983 1990/1990/1990 1991/1991/1991
f 1989/1989/1989 1990/1990/1990 1983/1983/1983
f 1993/1993/1993 1992/1992/1992 1994/1994/1994
f 1986/1986/1986 1992/1992/1992 1993/1993/1993
f 1993/1993/1993 2011/2011/2011 1986/1986/1986
f 1986/1986/1986 2011/2011/2011 1987/1987/1987
f 1985/1985/1985 1986/1986/1986 1987/1987/1987
f 1991/1991/1991 1986/1986/1986 1985/1985/1985
f 1984/1984/1984 1991/1991/1991 1985/1985/1985
f 1983/1983/1983 1991/1991/1991 1984/1984/1984
f 1982/1982/1982 1983/1983/1983 1984/1984/1984
f 1981/1981/1981 1983/1983/1983 1982/1982/1982
f 1980/1980/1980 1981/1981/1981 1982/1982/1982
f 1974/1974/1974 1979/1979/1979 2010/2010/2010
f 1978/1978/1978 1979/1979/1979 1974/1974/1974
f 1974/1974/1974 1977/1977/1977 1978/1978/1978
f 1974/1974/1974 1976/1976/1976 1977/1977/1977
f 1974/1974/1974 1975/1975/1975 1976/1976/1976
f 2010/2010/2010 1975/1975/1975 1974/1974/1974

