#
# OBJECT NAME
#
o model_008
mtllib 008.mtl

#
# VERTEX BUFFER 000
#
v -0.482332 -0.0176777 -0.482312
v -0.475014 0 -0.474986
v -0.482332 -0.0176777 -0.474986
v -0.482332 0.0176777 -0.482312
v -0.5 0.025 -0.475
v -0.482332 0.0176777 -0.474986
v -0.475014 0 -0.474986
v -0.475 0.0176777 -0.482313
v -0.475 0.025 -0.5
v -0.475 -0.0176777 -0.482313
v -0.482322 -0.025 -0.5
v -0.475 -0.025 -0.5
v -0.482332 -0.0176777 -0.517678
v -0.475 -0.0176777 -0.517678
v -0.475 0 -0.525
v -0.482332 0.0176777 -0.517678
v -0.475 0.0176777 -0.517678
v -0.5 -0.025 -0.5
v -0.5 -0.0176777 -0.517678
v -0.5 0 -0.525
v -0.482322 0 -0.525
v -0.5 0.0176777 -0.525
v -0.482322 0.025 -0.517678
v -0.5 0.025 -0.525
v -0.517678 0.0176777 -0.517678
v -0.517678 0.025 -0.517678
v -0.525 0 -0.5
v -0.517678 0.0176777 -0.482322
v -0.525 0.0176777 -0.5
v -0.525 0.025 -0.5
v -0.517678 0.025 -0.482322
v -0.525 0 -0.482312
v -0.517678 -0.0176777 -0.5
v -0.517678 0 -0.517678
v -0.5 0.025 -0.475
v -0.517678 0.0176777 -0.474986
v -0.5 -0.025 -0.474986
v -0.5 -0.025 -0.482312
v -0.517678 -0.0176777 -0.482312
v -0.482322 0.025 -0.482322
v -0.475 0.025 -0.5
v -0.517678 -0.0176777 -0.474986
v -0.525 0 -0.474986
v -0.475 0.025 -0.5
v -0.475 0.0176777 -0.482313
v -0.325 0.025 -0.5
v -0.325 0.0176777 -0.482313
v -0.475014 0 -0.474986
v -0.475 -0.0176777 -0.482313
v -0.325014 0 -0.474986
v -0.325 -0.0176777 -0.482313
v -0.475 -0.0176777 -0.482313
v -0.475 -0.025 -0.5
v -0.325 -0.0176777 -0.482313
v -0.325 -0.025 -0.5
v -0.475 -0.025 -0.5
v -0.475 -0.0176777 -0.517678
v -0.325 -0.025 -0.5
v -0.325 -0.0176777 -0.517678
v -0.475 0 -0.525
v -0.475 0.0176777 -0.517678
v -0.325 0 -0.525
v -0.325 0.0176777 -0.517678
v -0.475 -0.0176777 -0.517678
v -0.475 0 -0.525
v -0.325 -0.0176777 -0.517678
v -0.325 0 -0.525
v -0.475 0.0176777 -0.482313
v -0.475014 0 -0.474986
v -0.325 0.0176777 -0.482313
v -0.325014 0 -0.474986
v -0.475 0.0176777 -0.517678
v -0.475 0.025 -0.5
v -0.325 0.0176777 -0.517678
v -0.325 0.025 -0.5
v -0.482332 -0.0176777 -0.474986
v -0.475014 0 -0.474986
v -0.482332 -0.0176777 -0.324986
v -0.475014 0 -0.324986
v -0.482332 0.0176777 -0.474986
v -0.5 0.025 -0.475
v -0.482332 0.0176777 -0.324986
v -0.5 0.025 -0.325
v -0.475014 0 -0.474986
v -0.482332 0.0176777 -0.474986
v -0.475014 0 -0.324986
v -0.482332 0.0176777 -0.324986
v -0.5 0.025 -0.475
v -0.517678 0.0176777 -0.474986
v -0.5 0.025 -0.325
v -0.517678 0.0176777 -0.324986
v -0.5 -0.025 -0.474986
v -0.482332 -0.0176777 -0.474986
v -0.5 -0.025 -0.324986
v -0.482332 -0.0176777 -0.324986
v -0.517678 -0.0176777 -0.474986
v -0.5 -0.025 -0.474986
v -0.517678 -0.0176777 -0.324986
v -0.5 -0.025 -0.324986
v -0.525 0 -0.474986
v -0.517678 -0.0176777 -0.474986
v -0.525 0 -0.324986
v -0.517678 -0.0176777 -0.324986
v -0.517678 0.0176777 -0.474986
v -0.525 0 -0.474986
v -0.517678 0.0176777 -0.324986
v -0.525 0 -0.324986
v -0.482322 0.025 -0.517678
v -0.5 0.025 -0.525
v -0.482322 0.175 -0.517678
v -0.5 0.175 -0.525
v -0.5 0.025 -0.525
v -0.517678 0.025 -0.517678
v -0.5 0.175 -0.525
v -0.517678 0.175 -0.517678
v -0.525 0.025 -0.5
v -0.517678 0.025 -0.482322
v -0.525 0.175 -0.5
v -0.517678 0.175 -0.482322
v -0.517678 0.025 -0.517678
v -0.525 0.025 -0.5
v -0.517678 0.175 -0.517678
v -0.525 0.175 -0.5
v -0.5 0.025 -0.475
v -0.482322 0.025 -0.482322
v -0.5 0.175 -0.475
v -0.482322 0.175 -0.482322
v -0.475 0.025 -0.5
v -0.482322 0.025 -0.517678
v -0.475 0.175 -0.5
v -0.482322 0.175 -0.517678
v -0.482322 0.025 -0.482322
v -0.475 0.025 -0.5
v -0.482322 0.175 -0.482322
v -0.475 0.175 -0.5
v -0.517678 0.025 -0.482322
v -0.5 0.025 -0.475
v -0.517678 0.175 -0.482322
v -0.5 0.175 -0.475
v -0.325 0.025 -0.5
v -0.325 0.0176777 -0.482313
v -0.325 0.0176777 -0.517678
v -0.482322 0.175 -0.517678
v -0.517678 0.175 -0.517678
v -0.475 0.175 -0.5
v -0.525 0.175 -0.5
v -0.482332 -0.0176777 -0.324986
v -0.517678 -0.0176777 -0.324986
v -0.5 -0.025 -0.324986
v -0.517678 0.0176777 -0.324986
v -0.482332 0.0176777 -0.324986
v -0.5 0.025 -0.325
v -0.475014 0 -0.324986
v -0.525 0 -0.324986
v -0.517678 0.0176777 -0.324986
v -0.482332 0.0176777 -0.324986
v -0.482322 0.175 -0.482322
v -0.517678 0.175 -0.482322
v -0.482322 0.175 -0.517678
v -0.5 0.175 -0.525
v -0.517678 0.175 -0.517678
v -0.482322 0.175 -0.482322
v -0.517678 0.175 -0.482322
v -0.5 0.175 -0.475
v -0.325 0 -0.525
v -0.325014 0 -0.474986
v -0.325 -0.0176777 -0.517678
v -0.325 -0.0176777 -0.482313
v -0.325 -0.0176777 -0.517678
v -0.325 -0.0176777 -0.482313
v -0.325 -0.025 -0.5
v -0.325 0.0176777 -0.517678
v -0.325 0.0176777 -0.482313
v -0.325 0 -0.525
v -0.325014 0 -0.474986
v 0.482332 -0.0176777 0.482312
v 0.475014 0 0.474986
v 0.482332 -0.0176777 0.474986
v 0.482332 0.0176777 0.482312
v 0.5 0.025 0.475
v 0.482332 0.0176777 0.474986
v 0.475014 0 0.474986
v 0.475 0.0176777 0.482313
v 0.475 0.025 0.5
v 0.475 -0.0176777 0.482313
v 0.482322 -0.025 0.5
v 0.475 -0.025 0.5
v 0.482332 -0.0176777 0.517678
v 0.475 -0.0176777 0.517678
v 0.475 0 0.525
v 0.482332 0.0176777 0.517678
v 0.475 0.0176777 0.517678
v 0.5 -0.025 0.5
v 0.5 -0.0176777 0.517678
v 0.5 0 0.525
v 0.482322 0 0.525
v 0.5 0.0176777 0.525
v 0.482322 0.025 0.517678
v 0.5 0.025 0.525
v 0.517678 0.0176777 0.517678
v 0.517678 0.025 0.517678
v 0.525 0 0.5
v 0.517678 0.0176777 0.482322
v 0.525 0.0176777 0.5
v 0.525 0.025 0.5
v 0.517678 0.025 0.482322
v 0.525 0 0.482312
v 0.517678 -0.0176777 0.5
v 0.517678 0 0.517678
v 0.5 0.025 0.475
v 0.517678 0.0176777 0.474986
v 0.5 -0.025 0.474986
v 0.5 -0.025 0.482312
v 0.517678 -0.0176777 0.482312
v 0.482322 0.025 0.482322
v 0.475 0.025 0.5
v 0.517678 -0.0176777 0.474986
v 0.525 0 0.474986
v 0.475 0.025 0.5
v 0.475 0.0176777 0.482313
v 0.325 0.025 0.5
v 0.325 0.0176777 0.482313
v 0.475014 0 0.474986
v 0.475 -0.0176777 0.482313
v 0.325014 0 0.474986
v 0.325 -0.0176777 0.482313
v 0.475 -0.0176777 0.482313
v 0.475 -0.025 0.5
v 0.325 -0.0176777 0.482313
v 0.325 -0.025 0.5
v 0.475 -0.025 0.5
v 0.475 -0.0176777 0.517678
v 0.325 -0.025 0.5
v 0.325 -0.0176777 0.517678
v 0.475 0 0.525
v 0.475 0.0176777 0.517678
v 0.325 0 0.525
v 0.325 0.0176777 0.517678
v 0.475 -0.0176777 0.517678
v 0.475 0 0.525
v 0.325 -0.0176777 0.517678
v 0.325 0 0.525
v 0.475 0.0176777 0.482313
v 0.475014 0 0.474986
v 0.325 0.0176777 0.482313
v 0.325014 0 0.474986
v 0.475 0.0176777 0.517678
v 0.475 0.025 0.5
v 0.325 0.0176777 0.517678
v 0.325 0.025 0.5
v 0.482332 -0.0176777 0.474986
v 0.475014 0 0.474986
v 0.482332 -0.0176777 0.324986
v 0.475014 0 0.324986
v 0.482332 0.0176777 0.474986
v 0.5 0.025 0.475
v 0.482332 0.0176777 0.324986
v 0.5 0.025 0.325
v 0.475014 0 0.474986
v 0.482332 0.0176777 0.474986
v 0.475014 0 0.324986
v 0.482332 0.0176777 0.324986
v 0.5 0.025 0.475
v 0.517678 0.0176777 0.474986
v 0.5 0.025 0.325
v 0.517678 0.0176777 0.324986
v 0.5 -0.025 0.474986
v 0.482332 -0.0176777 0.474986
v 0.5 -0.025 0.324986
v 0.482332 -0.0176777 0.324986
v 0.517678 -0.0176777 0.474986
v 0.5 -0.025 0.474986
v 0.517678 -0.0176777 0.324986
v 0.5 -0.025 0.324986
v 0.525 0 0.474986
v 0.517678 -0.0176777 0.474986
v 0.525 0 0.324986
v 0.517678 -0.0176777 0.324986
v 0.517678 0.0176777 0.474986
v 0.525 0 0.474986
v 0.517678 0.0176777 0.324986
v 0.525 0 0.324986
v 0.482322 0.025 0.517678
v 0.5 0.025 0.525
v 0.482322 0.175 0.517678
v 0.5 0.175 0.525
v 0.5 0.025 0.525
v 0.517678 0.025 0.517678
v 0.5 0.175 0.525
v 0.517678 0.175 0.517678
v 0.525 0.025 0.5
v 0.517678 0.025 0.482322
v 0.525 0.175 0.5
v 0.517678 0.175 0.482322
v 0.517678 0.025 0.517678
v 0.525 0.025 0.5
v 0.517678 0.175 0.517678
v 0.525 0.175 0.5
v 0.5 0.025 0.475
v 0.482322 0.025 0.482322
v 0.5 0.175 0.475
v 0.482322 0.175 0.482322
v 0.475 0.025 0.5
v 0.482322 0.025 0.517678
v 0.475 0.175 0.5
v 0.482322 0.175 0.517678
v 0.482322 0.025 0.482322
v 0.475 0.025 0.5
v 0.482322 0.175 0.482322
v 0.475 0.175 0.5
v 0.517678 0.025 0.482322
v 0.5 0.025 0.475
v 0.517678 0.175 0.482322
v 0.5 0.175 0.475
v 0.325 0.025 0.5
v 0.325 0.0176777 0.482313
v 0.325 0.0176777 0.517678
v 0.482322 0.175 0.517678
v 0.517678 0.175 0.517678
v 0.475 0.175 0.5
v 0.525 0.175 0.5
v 0.482332 -0.0176777 0.324986
v 0.517678 -0.0176777 0.324986
v 0.5 -0.025 0.324986
v 0.517678 0.0176777 0.324986
v 0.482332 0.0176777 0.324986
v 0.5 0.025 0.325
v 0.475014 0 0.324986
v 0.525 0 0.324986
v 0.517678 0.0176777 0.324986
v 0.482332 0.0176777 0.324986
v 0.482322 0.175 0.482322
v 0.517678 0.175 0.482322
v 0.482322 0.175 0.517678
v 0.5 0.175 0.525
v 0.517678 0.175 0.517678
v 0.482322 0.175 0.482322
v 0.517678 0.175 0.482322
v 0.5 0.175 0.475
v 0.325 0 0.525
v 0.325014 0 0.474986
v 0.325 -0.0176777 0.517678
v 0.325 -0.0176777 0.482313
v 0.325 -0.0176777 0.517678
v 0.325 -0.0176777 0.482313
v 0.325 -0.025 0.5
v 0.325 0.0176777 0.517678
v 0.325 0.0176777 0.482313
v 0.325 0 0.525
v 0.325014 0 0.474986
v -0.482332 0.482312 -0.517678
v -0.475014 0.474986 -0.5
v -0.482332 0.474986 -0.517678
v -0.482332 0.482312 -0.482322
v -0.5 0.475 -0.475
v -0.482332 0.474986 -0.482322
v -0.475014 0.474986 -0.5
v -0.475 0.482313 -0.482322
v -0.475 0.5 -0.475
v -0.475 0.482313 -0.517678
v -0.482322 0.5 -0.525
v -0.475 0.5 -0.525
v -0.482332 0.517678 -0.517678
v -0.475 0.517678 -0.517678
v -0.475 0.525 -0.5
v -0.482332 0.517678 -0.482322
v -0.475 0.517678 -0.482322
v -0.5 0.5 -0.525
v -0.5 0.517678 -0.517678
v -0.5 0.525 -0.5
v -0.482322 0.525 -0.5
v -0.5 0.525 -0.482322
v -0.482322 0.517678 -0.475
v -0.5 0.525 -0.475
v -0.517678 0.517678 -0.482322
v -0.517678 0.517678 -0.475
v -0.525 0.5 -0.5
v -0.517678 0.482322 -0.482322
v -0.525 0.5 -0.482322
v -0.525 0.5 -0.475
v -0.517678 0.482322 -0.475
v -0.525 0.482312 -0.5
v -0.517678 0.5 -0.517678
v -0.517678 0.517678 -0.5
v -0.5 0.475 -0.475
v -0.517678 0.474986 -0.482322
v -0.5 0.474986 -0.525
v -0.5 0.482312 -0.525
v -0.517678 0.482312 -0.517678
v -0.482322 0.482322 -0.475
v -0.475 0.5 -0.475
v -0.517678 0.474986 -0.517678
v -0.525 0.474986 -0.5
v -0.475 0.5 -0.475
v -0.475 0.482313 -0.482322
v -0.325 0.5 -0.475
v -0.325 0.482313 -0.482322
v -0.475014 0.474986 -0.5
v -0.475 0.482313 -0.517678
v -0.325014 0.474986 -0.5
v -0.325 0.482313 -0.517678
v -0.475 0.482313 -0.517678
v -0.475 0.5 -0.525
v -0.325 0.482313 -0.517678
v -0.325 0.5 -0.525
v -0.475 0.5 -0.525
v -0.475 0.517678 -0.517678
v -0.325 0.5 -0.525
v -0.325 0.517678 -0.517678
v -0.475 0.525 -0.5
v -0.475 0.517678 -0.482322
v -0.325 0.525 -0.5
v -0.325 0.517678 -0.482322
v -0.475 0.517678 -0.517678
v -0.475 0.525 -0.5
v -0.325 0.517678 -0.517678
v -0.325 0.525 -0.5
v -0.475 0.482313 -0.482322
v -0.475014 0.474986 -0.5
v -0.325 0.482313 -0.482322
v -0.325014 0.474986 -0.5
v -0.475 0.517678 -0.482322
v -0.475 0.5 -0.475
v -0.325 0.517678 -0.482322
v -0.325 0.5 -0.475
v -0.482332 0.474986 -0.517678
v -0.475014 0.474986 -0.5
v -0.482332 0.324986 -0.517678
v -0.475014 0.324986 -0.5
v -0.482332 0.474986 -0.482322
v -0.5 0.475 -0.475
v -0.482332 0.324986 -0.482322
v -0.5 0.325 -0.475
v -0.475014 0.474986 -0.5
v -0.482332 0.474986 -0.482322
v -0.475014 0.324986 -0.5
v -0.482332 0.324986 -0.482322
v -0.5 0.475 -0.475
v -0.517678 0.474986 -0.482322
v -0.5 0.325 -0.475
v -0.517678 0.324986 -0.482322
v -0.5 0.474986 -0.525
v -0.482332 0.474986 -0.517678
v -0.5 0.324986 -0.525
v -0.482332 0.324986 -0.517678
v -0.517678 0.474986 -0.517678
v -0.5 0.474986 -0.525
v -0.517678 0.324986 -0.517678
v -0.5 0.324986 -0.525
v -0.525 0.474986 -0.5
v -0.517678 0.474986 -0.517678
v -0.525 0.324986 -0.5
v -0.517678 0.324986 -0.517678
v -0.517678 0.474986 -0.482322
v -0.525 0.474986 -0.5
v -0.517678 0.324986 -0.482322
v -0.525 0.324986 -0.5
v -0.482322 0.517678 -0.475
v -0.5 0.525 -0.475
v -0.482322 0.517678 -0.325
v -0.5 0.525 -0.325
v -0.5 0.525 -0.475
v -0.517678 0.517678 -0.475
v -0.5 0.525 -0.325
v -0.517678 0.517678 -0.325
v -0.525 0.5 -0.475
v -0.517678 0.482322 -0.475
v -0.525 0.5 -0.325
v -0.517678 0.482322 -0.325
v -0.517678 0.517678 -0.475
v -0.525 0.5 -0.475
v -0.517678 0.517678 -0.325
v -0.525 0.5 -0.325
v -0.5 0.475 -0.475
v -0.482322 0.482322 -0.475
v -0.5 0.475 -0.325
v -0.482322 0.482322 -0.325
v -0.475 0.5 -0.475
v -0.482322 0.517678 -0.475
v -0.475 0.5 -0.325
v -0.482322 0.517678 -0.325
v -0.482322 0.482322 -0.475
v -0.475 0.5 -0.475
v -0.482322 0.482322 -0.325
v -0.475 0.5 -0.325
v -0.517678 0.482322 -0.475
v -0.5 0.475 -0.475
v -0.517678 0.482322 -0.325
v -0.5 0.475 -0.325
v -0.325 0.5 -0.475
v -0.325 0.482313 -0.482322
v -0.325 0.517678 -0.482322
v -0.482322 0.517678 -0.325
v -0.517678 0.517678 -0.325
v -0.475 0.5 -0.325
v -0.525 0.5 -0.325
v -0.482332 0.324986 -0.517678
v -0.517678 0.324986 -0.517678
v -0.5 0.324986 -0.525
v -0.517678 0.324986 -0.482322
v -0.482332 0.324986 -0.482322
v -0.5 0.325 -0.475
v -0.475014 0.324986 -0.5
v -0.525 0.324986 -0.5
v -0.517678 0.324986 -0.482322
v -0.482332 0.324986 -0.482322
v -0.482322 0.482322 -0.325
v -0.517678 0.482322 -0.325
v -0.482322 0.517678 -0.325
v -0.5 0.525 -0.325
v -0.517678 0.517678 -0.325
v -0.482322 0.482322 -0.325
v -0.517678 0.482322 -0.325
v -0.5 0.475 -0.325
v -0.325 0.525 -0.5
v -0.325014 0.474986 -0.5
v -0.325 0.517678 -0.517678
v -0.325 0.482313 -0.517678
v -0.325 0.517678 -0.517678
v -0.325 0.482313 -0.517678
v -0.325 0.5 -0.525
v -0.325 0.517678 -0.482322
v -0.325 0.482313 -0.482322
v -0.325 0.525 -0.5
v -0.325014 0.474986 -0.5
v 0.482332 0.517678 -0.482312
v 0.475014 0.5 -0.474986
v 0.482332 0.517678 -0.474986
v 0.482332 0.482322 -0.482312
v 0.5 0.475 -0.475
v 0.482332 0.482322 -0.474986
v 0.475014 0.5 -0.474986
v 0.475 0.482322 -0.482313
v 0.475 0.475 -0.5
v 0.475 0.517678 -0.482313
v 0.482322 0.525 -0.5
v 0.475 0.525 -0.5
v 0.482332 0.517678 -0.517678
v 0.475 0.517678 -0.517678
v 0.475 0.5 -0.525
v 0.482332 0.482322 -0.517678
v 0.475 0.482322 -0.517678
v 0.5 0.525 -0.5
v 0.5 0.517678 -0.517678
v 0.5 0.5 -0.525
v 0.482322 0.5 -0.525
v 0.5 0.482322 -0.525
v 0.482322 0.475 -0.517678
v 0.5 0.475 -0.525
v 0.517678 0.482322 -0.517678
v 0.517678 0.475 -0.517678
v 0.525 0.5 -0.5
v 0.517678 0.482322 -0.482322
v 0.525 0.482322 -0.5
v 0.525 0.475 -0.5
v 0.517678 0.475 -0.482322
v 0.525 0.5 -0.482312
v 0.517678 0.517678 -0.5
v 0.517678 0.5 -0.517678
v 0.5 0.475 -0.475
v 0.517678 0.482322 -0.474986
v 0.5 0.525 -0.474986
v 0.5 0.525 -0.482312
v 0.517678 0.517678 -0.482312
v 0.482322 0.475 -0.482322
v 0.475 0.475 -0.5
v 0.517678 0.517678 -0.474986
v 0.525 0.5 -0.474986
v 0.475 0.475 -0.5
v 0.475 0.482322 -0.482313
v 0.325 0.475 -0.5
v 0.325 0.482322 -0.482313
v 0.475014 0.5 -0.474986
v 0.475 0.517678 -0.482313
v 0.325014 0.5 -0.474986
v 0.325 0.517678 -0.482313
v 0.475 0.517678 -0.482313
v 0.475 0.525 -0.5
v 0.325 0.517678 -0.482313
v 0.325 0.525 -0.5
v 0.475 0.525 -0.5
v 0.475 0.517678 -0.517678
v 0.325 0.525 -0.5
v 0.325 0.517678 -0.517678
v 0.475 0.5 -0.525
v 0.475 0.482322 -0.517678
v 0.325 0.5 -0.525
v 0.325 0.482322 -0.517678
v 0.475 0.517678 -0.517678
v 0.475 0.5 -0.525
v 0.325 0.517678 -0.517678
v 0.325 0.5 -0.525
v 0.475 0.482322 -0.482313
v 0.475014 0.5 -0.474986
v 0.325 0.482322 -0.482313
v 0.325014 0.5 -0.474986
v 0.475 0.482322 -0.517678
v 0.475 0.475 -0.5
v 0.325 0.482322 -0.517678
v 0.325 0.475 -0.5
v 0.482332 0.517678 -0.474986
v 0.475014 0.5 -0.474986
v 0.482332 0.517678 -0.324986
v 0.475014 0.5 -0.324986
v 0.482332 0.482322 -0.474986
v 0.5 0.475 -0.475
v 0.482332 0.482322 -0.324986
v 0.5 0.475 -0.325
v 0.475014 0.5 -0.474986
v 0.482332 0.482322 -0.474986
v 0.475014 0.5 -0.324986
v 0.482332 0.482322 -0.324986
v 0.5 0.475 -0.475
v 0.517678 0.482322 -0.474986
v 0.5 0.475 -0.325
v 0.517678 0.482322 -0.324986
v 0.5 0.525 -0.474986
v 0.482332 0.517678 -0.474986
v 0.5 0.525 -0.324986
v 0.482332 0.517678 -0.324986
v 0.517678 0.517678 -0.474986
v 0.5 0.525 -0.474986
v 0.517678 0.517678 -0.324986
v 0.5 0.525 -0.324986
v 0.525 0.5 -0.474986
v 0.517678 0.517678 -0.474986
v 0.525 0.5 -0.324986
v 0.517678 0.517678 -0.324986
v 0.517678 0.482322 -0.474986
v 0.525 0.5 -0.474986
v 0.517678 0.482322 -0.324986
v 0.525 0.5 -0.324986
v 0.482322 0.475 -0.517678
v 0.5 0.475 -0.525
v 0.482322 0.325 -0.517678
v 0.5 0.325 -0.525
v 0.5 0.475 -0.525
v 0.517678 0.475 -0.517678
v 0.5 0.325 -0.525
v 0.517678 0.325 -0.517678
v 0.525 0.475 -0.5
v 0.517678 0.475 -0.482322
v 0.525 0.325 -0.5
v 0.517678 0.325 -0.482322
v 0.517678 0.475 -0.517678
v 0.525 0.475 -0.5
v 0.517678 0.325 -0.517678
v 0.525 0.325 -0.5
v 0.5 0.475 -0.475
v 0.482322 0.475 -0.482322
v 0.5 0.325 -0.475
v 0.482322 0.325 -0.482322
v 0.475 0.475 -0.5
v 0.482322 0.475 -0.517678
v 0.475 0.325 -0.5
v 0.482322 0.325 -0.517678
v 0.482322 0.475 -0.482322
v 0.475 0.475 -0.5
v 0.482322 0.325 -0.482322
v 0.475 0.325 -0.5
v 0.517678 0.475 -0.482322
v 0.5 0.475 -0.475
v 0.517678 0.325 -0.482322
v 0.5 0.325 -0.475
v 0.325 0.475 -0.5
v 0.325 0.482322 -0.482313
v 0.325 0.482322 -0.517678
v 0.482322 0.325 -0.517678
v 0.517678 0.325 -0.517678
v 0.475 0.325 -0.5
v 0.525 0.325 -0.5
v 0.482332 0.517678 -0.324986
v 0.517678 0.517678 -0.324986
v 0.5 0.525 -0.324986
v 0.517678 0.482322 -0.324986
v 0.482332 0.482322 -0.324986
v 0.5 0.475 -0.325
v 0.475014 0.5 -0.324986
v 0.525 0.5 -0.324986
v 0.517678 0.482322 -0.324986
v 0.482332 0.482322 -0.324986
v 0.482322 0.325 -0.482322
v 0.517678 0.325 -0.482322
v 0.482322 0.325 -0.517678
v 0.5 0.325 -0.525
v 0.517678 0.325 -0.517678
v 0.482322 0.325 -0.482322
v 0.517678 0.325 -0.482322
v 0.5 0.325 -0.475
v 0.325 0.5 -0.525
v 0.325014 0.5 -0.474986
v 0.325 0.517678 -0.517678
v 0.325 0.517678 -0.482313
v 0.325 0.517678 -0.517678
v 0.325 0.517678 -0.482313
v 0.325 0.525 -0.5
v 0.325 0.482322 -0.517678
v 0.325 0.482322 -0.482313
v 0.325 0.5 -0.525
v 0.325014 0.5 -0.474986
v -0.482332 0.517678 0.482312
v -0.475014 0.5 0.474986
v -0.482332 0.517678 0.474986
v -0.482332 0.482322 0.482312
v -0.5 0.475 0.475
v -0.482332 0.482322 0.474986
v -0.475014 0.5 0.474986
v -0.475 0.482322 0.482313
v -0.475 0.475 0.5
v -0.475 0.517678 0.482313
v -0.482322 0.525 0.5
v -0.475 0.525 0.5
v -0.482332 0.517678 0.517678
v -0.475 0.517678 0.517678
v -0.475 0.5 0.525
v -0.482332 0.482322 0.517678
v -0.475 0.482322 0.517678
v -0.5 0.525 0.5
v -0.5 0.517678 0.517678
v -0.5 0.5 0.525
v -0.482322 0.5 0.525
v -0.5 0.482322 0.525
v -0.482322 0.475 0.517678
v -0.5 0.475 0.525
v -0.517678 0.482322 0.517678
v -0.517678 0.475 0.517678
v -0.525 0.5 0.5
v -0.517678 0.482322 0.482322
v -0.525 0.482322 0.5
v -0.525 0.475 0.5
v -0.517678 0.475 0.482322
v -0.525 0.5 0.482312
v -0.517678 0.517678 0.5
v -0.517678 0.5 0.517678
v -0.5 0.475 0.475
v -0.517678 0.482322 0.474986
v -0.5 0.525 0.474986
v -0.5 0.525 0.482312
v -0.517678 0.517678 0.482312
v -0.482322 0.475 0.482322
v -0.475 0.475 0.5
v -0.517678 0.517678 0.474986
v -0.525 0.5 0.474986
v -0.475 0.475 0.5
v -0.475 0.482322 0.482313
v -0.325 0.475 0.5
v -0.325 0.482322 0.482313
v -0.475014 0.5 0.474986
v -0.475 0.517678 0.482313
v -0.325014 0.5 0.474986
v -0.325 0.517678 0.482313
v -0.475 0.517678 0.482313
v -0.475 0.525 0.5
v -0.325 0.517678 0.482313
v -0.325 0.525 0.5
v -0.475 0.525 0.5
v -0.475 0.517678 0.517678
v -0.325 0.525 0.5
v -0.325 0.517678 0.517678
v -0.475 0.5 0.525
v -0.475 0.482322 0.517678
v -0.325 0.5 0.525
v -0.325 0.482322 0.517678
v -0.475 0.517678 0.517678
v -0.475 0.5 0.525
v -0.325 0.517678 0.517678
v -0.325 0.5 0.525
v -0.475 0.482322 0.482313
v -0.475014 0.5 0.474986
v -0.325 0.482322 0.482313
v -0.325014 0.5 0.474986
v -0.475 0.482322 0.517678
v -0.475 0.475 0.5
v -0.325 0.482322 0.517678
v -0.325 0.475 0.5
v -0.482332 0.517678 0.474986
v -0.475014 0.5 0.474986
v -0.482332 0.517678 0.324986
v -0.475014 0.5 0.324986
v -0.482332 0.482322 0.474986
v -0.5 0.475 0.475
v -0.482332 0.482322 0.324986
v -0.5 0.475 0.325
v -0.475014 0.5 0.474986
v -0.482332 0.482322 0.474986
v -0.475014 0.5 0.324986
v -0.482332 0.482322 0.324986
v -0.5 0.475 0.475
v -0.517678 0.482322 0.474986
v -0.5 0.475 0.325
v -0.517678 0.482322 0.324986
v -0.5 0.525 0.474986
v -0.482332 0.517678 0.474986
v -0.5 0.525 0.324986
v -0.482332 0.517678 0.324986
v -0.517678 0.517678 0.474986
v -0.5 0.525 0.474986
v -0.517678 0.517678 0.324986
v -0.5 0.525 0.324986
v -0.525 0.5 0.474986
v -0.517678 0.517678 0.474986
v -0.525 0.5 0.324986
v -0.517678 0.517678 0.324986
v -0.517678 0.482322 0.474986
v -0.525 0.5 0.474986
v -0.517678 0.482322 0.324986
v -0.525 0.5 0.324986
v -0.482322 0.475 0.517678
v -0.5 0.475 0.525
v -0.482322 0.325 0.517678
v -0.5 0.325 0.525
v -0.5 0.475 0.525
v -0.517678 0.475 0.517678
v -0.5 0.325 0.525
v -0.517678 0.325 0.517678
v -0.525 0.475 0.5
v -0.517678 0.475 0.482322
v -0.525 0.325 0.5
v -0.517678 0.325 0.482322
v -0.517678 0.475 0.517678
v -0.525 0.475 0.5
v -0.517678 0.325 0.517678
v -0.525 0.325 0.5
v -0.5 0.475 0.475
v -0.482322 0.475 0.482322
v -0.5 0.325 0.475
v -0.482322 0.325 0.482322
v -0.475 0.475 0.5
v -0.482322 0.475 0.517678
v -0.475 0.325 0.5
v -0.482322 0.325 0.517678
v -0.482322 0.475 0.482322
v -0.475 0.475 0.5
v -0.482322 0.325 0.482322
v -0.475 0.325 0.5
v -0.517678 0.475 0.482322
v -0.5 0.475 0.475
v -0.517678 0.325 0.482322
v -0.5 0.325 0.475
v -0.325 0.475 0.5
v -0.325 0.482322 0.482313
v -0.325 0.482322 0.517678
v -0.482322 0.325 0.517678
v -0.517678 0.325 0.517678
v -0.475 0.325 0.5
v -0.525 0.325 0.5
v -0.482332 0.517678 0.324986
v -0.517678 0.517678 0.324986
v -0.5 0.525 0.324986
v -0.517678 0.482322 0.324986
v -0.482332 0.482322 0.324986
v -0.5 0.475 0.325
v -0.475014 0.5 0.324986
v -0.525 0.5 0.324986
v -0.517678 0.482322 0.324986
v -0.482332 0.482322 0.324986
v -0.482322 0.325 0.482322
v -0.517678 0.325 0.482322
v -0.482322 0.325 0.517678
v -0.5 0.325 0.525
v -0.517678 0.325 0.517678
v -0.482322 0.325 0.482322
v -0.517678 0.325 0.482322
v -0.5 0.325 0.475
v -0.325 0.5 0.525
v -0.325014 0.5 0.474986
v -0.325 0.517678 0.517678
v -0.325 0.517678 0.482313
v -0.325 0.517678 0.517678
v -0.325 0.517678 0.482313
v -0.325 0.525 0.5
v -0.325 0.482322 0.517678
v -0.325 0.482322 0.482313
v -0.325 0.5 0.525
v -0.325014 0.5 0.474986
v 0.482312 0.517678 0.482332
v 0.474986 0.5 0.475014
v 0.474986 0.517678 0.482332
v 0.482312 0.482322 0.482332
v 0.475 0.475 0.5
v 0.474986 0.482322 0.482332
v 0.474986 0.5 0.475014
v 0.482313 0.482322 0.475
v 0.5 0.475 0.475
v 0.482313 0.517678 0.475
v 0.5 0.525 0.482322
v 0.5 0.525 0.475
v 0.517678 0.517678 0.482332
v 0.517678 0.517678 0.475
v 0.525 0.5 0.475
v 0.517678 0.482322 0.482332
v 0.517678 0.482322 0.475
v 0.5 0.525 0.5
v 0.517678 0.517678 0.5
v 0.525 0.5 0.5
v 0.525 0.5 0.482322
v 0.525 0.482322 0.5
v 0.517678 0.475 0.482322
v 0.525 0.475 0.5
v 0.517678 0.482322 0.517678
v 0.517678 0.475 0.517678
v 0.5 0.5 0.525
v 0.482322 0.482322 0.517678
v 0.5 0.482322 0.525
v 0.5 0.475 0.525
v 0.482322 0.475 0.517678
v 0.482312 0.5 0.525
v 0.5 0.517678 0.517678
v 0.517678 0.5 0.517678
v 0.475 0.475 0.5
v 0.474986 0.482322 0.517678
v 0.474986 0.525 0.5
v 0.482312 0.525 0.5
v 0.482312 0.517678 0.517678
v 0.482322 0.475 0.482322
v 0.5 0.475 0.475
v 0.474986 0.517678 0.517678
v 0.474986 0.5 0.525
v 0.5 0.475 0.475
v 0.482313 0.482322 0.475
v 0.5 0.475 0.325
v 0.482313 0.482322 0.325
v 0.474986 0.5 0.475014
v 0.482313 0.517678 0.475
v 0.474986 0.5 0.325014
v 0.482313 0.517678 0.325
v 0.482313 0.517678 0.475
v 0.5 0.525 0.475
v 0.482313 0.517678 0.325
v 0.5 0.525 0.325
v 0.5 0.525 0.475
v 0.517678 0.517678 0.475
v 0.5 0.525 0.325
v 0.517678 0.517678 0.325
v 0.525 0.5 0.475
v 0.517678 0.482322 0.475
v 0.525 0.5 0.325
v 0.517678 0.482322 0.325
v 0.517678 0.517678 0.475
v 0.525 0.5 0.475
v 0.517678 0.517678 0.325
v 0.525 0.5 0.325
v 0.482313 0.482322 0.475
v 0.474986 0.5 0.475014
v 0.482313 0.482322 0.325
v 0.474986 0.5 0.325014
v 0.517678 0.482322 0.475
v 0.5 0.475 0.475
v 0.517678 0.482322 0.325
v 0.5 0.475 0.325
v 0.474986 0.517678 0.482332
v 0.474986 0.5 0.475014
v 0.324986 0.517678 0.482332
v 0.324986 0.5 0.475014
v 0.474986 0.482322 0.482332
v 0.475 0.475 0.5
v 0.324986 0.482322 0.482332
v 0.325 0.475 0.5
v 0.474986 0.5 0.475014
v 0.474986 0.482322 0.482332
v 0.324986 0.5 0.475014
v 0.324986 0.482322 0.482332
v 0.475 0.475 0.5
v 0.474986 0.482322 0.517678
v 0.325 0.475 0.5
v 0.324986 0.482322 0.517678
v 0.474986 0.525 0.5
v 0.474986 0.517678 0.482332
v 0.324986 0.525 0.5
v 0.324986 0.517678 0.482332
v 0.474986 0.517678 0.517678
v 0.474986 0.525 0.5
v 0.324986 0.517678 0.517678
v 0.324986 0.525 0.5
v 0.474986 0.5 0.525
v 0.474986 0.517678 0.517678
v 0.324986 0.5 0.525
v 0.324986 0.517678 0.517678
v 0.474986 0.482322 0.517678
v 0.474986 0.5 0.525
v 0.324986 0.482322 0.517678
v 0.324986 0.5 0.525
v 0.517678 0.475 0.482322
v 0.525 0.475 0.5
v 0.517678 0.325 0.482322
v 0.525 0.325 0.5
v 0.525 0.475 0.5
v 0.517678 0.475 0.517678
v 0.525 0.325 0.5
v 0.517678 0.325 0.517678
v 0.5 0.475 0.525
v 0.482322 0.475 0.517678
v 0.5 0.325 0.525
v 0.482322 0.325 0.517678
v 0.517678 0.475 0.517678
v 0.5 0.475 0.525
v 0.517678 0.325 0.517678
v 0.5 0.325 0.525
v 0.475 0.475 0.5
v 0.482322 0.475 0.482322
v 0.475 0.325 0.5
v 0.482322 0.325 0.482322
v 0.5 0.475 0.475
v 0.517678 0.475 0.482322
v 0.5 0.325 0.475
v 0.517678 0.325 0.482322
v 0.482322 0.475 0.482322
v 0.5 0.475 0.475
v 0.482322 0.325 0.482322
v 0.5 0.325 0.475
v 0.482322 0.475 0.517678
v 0.475 0.475 0.5
v 0.482322 0.325 0.517678
v 0.475 0.325 0.5
v 0.5 0.475 0.325
v 0.482313 0.482322 0.325
v 0.517678 0.482322 0.325
v 0.517678 0.325 0.482322
v 0.517678 0.325 0.517678
v 0.5 0.325 0.475
v 0.5 0.325 0.525
v 0.324986 0.517678 0.482332
v 0.324986 0.517678 0.517678
v 0.324986 0.525 0.5
v 0.324986 0.482322 0.517678
v 0.324986 0.482322 0.482332
v 0.325 0.475 0.5
v 0.324986 0.5 0.475014
v 0.324986 0.5 0.525
v 0.324986 0.482322 0.517678
v 0.324986 0.482322 0.482332
v 0.482322 0.325 0.482322
v 0.482322 0.325 0.517678
v 0.517678 0.325 0.482322
v 0.525 0.325 0.5
v 0.517678 0.325 0.517678
v 0.482322 0.325 0.482322
v 0.482322 0.325 0.517678
v 0.475 0.325 0.5
v 0.525 0.5 0.325
v 0.474986 0.5 0.325014
v 0.517678 0.517678 0.325
v 0.482313 0.517678 0.325
v 0.517678 0.517678 0.325
v 0.482313 0.517678 0.325
v 0.5 0.525 0.325
v 0.517678 0.482322 0.325
v 0.482313 0.482322 0.325
v 0.525 0.5 0.325
v 0.474986 0.5 0.325014
v 0.482312 -0.0176777 -0.482332
v 0.474986 0 -0.475014
v 0.474986 -0.0176777 -0.482332
v 0.482312 0.0176777 -0.482332
v 0.475 0.025 -0.5
v 0.474986 0.0176777 -0.482332
v 0.474986 0 -0.475014
v 0.482313 0.0176777 -0.475
v 0.5 0.025 -0.475
v 0.482313 -0.0176777 -0.475
v 0.5 -0.025 -0.482322
v 0.5 -0.025 -0.475
v 0.517678 -0.0176777 -0.482332
v 0.517678 -0.0176777 -0.475
v 0.525 0 -0.475
v 0.517678 0.0176777 -0.482332
v 0.517678 0.0176777 -0.475
v 0.5 -0.025 -0.5
v 0.517678 -0.0176777 -0.5
v 0.525 0 -0.5
v 0.525 0 -0.482322
v 0.525 0.0176777 -0.5
v 0.517678 0.025 -0.482322
v 0.525 0.025 -0.5
v 0.517678 0.0176777 -0.517678
v 0.517678 0.025 -0.517678
v 0.5 0 -0.525
v 0.482322 0.0176777 -0.517678
v 0.5 0.0176777 -0.525
v 0.5 0.025 -0.525
v 0.482322 0.025 -0.517678
v 0.482312 0 -0.525
v 0.5 -0.0176777 -0.517678
v 0.517678 0 -0.517678
v 0.475 0.025 -0.5
v 0.474986 0.0176777 -0.517678
v 0.474986 -0.025 -0.5
v 0.482312 -0.025 -0.5
v 0.482312 -0.0176777 -0.517678
v 0.482322 0.025 -0.482322
v 0.5 0.025 -0.475
v 0.474986 -0.0176777 -0.517678
v 0.474986 0 -0.525
v 0.5 0.025 -0.475
v 0.482313 0.0176777 -0.475
v 0.5 0.025 -0.325
v 0.482313 0.0176777 -0.325
v 0.474986 0 -0.475014
v 0.482313 -0.0176777 -0.475
v 0.474986 0 -0.325014
v 0.482313 -0.0176777 -0.325
v 0.482313 -0.0176777 -0.475
v 0.5 -0.025 -0.475
v 0.482313 -0.0176777 -0.325
v 0.5 -0.025 -0.325
v 0.5 -0.025 -0.475
v 0.517678 -0.0176777 -0.475
v 0.5 -0.025 -0.325
v 0.517678 -0.0176777 -0.325
v 0.525 0 -0.475
v 0.517678 0.0176777 -0.475
v 0.525 0 -0.325
v 0.517678 0.0176777 -0.325
v 0.517678 -0.0176777 -0.475
v 0.525 0 -0.475
v 0.517678 -0.0176777 -0.325
v 0.525 0 -0.325
v 0.482313 0.0176777 -0.475
v 0.474986 0 -0.475014
v 0.482313 0.0176777 -0.325
v 0.474986 0 -0.325014
v 0.517678 0.0176777 -0.475
v 0.5 0.025 -0.475
v 0.517678 0.0176777 -0.325
v 0.5 0.025 -0.325
v 0.474986 -0.0176777 -0.482332
v 0.474986 0 -0.475014
v 0.324986 -0.0176777 -0.482332
v 0.324986 0 -0.475014
v 0.474986 0.0176777 -0.482332
v 0.475 0.025 -0.5
v 0.324986 0.0176777 -0.482332
v 0.325 0.025 -0.5
v 0.474986 0 -0.475014
v 0.474986 0.0176777 -0.482332
v 0.324986 0 -0.475014
v 0.324986 0.0176777 -0.482332
v 0.475 0.025 -0.5
v 0.474986 0.0176777 -0.517678
v 0.325 0.025 -0.5
v 0.324986 0.0176777 -0.517678
v 0.474986 -0.025 -0.5
v 0.474986 -0.0176777 -0.482332
v 0.324986 -0.025 -0.5
v 0.324986 -0.0176777 -0.482332
v 0.474986 -0.0176777 -0.517678
v 0.474986 -0.025 -0.5
v 0.324986 -0.0176777 -0.517678
v 0.324986 -0.025 -0.5
v 0.474986 0 -0.525
v 0.474986 -0.0176777 -0.517678
v 0.324986 0 -0.525
v 0.324986 -0.0176777 -0.517678
v 0.474986 0.0176777 -0.517678
v 0.474986 0 -0.525
v 0.324986 0.0176777 -0.517678
v 0.324986 0 -0.525
v 0.517678 0.025 -0.482322
v 0.525 0.025 -0.5
v 0.517678 0.175 -0.482322
v 0.525 0.175 -0.5
v 0.525 0.025 -0.5
v 0.517678 0.025 -0.517678
v 0.525 0.175 -0.5
v 0.517678 0.175 -0.517678
v 0.5 0.025 -0.525
v 0.482322 0.025 -0.517678
v 0.5 0.175 -0.525
v 0.482322 0.175 -0.517678
v 0.517678 0.025 -0.517678
v 0.5 0.025 -0.525
v 0.517678 0.175 -0.517678
v 0.5 0.175 -0.525
v 0.475 0.025 -0.5
v 0.482322 0.025 -0.482322
v 0.475 0.175 -0.5
v 0.482322 0.175 -0.482322
v 0.5 0.025 -0.475
v 0.517678 0.025 -0.482322
v 0.5 0.175 -0.475
v 0.517678 0.175 -0.482322
v 0.482322 0.025 -0.482322
v 0.5 0.025 -0.475
v 0.482322 0.175 -0.482322
v 0.5 0.175 -0.475
v 0.482322 0.025 -0.517678
v 0.475 0.025 -0.5
v 0.482322 0.175 -0.517678
v 0.475 0.175 -0.5
v 0.5 0.025 -0.325
v 0.482313 0.0176777 -0.325
v 0.517678 0.0176777 -0.325
v 0.517678 0.175 -0.482322
v 0.517678 0.175 -0.517678
v 0.5 0.175 -0.475
v 0.5 0.175 -0.525
v 0.324986 -0.0176777 -0.482332
v 0.324986 -0.0176777 -0.517678
v 0.324986 -0.025 -0.5
v 0.324986 0.0176777 -0.517678
v 0.324986 0.0176777 -0.482332
v 0.325 0.025 -0.5
v 0.324986 0 -0.475014
v 0.324986 0 -0.525
v 0.324986 0.0176777 -0.517678
v 0.324986 0.0176777 -0.482332
v 0.482322 0.175 -0.482322
v 0.482322 0.175 -0.517678
v 0.517678 0.175 -0.482322
v 0.525 0.175 -0.5
v 0.517678 0.175 -0.517678
v 0.482322 0.175 -0.482322
v 0.482322 0.175 -0.517678
v 0.475 0.175 -0.5
v 0.525 0 -0.325
v 0.474986 0 -0.325014
v 0.517678 -0.0176777 -0.325
v 0.482313 -0.0176777 -0.325
v 0.517678 -0.0176777 -0.325
v 0.482313 -0.0176777 -0.325
v 0.5 -0.025 -0.325
v 0.517678 0.0176777 -0.325
v 0.482313 0.0176777 -0.325
v 0.525 0 -0.325
v 0.474986 0 -0.325014
v -0.482312 -0.0176777 0.482332
v -0.474986 0 0.475014
v -0.474986 -0.0176777 0.482332
v -0.482312 0.0176777 0.482332
v -0.475 0.025 0.5
v -0.474986 0.0176777 0.482332
v -0.474986 0 0.475014
v -0.482313 0.0176777 0.475
v -0.5 0.025 0.475
v -0.482313 -0.0176777 0.475
v -0.5 -0.025 0.482322
v -0.5 -0.025 0.475
v -0.517678 -0.0176777 0.482332
v -0.517678 -0.0176777 0.475
v -0.525 0 0.475
v -0.517678 0.0176777 0.482332
v -0.517678 0.0176777 0.475
v -0.5 -0.025 0.5
v -0.517678 -0.0176777 0.5
v -0.525 0 0.5
v -0.525 0 0.482322
v -0.525 0.0176777 0.5
v -0.517678 0.025 0.482322
v -0.525 0.025 0.5
v -0.517678 0.0176777 0.517678
v -0.517678 0.025 0.517678
v -0.5 0 0.525
v -0.482322 0.0176777 0.517678
v -0.5 0.0176777 0.525
v -0.5 0.025 0.525
v -0.482322 0.025 0.517678
v -0.482312 0 0.525
v -0.5 -0.0176777 0.517678
v -0.517678 0 0.517678
v -0.475 0.025 0.5
v -0.474986 0.0176777 0.517678
v -0.474986 -0.025 0.5
v -0.482312 -0.025 0.5
v -0.482312 -0.0176777 0.517678
v -0.482322 0.025 0.482322
v -0.5 0.025 0.475
v -0.474986 -0.0176777 0.517678
v -0.474986 0 0.525
v -0.5 0.025 0.475
v -0.482313 0.0176777 0.475
v -0.5 0.025 0.325
v -0.482313 0.0176777 0.325
v -0.474986 0 0.475014
v -0.482313 -0.0176777 0.475
v -0.474986 0 0.325014
v -0.482313 -0.0176777 0.325
v -0.482313 -0.0176777 0.475
v -0.5 -0.025 0.475
v -0.482313 -0.0176777 0.325
v -0.5 -0.025 0.325
v -0.5 -0.025 0.475
v -0.517678 -0.0176777 0.475
v -0.5 -0.025 0.325
v -0.517678 -0.0176777 0.325
v -0.525 0 0.475
v -0.517678 0.0176777 0.475
v -0.525 0 0.325
v -0.517678 0.0176777 0.325
v -0.517678 -0.0176777 0.475
v -0.525 0 0.475
v -0.517678 -0.0176777 0.325
v -0.525 0 0.325
v -0.482313 0.0176777 0.475
v -0.474986 0 0.475014
v -0.482313 0.0176777 0.325
v -0.474986 0 0.325014
v -0.517678 0.0176777 0.475
v -0.5 0.025 0.475
v -0.517678 0.0176777 0.325
v -0.5 0.025 0.325
v -0.474986 -0.0176777 0.482332
v -0.474986 0 0.475014
v -0.324986 -0.0176777 0.482332
v -0.324986 0 0.475014
v -0.474986 0.0176777 0.482332
v -0.475 0.025 0.5
v -0.324986 0.0176777 0.482332
v -0.325 0.025 0.5
v -0.474986 0 0.475014
v -0.474986 0.0176777 0.482332
v -0.324986 0 0.475014
v -0.324986 0.0176777 0.482332
v -0.475 0.025 0.5
v -0.474986 0.0176777 0.517678
v -0.325 0.025 0.5
v -0.324986 0.0176777 0.517678
v -0.474986 -0.025 0.5
v -0.474986 -0.0176777 0.482332
v -0.324986 -0.025 0.5
v -0.324986 -0.0176777 0.482332
v -0.474986 -0.0176777 0.517678
v -0.474986 -0.025 0.5
v -0.324986 -0.0176777 0.517678
v -0.324986 -0.025 0.5
v -0.474986 0 0.525
v -0.474986 -0.0176777 0.517678
v -0.324986 0 0.525
v -0.324986 -0.0176777 0.517678
v -0.474986 0.0176777 0.517678
v -0.474986 0 0.525
v -0.324986 0.0176777 0.517678
v -0.324986 0 0.525
v -0.517678 0.025 0.482322
v -0.525 0.025 0.5
v -0.517678 0.175 0.482322
v -0.525 0.175 0.5
v -0.525 0.025 0.5
v -0.517678 0.025 0.517678
v -0.525 0.175 0.5
v -0.517678 0.175 0.517678
v -0.5 0.025 0.525
v -0.482322 0.025 0.517678
v -0.5 0.175 0.525
v -0.482322 0.175 0.517678
v -0.517678 0.025 0.517678
v -0.5 0.025 0.525
v -0.517678 0.175 0.517678
v -0.5 0.175 0.525
v -0.475 0.025 0.5
v -0.482322 0.025 0.482322
v -0.475 0.175 0.5
v -0.482322 0.175 0.482322
v -0.5 0.025 0.475
v -0.517678 0.025 0.482322
v -0.5 0.175 0.475
v -0.517678 0.175 0.482322
v -0.482322 0.025 0.482322
v -0.5 0.025 0.475
v -0.482322 0.175 0.482322
v -0.5 0.175 0.475
v -0.482322 0.025 0.517678
v -0.475 0.025 0.5
v -0.482322 0.175 0.517678
v -0.475 0.175 0.5
v -0.5 0.025 0.325
v -0.482313 0.0176777 0.325
v -0.517678 0.0176777 0.325
v -0.517678 0.175 0.482322
v -0.517678 0.175 0.517678
v -0.5 0.175 0.475
v -0.5 0.175 0.525
v -0.324986 -0.0176777 0.482332
v -0.324986 -0.0176777 0.517678
v -0.324986 -0.025 0.5
v -0.324986 0.0176777 0.517678
v -0.324986 0.0176777 0.482332
v -0.325 0.025 0.5
v -0.324986 0 0.475014
v -0.324986 0 0.525
v -0.324986 0.0176777 0.517678
v -0.324986 0.0176777 0.482332
v -0.482322 0.175 0.482322
v -0.482322 0.175 0.517678
v -0.517678 0.175 0.482322
v -0.525 0.175 0.5
v -0.517678 0.175 0.517678
v -0.482322 0.175 0.482322
v -0.482322 0.175 0.517678
v -0.475 0.175 0.5
v -0.525 0 0.325
v -0.474986 0 0.325014
v -0.517678 -0.0176777 0.325
v -0.482313 -0.0176777 0.325
v -0.517678 -0.0176777 0.325
v -0.482313 -0.0176777 0.325
v -0.5 -0.025 0.325
v -0.517678 0.0176777 0.325
v -0.482313 0.0176777 0.325
v -0.525 0 0.325
v -0.474986 0 0.325014

vn 0.344727 -0.895508 0.280762
vn 0.609863 -0.505371 0.609863
vn 0.707031 -0.706543 -1.45435e-005
vn 0.577148 0.577148 0.577148
vn 0.505371 0.610352 0.609863
vn 0.707031 0.706543 0
vn 0.609863 0.505371 0.609863
vn 1.45435e-005 0.707031 0.706543
vn 0.609863 0.609863 0.505371
vn 9.59635e-006 -0.796875 0.603516
vn 1.66893e-006 -0.996582 0.0823975
vn 0 -0.990234 -0.136719
vn 0 -0.747559 -0.664063
vn 0 -0.603516 -0.796875
vn 0 0.136719 -0.990234
vn 0.281006 0.344238 -0.895508
vn 0 0.707031 -0.707031
vn -0.0643921 -0.98877 -0.133423
vn -0.282227 -0.678223 -0.678223
vn -0.113953 -0.114014 -0.986816
vn 0 -0.0825195 -0.996582
vn 0.0825806 -0.000110447 -0.996094
vn 0.603516 -0.00062418 -0.796875
vn -0.136719 0 -0.990234
vn -0.603516 0 -0.796875
vn -0.796875 0 -0.603516
vn -0.98877 -0.133423 -0.0644531
vn -0.895508 0.280762 0.344482
vn -0.990234 0 -0.136719
vn -0.990234 0 0.136719
vn -0.707031 0 0.707031
vn -0.996582 0.0825195 0
vn -0.635742 -0.734375 -0.235596
vn -0.734375 -0.235596 -0.635742
vn -0.505371 0.609863 0.609863
vn -0.796875 0.603516 0
vn 0.136841 -0.990234 -2.80142e-006
vn -0.136597 -0.990234 0
vn -0.796875 -0.603516 0
vn 0.707031 1.56164e-005 0.707031
vn 0.610352 0.609375 -0.505371
vn -0.603516 -0.796875 0
vn -0.990234 -0.136719 0
vn 0 0.923828 0.382324
vn 0 0.923828 0.382324
vn 0 0.923828 0.382324
vn 0 0.923828 0.382324
vn 0 -0.382813 0.92334
vn 0 -0.382813 0.92334
vn 0 -0.382813 0.92334
vn 0 -0.382813 0.92334
vn 0 -0.923828 0.382324
vn 0 -0.923828 0.382324
vn 0 -0.923828 0.382324
vn 0 -0.923828 0.382324
vn 0 -0.923828 -0.382568
vn 0 -0.923828 -0.382568
vn 0 -0.923828 -0.382568
vn 0 -0.923828 -0.382568
vn 0 0.382568 -0.923828
vn 0 0.382568 -0.923828
vn 0 0.382568 -0.923828
vn 0 0.382568 -0.923828
vn 0 -0.382568 -0.923828
vn 0 -0.382568 -0.923828
vn 0 -0.382568 -0.923828
vn 0 -0.382568 -0.923828
vn 0 0.382813 0.92334
vn 0 0.382813 0.92334
vn 0 0.382813 0.92334
vn 0 0.382813 0.92334
vn 0 0.923828 -0.382568
vn 0 0.923828 -0.382568
vn 0 0.923828 -0.382568
vn 0 0.923828 -0.382568
vn 0.923828 -0.382324 0
vn 0.923828 -0.382324 0
vn 0.923828 -0.382324 0
vn 0.923828 -0.382324 0
vn 0.382813 0.92334 0
vn 0.382813 0.92334 0
vn 0.382813 0.92334 0
vn 0.382813 0.92334 0
vn 0.923828 0.382324 0
vn 0.923828 0.382324 0
vn 0.923828 0.382324 0
vn 0.923828 0.382324 0
vn -0.382568 0.923828 0
vn -0.382568 0.923828 0
vn -0.382568 0.923828 0
vn -0.382568 0.923828 0
vn 0.382813 -0.92334 0
vn 0.382813 -0.92334 0
vn 0.382813 -0.92334 0
vn 0.382813 -0.92334 0
vn -0.382568 -0.923828 0
vn -0.382568 -0.923828 0
vn -0.382568 -0.923828 0
vn -0.382568 -0.923828 0
vn -0.923828 -0.382568 0
vn -0.923828 -0.382568 0
vn -0.923828 -0.382568 0
vn -0.923828 -0.382568 0
vn -0.923828 0.382568 0
vn -0.923828 0.382568 0
vn -0.923828 0.382568 0
vn -0.923828 0.382568 0
vn 0.382568 0 -0.923828
vn 0.382568 0 -0.923828
vn 0.382568 0 -0.923828
vn 0.382568 0 -0.923828
vn -0.382568 0 -0.923828
vn -0.382568 0 -0.923828
vn -0.382568 0 -0.923828
vn -0.382568 0 -0.923828
vn -0.923828 0 0.382568
vn -0.923828 0 0.382568
vn -0.923828 0 0.382568
vn -0.923828 0 0.382568
vn -0.923828 0 -0.382568
vn -0.923828 0 -0.382568
vn -0.923828 0 -0.382568
vn -0.923828 0 -0.382568
vn 0.382568 0 0.923828
vn 0.382568 0 0.923828
vn 0.382568 0 0.923828
vn 0.382568 0 0.923828
vn 0.923828 0 -0.382568
vn 0.923828 0 -0.382568
vn 0.923828 0 -0.382568
vn 0.923828 0 -0.382568
vn 0.923828 0 0.382568
vn 0.923828 0 0.382568
vn 0.923828 0 0.382568
vn 0.923828 0 0.382568
vn -0.382568 0 0.923828
vn -0.382568 0 0.923828
vn -0.382568 0 0.923828
vn -0.382568 0 0.923828
vn 1 -3.57628e-006 0
vn 1 -3.57628e-006 0
vn 1 -3.57628e-006 0
vn 0 1 2.98023e-007
vn 0 1 2.98023e-007
vn 0 1 2.98023e-007
vn 0 1 2.98023e-007
vn 0 0 1
vn 0 0 1
vn 0 0 1
vn 0 0.0019207 0.999512
vn 0 0.0019207 0.999512
vn 0 0.0019207 0.999512
vn 0 0 1
vn 0 0 1
vn 0 0 1
vn 0 0 1
vn 0 1 2.98023e-007
vn 0 1 2.98023e-007
vn 0 1 0
vn 0 1 0
vn 0 1 0
vn 0 1 0
vn 0 1 0
vn 0 1 0
vn 0.999512 0.000397682 0.000164747
vn 0.999512 0.000397682 0.000164747
vn 0.999512 0.000397682 0.000164747
vn 0.999512 0.000397682 0.000164747
vn 1 3.57628e-006 0
vn 1 3.57628e-006 0
vn 1 3.57628e-006 0
vn 0.999512 -0.000397682 0.000164747
vn 0.999512 -0.000397682 0.000164747
vn 0.999512 -0.000397682 0.000164747
vn 0.999512 -0.000397682 0.000164747
vn -0.344727 -0.895508 -0.280762
vn -0.609863 -0.505371 -0.609863
vn -0.707031 -0.706543 1.45435e-005
vn -0.577148 0.577148 -0.577148
vn -0.505371 0.610352 -0.609863
vn -0.707031 0.706543 0
vn -0.609863 0.505371 -0.609863
vn -1.45435e-005 0.707031 -0.706543
vn -0.609863 0.609863 -0.505371
vn -9.59635e-006 -0.796875 -0.603516
vn -1.66893e-006 -0.996582 -0.0823975
vn 0 -0.990234 0.136719
vn 0 -0.747559 0.664063
vn 0 -0.603516 0.796875
vn 0 0.136719 0.990234
vn -0.281006 0.344238 0.895508
vn 0 0.707031 0.707031
vn 0.0643921 -0.98877 0.133423
vn 0.282227 -0.678223 0.678223
vn 0.113953 -0.114014 0.986816
vn 0 -0.0825195 0.996582
vn -0.0825806 -0.000110447 0.996094
vn -0.603516 -0.00062418 0.796875
vn 0.136719 0 0.990234
vn 0.603516 0 0.796875
vn 0.796875 0 0.603516
vn 0.98877 -0.133423 0.0644531
vn 0.895508 0.280762 -0.344482
vn 0.990234 0 0.136719
vn 0.990234 0 -0.136719
vn 0.707031 0 -0.707031
vn 0.996582 0.0825195 0
vn 0.635742 -0.734375 0.235596
vn 0.734375 -0.235596 0.635742
vn 0.505371 0.609863 -0.609863
vn 0.796875 0.603516 0
vn -0.136841 -0.990234 2.80142e-006
vn 0.136597 -0.990234 0
vn 0.796875 -0.603516 0
vn -0.707031 1.56164e-005 -0.707031
vn -0.610352 0.609375 0.505371
vn 0.603516 -0.796875 0
vn 0.990234 -0.136719 0
vn 0 0.923828 -0.382324
vn 0 0.923828 -0.382324
vn 0 0.923828 -0.382324
vn 0 0.923828 -0.382324
vn 0 -0.382813 -0.92334
vn 0 -0.382813 -0.92334
vn 0 -0.382813 -0.92334
vn 0 -0.382813 -0.92334
vn 0 -0.923828 -0.382324
vn 0 -0.923828 -0.382324
vn 0 -0.923828 -0.382324
vn 0 -0.923828 -0.382324
vn 0 -0.923828 0.382568
vn 0 -0.923828 0.382568
vn 0 -0.923828 0.382568
vn 0 -0.923828 0.382568
vn 0 0.382568 0.923828
vn 0 0.382568 0.923828
vn 0 0.382568 0.923828
vn 0 0.382568 0.923828
vn 0 -0.382568 0.923828
vn 0 -0.382568 0.923828
vn 0 -0.382568 0.923828
vn 0 -0.382568 0.923828
vn 0 0.382813 -0.92334
vn 0 0.382813 -0.92334
vn 0 0.382813 -0.92334
vn 0 0.382813 -0.92334
vn 0 0.923828 0.382568
vn 0 0.923828 0.382568
vn 0 0.923828 0.382568
vn 0 0.923828 0.382568
vn -0.923828 -0.382324 0
vn -0.923828 -0.382324 0
vn -0.923828 -0.382324 0
vn -0.923828 -0.382324 0
vn -0.382813 0.92334 0
vn -0.382813 0.92334 0
vn -0.382813 0.92334 0
vn -0.382813 0.92334 0
vn -0.923828 0.382324 0
vn -0.923828 0.382324 0
vn -0.923828 0.382324 0
vn -0.923828 0.382324 0
vn 0.382568 0.923828 0
vn 0.382568 0.923828 0
vn 0.382568 0.923828 0
vn 0.382568 0.923828 0
vn -0.382813 -0.92334 0
vn -0.382813 -0.92334 0
vn -0.382813 -0.92334 0
vn -0.382813 -0.92334 0
vn 0.382568 -0.923828 0
vn 0.382568 -0.923828 0
vn 0.382568 -0.923828 0
vn 0.382568 -0.923828 0
vn 0.923828 -0.382568 0
vn 0.923828 -0.382568 0
vn 0.923828 -0.382568 0
vn 0.923828 -0.382568 0
vn 0.923828 0.382568 0
vn 0.923828 0.382568 0
vn 0.923828 0.382568 0
vn 0.923828 0.382568 0
vn -0.382568 0 0.923828
vn -0.382568 0 0.923828
vn -0.382568 0 0.923828
vn -0.382568 0 0.923828
vn 0.382568 0 0.923828
vn 0.382568 0 0.923828
vn 0.382568 0 0.923828
vn 0.382568 0 0.923828
vn 0.923828 0 -0.382568
vn 0.923828 0 -0.382568
vn 0.923828 0 -0.382568
vn 0.923828 0 -0.382568
vn 0.923828 0 0.382568
vn 0.923828 0 0.382568
vn 0.923828 0 0.382568
vn 0.923828 0 0.382568
vn -0.382568 0 -0.923828
vn -0.382568 0 -0.923828
vn -0.382568 0 -0.923828
vn -0.382568 0 -0.923828
vn -0.923828 0 0.382568
vn -0.923828 0 0.382568
vn -0.923828 0 0.382568
vn -0.923828 0 0.382568
vn -0.923828 0 -0.382568
vn -0.923828 0 -0.382568
vn -0.923828 0 -0.382568
vn -0.923828 0 -0.382568
vn 0.382568 0 -0.923828
vn 0.382568 0 -0.923828
vn 0.382568 0 -0.923828
vn 0.382568 0 -0.923828
vn -1 -3.57628e-006 0
vn -1 -3.57628e-006 0
vn -1 -3.57628e-006 0
vn 0 1 -2.98023e-007
vn 0 1 -2.98023e-007
vn 0 1 -2.98023e-007
vn 0 1 -2.98023e-007
vn 0 0 -1
vn 0 0 -1
vn 0 0 -1
vn 0 0.0019207 -0.999512
vn 0 0.0019207 -0.999512
vn 0 0.0019207 -0.999512
vn 0 0 -1
vn 0 0 -1
vn 0 0 -1
vn 0 0 -1
vn 0 1 -2.98023e-007
vn 0 1 -2.98023e-007
vn 0 1 0
vn 0 1 0
vn 0 1 0
vn 0 1 0
vn 0 1 0
vn 0 1 0
vn -0.999512 0.000397682 -0.000164747
vn -0.999512 0.000397682 -0.000164747
vn -0.999512 0.000397682 -0.000164747
vn -0.999512 0.000397682 -0.000164747
vn -1 3.57628e-006 0
vn -1 3.57628e-006 0
vn -1 3.57628e-006 0
vn -0.999512 -0.000397682 -0.000164747
vn -0.999512 -0.000397682 -0.000164747
vn -0.999512 -0.000397682 -0.000164747
vn -0.999512 -0.000397682 -0.000164747
vn 0.344727 -0.280762 -0.895508
vn 0.609863 -0.609863 -0.505371
vn 0.707031 1.45435e-005 -0.706543
vn 0.577148 -0.577148 0.577148
vn 0.505371 -0.609863 0.610352
vn 0.707031 0 0.706543
vn 0.609863 -0.609863 0.505371
vn 1.45435e-005 -0.706543 0.707031
vn 0.609863 -0.505371 0.609863
vn 9.59635e-006 -0.603516 -0.796875
vn 1.66893e-006 -0.0823975 -0.996582
vn 0 0.136719 -0.990234
vn 0 0.664063 -0.747559
vn 0 0.796875 -0.603516
vn 0 0.990234 0.136719
vn 0.281006 0.895508 0.344238
vn 0 0.707031 0.707031
vn -0.0643921 0.133423 -0.98877
vn -0.282227 0.678223 -0.678223
vn -0.113953 0.986816 -0.114014
vn 0 0.996582 -0.0825195
vn 0.0825806 0.996094 -0.000110447
vn 0.603516 0.796875 -0.00062418
vn -0.136719 0.990234 0
vn -0.603516 0.796875 0
vn -0.796875 0.603516 0
vn -0.98877 0.0644531 -0.133423
vn -0.895508 -0.344482 0.280762
vn -0.990234 0.136719 0
vn -0.990234 -0.136719 0
vn -0.707031 -0.707031 0
vn -0.996582 0 0.0825195
vn -0.635742 0.235596 -0.734375
vn -0.734375 0.635742 -0.235596
vn -0.505371 -0.609863 0.609863
vn -0.796875 0 0.603516
vn 0.136841 2.80142e-006 -0.990234
vn -0.136597 0 -0.990234
vn -0.796875 0 -0.603516
vn 0.707031 -0.707031 1.56164e-005
vn 0.610352 0.505371 0.609375
vn -0.603516 0 -0.796875
vn -0.990234 0 -0.136719
vn 0 -0.382324 0.923828
vn 0 -0.382324 0.923828
vn 0 -0.382324 0.923828
vn 0 -0.382324 0.923828
vn 0 -0.92334 -0.382813
vn 0 -0.92334 -0.382813
vn 0 -0.92334 -0.382813
vn 0 -0.92334 -0.382813
vn 0 -0.382324 -0.923828
vn 0 -0.382324 -0.923828
vn 0 -0.382324 -0.923828
vn 0 -0.382324 -0.923828
vn 0 0.382568 -0.923828
vn 0 0.382568 -0.923828
vn 0 0.382568 -0.923828
vn 0 0.382568 -0.923828
vn 0 0.923828 0.382568
vn 0 0.923828 0.382568
vn 0 0.923828 0.382568
vn 0 0.923828 0.382568
vn 0 0.923828 -0.382568
vn 0 0.923828 -0.382568
vn 0 0.923828 -0.382568
vn 0 0.923828 -0.382568
vn 0 -0.92334 0.382813
vn 0 -0.92334 0.382813
vn 0 -0.92334 0.382813
vn 0 -0.92334 0.382813
vn 0 0.382568 0.923828
vn 0 0.382568 0.923828
vn 0 0.382568 0.923828
vn 0 0.382568 0.923828
vn 0.923828 0 -0.382324
vn 0.923828 0 -0.382324
vn 0.923828 0 -0.382324
vn 0.923828 0 -0.382324
vn 0.382813 0 0.92334
vn 0.382813 0 0.92334
vn 0.382813 0 0.92334
vn 0.382813 0 0.92334
vn 0.923828 0 0.382324
vn 0.923828 0 0.382324
vn 0.923828 0 0.382324
vn 0.923828 0 0.382324
vn -0.382568 0 0.923828
vn -0.382568 0 0.923828
vn -0.382568 0 0.923828
vn -0.382568 0 0.923828
vn 0.382813 0 -0.92334
vn 0.382813 0 -0.92334
vn 0.382813 0 -0.92334
vn 0.382813 0 -0.92334
vn -0.382568 0 -0.923828
vn -0.382568 0 -0.923828
vn -0.382568 0 -0.923828
vn -0.382568 0 -0.923828
vn -0.923828 0 -0.382568
vn -0.923828 0 -0.382568
vn -0.923828 0 -0.382568
vn -0.923828 0 -0.382568
vn -0.923828 0 0.382568
vn -0.923828 0 0.382568
vn -0.923828 0 0.382568
vn -0.923828 0 0.382568
vn 0.382568 0.923828 0
vn 0.382568 0.923828 0
vn 0.382568 0.923828 0
vn 0.382568 0.923828 0
vn -0.382568 0.923828 0
vn -0.382568 0.923828 0
vn -0.382568 0.923828 0
vn -0.382568 0.923828 0
vn -0.923828 -0.382568 0
vn -0.923828 -0.382568 0
vn -0.923828 -0.382568 0
vn -0.923828 -0.382568 0
vn -0.923828 0.382568 0
vn -0.923828 0.382568 0
vn -0.923828 0.382568 0
vn -0.923828 0.382568 0
vn 0.382568 -0.923828 0
vn 0.382568 -0.923828 0
vn 0.382568 -0.923828 0
vn 0.382568 -0.923828 0
vn 0.923828 0.382568 0
vn 0.923828 0.382568 0
vn 0.923828 0.382568 0
vn 0.923828 0.382568 0
vn 0.923828 -0.382568 0
vn 0.923828 -0.382568 0
vn 0.923828 -0.382568 0
vn 0.923828 -0.382568 0
vn -0.382568 -0.923828 0
vn -0.382568 -0.923828 0
vn -0.382568 -0.923828 0
vn -0.382568 -0.923828 0
vn 1 0 -3.57628e-006
vn 1 0 -3.57628e-006
vn 1 0 -3.57628e-006
vn 0 -2.98023e-007 1
vn 0 -2.98023e-007 1
vn 0 -2.98023e-007 1
vn 0 -2.98023e-007 1
vn 0 -1 0
vn 0 -1 0
vn 0 -1 0
vn 0 -0.999512 0.0019207
vn 0 -0.999512 0.0019207
vn 0 -0.999512 0.0019207
vn 0 -1 0
vn 0 -1 0
vn 0 -1 0
vn 0 -1 0
vn 0 -2.98023e-007 1
vn 0 -2.98023e-007 1
vn 0 0 1
vn 0 0 1
vn 0 0 1
vn 0 0 1
vn 0 0 1
vn 0 0 1
vn 0.999512 -0.000164747 0.000397682
vn 0.999512 -0.000164747 0.000397682
vn 0.999512 -0.000164747 0.000397682
vn 0.999512 -0.000164747 0.000397682
vn 1 0 3.57628e-006
vn 1 0 3.57628e-006
vn 1 0 3.57628e-006
vn 0.999512 -0.000164747 -0.000397682
vn 0.999512 -0.000164747 -0.000397682
vn 0.999512 -0.000164747 -0.000397682
vn 0.999512 -0.000164747 -0.000397682
vn -0.344727 0.895508 0.280762
vn -0.609863 0.505371 0.609863
vn -0.707031 0.706543 -1.45435e-005
vn -0.577148 -0.577148 0.577148
vn -0.505371 -0.610352 0.609863
vn -0.707031 -0.706543 0
vn -0.609863 -0.505371 0.609863
vn -1.45435e-005 -0.707031 0.706543
vn -0.609863 -0.609863 0.505371
vn -9.59635e-006 0.796875 0.603516
vn -1.66893e-006 0.996582 0.0823975
vn 0 0.990234 -0.136719
vn 0 0.747559 -0.664063
vn 0 0.603516 -0.796875
vn 0 -0.136719 -0.990234
vn -0.281006 -0.344238 -0.895508
vn 0 -0.707031 -0.707031
vn 0.0643921 0.98877 -0.133423
vn 0.282227 0.678223 -0.678223
vn 0.113953 0.114014 -0.986816
vn 0 0.0825195 -0.996582
vn -0.0825806 0.000110447 -0.996094
vn -0.603516 0.00062418 -0.796875
vn 0.136719 0 -0.990234
vn 0.603516 0 -0.796875
vn 0.796875 0 -0.603516
vn 0.98877 0.133423 -0.0644531
vn 0.895508 -0.280762 0.344482
vn 0.990234 0 -0.136719
vn 0.990234 0 0.136719
vn 0.707031 0 0.707031
vn 0.996582 -0.0825195 0
vn 0.635742 0.734375 -0.235596
vn 0.734375 0.235596 -0.635742
vn 0.505371 -0.609863 0.609863
vn 0.796875 -0.603516 0
vn -0.136841 0.990234 -2.80142e-006
vn 0.136597 0.990234 0
vn 0.796875 0.603516 0
vn -0.707031 -1.56164e-005 0.707031
vn -0.610352 -0.609375 -0.505371
vn 0.603516 0.796875 0
vn 0.990234 0.136719 0
vn 0 -0.923828 0.382324
vn 0 -0.923828 0.382324
vn 0 -0.923828 0.382324
vn 0 -0.923828 0.382324
vn 0 0.382813 0.92334
vn 0 0.382813 0.92334
vn 0 0.382813 0.92334
vn 0 0.382813 0.92334
vn 0 0.923828 0.382324
vn 0 0.923828 0.382324
vn 0 0.923828 0.382324
vn 0 0.923828 0.382324
vn 0 0.923828 -0.382568
vn 0 0.923828 -0.382568
vn 0 0.923828 -0.382568
vn 0 0.923828 -0.382568
vn 0 -0.382568 -0.923828
vn 0 -0.382568 -0.923828
vn 0 -0.382568 -0.923828
vn 0 -0.382568 -0.923828
vn 0 0.382568 -0.923828
vn 0 0.382568 -0.923828
vn 0 0.382568 -0.923828
vn 0 0.382568 -0.923828
vn 0 -0.382813 0.92334
vn 0 -0.382813 0.92334
vn 0 -0.382813 0.92334
vn 0 -0.382813 0.92334
vn 0 -0.923828 -0.382568
vn 0 -0.923828 -0.382568
vn 0 -0.923828 -0.382568
vn 0 -0.923828 -0.382568
vn -0.923828 0.382324 0
vn -0.923828 0.382324 0
vn -0.923828 0.382324 0
vn -0.923828 0.382324 0
vn -0.382813 -0.92334 0
vn -0.382813 -0.92334 0
vn -0.382813 -0.92334 0
vn -0.382813 -0.92334 0
vn -0.923828 -0.382324 0
vn -0.923828 -0.382324 0
vn -0.923828 -0.382324 0
vn -0.923828 -0.382324 0
vn 0.382568 -0.923828 0
vn 0.382568 -0.923828 0
vn 0.382568 -0.923828 0
vn 0.382568 -0.923828 0
vn -0.382813 0.92334 0
vn -0.382813 0.92334 0
vn -0.382813 0.92334 0
vn -0.382813 0.92334 0
vn 0.382568 0.923828 0
vn 0.382568 0.923828 0
vn 0.382568 0.923828 0
vn 0.382568 0.923828 0
vn 0.923828 0.382568 0
vn 0.923828 0.382568 0
vn 0.923828 0.382568 0
vn 0.923828 0.382568 0
vn 0.923828 -0.382568 0
vn 0.923828 -0.382568 0
vn 0.923828 -0.382568 0
vn 0.923828 -0.382568 0
vn -0.382568 0 -0.923828
vn -0.382568 0 -0.923828
vn -0.382568 0 -0.923828
vn -0.382568 0 -0.923828
vn 0.382568 0 -0.923828
vn 0.382568 0 -0.923828
vn 0.382568 0 -0.923828
vn 0.382568 0 -0.923828
vn 0.923828 0 0.382568
vn 0.923828 0 0.382568
vn 0.923828 0 0.382568
vn 0.923828 0 0.382568
vn 0.923828 0 -0.382568
vn 0.923828 0 -0.382568
vn 0.923828 0 -0.382568
vn 0.923828 0 -0.382568
vn -0.382568 0 0.923828
vn -0.382568 0 0.923828
vn -0.382568 0 0.923828
vn -0.382568 0 0.923828
vn -0.923828 0 -0.382568
vn -0.923828 0 -0.382568
vn -0.923828 0 -0.382568
vn -0.923828 0 -0.382568
vn -0.923828 0 0.382568
vn -0.923828 0 0.382568
vn -0.923828 0 0.382568
vn -0.923828 0 0.382568
vn 0.382568 0 0.923828
vn 0.382568 0 0.923828
vn 0.382568 0 0.923828
vn 0.382568 0 0.923828
vn -1 3.57628e-006 0
vn -1 3.57628e-006 0
vn -1 3.57628e-006 0
vn 0 -1 2.98023e-007
vn 0 -1 2.98023e-007
vn 0 -1 2.98023e-007
vn 0 -1 2.98023e-007
vn 0 0 1
vn 0 0 1
vn 0 0 1
vn 0 -0.0019207 0.999512
vn 0 -0.0019207 0.999512
vn 0 -0.0019207 0.999512
vn 0 0 1
vn 0 0 1
vn 0 0 1
vn 0 0 1
vn 0 -1 2.98023e-007
vn 0 -1 2.98023e-007
vn 0 -1 0
vn 0 -1 0
vn 0 -1 0
vn 0 -1 0
vn 0 -1 0
vn 0 -1 0
vn -0.999512 -0.000397682 0.000164747
vn -0.999512 -0.000397682 0.000164747
vn -0.999512 -0.000397682 0.000164747
vn -0.999512 -0.000397682 0.000164747
vn -1 -3.57628e-006 0
vn -1 -3.57628e-006 0
vn -1 -3.57628e-006 0
vn -0.999512 0.000397682 0.000164747
vn -0.999512 0.000397682 0.000164747
vn -0.999512 0.000397682 0.000164747
vn -0.999512 0.000397682 0.000164747
vn 0.344727 0.895508 -0.280762
vn 0.609863 0.505371 -0.609863
vn 0.707031 0.706543 1.45435e-005
vn 0.577148 -0.577148 -0.577148
vn 0.505371 -0.610352 -0.609863
vn 0.707031 -0.706543 0
vn 0.609863 -0.505371 -0.609863
vn 1.45435e-005 -0.707031 -0.706543
vn 0.609863 -0.609863 -0.505371
vn 9.59635e-006 0.796875 -0.603516
vn 1.66893e-006 0.996582 -0.0823975
vn 0 0.990234 0.136719
vn 0 0.747559 0.664063
vn 0 0.603516 0.796875
vn 0 -0.136719 0.990234
vn 0.281006 -0.344238 0.895508
vn 0 -0.707031 0.707031
vn -0.0643921 0.98877 0.133423
vn -0.282227 0.678223 0.678223
vn -0.113953 0.114014 0.986816
vn 0 0.0825195 0.996582
vn 0.0825806 0.000110447 0.996094
vn 0.603516 0.00062418 0.796875
vn -0.136719 0 0.990234
vn -0.603516 0 0.796875
vn -0.796875 0 0.603516
vn -0.98877 0.133423 0.0644531
vn -0.895508 -0.280762 -0.344482
vn -0.990234 0 0.136719
vn -0.990234 0 -0.136719
vn -0.707031 0 -0.707031
vn -0.996582 -0.0825195 0
vn -0.635742 0.734375 0.235596
vn -0.734375 0.235596 0.635742
vn -0.505371 -0.609863 -0.609863
vn -0.796875 -0.603516 0
vn 0.136841 0.990234 2.80142e-006
vn -0.136597 0.990234 0
vn -0.796875 0.603516 0
vn 0.707031 -1.56164e-005 -0.707031
vn 0.610352 -0.609375 0.505371
vn -0.603516 0.796875 0
vn -0.990234 0.136719 0
vn 0 -0.923828 -0.382324
vn 0 -0.923828 -0.382324
vn 0 -0.923828 -0.382324
vn 0 -0.923828 -0.382324
vn 0 0.382813 -0.92334
vn 0 0.382813 -0.92334
vn 0 0.382813 -0.92334
vn 0 0.382813 -0.92334
vn 0 0.923828 -0.382324
vn 0 0.923828 -0.382324
vn 0 0.923828 -0.382324
vn 0 0.923828 -0.382324
vn 0 0.923828 0.382568
vn 0 0.923828 0.382568
vn 0 0.923828 0.382568
vn 0 0.923828 0.382568
vn 0 -0.382568 0.923828
vn 0 -0.382568 0.923828
vn 0 -0.382568 0.923828
vn 0 -0.382568 0.923828
vn 0 0.382568 0.923828
vn 0 0.382568 0.923828
vn 0 0.382568 0.923828
vn 0 0.382568 0.923828
vn 0 -0.382813 -0.92334
vn 0 -0.382813 -0.92334
vn 0 -0.382813 -0.92334
vn 0 -0.382813 -0.92334
vn 0 -0.923828 0.382568
vn 0 -0.923828 0.382568
vn 0 -0.923828 0.382568
vn 0 -0.923828 0.382568
vn 0.923828 0.382324 0
vn 0.923828 0.382324 0
vn 0.923828 0.382324 0
vn 0.923828 0.382324 0
vn 0.382813 -0.92334 0
vn 0.382813 -0.92334 0
vn 0.382813 -0.92334 0
vn 0.382813 -0.92334 0
vn 0.923828 -0.382324 0
vn 0.923828 -0.382324 0
vn 0.923828 -0.382324 0
vn 0.923828 -0.382324 0
vn -0.382568 -0.923828 0
vn -0.382568 -0.923828 0
vn -0.382568 -0.923828 0
vn -0.382568 -0.923828 0
vn 0.382813 0.92334 0
vn 0.382813 0.92334 0
vn 0.382813 0.92334 0
vn 0.382813 0.92334 0
vn -0.382568 0.923828 0
vn -0.382568 0.923828 0
vn -0.382568 0.923828 0
vn -0.382568 0.923828 0
vn -0.923828 0.382568 0
vn -0.923828 0.382568 0
vn -0.923828 0.382568 0
vn -0.923828 0.382568 0
vn -0.923828 -0.382568 0
vn -0.923828 -0.382568 0
vn -0.923828 -0.382568 0
vn -0.923828 -0.382568 0
vn 0.382568 0 0.923828
vn 0.382568 0 0.923828
vn 0.382568 0 0.923828
vn 0.382568 0 0.923828
vn -0.382568 0 0.923828
vn -0.382568 0 0.923828
vn -0.382568 0 0.923828
vn -0.382568 0 0.923828
vn -0.923828 0 -0.382568
vn -0.923828 0 -0.382568
vn -0.923828 0 -0.382568
vn -0.923828 0 -0.382568
vn -0.923828 0 0.382568
vn -0.923828 0 0.382568
vn -0.923828 0 0.382568
vn -0.923828 0 0.382568
vn 0.382568 0 -0.923828
vn 0.382568 0 -0.923828
vn 0.382568 0 -0.923828
vn 0.382568 0 -0.923828
vn 0.923828 0 0.382568
vn 0.923828 0 0.382568
vn 0.923828 0 0.382568
vn 0.923828 0 0.382568
vn 0.923828 0 -0.382568
vn 0.923828 0 -0.382568
vn 0.923828 0 -0.382568
vn 0.923828 0 -0.382568
vn -0.382568 0 -0.923828
vn -0.382568 0 -0.923828
vn -0.382568 0 -0.923828
vn -0.382568 0 -0.923828
vn 1 3.57628e-006 0
vn 1 3.57628e-006 0
vn 1 3.57628e-006 0
vn 0 -1 -2.98023e-007
vn 0 -1 -2.98023e-007
vn 0 -1 -2.98023e-007
vn 0 -1 -2.98023e-007
vn 0 0 -1
vn 0 0 -1
vn 0 0 -1
vn 0 -0.0019207 -0.999512
vn 0 -0.0019207 -0.999512
vn 0 -0.0019207 -0.999512
vn 0 0 -1
vn 0 0 -1
vn 0 0 -1
vn 0 0 -1
vn 0 -1 -2.98023e-007
vn 0 -1 -2.98023e-007
vn 0 -1 0
vn 0 -1 0
vn 0 -1 0
vn 0 -1 0
vn 0 -1 0
vn 0 -1 0
vn 0.999512 -0.000397682 -0.000164747
vn 0.999512 -0.000397682 -0.000164747
vn 0.999512 -0.000397682 -0.000164747
vn 0.999512 -0.000397682 -0.000164747
vn 1 -3.57628e-006 0
vn 1 -3.57628e-006 0
vn 1 -3.57628e-006 0
vn 0.999512 0.000397682 -0.000164747
vn 0.999512 0.000397682 -0.000164747
vn 0.999512 0.000397682 -0.000164747
vn 0.999512 0.000397682 -0.000164747
vn -0.280762 0.895508 -0.344727
vn -0.609863 0.505371 -0.609863
vn 1.45435e-005 0.706543 -0.707031
vn -0.577148 -0.577148 -0.577148
vn -0.609863 -0.610352 -0.505371
vn 0 -0.706543 -0.707031
vn -0.609863 -0.505371 -0.609863
vn -0.706543 -0.707031 -1.45435e-005
vn -0.505371 -0.609863 -0.609863
vn -0.603516 0.796875 -9.59635e-006
vn -0.0823975 0.996582 -1.66893e-006
vn 0.136719 0.990234 0
vn 0.664063 0.747559 0
vn 0.796875 0.603516 0
vn 0.990234 -0.136719 0
vn 0.895508 -0.344238 -0.281006
vn 0.707031 -0.707031 0
vn 0.133423 0.98877 0.0643921
vn 0.678223 0.678223 0.282227
vn 0.986816 0.114014 0.113953
vn 0.996582 0.0825195 0
vn 0.996094 0.000110447 -0.0825806
vn 0.796875 0.00062418 -0.603516
vn 0.990234 0 0.136719
vn 0.796875 0 0.603516
vn 0.603516 0 0.796875
vn 0.0644531 0.133423 0.98877
vn -0.344482 -0.280762 0.895508
vn 0.136719 0 0.990234
vn -0.136719 0 0.990234
vn -0.707031 0 0.707031
vn 0 -0.0825195 0.996582
vn 0.235596 0.734375 0.635742
vn 0.635742 0.235596 0.734375
vn -0.609863 -0.609863 0.505371
vn 0 -0.603516 0.796875
vn 2.80142e-006 0.990234 -0.136841
vn 0 0.990234 0.136597
vn 0 0.603516 0.796875
vn -0.707031 -1.56164e-005 -0.707031
vn 0.505371 -0.609375 -0.610352
vn 0 0.796875 0.603516
vn 0 0.136719 0.990234
vn -0.382324 -0.923828 0
vn -0.382324 -0.923828 0
vn -0.382324 -0.923828 0
vn -0.382324 -0.923828 0
vn -0.92334 0.382813 0
vn -0.92334 0.382813 0
vn -0.92334 0.382813 0
vn -0.92334 0.382813 0
vn -0.382324 0.923828 0
vn -0.382324 0.923828 0
vn -0.382324 0.923828 0
vn -0.382324 0.923828 0
vn 0.382568 0.923828 0
vn 0.382568 0.923828 0
vn 0.382568 0.923828 0
vn 0.382568 0.923828 0
vn 0.923828 -0.382568 0
vn 0.923828 -0.382568 0
vn 0.923828 -0.382568 0
vn 0.923828 -0.382568 0
vn 0.923828 0.382568 0
vn 0.923828 0.382568 0
vn 0.923828 0.382568 0
vn 0.923828 0.382568 0
vn -0.92334 -0.382813 0
vn -0.92334 -0.382813 0
vn -0.92334 -0.382813 0
vn -0.92334 -0.382813 0
vn 0.382568 -0.923828 0
vn 0.382568 -0.923828 0
vn 0.382568 -0.923828 0
vn 0.382568 -0.923828 0
vn 0 0.382324 -0.923828
vn 0 0.382324 -0.923828
vn 0 0.382324 -0.923828
vn 0 0.382324 -0.923828
vn 0 -0.92334 -0.382813
vn 0 -0.92334 -0.382813
vn 0 -0.92334 -0.382813
vn 0 -0.92334 -0.382813
vn 0 -0.382324 -0.923828
vn 0 -0.382324 -0.923828
vn 0 -0.382324 -0.923828
vn 0 -0.382324 -0.923828
vn 0 -0.923828 0.382568
vn 0 -0.923828 0.382568
vn 0 -0.923828 0.382568
vn 0 -0.923828 0.382568
vn 0 0.92334 -0.382813
vn 0 0.92334 -0.382813
vn 0 0.92334 -0.382813
vn 0 0.92334 -0.382813
vn 0 0.923828 0.382568
vn 0 0.923828 0.382568
vn 0 0.923828 0.382568
vn 0 0.923828 0.382568
vn 0 0.382568 0.923828
vn 0 0.382568 0.923828
vn 0 0.382568 0.923828
vn 0 0.382568 0.923828
vn 0 -0.382568 0.923828
vn 0 -0.382568 0.923828
vn 0 -0.382568 0.923828
vn 0 -0.382568 0.923828
vn 0.923828 0 -0.382568
vn 0.923828 0 -0.382568
vn 0.923828 0 -0.382568
vn 0.923828 0 -0.382568
vn 0.923828 0 0.382568
vn 0.923828 0 0.382568
vn 0.923828 0 0.382568
vn 0.923828 0 0.382568
vn -0.382568 0 0.923828
vn -0.382568 0 0.923828
vn -0.382568 0 0.923828
vn -0.382568 0 0.923828
vn 0.382568 0 0.923828
vn 0.382568 0 0.923828
vn 0.382568 0 0.923828
vn 0.382568 0 0.923828
vn -0.923828 0 -0.382568
vn -0.923828 0 -0.382568
vn -0.923828 0 -0.382568
vn -0.923828 0 -0.382568
vn 0.382568 0 -0.923828
vn 0.382568 0 -0.923828
vn 0.382568 0 -0.923828
vn 0.382568 0 -0.923828
vn -0.382568 0 -0.923828
vn -0.382568 0 -0.923828
vn -0.382568 0 -0.923828
vn -0.382568 0 -0.923828
vn -0.923828 0 0.382568
vn -0.923828 0 0.382568
vn -0.923828 0 0.382568
vn -0.923828 0 0.382568
vn 0 3.57628e-006 -1
vn 0 3.57628e-006 -1
vn 0 3.57628e-006 -1
vn -2.98023e-007 -1 0
vn -2.98023e-007 -1 0
vn -2.98023e-007 -1 0
vn -2.98023e-007 -1 0
vn -1 0 0
vn -1 0 0
vn -1 0 0
vn -0.999512 -0.0019207 0
vn -0.999512 -0.0019207 0
vn -0.999512 -0.0019207 0
vn -1 0 0
vn -1 0 0
vn -1 0 0
vn -1 0 0
vn -2.98023e-007 -1 0
vn -2.98023e-007 -1 0
vn 0 -1 0
vn 0 -1 0
vn 0 -1 0
vn 0 -1 0
vn 0 -1 0
vn 0 -1 0
vn -0.000164747 -0.000397682 -0.999512
vn -0.000164747 -0.000397682 -0.999512
vn -0.000164747 -0.000397682 -0.999512
vn -0.000164747 -0.000397682 -0.999512
vn 0 -3.57628e-006 -1
vn 0 -3.57628e-006 -1
vn 0 -3.57628e-006 -1
vn -0.000164747 0.000397682 -0.999512
vn -0.000164747 0.000397682 -0.999512
vn -0.000164747 0.000397682 -0.999512
vn -0.000164747 0.000397682 -0.999512
vn -0.280762 -0.895508 0.344727
vn -0.609863 -0.505371 0.609863
vn 1.45435e-005 -0.706543 0.707031
vn -0.577148 0.577148 0.577148
vn -0.609863 0.610352 0.505371
vn 0 0.706543 0.707031
vn -0.609863 0.505371 0.609863
vn -0.706543 0.707031 1.45435e-005
vn -0.505371 0.609863 0.609863
vn -0.603516 -0.796875 9.59635e-006
vn -0.0823975 -0.996582 1.66893e-006
vn 0.136719 -0.990234 0
vn 0.664063 -0.747559 0
vn 0.796875 -0.603516 0
vn 0.990234 0.136719 0
vn 0.895508 0.344238 0.281006
vn 0.707031 0.707031 0
vn 0.133423 -0.98877 -0.0643921
vn 0.678223 -0.678223 -0.282227
vn 0.986816 -0.114014 -0.113953
vn 0.996582 -0.0825195 0
vn 0.996094 -0.000110447 0.0825806
vn 0.796875 -0.00062418 0.603516
vn 0.990234 0 -0.136719
vn 0.796875 0 -0.603516
vn 0.603516 0 -0.796875
vn 0.0644531 -0.133423 -0.98877
vn -0.344482 0.280762 -0.895508
vn 0.136719 0 -0.990234
vn -0.136719 0 -0.990234
vn -0.707031 0 -0.707031
vn 0 0.0825195 -0.996582
vn 0.235596 -0.734375 -0.635742
vn 0.635742 -0.235596 -0.734375
vn -0.609863 0.609863 -0.505371
vn 0 0.603516 -0.796875
vn 2.80142e-006 -0.990234 0.136841
vn 0 -0.990234 -0.136597
vn 0 -0.603516 -0.796875
vn -0.707031 1.56164e-005 0.707031
vn 0.505371 0.609375 0.610352
vn 0 -0.796875 -0.603516
vn 0 -0.136719 -0.990234
vn -0.382324 0.923828 0
vn -0.382324 0.923828 0
vn -0.382324 0.923828 0
vn -0.382324 0.923828 0
vn -0.92334 -0.382813 0
vn -0.92334 -0.382813 0
vn -0.92334 -0.382813 0
vn -0.92334 -0.382813 0
vn -0.382324 -0.923828 0
vn -0.382324 -0.923828 0
vn -0.382324 -0.923828 0
vn -0.382324 -0.923828 0
vn 0.382568 -0.923828 0
vn 0.382568 -0.923828 0
vn 0.382568 -0.923828 0
vn 0.382568 -0.923828 0
vn 0.923828 0.382568 0
vn 0.923828 0.382568 0
vn 0.923828 0.382568 0
vn 0.923828 0.382568 0
vn 0.923828 -0.382568 0
vn 0.923828 -0.382568 0
vn 0.923828 -0.382568 0
vn 0.923828 -0.382568 0
vn -0.92334 0.382813 0
vn -0.92334 0.382813 0
vn -0.92334 0.382813 0
vn -0.92334 0.382813 0
vn 0.382568 0.923828 0
vn 0.382568 0.923828 0
vn 0.382568 0.923828 0
vn 0.382568 0.923828 0
vn 0 -0.382324 0.923828
vn 0 -0.382324 0.923828
vn 0 -0.382324 0.923828
vn 0 -0.382324 0.923828
vn 0 0.92334 0.382813
vn 0 0.92334 0.382813
vn 0 0.92334 0.382813
vn 0 0.92334 0.382813
vn 0 0.382324 0.923828
vn 0 0.382324 0.923828
vn 0 0.382324 0.923828
vn 0 0.382324 0.923828
vn 0 0.923828 -0.382568
vn 0 0.923828 -0.382568
vn 0 0.923828 -0.382568
vn 0 0.923828 -0.382568
vn 0 -0.92334 0.382813
vn 0 -0.92334 0.382813
vn 0 -0.92334 0.382813
vn 0 -0.92334 0.382813
vn 0 -0.923828 -0.382568
vn 0 -0.923828 -0.382568
vn 0 -0.923828 -0.382568
vn 0 -0.923828 -0.382568
vn 0 -0.382568 -0.923828
vn 0 -0.382568 -0.923828
vn 0 -0.382568 -0.923828
vn 0 -0.382568 -0.923828
vn 0 0.382568 -0.923828
vn 0 0.382568 -0.923828
vn 0 0.382568 -0.923828
vn 0 0.382568 -0.923828
vn 0.923828 0 0.382568
vn 0.923828 0 0.382568
vn 0.923828 0 0.382568
vn 0.923828 0 0.382568
vn 0.923828 0 -0.382568
vn 0.923828 0 -0.382568
vn 0.923828 0 -0.382568
vn 0.923828 0 -0.382568
vn -0.382568 0 -0.923828
vn -0.382568 0 -0.923828
vn -0.382568 0 -0.923828
vn -0.382568 0 -0.923828
vn 0.382568 0 -0.923828
vn 0.382568 0 -0.923828
vn 0.382568 0 -0.923828
vn 0.382568 0 -0.923828
vn -0.923828 0 0.382568
vn -0.923828 0 0.382568
vn -0.923828 0 0.382568
vn -0.923828 0 0.382568
vn 0.382568 0 0.923828
vn 0.382568 0 0.923828
vn 0.382568 0 0.923828
vn 0.382568 0 0.923828
vn -0.382568 0 0.923828
vn -0.382568 0 0.923828
vn -0.382568 0 0.923828
vn -0.382568 0 0.923828
vn -0.923828 0 -0.382568
vn -0.923828 0 -0.382568
vn -0.923828 0 -0.382568
vn -0.923828 0 -0.382568
vn 0 -3.57628e-006 1
vn 0 -3.57628e-006 1
vn 0 -3.57628e-006 1
vn -2.98023e-007 1 0
vn -2.98023e-007 1 0
vn -2.98023e-007 1 0
vn -2.98023e-007 1 0
vn -1 0 0
vn -1 0 0
vn -1 0 0
vn -0.999512 0.0019207 0
vn -0.999512 0.0019207 0
vn -0.999512 0.0019207 0
vn -1 0 0
vn -1 0 0
vn -1 0 0
vn -1 0 0
vn -2.98023e-007 1 0
vn -2.98023e-007 1 0
vn 0 1 0
vn 0 1 0
vn 0 1 0
vn 0 1 0
vn 0 1 0
vn 0 1 0
vn -0.000164747 0.000397682 0.999512
vn -0.000164747 0.000397682 0.999512
vn -0.000164747 0.000397682 0.999512
vn -0.000164747 0.000397682 0.999512
vn 0 3.57628e-006 1
vn 0 3.57628e-006 1
vn 0 3.57628e-006 1
vn -0.000164747 -0.000397682 0.999512
vn -0.000164747 -0.000397682 0.999512
vn -0.000164747 -0.000397682 0.999512
vn -0.000164747 -0.000397682 0.999512
vn 0.280762 -0.895508 -0.344727
vn 0.609863 -0.505371 -0.609863
vn -1.45435e-005 -0.706543 -0.707031
vn 0.577148 0.577148 -0.577148
vn 0.609863 0.610352 -0.505371
vn 0 0.706543 -0.707031
vn 0.609863 0.505371 -0.609863
vn 0.706543 0.707031 -1.45435e-005
vn 0.505371 0.609863 -0.609863
vn 0.603516 -0.796875 -9.59635e-006
vn 0.0823975 -0.996582 -1.66893e-006
vn -0.136719 -0.990234 0
vn -0.664063 -0.747559 0
vn -0.796875 -0.603516 0
vn -0.990234 0.136719 0
vn -0.895508 0.344238 -0.281006
vn -0.707031 0.707031 0
vn -0.133423 -0.98877 0.0643921
vn -0.678223 -0.678223 0.282227
vn -0.986816 -0.114014 0.113953
vn -0.996582 -0.0825195 0
vn -0.996094 -0.000110447 -0.0825806
vn -0.796875 -0.00062418 -0.603516
vn -0.990234 0 0.136719
vn -0.796875 0 0.603516
vn -0.603516 0 0.796875
vn -0.0644531 -0.133423 0.98877
vn 0.344482 0.280762 0.895508
vn -0.136719 0 0.990234
vn 0.136719 0 0.990234
vn 0.707031 0 0.707031
vn 0 0.0825195 0.996582
vn -0.235596 -0.734375 0.635742
vn -0.635742 -0.235596 0.734375
vn 0.609863 0.609863 0.505371
vn 0 0.603516 0.796875
vn -2.80142e-006 -0.990234 -0.136841
vn 0 -0.990234 0.136597
vn 0 -0.603516 0.796875
vn 0.707031 1.56164e-005 -0.707031
vn -0.505371 0.609375 -0.610352
vn 0 -0.796875 0.603516
vn 0 -0.136719 0.990234
vn 0.382324 0.923828 0
vn 0.382324 0.923828 0
vn 0.382324 0.923828 0
vn 0.382324 0.923828 0
vn 0.92334 -0.382813 0
vn 0.92334 -0.382813 0
vn 0.92334 -0.382813 0
vn 0.92334 -0.382813 0
vn 0.382324 -0.923828 0
vn 0.382324 -0.923828 0
vn 0.382324 -0.923828 0
vn 0.382324 -0.923828 0
vn -0.382568 -0.923828 0
vn -0.382568 -0.923828 0
vn -0.382568 -0.923828 0
vn -0.382568 -0.923828 0
vn -0.923828 0.382568 0
vn -0.923828 0.382568 0
vn -0.923828 0.382568 0
vn -0.923828 0.382568 0
vn -0.923828 -0.382568 0
vn -0.923828 -0.382568 0
vn -0.923828 -0.382568 0
vn -0.923828 -0.382568 0
vn 0.92334 0.382813 0
vn 0.92334 0.382813 0
vn 0.92334 0.382813 0
vn 0.92334 0.382813 0
vn -0.382568 0.923828 0
vn -0.382568 0.923828 0
vn -0.382568 0.923828 0
vn -0.382568 0.923828 0
vn 0 -0.382324 -0.923828
vn 0 -0.382324 -0.923828
vn 0 -0.382324 -0.923828
vn 0 -0.382324 -0.923828
vn 0 0.92334 -0.382813
vn 0 0.92334 -0.382813
vn 0 0.92334 -0.382813
vn 0 0.92334 -0.382813
vn 0 0.382324 -0.923828
vn 0 0.382324 -0.923828
vn 0 0.382324 -0.923828
vn 0 0.382324 -0.923828
vn 0 0.923828 0.382568
vn 0 0.923828 0.382568
vn 0 0.923828 0.382568
vn 0 0.923828 0.382568
vn 0 -0.92334 -0.382813
vn 0 -0.92334 -0.382813
vn 0 -0.92334 -0.382813
vn 0 -0.92334 -0.382813
vn 0 -0.923828 0.382568
vn 0 -0.923828 0.382568
vn 0 -0.923828 0.382568
vn 0 -0.923828 0.382568
vn 0 -0.382568 0.923828
vn 0 -0.382568 0.923828
vn 0 -0.382568 0.923828
vn 0 -0.382568 0.923828
vn 0 0.382568 0.923828
vn 0 0.382568 0.923828
vn 0 0.382568 0.923828
vn 0 0.382568 0.923828
vn -0.923828 0 -0.382568
vn -0.923828 0 -0.382568
vn -0.923828 0 -0.382568
vn -0.923828 0 -0.382568
vn -0.923828 0 0.382568
vn -0.923828 0 0.382568
vn -0.923828 0 0.382568
vn -0.923828 0 0.382568
vn 0.382568 0 0.923828
vn 0.382568 0 0.923828
vn 0.382568 0 0.923828
vn 0.382568 0 0.923828
vn -0.382568 0 0.923828
vn -0.382568 0 0.923828
vn -0.382568 0 0.923828
vn -0.382568 0 0.923828
vn 0.923828 0 -0.382568
vn 0.923828 0 -0.382568
vn 0.923828 0 -0.382568
vn 0.923828 0 -0.382568
vn -0.382568 0 -0.923828
vn -0.382568 0 -0.923828
vn -0.382568 0 -0.923828
vn -0.382568 0 -0.923828
vn 0.382568 0 -0.923828
vn 0.382568 0 -0.923828
vn 0.382568 0 -0.923828
vn 0.382568 0 -0.923828
vn 0.923828 0 0.382568
vn 0.923828 0 0.382568
vn 0.923828 0 0.382568
vn 0.923828 0 0.382568
vn 0 -3.57628e-006 -1
vn 0 -3.57628e-006 -1
vn 0 -3.57628e-006 -1
vn 2.98023e-007 1 0
vn 2.98023e-007 1 0
vn 2.98023e-007 1 0
vn 2.98023e-007 1 0
vn 1 0 0
vn 1 0 0
vn 1 0 0
vn 0.999512 0.0019207 0
vn 0.999512 0.0019207 0
vn 0.999512 0.0019207 0
vn 1 0 0
vn 1 0 0
vn 1 0 0
vn 1 0 0
vn 2.98023e-007 1 0
vn 2.98023e-007 1 0
vn 0 1 0
vn 0 1 0
vn 0 1 0
vn 0 1 0
vn 0 1 0
vn 0 1 0
vn 0.000164747 0.000397682 -0.999512
vn 0.000164747 0.000397682 -0.999512
vn 0.000164747 0.000397682 -0.999512
vn 0.000164747 0.000397682 -0.999512
vn 0 3.57628e-006 -1
vn 0 3.57628e-006 -1
vn 0 3.57628e-006 -1
vn 0.000164747 -0.000397682 -0.999512
vn 0.000164747 -0.000397682 -0.999512
vn 0.000164747 -0.000397682 -0.999512
vn 0.000164747 -0.000397682 -0.999512

vt 0 0
vt 0 0
vt 0 0
vt 0 0
vt 0 0
vt 0 0
vt 0 0
vt 0 0
vt 0 0
vt 0 0
vt 0 0
vt 0 0
vt 0 0
vt 0 0
vt 0 0
vt 0 0
vt 0 0
vt 0 0
vt 0 0
vt 0 0
vt 0 0
vt 0 0
vt 0 0
vt 0 0
vt 0 0
vt 0 0
vt 0 0
vt 0 0
vt 0 0
vt 0 0
vt 0 0
vt 0 0
vt 0 0
vt 0 0
vt 0 0
vt 0 0
vt 0 0
vt 0 0
vt 0 0
vt 0 0
vt 0 0
vt 0 0
vt 0 0
vt 0 0
vt 1 0
vt 0 1
vt 1 1
vt 0 0
vt 1 0
vt 0 1
vt 1 1
vt 0 0
vt 1 0
vt 0 1
vt 1 1
vt 0 0
vt 1 0
vt 0 1
vt 1 1
vt 0 0
vt 1 0
vt 0 1
vt 1 1
vt 0 0
vt 1 0
vt 0 1
vt 1 1
vt 0 0
vt 1 0
vt 0 1
vt 1 1
vt 0 0
vt 1 0
vt 0 1
vt 1 1
vt 0 0
vt 1 0
vt 0 1
vt 1 1
vt 0 0
vt 1 0
vt 0 1
vt 1 1
vt 0 0
vt 1 0
vt 0 1
vt 1 1
vt 0 0
vt 1 0
vt 0 1
vt 1 1
vt 0 0
vt 1 0
vt 0 1
vt 1 1
vt 0 0
vt 1 0
vt 0 1
vt 1 1
vt 0 0
vt 1 0
vt 0 1
vt 1 1
vt 0 0
vt 1 0
vt 0 1
vt 1 1
vt 0 0
vt 1 0
vt 0 1
vt 1 1
vt 0 0
vt 1 0
vt 0 1
vt 1 1
vt 0 0
vt 1 0
vt 0 1
vt 1 1
vt 0 0
vt 1 0
vt 0 1
vt 1 1
vt 0 0
vt 1 0
vt 0 1
vt 1 1
vt 0 0
vt 1 0
vt 0 1
vt 1 1
vt 0 0
vt 1 0
vt 0 1
vt 1 1
vt 0 0
vt 1 0
vt 0 1
vt 1 1
vt 0 1
vt 0 1
vt 0 1
vt 0 1
vt 0 1
vt 0 1
vt 0 1
vt 0 1
vt 0 1
vt 0 1
vt 0 1
vt 0 1
vt 0 1
vt 0 1
vt 0 1
vt 0 1
vt 0 1
vt 0 1
vt 0 1
vt 0 1
vt 0 1
vt 0 1
vt 0 1
vt 0 1
vt 0 1
vt 0 1
vt 0 1
vt 0 1
vt 0 1
vt 0 1
vt 0 1
vt 0 1
vt 0 1
vt 0 1
vt 0 1
vt 0 1
vt 0 0
vt 0 0
vt 0 0
vt 0 0
vt 0 0
vt 0 0
vt 0 0
vt 0 0
vt 0 0
vt 0 0
vt 0 0
vt 0 0
vt 0 0
vt 0 0
vt 0 0
vt 0 0
vt 0 0
vt 0 0
vt 0 0
vt 0 0
vt 0 0
vt 0 0
vt 0 0
vt 0 0
vt 0 0
vt 0 0
vt 0 0
vt 0 0
vt 0 0
vt 0 0
vt 0 0
vt 0 0
vt 0 0
vt 0 0
vt 0 0
vt 0 0
vt 0 0
vt 0 0
vt 0 0
vt 0 0
vt 0 0
vt 0 0
vt 0 0
vt 0 0
vt 1 0
vt 0 1
vt 1 1
vt 0 0
vt 1 0
vt 0 1
vt 1 1
vt 0 0
vt 1 0
vt 0 1
vt 1 1
vt 0 0
vt 1 0
vt 0 1
vt 1 1
vt 0 0
vt 1 0
vt 0 1
vt 1 1
vt 0 0
vt 1 0
vt 0 1
vt 1 1
vt 0 0
vt 1 0
vt 0 1
vt 1 1
vt 0 0
vt 1 0
vt 0 1
vt 1 1
vt 0 0
vt 1 0
vt 0 1
vt 1 1
vt 0 0
vt 1 0
vt 0 1
vt 1 1
vt 0 0
vt 1 0
vt 0 1
vt 1 1
vt 0 0
vt 1 0
vt 0 1
vt 1 1
vt 0 0
vt 1 0
vt 0 1
vt 1 1
vt 0 0
vt 1 0
vt 0 1
vt 1 1
vt 0 0
vt 1 0
vt 0 1
vt 1 1
vt 0 0
vt 1 0
vt 0 1
vt 1 1
vt 0 0
vt 1 0
vt 0 1
vt 1 1
vt 0 0
vt 1 0
vt 0 1
vt 1 1
vt 0 0
vt 1 0
vt 0 1
vt 1 1
vt 0 0
vt 1 0
vt 0 1
vt 1 1
vt 0 0
vt 1 0
vt 0 1
vt 1 1
vt 0 0
vt 1 0
vt 0 1
vt 1 1
vt 0 0
vt 1 0
vt 0 1
vt 1 1
vt 0 0
vt 1 0
vt 0 1
vt 1 1
vt 0 1
vt 0 1
vt 0 1
vt 0 1
vt 0 1
vt 0 1
vt 0 1
vt 0 1
vt 0 1
vt 0 1
vt 0 1
vt 0 1
vt 0 1
vt 0 1
vt 0 1
vt 0 1
vt 0 1
vt 0 1
vt 0 1
vt 0 1
vt 0 1
vt 0 1
vt 0 1
vt 0 1
vt 0 1
vt 0 1
vt 0 1
vt 0 1
vt 0 1
vt 0 1
vt 0 1
vt 0 1
vt 0 1
vt 0 1
vt 0 1
vt 0 1
vt 0 0
vt 0 0
vt 0 0
vt 0 0
vt 0 0
vt 0 0
vt 0 0
vt 0 0
vt 0 0
vt 0 0
vt 0 0
vt 0 0
vt 0 0
vt 0 0
vt 0 0
vt 0 0
vt 0 0
vt 0 0
vt 0 0
vt 0 0
vt 0 0
vt 0 0
vt 0 0
vt 0 0
vt 0 0
vt 0 0
vt 0 0
vt 0 0
vt 0 0
vt 0 0
vt 0 0
vt 0 0
vt 0 0
vt 0 0
vt 0 0
vt 0 0
vt 0 0
vt 0 0
vt 0 0
vt 0 0
vt 0 0
vt 0 0
vt 0 0
vt 0 0
vt 1 0
vt 0 1
vt 1 1
vt 0 0
vt 1 0
vt 0 1
vt 1 1
vt 0 0
vt 1 0
vt 0 1
vt 1 1
vt 0 0
vt 1 0
vt 0 1
vt 1 1
vt 0 0
vt 1 0
vt 0 1
vt 1 1
vt 0 0
vt 1 0
vt 0 1
vt 1 1
vt 0 0
vt 1 0
vt 0 1
vt 1 1
vt 0 0
vt 1 0
vt 0 1
vt 1 1
vt 0 0
vt 1 0
vt 0 1
vt 1 1
vt 0 0
vt 1 0
vt 0 1
vt 1 1
vt 0 0
vt 1 0
vt 0 1
vt 1 1
vt 0 0
vt 1 0
vt 0 1
vt 1 1
vt 0 0
vt 1 0
vt 0 1
vt 1 1
vt 0 0
vt 1 0
vt 0 1
vt 1 1
vt 0 0
vt 1 0
vt 0 1
vt 1 1
vt 0 0
vt 1 0
vt 0 1
vt 1 1
vt 0 0
vt 1 0
vt 0 1
vt 1 1
vt 0 0
vt 1 0
vt 0 1
vt 1 1
vt 0 0
vt 1 0
vt 0 1
vt 1 1
vt 0 0
vt 1 0
vt 0 1
vt 1 1
vt 0 0
vt 1 0
vt 0 1
vt 1 1
vt 0 0
vt 1 0
vt 0 1
vt 1 1
vt 0 0
vt 1 0
vt 0 1
vt 1 1
vt 0 0
vt 1 0
vt 0 1
vt 1 1
vt 0 1
vt 0 1
vt 0 1
vt 0 1
vt 0 1
vt 0 1
vt 0 1
vt 0 1
vt 0 1
vt 0 1
vt 0 1
vt 0 1
vt 0 1
vt 0 1
vt 0 1
vt 0 1
vt 0 1
vt 0 1
vt 0 1
vt 0 1
vt 0 1
vt 0 1
vt 0 1
vt 0 1
vt 0 1
vt 0 1
vt 0 1
vt 0 1
vt 0 1
vt 0 1
vt 0 1
vt 0 1
vt 0 1
vt 0 1
vt 0 1
vt 0 1
vt 0 0
vt 0 0
vt 0 0
vt 0 0
vt 0 0
vt 0 0
vt 0 0
vt 0 0
vt 0 0
vt 0 0
vt 0 0
vt 0 0
vt 0 0
vt 0 0
vt 0 0
vt 0 0
vt 0 0
vt 0 0
vt 0 0
vt 0 0
vt 0 0
vt 0 0
vt 0 0
vt 0 0
vt 0 0
vt 0 0
vt 0 0
vt 0 0
vt 0 0
vt 0 0
vt 0 0
vt 0 0
vt 0 0
vt 0 0
vt 0 0
vt 0 0
vt 0 0
vt 0 0
vt 0 0
vt 0 0
vt 0 0
vt 0 0
vt 0 0
vt 0 0
vt 1 0
vt 0 1
vt 1 1
vt 0 0
vt 1 0
vt 0 1
vt 1 1
vt 0 0
vt 1 0
vt 0 1
vt 1 1
vt 0 0
vt 1 0
vt 0 1
vt 1 1
vt 0 0
vt 1 0
vt 0 1
vt 1 1
vt 0 0
vt 1 0
vt 0 1
vt 1 1
vt 0 0
vt 1 0
vt 0 1
vt 1 1
vt 0 0
vt 1 0
vt 0 1
vt 1 1
vt 0 0
vt 1 0
vt 0 1
vt 1 1
vt 0 0
vt 1 0
vt 0 1
vt 1 1
vt 0 0
vt 1 0
vt 0 1
vt 1 1
vt 0 0
vt 1 0
vt 0 1
vt 1 1
vt 0 0
vt 1 0
vt 0 1
vt 1 1
vt 0 0
vt 1 0
vt 0 1
vt 1 1
vt 0 0
vt 1 0
vt 0 1
vt 1 1
vt 0 0
vt 1 0
vt 0 1
vt 1 1
vt 0 0
vt 1 0
vt 0 1
vt 1 1
vt 0 0
vt 1 0
vt 0 1
vt 1 1
vt 0 0
vt 1 0
vt 0 1
vt 1 1
vt 0 0
vt 1 0
vt 0 1
vt 1 1
vt 0 0
vt 1 0
vt 0 1
vt 1 1
vt 0 0
vt 1 0
vt 0 1
vt 1 1
vt 0 0
vt 1 0
vt 0 1
vt 1 1
vt 0 0
vt 1 0
vt 0 1
vt 1 1
vt 0 1
vt 0 1
vt 0 1
vt 0 1
vt 0 1
vt 0 1
vt 0 1
vt 0 1
vt 0 1
vt 0 1
vt 0 1
vt 0 1
vt 0 1
vt 0 1
vt 0 1
vt 0 1
vt 0 1
vt 0 1
vt 0 1
vt 0 1
vt 0 1
vt 0 1
vt 0 1
vt 0 1
vt 0 1
vt 0 1
vt 0 1
vt 0 1
vt 0 1
vt 0 1
vt 0 1
vt 0 1
vt 0 1
vt 0 1
vt 0 1
vt 0 1
vt 0 0
vt 0 0
vt 0 0
vt 0 0
vt 0 0
vt 0 0
vt 0 0
vt 0 0
vt 0 0
vt 0 0
vt 0 0
vt 0 0
vt 0 0
vt 0 0
vt 0 0
vt 0 0
vt 0 0
vt 0 0
vt 0 0
vt 0 0
vt 0 0
vt 0 0
vt 0 0
vt 0 0
vt 0 0
vt 0 0
vt 0 0
vt 0 0
vt 0 0
vt 0 0
vt 0 0
vt 0 0
vt 0 0
vt 0 0
vt 0 0
vt 0 0
vt 0 0
vt 0 0
vt 0 0
vt 0 0
vt 0 0
vt 0 0
vt 0 0
vt 0 0
vt 1 0
vt 0 1
vt 1 1
vt 0 0
vt 1 0
vt 0 1
vt 1 1
vt 0 0
vt 1 0
vt 0 1
vt 1 1
vt 0 0
vt 1 0
vt 0 1
vt 1 1
vt 0 0
vt 1 0
vt 0 1
vt 1 1
vt 0 0
vt 1 0
vt 0 1
vt 1 1
vt 0 0
vt 1 0
vt 0 1
vt 1 1
vt 0 0
vt 1 0
vt 0 1
vt 1 1
vt 0 0
vt 1 0
vt 0 1
vt 1 1
vt 0 0
vt 1 0
vt 0 1
vt 1 1
vt 0 0
vt 1 0
vt 0 1
vt 1 1
vt 0 0
vt 1 0
vt 0 1
vt 1 1
vt 0 0
vt 1 0
vt 0 1
vt 1 1
vt 0 0
vt 1 0
vt 0 1
vt 1 1
vt 0 0
vt 1 0
vt 0 1
vt 1 1
vt 0 0
vt 1 0
vt 0 1
vt 1 1
vt 0 0
vt 1 0
vt 0 1
vt 1 1
vt 0 0
vt 1 0
vt 0 1
vt 1 1
vt 0 0
vt 1 0
vt 0 1
vt 1 1
vt 0 0
vt 1 0
vt 0 1
vt 1 1
vt 0 0
vt 1 0
vt 0 1
vt 1 1
vt 0 0
vt 1 0
vt 0 1
vt 1 1
vt 0 0
vt 1 0
vt 0 1
vt 1 1
vt 0 0
vt 1 0
vt 0 1
vt 1 1
vt 0 1
vt 0 1
vt 0 1
vt 0 1
vt 0 1
vt 0 1
vt 0 1
vt 0 1
vt 0 1
vt 0 1
vt 0 1
vt 0 1
vt 0 1
vt 0 1
vt 0 1
vt 0 1
vt 0 1
vt 0 1
vt 0 1
vt 0 1
vt 0 1
vt 0 1
vt 0 1
vt 0 1
vt 0 1
vt 0 1
vt 0 1
vt 0 1
vt 0 1
vt 0 1
vt 0 1
vt 0 1
vt 0 1
vt 0 1
vt 0 1
vt 0 1
vt 0 0
vt 0 0
vt 0 0
vt 0 0
vt 0 0
vt 0 0
vt 0 0
vt 0 0
vt 0 0
vt 0 0
vt 0 0
vt 0 0
vt 0 0
vt 0 0
vt 0 0
vt 0 0
vt 0 0
vt 0 0
vt 0 0
vt 0 0
vt 0 0
vt 0 0
vt 0 0
vt 0 0
vt 0 0
vt 0 0
vt 0 0
vt 0 0
vt 0 0
vt 0 0
vt 0 0
vt 0 0
vt 0 0
vt 0 0
vt 0 0
vt 0 0
vt 0 0
vt 0 0
vt 0 0
vt 0 0
vt 0 0
vt 0 0
vt 0 0
vt 0 0
vt 1 0
vt 0 1
vt 1 1
vt 0 0
vt 1 0
vt 0 1
vt 1 1
vt 0 0
vt 1 0
vt 0 1
vt 1 1
vt 0 0
vt 1 0
vt 0 1
vt 1 1
vt 0 0
vt 1 0
vt 0 1
vt 1 1
vt 0 0
vt 1 0
vt 0 1
vt 1 1
vt 0 0
vt 1 0
vt 0 1
vt 1 1
vt 0 0
vt 1 0
vt 0 1
vt 1 1
vt 0 0
vt 1 0
vt 0 1
vt 1 1
vt 0 0
vt 1 0
vt 0 1
vt 1 1
vt 0 0
vt 1 0
vt 0 1
vt 1 1
vt 0 0
vt 1 0
vt 0 1
vt 1 1
vt 0 0
vt 1 0
vt 0 1
vt 1 1
vt 0 0
vt 1 0
vt 0 1
vt 1 1
vt 0 0
vt 1 0
vt 0 1
vt 1 1
vt 0 0
vt 1 0
vt 0 1
vt 1 1
vt 0 0
vt 1 0
vt 0 1
vt 1 1
vt 0 0
vt 1 0
vt 0 1
vt 1 1
vt 0 0
vt 1 0
vt 0 1
vt 1 1
vt 0 0
vt 1 0
vt 0 1
vt 1 1
vt 0 0
vt 1 0
vt 0 1
vt 1 1
vt 0 0
vt 1 0
vt 0 1
vt 1 1
vt 0 0
vt 1 0
vt 0 1
vt 1 1
vt 0 0
vt 1 0
vt 0 1
vt 1 1
vt 0 1
vt 0 1
vt 0 1
vt 0 1
vt 0 1
vt 0 1
vt 0 1
vt 0 1
vt 0 1
vt 0 1
vt 0 1
vt 0 1
vt 0 1
vt 0 1
vt 0 1
vt 0 1
vt 0 1
vt 0 1
vt 0 1
vt 0 1
vt 0 1
vt 0 1
vt 0 1
vt 0 1
vt 0 1
vt 0 1
vt 0 1
vt 0 1
vt 0 1
vt 0 1
vt 0 1
vt 0 1
vt 0 1
vt 0 1
vt 0 1
vt 0 1
vt 0 0
vt 0 0
vt 0 0
vt 0 0
vt 0 0
vt 0 0
vt 0 0
vt 0 0
vt 0 0
vt 0 0
vt 0 0
vt 0 0
vt 0 0
vt 0 0
vt 0 0
vt 0 0
vt 0 0
vt 0 0
vt 0 0
vt 0 0
vt 0 0
vt 0 0
vt 0 0
vt 0 0
vt 0 0
vt 0 0
vt 0 0
vt 0 0
vt 0 0
vt 0 0
vt 0 0
vt 0 0
vt 0 0
vt 0 0
vt 0 0
vt 0 0
vt 0 0
vt 0 0
vt 0 0
vt 0 0
vt 0 0
vt 0 0
vt 0 0
vt 0 0
vt 1 0
vt 0 1
vt 1 1
vt 0 0
vt 1 0
vt 0 1
vt 1 1
vt 0 0
vt 1 0
vt 0 1
vt 1 1
vt 0 0
vt 1 0
vt 0 1
vt 1 1
vt 0 0
vt 1 0
vt 0 1
vt 1 1
vt 0 0
vt 1 0
vt 0 1
vt 1 1
vt 0 0
vt 1 0
vt 0 1
vt 1 1
vt 0 0
vt 1 0
vt 0 1
vt 1 1
vt 0 0
vt 1 0
vt 0 1
vt 1 1
vt 0 0
vt 1 0
vt 0 1
vt 1 1
vt 0 0
vt 1 0
vt 0 1
vt 1 1
vt 0 0
vt 1 0
vt 0 1
vt 1 1
vt 0 0
vt 1 0
vt 0 1
vt 1 1
vt 0 0
vt 1 0
vt 0 1
vt 1 1
vt 0 0
vt 1 0
vt 0 1
vt 1 1
vt 0 0
vt 1 0
vt 0 1
vt 1 1
vt 0 0
vt 1 0
vt 0 1
vt 1 1
vt 0 0
vt 1 0
vt 0 1
vt 1 1
vt 0 0
vt 1 0
vt 0 1
vt 1 1
vt 0 0
vt 1 0
vt 0 1
vt 1 1
vt 0 0
vt 1 0
vt 0 1
vt 1 1
vt 0 0
vt 1 0
vt 0 1
vt 1 1
vt 0 0
vt 1 0
vt 0 1
vt 1 1
vt 0 0
vt 1 0
vt 0 1
vt 1 1
vt 0 1
vt 0 1
vt 0 1
vt 0 1
vt 0 1
vt 0 1
vt 0 1
vt 0 1
vt 0 1
vt 0 1
vt 0 1
vt 0 1
vt 0 1
vt 0 1
vt 0 1
vt 0 1
vt 0 1
vt 0 1
vt 0 1
vt 0 1
vt 0 1
vt 0 1
vt 0 1
vt 0 1
vt 0 1
vt 0 1
vt 0 1
vt 0 1
vt 0 1
vt 0 1
vt 0 1
vt 0 1
vt 0 1
vt 0 1
vt 0 1
vt 0 1
vt 0 0
vt 0 0
vt 0 0
vt 0 0
vt 0 0
vt 0 0
vt 0 0
vt 0 0
vt 0 0
vt 0 0
vt 0 0
vt 0 0
vt 0 0
vt 0 0
vt 0 0
vt 0 0
vt 0 0
vt 0 0
vt 0 0
vt 0 0
vt 0 0
vt 0 0
vt 0 0
vt 0 0
vt 0 0
vt 0 0
vt 0 0
vt 0 0
vt 0 0
vt 0 0
vt 0 0
vt 0 0
vt 0 0
vt 0 0
vt 0 0
vt 0 0
vt 0 0
vt 0 0
vt 0 0
vt 0 0
vt 0 0
vt 0 0
vt 0 0
vt 0 0
vt 1 0
vt 0 1
vt 1 1
vt 0 0
vt 1 0
vt 0 1
vt 1 1
vt 0 0
vt 1 0
vt 0 1
vt 1 1
vt 0 0
vt 1 0
vt 0 1
vt 1 1
vt 0 0
vt 1 0
vt 0 1
vt 1 1
vt 0 0
vt 1 0
vt 0 1
vt 1 1
vt 0 0
vt 1 0
vt 0 1
vt 1 1
vt 0 0
vt 1 0
vt 0 1
vt 1 1
vt 0 0
vt 1 0
vt 0 1
vt 1 1
vt 0 0
vt 1 0
vt 0 1
vt 1 1
vt 0 0
vt 1 0
vt 0 1
vt 1 1
vt 0 0
vt 1 0
vt 0 1
vt 1 1
vt 0 0
vt 1 0
vt 0 1
vt 1 1
vt 0 0
vt 1 0
vt 0 1
vt 1 1
vt 0 0
vt 1 0
vt 0 1
vt 1 1
vt 0 0
vt 1 0
vt 0 1
vt 1 1
vt 0 0
vt 1 0
vt 0 1
vt 1 1
vt 0 0
vt 1 0
vt 0 1
vt 1 1
vt 0 0
vt 1 0
vt 0 1
vt 1 1
vt 0 0
vt 1 0
vt 0 1
vt 1 1
vt 0 0
vt 1 0
vt 0 1
vt 1 1
vt 0 0
vt 1 0
vt 0 1
vt 1 1
vt 0 0
vt 1 0
vt 0 1
vt 1 1
vt 0 0
vt 1 0
vt 0 1
vt 1 1
vt 0 1
vt 0 1
vt 0 1
vt 0 1
vt 0 1
vt 0 1
vt 0 1
vt 0 1
vt 0 1
vt 0 1
vt 0 1
vt 0 1
vt 0 1
vt 0 1
vt 0 1
vt 0 1
vt 0 1
vt 0 1
vt 0 1
vt 0 1
vt 0 1
vt 0 1
vt 0 1
vt 0 1
vt 0 1
vt 0 1
vt 0 1
vt 0 1
vt 0 1
vt 0 1
vt 0 1
vt 0 1
vt 0 1
vt 0 1
vt 0 1
vt 0 1


#
# MESH 000
#
g surface_000
usemtl surface_000
f 169/169/169 170/170/170 171/171/171
f 162/162/162 163/163/163 164/164/164
f 159/159/159 160/160/160 161/161/161
f 150/150/150 151/151/151 152/152/152
f 140/140/140 141/141/141 142/142/142
f 174/174/174 173/173/173 175/175/175
f 172/172/172 173/173/173 174/174/174
f 167/167/167 166/166/166 168/168/168
f 165/165/165 166/166/166 167/167/167
f 157/157/157 146/146/146 158/158/158
f 145/145/145 146/146/146 157/157/157
f 145/145/145 144/144/144 146/146/146
f 143/143/143 144/144/144 145/145/145
f 155/155/155 153/153/153 156/156/156
f 154/154/154 153/153/153 155/155/155
f 148/148/148 153/153/153 154/154/154
f 147/147/147 153/153/153 148/148/148
f 147/147/147 148/148/148 149/149/149
f 138/138/138 137/137/137 139/139/139
f 136/136/136 137/137/137 138/138/138
f 134/134/134 133/133/133 135/135/135
f 132/132/132 133/133/133 134/134/134
f 130/130/130 129/129/129 131/131/131
f 128/128/128 129/129/129 130/130/130
f 126/126/126 125/125/125 127/127/127
f 124/124/124 125/125/125 126/126/126
f 122/122/122 121/121/121 123/123/123
f 120/120/120 121/121/121 122/122/122
f 118/118/118 117/117/117 119/119/119
f 116/116/116 117/117/117 118/118/118
f 114/114/114 113/113/113 115/115/115
f 112/112/112 113/113/113 114/114/114
f 110/110/110 109/109/109 111/111/111
f 108/108/108 109/109/109 110/110/110
f 106/106/106 105/105/105 107/107/107
f 104/104/104 105/105/105 106/106/106
f 102/102/102 101/101/101 103/103/103
f 100/100/100 101/101/101 102/102/102
f 98/98/98 97/97/97 99/99/99
f 96/96/96 97/97/97 98/98/98
f 94/94/94 93/93/93 95/95/95
f 92/92/92 93/93/93 94/94/94
f 90/90/90 89/89/89 91/91/91
f 88/88/88 89/89/89 90/90/90
f 86/86/86 85/85/85 87/87/87
f 84/84/84 85/85/85 86/86/86
f 82/82/82 81/81/81 83/83/83
f 80/80/80 81/81/81 82/82/82
f 78/78/78 77/77/77 79/79/79
f 76/76/76 77/77/77 78/78/78
f 74/74/74 73/73/73 75/75/75
f 72/72/72 73/73/73 74/74/74
f 70/70/70 69/69/69 71/71/71
f 68/68/68 69/69/69 70/70/70
f 66/66/66 65/65/65 67/67/67
f 64/64/64 65/65/65 66/66/66
f 62/62/62 61/61/61 63/63/63
f 60/60/60 61/61/61 62/62/62
f 58/58/58 57/57/57 59/59/59
f 56/56/56 57/57/57 58/58/58
f 54/54/54 53/53/53 55/55/55
f 52/52/52 53/53/53 54/54/54
f 50/50/50 49/49/49 51/51/51
f 48/48/48 49/49/49 50/50/50
f 46/46/46 45/45/45 47/47/47
f 44/44/44 45/45/45 46/46/46
f 43/43/43 36/36/36 32/32/32
f 32/32/32 36/36/36 28/28/28
f 28/28/28 27/27/27 32/32/32
f 27/27/27 39/39/39 32/32/32
f 32/32/32 39/39/39 43/43/43
f 43/43/43 39/39/39 42/42/42
f 39/39/39 38/38/38 42/42/42
f 42/42/42 38/38/38 37/37/37
f 35/35/35 28/28/28 36/36/36
f 31/31/31 28/28/28 35/35/35
f 30/30/30 28/28/28 31/31/31
f 29/29/29 28/28/28 30/30/30
f 27/27/27 28/28/28 29/29/29
f 27/27/27 29/29/29 34/34/34
f 27/27/27 34/34/34 33/33/33
f 33/33/33 39/39/39 27/27/27
f 33/33/33 38/38/38 39/39/39
f 18/18/18 38/38/38 33/33/33
f 18/18/18 1/1/1 38/38/38
f 38/38/38 1/1/1 37/37/37
f 37/37/37 1/1/1 3/3/3
f 1/1/1 2/2/2 3/3/3
f 26/26/26 29/29/29 30/30/30
f 25/25/25 29/29/29 26/26/26
f 34/34/34 29/29/29 25/25/25
f 34/34/34 25/25/25 20/20/20
f 20/20/20 19/19/19 34/34/34
f 19/19/19 33/33/33 34/34/34
f 18/18/18 33/33/33 19/19/19
f 13/13/13 18/18/18 19/19/19
f 11/11/11 18/18/18 13/13/13
f 18/18/18 11/11/11 1/1/1
f 1/1/1 11/11/11 10/10/10
f 1/1/1 10/10/10 2/2/2
f 24/24/24 25/25/25 26/26/26
f 22/22/22 25/25/25 24/24/24
f 20/20/20 25/25/25 22/22/22
f 16/16/16 20/20/20 22/22/22
f 20/20/20 16/16/16 21/21/21
f 13/13/13 20/20/20 21/21/21
f 19/19/19 20/20/20 13/13/13
f 23/23/23 22/22/22 24/24/24
f 16/16/16 22/22/22 23/23/23
f 23/23/23 41/41/41 16/16/16
f 16/16/16 41/41/41 17/17/17
f 15/15/15 16/16/16 17/17/17
f 21/21/21 16/16/16 15/15/15
f 14/14/14 21/21/21 15/15/15
f 13/13/13 21/21/21 14/14/14
f 12/12/12 13/13/13 14/14/14
f 11/11/11 13/13/13 12/12/12
f 10/10/10 11/11/11 12/12/12
f 4/4/4 9/9/9 40/40/40
f 8/8/8 9/9/9 4/4/4
f 4/4/4 7/7/7 8/8/8
f 4/4/4 6/6/6 7/7/7
f 4/4/4 5/5/5 6/6/6
f 40/40/40 5/5/5 4/4/4
f 344/344/344 345/345/345 346/346/346
f 337/337/337 338/338/338 339/339/339
f 334/334/334 335/335/335 336/336/336
f 325/325/325 326/326/326 327/327/327
f 315/315/315 316/316/316 317/317/317
f 349/349/349 348/348/348 350/350/350
f 347/347/347 348/348/348 349/349/349
f 342/342/342 341/341/341 343/343/343
f 340/340/340 341/341/341 342/342/342
f 332/332/332 321/321/321 333/333/333
f 320/320/320 321/321/321 332/332/332
f 320/320/320 319/319/319 321/321/321
f 318/318/318 319/319/319 320/320/320
f 330/330/330 328/328/328 331/331/331
f 329/329/329 328/328/328 330/330/330
f 323/323/323 328/328/328 329/329/329
f 322/322/322 328/328/328 323/323/323
f 322/322/322 323/323/323 324/324/324
f 313/313/313 312/312/312 314/314/314
f 311/311/311 312/312/312 313/313/313
f 309/309/309 308/308/308 310/310/310
f 307/307/307 308/308/308 309/309/309
f 305/305/305 304/304/304 306/306/306
f 303/303/303 304/304/304 305/305/305
f 301/301/301 300/300/300 302/302/302
f 299/299/299 300/300/300 301/301/301
f 297/297/297 296/296/296 298/298/298
f 295/295/295 296/296/296 297/297/297
f 293/293/293 292/292/292 294/294/294
f 291/291/291 292/292/292 293/293/293
f 289/289/289 288/288/288 290/290/290
f 287/287/287 288/288/288 289/289/289
f 285/285/285 284/284/284 286/286/286
f 283/283/283 284/284/284 285/285/285
f 281/281/281 280/280/280 282/282/282
f 279/279/279 280/280/280 281/281/281
f 277/277/277 276/276/276 278/278/278
f 275/275/275 276/276/276 277/277/277
f 273/273/273 272/272/272 274/274/274
f 271/271/271 272/272/272 273/273/273
f 269/269/269 268/268/268 270/270/270
f 267/267/267 268/268/268 269/269/269
f 265/265/265 264/264/264 266/266/266
f 263/263/263 264/264/264 265/265/265
f 261/261/261 260/260/260 262/262/262
f 259/259/259 260/260/260 261/261/261
f 257/257/257 256/256/256 258/258/258
f 255/255/255 256/256/256 257/257/257
f 253/253/253 252/252/252 254/254/254
f 251/251/251 252/252/252 253/253/253
f 249/249/249 248/248/248 250/250/250
f 247/247/247 248/248/248 249/249/249
f 245/245/245 244/244/244 246/246/246
f 243/243/243 244/244/244 245/245/245
f 241/241/241 240/240/240 242/242/242
f 239/239/239 240/240/240 241/241/241
f 237/237/237 236/236/236 238/238/238
f 235/235/235 236/236/236 237/237/237
f 233/233/233 232/232/232 234/234/234
f 231/231/231 232/232/232 233/233/233
f 229/229/229 228/228/228 230/230/230
f 227/227/227 228/228/228 229/229/229
f 225/225/225 224/224/224 226/226/226
f 223/223/223 224/224/224 225/225/225
f 221/221/221 220/220/220 222/222/222
f 219/219/219 220/220/220 221/221/221
f 218/218/218 211/211/211 207/207/207
f 207/207/207 211/211/211 203/203/203
f 203/203/203 202/202/202 207/207/207
f 202/202/202 214/214/214 207/207/207
f 207/207/207 214/214/214 218/218/218
f 218/218/218 214/214/214 217/217/217
f 214/214/214 213/213/213 217/217/217
f 217/217/217 213/213/213 212/212/212
f 210/210/210 203/203/203 211/211/211
f 206/206/206 203/203/203 210/210/210
f 205/205/205 203/203/203 206/206/206
f 204/204/204 203/203/203 205/205/205
f 202/202/202 203/203/203 204/204/204
f 202/202/202 204/204/204 209/209/209
f 202/202/202 209/209/209 208/208/208
f 208/208/208 214/214/214 202/202/202
f 208/208/208 213/213/213 214/214/214
f 193/193/193 213/213/213 208/208/208
f 193/193/193 176/176/176 213/213/213
f 213/213/213 176/176/176 212/212/212
f 212/212/212 176/176/176 178/178/178
f 176/176/176 177/177/177 178/178/178
f 201/201/201 204/204/204 205/205/205
f 200/200/200 204/204/204 201/201/201
f 209/209/209 204/204/204 200/200/200
f 209/209/209 200/200/200 195/195/195
f 195/195/195 194/194/194 209/209/209
f 194/194/194 208/208/208 209/209/209
f 193/193/193 208/208/208 194/194/194
f 188/188/188 193/193/193 194/194/194
f 186/186/186 193/193/193 188/188/188
f 193/193/193 186/186/186 176/176/176
f 176/176/176 186/186/186 185/185/185
f 176/176/176 185/185/185 177/177/177
f 199/199/199 200/200/200 201/201/201
f 197/197/197 200/200/200 199/199/199
f 195/195/195 200/200/200 197/197/197
f 191/191/191 195/195/195 197/197/197
f 195/195/195 191/191/191 196/196/196
f 188/188/188 195/195/195 196/196/196
f 194/194/194 195/195/195 188/188/188
f 198/198/198 197/197/197 199/199/199
f 191/191/191 197/197/197 198/198/198
f 198/198/198 216/216/216 191/191/191
f 191/191/191 216/216/216 192/192/192
f 190/190/190 191/191/191 192/192/192
f 196/196/196 191/191/191 190/190/190
f 189/189/189 196/196/196 190/190/190
f 188/188/188 196/196/196 189/189/189
f 187/187/187 188/188/188 189/189/189
f 186/186/186 188/188/188 187/187/187
f 185/185/185 186/186/186 187/187/187
f 179/179/179 184/184/184 215/215/215
f 183/183/183 184/184/184 179/179/179
f 179/179/179 182/182/182 183/183/183
f 179/179/179 181/181/181 182/182/182
f 179/179/179 180/180/180 181/181/181
f 215/215/215 180/180/180 179/179/179
f 519/519/519 520/520/520 521/521/521
f 512/512/512 513/513/513 514/514/514
f 509/509/509 510/510/510 511/511/511
f 500/500/500 501/501/501 502/502/502
f 490/490/490 491/491/491 492/492/492
f 524/524/524 523/523/523 525/525/525
f 522/522/522 523/523/523 524/524/524
f 517/517/517 516/516/516 518/518/518
f 515/515/515 516/516/516 517/517/517
f 507/507/507 496/496/496 508/508/508
f 495/495/495 496/496/496 507/507/507
f 495/495/495 494/494/494 496/496/496
f 493/493/493 494/494/494 495/495/495
f 505/505/505 503/503/503 506/506/506
f 504/504/504 503/503/503 505/505/505
f 498/498/498 503/503/503 504/504/504
f 497/497/497 503/503/503 498/498/498
f 497/497/497 498/498/498 499/499/499
f 488/488/488 487/487/487 489/489/489
f 486/486/486 487/487/487 488/488/488
f 484/484/484 483/483/483 485/485/485
f 482/482/482 483/483/483 484/484/484
f 480/480/480 479/479/479 481/481/481
f 478/478/478 479/479/479 480/480/480
f 476/476/476 475/475/475 477/477/477
f 474/474/474 475/475/475 476/476/476
f 472/472/472 471/471/471 473/473/473
f 470/470/470 471/471/471 472/472/472
f 468/468/468 467/467/467 469/469/469
f 466/466/466 467/467/467 468/468/468
f 464/464/464 463/463/463 465/465/465
f 462/462/462 463/463/463 464/464/464
f 460/460/460 459/459/459 461/461/461
f 458/458/458 459/459/459 460/460/460
f 456/456/456 455/455/455 457/457/457
f 454/454/454 455/455/455 456/456/456
f 452/452/452 451/451/451 453/453/453
f 450/450/450 451/451/451 452/452/452
f 448/448/448 447/447/447 449/449/449
f 446/446/446 447/447/447 448/448/448
f 444/444/444 443/443/443 445/445/445
f 442/442/442 443/443/443 444/444/444
f 440/440/440 439/439/439 441/441/441
f 438/438/438 439/439/439 440/440/440
f 436/436/436 435/435/435 437/437/437
f 434/434/434 435/435/435 436/436/436
f 432/432/432 431/431/431 433/433/433
f 430/430/430 431/431/431 432/432/432
f 428/428/428 427/427/427 429/429/429
f 426/426/426 427/427/427 428/428/428
f 424/424/424 423/423/423 425/425/425
f 422/422/422 423/423/423 424/424/424
f 420/420/420 419/419/419 421/421/421
f 418/418/418 419/419/419 420/420/420
f 416/416/416 415/415/415 417/417/417
f 414/414/414 415/415/415 416/416/416
f 412/412/412 411/411/411 413/413/413
f 410/410/410 411/411/411 412/412/412
f 408/408/408 407/407/407 409/409/409
f 406/406/406 407/407/407 408/408/408
f 404/404/404 403/403/403 405/405/405
f 402/402/402 403/403/403 404/404/404
f 400/400/400 399/399/399 401/401/401
f 398/398/398 399/399/399 400/400/400
f 396/396/396 395/395/395 397/397/397
f 394/394/394 395/395/395 396/396/396
f 393/393/393 386/386/386 382/382/382
f 382/382/382 386/386/386 378/378/378
f 378/378/378 377/377/377 382/382/382
f 377/377/377 389/389/389 382/382/382
f 382/382/382 389/389/389 393/393/393
f 393/393/393 389/389/389 392/392/392
f 389/389/389 388/388/388 392/392/392
f 392/392/392 388/388/388 387/387/387
f 385/385/385 378/378/378 386/386/386
f 381/381/381 378/378/378 385/385/385
f 380/380/380 378/378/378 381/381/381
f 379/379/379 378/378/378 380/380/380
f 377/377/377 378/378/378 379/379/379
f 377/377/377 379/379/379 384/384/384
f 377/377/377 384/384/384 383/383/383
f 383/383/383 389/389/389 377/377/377
f 383/383/383 388/388/388 389/389/389
f 368/368/368 388/388/388 383/383/383
f 368/368/368 351/351/351 388/388/388
f 388/388/388 351/351/351 387/387/387
f 387/387/387 351/351/351 353/353/353
f 351/351/351 352/352/352 353/353/353
f 376/376/376 379/379/379 380/380/380
f 375/375/375 379/379/379 376/376/376
f 384/384/384 379/379/379 375/375/375
f 384/384/384 375/375/375 370/370/370
f 370/370/370 369/369/369 384/384/384
f 369/369/369 383/383/383 384/384/384
f 368/368/368 383/383/383 369/369/369
f 363/363/363 368/368/368 369/369/369
f 361/361/361 368/368/368 363/363/363
f 368/368/368 361/361/361 351/351/351
f 351/351/351 361/361/361 360/360/360
f 351/351/351 360/360/360 352/352/352
f 374/374/374 375/375/375 376/376/376
f 372/372/372 375/375/375 374/374/374
f 370/370/370 375/375/375 372/372/372
f 366/366/366 370/370/370 372/372/372
f 370/370/370 366/366/366 371/371/371
f 363/363/363 370/370/370 371/371/371
f 369/369/369 370/370/370 363/363/363
f 373/373/373 372/372/372 374/374/374
f 366/366/366 372/372/372 373/373/373
f 373/373/373 391/391/391 366/366/366
f 366/366/366 391/391/391 367/367/367
f 365/365/365 366/366/366 367/367/367
f 371/371/371 366/366/366 365/365/365
f 364/364/364 371/371/371 365/365/365
f 363/363/363 371/371/371 364/364/364
f 362/362/362 363/363/363 364/364/364
f 361/361/361 363/363/363 362/362/362
f 360/360/360 361/361/361 362/362/362
f 354/354/354 359/359/359 390/390/390
f 358/358/358 359/359/359 354/354/354
f 354/354/354 357/357/357 358/358/358
f 354/354/354 356/356/356 357/357/357
f 354/354/354 355/355/355 356/356/356
f 390/390/390 355/355/355 354/354/354
f 694/694/694 695/695/695 696/696/696
f 687/687/687 688/688/688 689/689/689
f 684/684/684 685/685/685 686/686/686
f 675/675/675 676/676/676 677/677/677
f 665/665/665 666/666/666 667/667/667
f 699/699/699 698/698/698 700/700/700
f 697/697/697 698/698/698 699/699/699
f 692/692/692 691/691/691 693/693/693
f 690/690/690 691/691/691 692/692/692
f 682/682/682 671/671/671 683/683/683
f 670/670/670 671/671/671 682/682/682
f 670/670/670 669/669/669 671/671/671
f 668/668/668 669/669/669 670/670/670
f 680/680/680 678/678/678 681/681/681
f 679/679/679 678/678/678 680/680/680
f 673/673/673 678/678/678 679/679/679
f 672/672/672 678/678/678 673/673/673
f 672/672/672 673/673/673 674/674/674
f 663/663/663 662/662/662 664/664/664
f 661/661/661 662/662/662 663/663/663
f 659/659/659 658/658/658 660/660/660
f 657/657/657 658/658/658 659/659/659
f 655/655/655 654/654/654 656/656/656
f 653/653/653 654/654/654 655/655/655
f 651/651/651 650/650/650 652/652/652
f 649/649/649 650/650/650 651/651/651
f 647/647/647 646/646/646 648/648/648
f 645/645/645 646/646/646 647/647/647
f 643/643/643 642/642/642 644/644/644
f 641/641/641 642/642/642 643/643/643
f 639/639/639 638/638/638 640/640/640
f 637/637/637 638/638/638 639/639/639
f 635/635/635 634/634/634 636/636/636
f 633/633/633 634/634/634 635/635/635
f 631/631/631 630/630/630 632/632/632
f 629/629/629 630/630/630 631/631/631
f 627/627/627 626/626/626 628/628/628
f 625/625/625 626/626/626 627/627/627
f 623/623/623 622/622/622 624/624/624
f 621/621/621 622/622/622 623/623/623
f 619/619/619 618/618/618 620/620/620
f 617/617/617 618/618/618 619/619/619
f 615/615/615 614/614/614 616/616/616
f 613/613/613 614/614/614 615/615/615
f 611/611/611 610/610/610 612/612/612
f 609/609/609 610/610/610 611/611/611
f 607/607/607 606/606/606 608/608/608
f 605/605/605 606/606/606 607/607/607
f 603/603/603 602/602/602 604/604/604
f 601/601/601 602/602/602 603/603/603
f 599/599/599 598/598/598 600/600/600
f 597/597/597 598/598/598 599/599/599
f 595/595/595 594/594/594 596/596/596
f 593/593/593 594/594/594 595/595/595
f 591/591/591 590/590/590 592/592/592
f 589/589/589 590/590/590 591/591/591
f 587/587/587 586/586/586 588/588/588
f 585/585/585 586/586/586 587/587/587
f 583/583/583 582/582/582 584/584/584
f 581/581/581 582/582/582 583/583/583
f 579/579/579 578/578/578 580/580/580
f 577/577/577 578/578/578 579/579/579
f 575/575/575 574/574/574 576/576/576
f 573/573/573 574/574/574 575/575/575
f 571/571/571 570/570/570 572/572/572
f 569/569/569 570/570/570 571/571/571
f 568/568/568 561/561/561 557/557/557
f 557/557/557 561/561/561 553/553/553
f 553/553/553 552/552/552 557/557/557
f 552/552/552 564/564/564 557/557/557
f 557/557/557 564/564/564 568/568/568
f 568/568/568 564/564/564 567/567/567
f 564/564/564 563/563/563 567/567/567
f 567/567/567 563/563/563 562/562/562
f 560/560/560 553/553/553 561/561/561
f 556/556/556 553/553/553 560/560/560
f 555/555/555 553/553/553 556/556/556
f 554/554/554 553/553/553 555/555/555
f 552/552/552 553/553/553 554/554/554
f 552/552/552 554/554/554 559/559/559
f 552/552/552 559/559/559 558/558/558
f 558/558/558 564/564/564 552/552/552
f 558/558/558 563/563/563 564/564/564
f 543/543/543 563/563/563 558/558/558
f 543/543/543 526/526/526 563/563/563
f 563/563/563 526/526/526 562/562/562
f 562/562/562 526/526/526 528/528/528
f 526/526/526 527/527/527 528/528/528
f 551/551/551 554/554/554 555/555/555
f 550/550/550 554/554/554 551/551/551
f 559/559/559 554/554/554 550/550/550
f 559/559/559 550/550/550 545/545/545
f 545/545/545 544/544/544 559/559/559
f 544/544/544 558/558/558 559/559/559
f 543/543/543 558/558/558 544/544/544
f 538/538/538 543/543/543 544/544/544
f 536/536/536 543/543/543 538/538/538
f 543/543/543 536/536/536 526/526/526
f 526/526/526 536/536/536 535/535/535
f 526/526/526 535/535/535 527/527/527
f 549/549/549 550/550/550 551/551/551
f 547/547/547 550/550/550 549/549/549
f 545/545/545 550/550/550 547/547/547
f 541/541/541 545/545/545 547/547/547
f 545/545/545 541/541/541 546/546/546
f 538/538/538 545/545/545 546/546/546
f 544/544/544 545/545/545 538/538/538
f 548/548/548 547/547/547 549/549/549
f 541/541/541 547/547/547 548/548/548
f 548/548/548 566/566/566 541/541/541
f 541/541/541 566/566/566 542/542/542
f 540/540/540 541/541/541 542/542/542
f 546/546/546 541/541/541 540/540/540
f 539/539/539 546/546/546 540/540/540
f 538/538/538 546/546/546 539/539/539
f 537/537/537 538/538/538 539/539/539
f 536/536/536 538/538/538 537/537/537
f 535/535/535 536/536/536 537/537/537
f 529/529/529 534/534/534 565/565/565
f 533/533/533 534/534/534 529/529/529
f 529/529/529 532/532/532 533/533/533
f 529/529/529 531/531/531 532/532/532
f 529/529/529 530/530/530 531/531/531
f 565/565/565 530/530/530 529/529/529
f 869/869/869 870/870/870 871/871/871
f 862/862/862 863/863/863 864/864/864
f 859/859/859 860/860/860 861/861/861
f 850/850/850 851/851/851 852/852/852
f 840/840/840 841/841/841 842/842/842
f 874/874/874 873/873/873 875/875/875
f 872/872/872 873/873/873 874/874/874
f 867/867/867 866/866/866 868/868/868
f 865/865/865 866/866/866 867/867/867
f 857/857/857 846/846/846 858/858/858
f 845/845/845 846/846/846 857/857/857
f 845/845/845 844/844/844 846/846/846
f 843/843/843 844/844/844 845/845/845
f 855/855/855 853/853/853 856/856/856
f 854/854/854 853/853/853 855/855/855
f 848/848/848 853/853/853 854/854/854
f 847/847/847 853/853/853 848/848/848
f 847/847/847 848/848/848 849/849/849
f 838/838/838 837/837/837 839/839/839
f 836/836/836 837/837/837 838/838/838
f 834/834/834 833/833/833 835/835/835
f 832/832/832 833/833/833 834/834/834
f 830/830/830 829/829/829 831/831/831
f 828/828/828 829/829/829 830/830/830
f 826/826/826 825/825/825 827/827/827
f 824/824/824 825/825/825 826/826/826
f 822/822/822 821/821/821 823/823/823
f 820/820/820 821/821/821 822/822/822
f 818/818/818 817/817/817 819/819/819
f 816/816/816 817/817/817 818/818/818
f 814/814/814 813/813/813 815/815/815
f 812/812/812 813/813/813 814/814/814
f 810/810/810 809/809/809 811/811/811
f 808/808/808 809/809/809 810/810/810
f 806/806/806 805/805/805 807/807/807
f 804/804/804 805/805/805 806/806/806
f 802/802/802 801/801/801 803/803/803
f 800/800/800 801/801/801 802/802/802
f 798/798/798 797/797/797 799/799/799
f 796/796/796 797/797/797 798/798/798
f 794/794/794 793/793/793 795/795/795
f 792/792/792 793/793/793 794/794/794
f 790/790/790 789/789/789 791/791/791
f 788/788/788 789/789/789 790/790/790
f 786/786/786 785/785/785 787/787/787
f 784/784/784 785/785/785 786/786/786
f 782/782/782 781/781/781 783/783/783
f 780/780/780 781/781/781 782/782/782
f 778/778/778 777/777/777 779/779/779
f 776/776/776 777/777/777 778/778/778
f 774/774/774 773/773/773 775/775/775
f 772/772/772 773/773/773 774/774/774
f 770/770/770 769/769/769 771/771/771
f 768/768/768 769/769/769 770/770/770
f 766/766/766 765/765/765 767/767/767
f 764/764/764 765/765/765 766/766/766
f 762/762/762 761/761/761 763/763/763
f 760/760/760 761/761/761 762/762/762
f 758/758/758 757/757/757 759/759/759
f 756/756/756 757/757/757 758/758/758
f 754/754/754 753/753/753 755/755/755
f 752/752/752 753/753/753 754/754/754
f 750/750/750 749/749/749 751/751/751
f 748/748/748 749/749/749 750/750/750
f 746/746/746 745/745/745 747/747/747
f 744/744/744 745/745/745 746/746/746
f 743/743/743 736/736/736 732/732/732
f 732/732/732 736/736/736 728/728/728
f 728/728/728 727/727/727 732/732/732
f 727/727/727 739/739/739 732/732/732
f 732/732/732 739/739/739 743/743/743
f 743/743/743 739/739/739 742/742/742
f 739/739/739 738/738/738 742/742/742
f 742/742/742 738/738/738 737/737/737
f 735/735/735 728/728/728 736/736/736
f 731/731/731 728/728/728 735/735/735
f 730/730/730 728/728/728 731/731/731
f 729/729/729 728/728/728 730/730/730
f 727/727/727 728/728/728 729/729/729
f 727/727/727 729/729/729 734/734/734
f 727/727/727 734/734/734 733/733/733
f 733/733/733 739/739/739 727/727/727
f 733/733/733 738/738/738 739/739/739
f 718/718/718 738/738/738 733/733/733
f 718/718/718 701/701/701 738/738/738
f 738/738/738 701/701/701 737/737/737
f 737/737/737 701/701/701 703/703/703
f 701/701/701 702/702/702 703/703/703
f 726/726/726 729/729/729 730/730/730
f 725/725/725 729/729/729 726/726/726
f 734/734/734 729/729/729 725/725/725
f 734/734/734 725/725/725 720/720/720
f 720/720/720 719/719/719 734/734/734
f 719/719/719 733/733/733 734/734/734
f 718/718/718 733/733/733 719/719/719
f 713/713/713 718/718/718 719/719/719
f 711/711/711 718/718/718 713/713/713
f 718/718/718 711/711/711 701/701/701
f 701/701/701 711/711/711 710/710/710
f 701/701/701 710/710/710 702/702/702
f 724/724/724 725/725/725 726/726/726
f 722/722/722 725/725/725 724/724/724
f 720/720/720 725/725/725 722/722/722
f 716/716/716 720/720/720 722/722/722
f 720/720/720 716/716/716 721/721/721
f 713/713/713 720/720/720 721/721/721
f 719/719/719 720/720/720 713/713/713
f 723/723/723 722/722/722 724/724/724
f 716/716/716 722/722/722 723/723/723
f 723/723/723 741/741/741 716/716/716
f 716/716/716 741/741/741 717/717/717
f 715/715/715 716/716/716 717/717/717
f 721/721/721 716/716/716 715/715/715
f 714/714/714 721/721/721 715/715/715
f 713/713/713 721/721/721 714/714/714
f 712/712/712 713/713/713 714/714/714
f 711/711/711 713/713/713 712/712/712
f 710/710/710 711/711/711 712/712/712
f 704/704/704 709/709/709 740/740/740
f 708/708/708 709/709/709 704/704/704
f 704/704/704 707/707/707 708/708/708
f 704/704/704 706/706/706 707/707/707
f 704/704/704 705/705/705 706/706/706
f 740/740/740 705/705/705 704/704/704
f 1044/1044/1044 1045/1045/1045 1046/1046/1046
f 1037/1037/1037 1038/1038/1038 1039/1039/1039
f 1034/1034/1034 1035/1035/1035 1036/1036/1036
f 1025/1025/1025 1026/1026/1026 1027/1027/1027
f 1015/1015/1015 1016/1016/1016 1017/1017/1017
f 1049/1049/1049 1048/1048/1048 1050/1050/1050
f 1047/1047/1047 1048/1048/1048 1049/1049/1049
f 1042/1042/1042 1041/1041/1041 1043/1043/1043
f 1040/1040/1040 1041/1041/1041 1042/1042/1042
f 1032/1032/1032 1021/1021/1021 1033/1033/1033
f 1020/1020/1020 1021/1021/1021 1032/1032/1032
f 1020/1020/1020 1019/1019/1019 1021/1021/1021
f 1018/1018/1018 1019/1019/1019 1020/1020/1020
f 1030/1030/1030 1028/1028/1028 1031/1031/1031
f 1029/1029/1029 1028/1028/1028 1030/1030/1030
f 1023/1023/1023 1028/1028/1028 1029/1029/1029
f 1022/1022/1022 1028/1028/1028 1023/1023/1023
f 1022/1022/1022 1023/1023/1023 1024/1024/1024
f 1013/1013/1013 1012/1012/1012 1014/1014/1014
f 1011/1011/1011 1012/1012/1012 1013/1013/1013
f 1009/1009/1009 1008/1008/1008 1010/1010/1010
f 1007/1007/1007 1008/1008/1008 1009/1009/1009
f 1005/1005/1005 1004/1004/1004 1006/1006/1006
f 1003/1003/1003 1004/1004/1004 1005/1005/1005
f 1001/1001/1001 1000/1000/1000 1002/1002/1002
f 999/999/999 1000/1000/1000 1001/1001/1001
f 997/997/997 996/996/996 998/998/998
f 995/995/995 996/996/996 997/997/997
f 993/993/993 992/992/992 994/994/994
f 991/991/991 992/992/992 993/993/993
f 989/989/989 988/988/988 990/990/990
f 987/987/987 988/988/988 989/989/989
f 985/985/985 984/984/984 986/986/986
f 983/983/983 984/984/984 985/985/985
f 981/981/981 980/980/980 982/982/982
f 979/979/979 980/980/980 981/981/981
f 977/977/977 976/976/976 978/978/978
f 975/975/975 976/976/976 977/977/977
f 973/973/973 972/972/972 974/974/974
f 971/971/971 972/972/972 973/973/973
f 969/969/969 968/968/968 970/970/970
f 967/967/967 968/968/968 969/969/969
f 965/965/965 964/964/964 966/966/966
f 963/963/963 964/964/964 965/965/965
f 961/961/961 960/960/960 962/962/962
f 959/959/959 960/960/960 961/961/961
f 957/957/957 956/956/956 958/958/958
f 955/955/955 956/956/956 957/957/957
f 953/953/953 952/952/952 954/954/954
f 951/951/951 952/952/952 953/953/953
f 949/949/949 948/948/948 950/950/950
f 947/947/947 948/948/948 949/949/949
f 945/945/945 944/944/944 946/946/946
f 943/943/943 944/944/944 945/945/945
f 941/941/941 940/940/940 942/942/942
f 939/939/939 940/940/940 941/941/941
f 937/937/937 936/936/936 938/938/938
f 935/935/935 936/936/936 937/937/937
f 933/933/933 932/932/932 934/934/934
f 931/931/931 932/932/932 933/933/933
f 929/929/929 928/928/928 930/930/930
f 927/927/927 928/928/928 929/929/929
f 925/925/925 924/924/924 926/926/926
f 923/923/923 924/924/924 925/925/925
f 921/921/921 920/920/920 922/922/922
f 919/919/919 920/920/920 921/921/921
f 918/918/918 911/911/911 907/907/907
f 907/907/907 911/911/911 903/903/903
f 903/903/903 902/902/902 907/907/907
f 902/902/902 914/914/914 907/907/907
f 907/907/907 914/914/914 918/918/918
f 918/918/918 914/914/914 917/917/917
f 914/914/914 913/913/913 917/917/917
f 917/917/917 913/913/913 912/912/912
f 910/910/910 903/903/903 911/911/911
f 906/906/906 903/903/903 910/910/910
f 905/905/905 903/903/903 906/906/906
f 904/904/904 903/903/903 905/905/905
f 902/902/902 903/903/903 904/904/904
f 902/902/902 904/904/904 909/909/909
f 902/902/902 909/909/909 908/908/908
f 908/908/908 914/914/914 902/902/902
f 908/908/908 913/913/913 914/914/914
f 893/893/893 913/913/913 908/908/908
f 893/893/893 876/876/876 913/913/913
f 913/913/913 876/876/876 912/912/912
f 912/912/912 876/876/876 878/878/878
f 876/876/876 877/877/877 878/878/878
f 901/901/901 904/904/904 905/905/905
f 900/900/900 904/904/904 901/901/901
f 909/909/909 904/904/904 900/900/900
f 909/909/909 900/900/900 895/895/895
f 895/895/895 894/894/894 909/909/909
f 894/894/894 908/908/908 909/909/909
f 893/893/893 908/908/908 894/894/894
f 888/888/888 893/893/893 894/894/894
f 886/886/886 893/893/893 888/888/888
f 893/893/893 886/886/886 876/876/876
f 876/876/876 886/886/886 885/885/885
f 876/876/876 885/885/885 877/877/877
f 899/899/899 900/900/900 901/901/901
f 897/897/897 900/900/900 899/899/899
f 895/895/895 900/900/900 897/897/897
f 891/891/891 895/895/895 897/897/897
f 895/895/895 891/891/891 896/896/896
f 888/888/888 895/895/895 896/896/896
f 894/894/894 895/895/895 888/888/888
f 898/898/898 897/897/897 899/899/899
f 891/891/891 897/897/897 898/898/898
f 898/898/898 916/916/916 891/891/891
f 891/891/891 916/916/916 892/892/892
f 890/890/890 891/891/891 892/892/892
f 896/896/896 891/891/891 890/890/890
f 889/889/889 896/896/896 890/890/890
f 888/888/888 896/896/896 889/889/889
f 887/887/887 888/888/888 889/889/889
f 886/886/886 888/888/888 887/887/887
f 885/885/885 886/886/886 887/887/887
f 879/879/879 884/884/884 915/915/915
f 883/883/883 884/884/884 879/879/879
f 879/879/879 882/882/882 883/883/883
f 879/879/879 881/881/881 882/882/882
f 879/879/879 880/880/880 881/881/881
f 915/915/915 880/880/880 879/879/879
f 1219/1219/1219 1220/1220/1220 1221/1221/1221
f 1212/1212/1212 1213/1213/1213 1214/1214/1214
f 1209/1209/1209 1210/1210/1210 1211/1211/1211
f 1200/1200/1200 1201/1201/1201 1202/1202/1202
f 1190/1190/1190 1191/1191/1191 1192/1192/1192
f 1224/1224/1224 1223/1223/1223 1225/1225/1225
f 1222/1222/1222 1223/1223/1223 1224/1224/1224
f 1217/1217/1217 1216/1216/1216 1218/1218/1218
f 1215/1215/1215 1216/1216/1216 1217/1217/1217
f 1207/1207/1207 1196/1196/1196 1208/1208/1208
f 1195/1195/1195 1196/1196/1196 1207/1207/1207
f 1195/1195/1195 1194/1194/1194 1196/1196/1196
f 1193/1193/1193 1194/1194/1194 1195/1195/1195
f 1205/1205/1205 1203/1203/1203 1206/1206/1206
f 1204/1204/1204 1203/1203/1203 1205/1205/1205
f 1198/1198/1198 1203/1203/1203 1204/1204/1204
f 1197/1197/1197 1203/1203/1203 1198/1198/1198
f 1197/1197/1197 1198/1198/1198 1199/1199/1199
f 1188/1188/1188 1187/1187/1187 1189/1189/1189
f 1186/1186/1186 1187/1187/1187 1188/1188/1188
f 1184/1184/1184 1183/1183/1183 1185/1185/1185
f 1182/1182/1182 1183/1183/1183 1184/1184/1184
f 1180/1180/1180 1179/1179/1179 1181/1181/1181
f 1178/1178/1178 1179/1179/1179 1180/1180/1180
f 1176/1176/1176 1175/1175/1175 1177/1177/1177
f 1174/1174/1174 1175/1175/1175 1176/1176/1176
f 1172/1172/1172 1171/1171/1171 1173/1173/1173
f 1170/1170/1170 1171/1171/1171 1172/1172/1172
f 1168/1168/1168 1167/1167/1167 1169/1169/1169
f 1166/1166/1166 1167/1167/1167 1168/1168/1168
f 1164/1164/1164 1163/1163/1163 1165/1165/1165
f 1162/1162/1162 1163/1163/1163 1164/1164/1164
f 1160/1160/1160 1159/1159/1159 1161/1161/1161
f 1158/1158/1158 1159/1159/1159 1160/1160/1160
f 1156/1156/1156 1155/1155/1155 1157/1157/1157
f 1154/1154/1154 1155/1155/1155 1156/1156/1156
f 1152/1152/1152 1151/1151/1151 1153/1153/1153
f 1150/1150/1150 1151/1151/1151 1152/1152/1152
f 1148/1148/1148 1147/1147/1147 1149/1149/1149
f 1146/1146/1146 1147/1147/1147 1148/1148/1148
f 1144/1144/1144 1143/1143/1143 1145/1145/1145
f 1142/1142/1142 1143/1143/1143 1144/1144/1144
f 1140/1140/1140 1139/1139/1139 1141/1141/1141
f 1138/1138/1138 1139/1139/1139 1140/1140/1140
f 1136/1136/1136 1135/1135/1135 1137/1137/1137
f 1134/1134/1134 1135/1135/1135 1136/1136/1136
f 1132/1132/1132 1131/1131/1131 1133/1133/1133
f 1130/1130/1130 1131/1131/1131 1132/1132/1132
f 1128/1128/1128 1127/1127/1127 1129/1129/1129
f 1126/1126/1126 1127/1127/1127 1128/1128/1128
f 1124/1124/1124 1123/1123/1123 1125/1125/1125
f 1122/1122/1122 1123/1123/1123 1124/1124/1124
f 1120/1120/1120 1119/1119/1119 1121/1121/1121
f 1118/1118/1118 1119/1119/1119 1120/1120/1120
f 1116/1116/1116 1115/1115/1115 1117/1117/1117
f 1114/1114/1114 1115/1115/1115 1116/1116/1116
f 1112/1112/1112 1111/1111/1111 1113/1113/1113
f 1110/1110/1110 1111/1111/1111 1112/1112/1112
f 1108/1108/1108 1107/1107/1107 1109/1109/1109
f 1106/1106/1106 1107/1107/1107 1108/1108/1108
f 1104/1104/1104 1103/1103/1103 1105/1105/1105
f 1102/1102/1102 1103/1103/1103 1104/1104/1104
f 1100/1100/1100 1099/1099/1099 1101/1101/1101
f 1098/1098/1098 1099/1099/1099 1100/1100/1100
f 1096/1096/1096 1095/1095/1095 1097/1097/1097
f 1094/1094/1094 1095/1095/1095 1096/1096/1096
f 1093/1093/1093 1086/1086/1086 1082/1082/1082
f 1082/1082/1082 1086/1086/1086 1078/1078/1078
f 1078/1078/1078 1077/1077/1077 1082/1082/1082
f 1077/1077/1077 1089/1089/1089 1082/1082/1082
f 1082/1082/1082 1089/1089/1089 1093/1093/1093
f 1093/1093/1093 1089/1089/1089 1092/1092/1092
f 1089/1089/1089 1088/1088/1088 1092/1092/1092
f 1092/1092/1092 1088/1088/1088 1087/1087/1087
f 1085/1085/1085 1078/1078/1078 1086/1086/1086
f 1081/1081/1081 1078/1078/1078 1085/1085/1085
f 1080/1080/1080 1078/1078/1078 1081/1081/1081
f 1079/1079/1079 1078/1078/1078 1080/1080/1080
f 1077/1077/1077 1078/1078/1078 1079/1079/1079
f 1077/1077/1077 1079/1079/1079 1084/1084/1084
f 1077/1077/1077 1084/1084/1084 1083/1083/1083
f 1083/1083/1083 1089/1089/1089 1077/1077/1077
f 1083/1083/1083 1088/1088/1088 1089/1089/1089
f 1068/1068/1068 1088/1088/1088 1083/1083/1083
f 1068/1068/1068 1051/1051/1051 1088/1088/1088
f 1088/1088/1088 1051/1051/1051 1087/1087/1087
f 1087/1087/1087 1051/1051/1051 1053/1053/1053
f 1051/1051/1051 1052/1052/1052 1053/1053/1053
f 1076/1076/1076 1079/1079/1079 1080/1080/1080
f 1075/1075/1075 1079/1079/1079 1076/1076/1076
f 1084/1084/1084 1079/1079/1079 1075/1075/1075
f 1084/1084/1084 1075/1075/1075 1070/1070/1070
f 1070/1070/1070 1069/1069/1069 1084/1084/1084
f 1069/1069/1069 1083/1083/1083 1084/1084/1084
f 1068/1068/1068 1083/1083/1083 1069/1069/1069
f 1063/1063/1063 1068/1068/1068 1069/1069/1069
f 1061/1061/1061 1068/1068/1068 1063/1063/1063
f 1068/1068/1068 1061/1061/1061 1051/1051/1051
f 1051/1051/1051 1061/1061/1061 1060/1060/1060
f 1051/1051/1051 1060/1060/1060 1052/1052/1052
f 1074/1074/1074 1075/1075/1075 1076/1076/1076
f 1072/1072/1072 1075/1075/1075 1074/1074/1074
f 1070/1070/1070 1075/1075/1075 1072/1072/1072
f 1066/1066/1066 1070/1070/1070 1072/1072/1072
f 1070/1070/1070 1066/1066/1066 1071/1071/1071
f 1063/1063/1063 1070/1070/1070 1071/1071/1071
f 1069/1069/1069 1070/1070/1070 1063/1063/1063
f 1073/1073/1073 1072/1072/1072 1074/1074/1074
f 1066/1066/1066 1072/1072/1072 1073/1073/1073
f 1073/1073/1073 1091/1091/1091 1066/1066/1066
f 1066/1066/1066 1091/1091/1091 1067/1067/1067
f 1065/1065/1065 1066/1066/1066 1067/1067/1067
f 1071/1071/1071 1066/1066/1066 1065/1065/1065
f 1064/1064/1064 1071/1071/1071 1065/1065/1065
f 1063/1063/1063 1071/1071/1071 1064/1064/1064
f 1062/1062/1062 1063/1063/1063 1064/1064/1064
f 1061/1061/1061 1063/1063/1063 1062/1062/1062
f 1060/1060/1060 1061/1061/1061 1062/1062/1062
f 1054/1054/1054 1059/1059/1059 1090/1090/1090
f 1058/1058/1058 1059/1059/1059 1054/1054/1054
f 1054/1054/1054 1057/1057/1057 1058/1058/1058
f 1054/1054/1054 1056/1056/1056 1057/1057/1057
f 1054/1054/1054 1055/1055/1055 1056/1056/1056
f 1090/1090/1090 1055/1055/1055 1054/1054/1054
f 1394/1394/1394 1395/1395/1395 1396/1396/1396
f 1387/1387/1387 1388/1388/1388 1389/1389/1389
f 1384/1384/1384 1385/1385/1385 1386/1386/1386
f 1375/1375/1375 1376/1376/1376 1377/1377/1377
f 1365/1365/1365 1366/1366/1366 1367/1367/1367
f 1399/1399/1399 1398/1398/1398 1400/1400/1400
f 1397/1397/1397 1398/1398/1398 1399/1399/1399
f 1392/1392/1392 1391/1391/1391 1393/1393/1393
f 1390/1390/1390 1391/1391/1391 1392/1392/1392
f 1382/1382/1382 1371/1371/1371 1383/1383/1383
f 1370/1370/1370 1371/1371/1371 1382/1382/1382
f 1370/1370/1370 1369/1369/1369 1371/1371/1371
f 1368/1368/1368 1369/1369/1369 1370/1370/1370
f 1380/1380/1380 1378/1378/1378 1381/1381/1381
f 1379/1379/1379 1378/1378/1378 1380/1380/1380
f 1373/1373/1373 1378/1378/1378 1379/1379/1379
f 1372/1372/1372 1378/1378/1378 1373/1373/1373
f 1372/1372/1372 1373/1373/1373 1374/1374/1374
f 1363/1363/1363 1362/1362/1362 1364/1364/1364
f 1361/1361/1361 1362/1362/1362 1363/1363/1363
f 1359/1359/1359 1358/1358/1358 1360/1360/1360
f 1357/1357/1357 1358/1358/1358 1359/1359/1359
f 1355/1355/1355 1354/1354/1354 1356/1356/1356
f 1353/1353/1353 1354/1354/1354 1355/1355/1355
f 1351/1351/1351 1350/1350/1350 1352/1352/1352
f 1349/1349/1349 1350/1350/1350 1351/1351/1351
f 1347/1347/1347 1346/1346/1346 1348/1348/1348
f 1345/1345/1345 1346/1346/1346 1347/1347/1347
f 1343/1343/1343 1342/1342/1342 1344/1344/1344
f 1341/1341/1341 1342/1342/1342 1343/1343/1343
f 1339/1339/1339 1338/1338/1338 1340/1340/1340
f 1337/1337/1337 1338/1338/1338 1339/1339/1339
f 1335/1335/1335 1334/1334/1334 1336/1336/1336
f 1333/1333/1333 1334/1334/1334 1335/1335/1335
f 1331/1331/1331 1330/1330/1330 1332/1332/1332
f 1329/1329/1329 1330/1330/1330 1331/1331/1331
f 1327/1327/1327 1326/1326/1326 1328/1328/1328
f 1325/1325/1325 1326/1326/1326 1327/1327/1327
f 1323/1323/1323 1322/1322/1322 1324/1324/1324
f 1321/1321/1321 1322/1322/1322 1323/1323/1323
f 1319/1319/1319 1318/1318/1318 1320/1320/1320
f 1317/1317/1317 1318/1318/1318 1319/1319/1319
f 1315/1315/1315 1314/1314/1314 1316/1316/1316
f 1313/1313/1313 1314/1314/1314 1315/1315/1315
f 1311/1311/1311 1310/1310/1310 1312/1312/1312
f 1309/1309/1309 1310/1310/1310 1311/1311/1311
f 1307/1307/1307 1306/1306/1306 1308/1308/1308
f 1305/1305/1305 1306/1306/1306 1307/1307/1307
f 1303/1303/1303 1302/1302/1302 1304/1304/1304
f 1301/1301/1301 1302/1302/1302 1303/1303/1303
f 1299/1299/1299 1298/1298/1298 1300/1300/1300
f 1297/1297/1297 1298/1298/1298 1299/1299/1299
f 1295/1295/1295 1294/1294/1294 1296/1296/1296
f 1293/1293/1293 1294/1294/1294 1295/1295/1295
f 1291/1291/1291 1290/1290/1290 1292/1292/1292
f 1289/1289/1289 1290/1290/1290 1291/1291/1291
f 1287/1287/1287 1286/1286/1286 1288/1288/1288
f 1285/1285/1285 1286/1286/1286 1287/1287/1287
f 1283/1283/1283 1282/1282/1282 1284/1284/1284
f 1281/1281/1281 1282/1282/1282 1283/1283/1283
f 1279/1279/1279 1278/1278/1278 1280/1280/1280
f 1277/1277/1277 1278/1278/1278 1279/1279/1279
f 1275/1275/1275 1274/1274/1274 1276/1276/1276
f 1273/1273/1273 1274/1274/1274 1275/1275/1275
f 1271/1271/1271 1270/1270/1270 1272/1272/1272
f 1269/1269/1269 1270/1270/1270 1271/1271/1271
f 1268/1268/1268 1261/1261/1261 1257/1257/1257
f 1257/1257/1257 1261/1261/1261 1253/1253/1253
f 1253/1253/1253 1252/1252/1252 1257/1257/1257
f 1252/1252/1252 1264/1264/1264 1257/1257/1257
f 1257/1257/1257 1264/1264/1264 1268/1268/1268
f 1268/1268/1268 1264/1264/1264 1267/1267/1267
f 1264/1264/1264 1263/1263/1263 1267/1267/1267
f 1267/1267/1267 1263/1263/1263 1262/1262/1262
f 1260/1260/1260 1253/1253/1253 1261/1261/1261
f 1256/1256/1256 1253/1253/1253 1260/1260/1260
f 1255/1255/1255 1253/1253/1253 1256/1256/1256
f 1254/1254/1254 1253/1253/1253 1255/1255/1255
f 1252/1252/1252 1253/1253/1253 1254/1254/1254
f 1252/1252/1252 1254/1254/1254 1259/1259/1259
f 1252/1252/1252 1259/1259/1259 1258/1258/1258
f 1258/1258/1258 1264/1264/1264 1252/1252/1252
f 1258/1258/1258 1263/1263/1263 1264/1264/1264
f 1243/1243/1243 1263/1263/1263 1258/1258/1258
f 1243/1243/1243 1226/1226/1226 1263/1263/1263
f 1263/1263/1263 1226/1226/1226 1262/1262/1262
f 1262/1262/1262 1226/1226/1226 1228/1228/1228
f 1226/1226/1226 1227/1227/1227 1228/1228/1228
f 1251/1251/1251 1254/1254/1254 1255/1255/1255
f 1250/1250/1250 1254/1254/1254 1251/1251/1251
f 1259/1259/1259 1254/1254/1254 1250/1250/1250
f 1259/1259/1259 1250/1250/1250 1245/1245/1245
f 1245/1245/1245 1244/1244/1244 1259/1259/1259
f 1244/1244/1244 1258/1258/1258 1259/1259/1259
f 1243/1243/1243 1258/1258/1258 1244/1244/1244
f 1238/1238/1238 1243/1243/1243 1244/1244/1244
f 1236/1236/1236 1243/1243/1243 1238/1238/1238
f 1243/1243/1243 1236/1236/1236 1226/1226/1226
f 1226/1226/1226 1236/1236/1236 1235/1235/1235
f 1226/1226/1226 1235/1235/1235 1227/1227/1227
f 1249/1249/1249 1250/1250/1250 1251/1251/1251
f 1247/1247/1247 1250/1250/1250 1249/1249/1249
f 1245/1245/1245 1250/1250/1250 1247/1247/1247
f 1241/1241/1241 1245/1245/1245 1247/1247/1247
f 1245/1245/1245 1241/1241/1241 1246/1246/1246
f 1238/1238/1238 1245/1245/1245 1246/1246/1246
f 1244/1244/1244 1245/1245/1245 1238/1238/1238
f 1248/1248/1248 1247/1247/1247 1249/1249/1249
f 1241/1241/1241 1247/1247/1247 1248/1248/1248
f 1248/1248/1248 1266/1266/1266 1241/1241/1241
f 1241/1241/1241 1266/1266/1266 1242/1242/1242
f 1240/1240/1240 1241/1241/1241 1242/1242/1242
f 1246/1246/1246 1241/1241/1241 1240/1240/1240
f 1239/1239/1239 1246/1246/1246 1240/1240/1240
f 1238/1238/1238 1246/1246/1246 1239/1239/1239
f 1237/1237/1237 1238/1238/1238 1239/1239/1239
f 1236/1236/1236 1238/1238/1238 1237/1237/1237
f 1235/1235/1235 1236/1236/1236 1237/1237/1237
f 1229/1229/1229 1234/1234/1234 1265/1265/1265
f 1233/1233/1233 1234/1234/1234 1229/1229/1229
f 1229/1229/1229 1232/1232/1232 1233/1233/1233
f 1229/1229/1229 1231/1231/1231 1232/1232/1232
f 1229/1229/1229 1230/1230/1230 1231/1231/1231
f 1265/1265/1265 1230/1230/1230 1229/1229/1229

