#
# OBJECT NAME
#
o model_2459
mtllib 2459.mtl

#
# VERTEX BUFFER 000
#
v -0.0642205 0.192358 0.498976
v 0.0642213 0.192358 0.498976
v -0.0642205 0.326459 0.498976
v 0.0642213 0.326459 0.498976
v -0.0642205 0.192358 0.434434
v 0.0642213 0.192358 0.43444
v -0.0642205 0.192358 0.498976
v 0.0642213 0.192358 0.498976
v 0.0642213 0.192358 0.43444
v 0.0642213 0.326459 0.43444
v 0.0642213 0.192358 0.498976
v 0.0642213 0.326459 0.498976
v 0.0642213 0.326459 0.43444
v -0.0642205 0.326459 0.434434
v 0.0642213 0.326459 0.498976
v -0.0642205 0.326459 0.498976
v -0.0642205 0.326459 0.434434
v -0.0642205 0.192358 0.434434
v -0.0642205 0.326459 0.498976
v -0.0642205 0.192358 0.498976
v 0.437146 0.863476 0.45579
v 0.437146 0.863476 -0.455362
v 0.437146 0.995819 0.45579
v 0.437146 0.995819 -0.455362
v 0.371187 0.541182 0.389827
v 0.371187 0.541182 -0.389399
v -0.371186 0.541182 0.389827
v -0.371186 0.541182 -0.389399
v -0.437146 0.863476 -0.455362
v -0.437146 0.863476 0.455784
v -0.437146 0.995819 -0.455362
v -0.437146 0.995819 0.455784
v 0.179178 0.344968 0.443909
v 0.179178 0.344968 -0.4435
v 0.425278 0.512205 0.443915
v 0.425278 0.512205 -0.443493
v 0.437146 0.995819 -0.455362
v 0.437146 0.863476 -0.455362
v -0.437146 0.995819 -0.455362
v -0.437146 0.863476 -0.455362
v -0.437146 0.863476 0.455784
v 0.437146 0.863476 0.45579
v -0.437146 0.995819 0.455784
v 0.437146 0.995819 0.45579
v 0.371187 0.995819 -0.389399
v 0.371187 0.995819 0.389827
v 0.437146 0.995819 -0.455362
v 0.437146 0.995819 0.45579
v -0.371186 0.995819 -0.389399
v 0.371187 0.995819 -0.389399
v -0.437146 0.995819 -0.455362
v 0.437146 0.995819 -0.455362
v 0.371187 0.995819 0.389827
v 0.371187 0.995819 -0.389399
v 0.371187 0.541182 0.389827
v 0.371187 0.541182 -0.389399
v 0.371187 0.541182 -0.389399
v 0.371187 0.995819 -0.389399
v -0.371186 0.541182 -0.389399
v -0.371186 0.995819 -0.389399
v -0.371186 0.995819 -0.389399
v -0.371186 0.995819 0.389827
v -0.371186 0.541182 -0.389399
v -0.371186 0.541182 0.389827
v -0.371186 0.995819 0.389827
v 0.371187 0.995819 0.389827
v -0.371186 0.541182 0.389827
v 0.371187 0.541182 0.389827
v -0.425278 0.512205 0.443915
v -0.425278 0.512205 -0.443493
v -0.179178 0.344968 0.443915
v -0.179178 0.344968 -0.443493
v 0.179178 0.344968 -0.4435
v 0.179178 0.344968 0.443909
v -0.179178 0.344968 -0.443493
v -0.179178 0.344968 0.443915
v 0.179178 0.344968 0.443909
v 0.425278 0.512205 0.443915
v -0.179178 0.344968 0.443915
v -0.425278 0.512205 0.443915
v -0.425278 0.512205 -0.443493
v 0.425278 0.512205 -0.443493
v -0.179178 0.344968 -0.443493
v 0.179178 0.344968 -0.4435
v 0.425278 0.512205 0.443915
v 0.425278 0.512205 -0.443493
v 0.425278 0.852731 0.443915
v 0.425278 0.852731 -0.443493
v -0.425278 0.852731 -0.443493
v 0.425278 0.852731 -0.443493
v -0.425278 0.512205 -0.443493
v -0.425278 0.512205 0.443915
v -0.425278 0.852731 -0.443493
v -0.425278 0.852731 0.443915
v -0.425278 0.852731 0.443915
v 0.425278 0.852731 0.443915
v 0.425278 0.852731 0.443915
v 0.425278 0.852731 -0.443493
v 0.437146 0.863476 0.45579
v 0.437146 0.863476 -0.455362
v -0.425278 0.852731 -0.443493
v -0.425278 0.852731 0.443915
v -0.437146 0.863476 -0.455362
v -0.437146 0.863476 0.455784
v -0.371186 0.995819 -0.389399
v -0.437146 0.995819 -0.455362
v -0.371186 0.995819 0.389827
v -0.437146 0.995819 0.455784
v 0.425278 0.852731 -0.443493
v -0.425278 0.852731 -0.443493
v 0.437146 0.863476 -0.455362
v -0.437146 0.863476 -0.455362
v -0.425278 0.852731 0.443915
v 0.425278 0.852731 0.443915
v -0.437146 0.863476 0.455784
v 0.437146 0.863476 0.45579
v -0.371186 0.995819 0.389827
v -0.437146 0.995819 0.455784
v 0.371187 0.995819 0.389827
v 0.437146 0.995819 0.45579
v 0.432619 0.506774 0.297375
v 0.432619 0.506774 0.187707
v 0.432619 0.862154 0.297375
v 0.432619 0.862154 0.187707
v 0.432619 0.506774 0.187707
v 0.424952 0.512205 0.181367
v 0.432619 0.862154 0.187707
v 0.424952 0.862154 0.181367
v 0.432619 0.506774 0.297375
v 0.432619 0.862154 0.297375
v 0.424952 0.512205 0.303722
v 0.424952 0.862154 0.303722
v 0.424952 0.512205 0.181367
v 0.432619 0.506774 0.187707
v 0.181469 0.346441 0.181367
v 0.18298 0.336108 0.187714
v 0.432619 0.506774 0.187707
v 0.432619 0.506774 0.297375
v 0.18298 0.336108 0.187714
v 0.18298 0.336108 0.297375
v 0.424952 0.512205 0.303722
v 0.181469 0.346441 0.303722
v 0.432619 0.506774 0.297375
v 0.18298 0.336108 0.297375
v -0.43262 0.506774 0.297375
v -0.43262 0.862154 0.297375
v -0.43262 0.506774 0.187707
v -0.43262 0.862154 0.187707
v -0.43262 0.506774 0.187707
v -0.43262 0.862154 0.187707
v -0.424952 0.512205 0.181374
v -0.424952 0.862154 0.181374
v -0.424952 0.862154 0.303715
v -0.43262 0.862154 0.297375
v -0.424952 0.512205 0.303715
v -0.43262 0.506774 0.297375
v -0.424952 0.512205 0.181374
v -0.181469 0.346441 0.181367
v -0.43262 0.506774 0.187707
v -0.18298 0.336108 0.187701
v -0.43262 0.506774 0.187707
v -0.18298 0.336108 0.187701
v -0.43262 0.506774 0.297375
v -0.18298 0.336108 0.297375
v -0.18298 0.336108 0.297375
v -0.181469 0.346441 0.303715
v -0.43262 0.506774 0.297375
v -0.424952 0.512205 0.303715
v 0.18298 0.336108 0.187714
v -0.18298 0.336108 0.187701
v 0.181469 0.346441 0.181367
v -0.181469 0.346441 0.181367
v 0.18298 0.336108 0.297375
v -0.18298 0.336108 0.297375
v 0.18298 0.336108 0.187714
v -0.18298 0.336108 0.187701
v 0.181469 0.346441 0.303722
v -0.181469 0.346441 0.303715
v 0.18298 0.336108 0.297375
v -0.18298 0.336108 0.297375
v 0.432619 0.506774 -0.306058
v 0.432619 0.862154 -0.306058
v 0.432619 0.506774 -0.196383
v 0.432619 0.862154 -0.196383
v 0.432619 0.506774 -0.196383
v 0.432619 0.862154 -0.196383
v 0.424952 0.512205 -0.190043
v 0.424952 0.862154 -0.190043
v 0.424952 0.862154 -0.312391
v 0.432619 0.862154 -0.306058
v 0.424952 0.512205 -0.312391
v 0.432619 0.506774 -0.306058
v 0.424952 0.512205 -0.190043
v 0.181469 0.346441 -0.190043
v 0.432619 0.506774 -0.196383
v 0.18298 0.336108 -0.19639
v 0.432619 0.506774 -0.196383
v 0.18298 0.336108 -0.19639
v 0.432619 0.506774 -0.306058
v 0.18298 0.336108 -0.306058
v 0.18298 0.336108 -0.306058
v 0.181469 0.346441 -0.312398
v 0.432619 0.506774 -0.306058
v 0.424952 0.512205 -0.312391
v 0.18298 0.336108 -0.19639
v 0.181469 0.346441 -0.190043
v -0.18298 0.336108 -0.19639
v -0.181469 0.346441 -0.19005
v 0.18298 0.336108 -0.306058
v 0.18298 0.336108 -0.19639
v -0.18298 0.336108 -0.306058
v -0.18298 0.336108 -0.19639
v -0.181469 0.346441 -0.312398
v 0.181469 0.346441 -0.312398
v -0.18298 0.336108 -0.306058
v 0.18298 0.336108 -0.306058
v -0.43262 0.506774 -0.306051
v -0.43262 0.506774 -0.19639
v -0.43262 0.862154 -0.306051
v -0.43262 0.862154 -0.19639
v -0.43262 0.506774 -0.19639
v -0.424952 0.512205 -0.19005
v -0.43262 0.862154 -0.19639
v -0.424952 0.862154 -0.19005
v -0.43262 0.506774 -0.306051
v -0.43262 0.862154 -0.306051
v -0.424952 0.512205 -0.312391
v -0.424952 0.862154 -0.312391
v -0.424952 0.512205 -0.19005
v -0.43262 0.506774 -0.19639
v -0.181469 0.346441 -0.19005
v -0.18298 0.336108 -0.19639
v -0.43262 0.506774 -0.19639
v -0.43262 0.506774 -0.306051
v -0.18298 0.336108 -0.19639
v -0.18298 0.336108 -0.306058
v -0.424952 0.512205 -0.312391
v -0.181469 0.346441 -0.312398
v -0.43262 0.506774 -0.306051
v -0.18298 0.336108 -0.306058
v 0.0822922 0.341541 0.435465
v 0.0822922 0.177276 0.435465
v 0.0822922 0.341541 -0.435531
v 0.0822922 0.177276 -0.435531
v -0.0822921 0.177276 0.435458
v -0.0822921 0.341541 0.435458
v -0.0822921 0.177276 -0.435524
v -0.0822921 0.341541 -0.435524
v 0.0822922 0.177276 0.435465
v -0.0822921 0.177276 0.435458
v 0.0822922 0.177276 -0.435531
v -0.0822921 0.177276 -0.435524
v 0.0822922 0.177276 0.435465
v 0.0822922 0.341541 0.435465
v -0.0822921 0.177276 0.435458
v -0.0822921 0.341541 0.435458
v 0.0822922 0.341541 -0.435531
v 0.0822922 0.177276 -0.435531
v -0.0822921 0.341541 -0.435524
v -0.0822921 0.177276 -0.435524
v 0.0642213 0.192358 -0.5
v -0.0642205 0.192358 -0.5
v 0.0642213 0.326459 -0.5
v -0.0642205 0.326459 -0.5
v 0.0642213 0.192358 -0.435458
v -0.0642205 0.192358 -0.435465
v 0.0642213 0.192358 -0.5
v -0.0642205 0.192358 -0.5
v -0.0642205 0.192358 -0.435465
v -0.0642205 0.326459 -0.435465
v -0.0642205 0.192358 -0.5
v -0.0642205 0.326459 -0.5
v -0.0642205 0.326459 -0.435465
v 0.0642213 0.326459 -0.435458
v -0.0642205 0.326459 -0.5
v 0.0642213 0.326459 -0.5
v 0.0642213 0.326459 -0.435458
v 0.0642213 0.192358 -0.435458
v 0.0642213 0.326459 -0.5
v 0.0642213 0.192358 -0.5
v -0.387776 0.267666 0.268138
v -0.387776 0.230873 0.268138
v -0.399917 0.249269 0.299993
v -0.387776 0.286063 0.299993
v -0.387776 0.267666 0.331862
v -0.387776 0.230873 0.331862
v -0.387776 0.212476 0.299993
v -0.387776 0.286063 0.299993
v -0.374191 0.286063 0.3
v -0.387776 0.267666 0.268138
v -0.374191 0.267666 0.268131
v -0.387776 0.267666 0.331862
v -0.374191 0.267666 0.331862
v -0.387776 0.286063 0.299993
v -0.374191 0.286063 0.3
v -0.387776 0.230873 0.331862
v -0.374191 0.230873 0.331862
v -0.387776 0.212476 0.299993
v -0.374191 0.212476 0.3
v -0.387776 0.230873 0.268138
v -0.374191 0.230873 0.268131
v -0.387776 0.212476 0.299993
v -0.374191 0.212476 0.3
v -0.374191 0.230873 0.331862
v -0.374191 0.212476 0.3
v -0.374191 0.267666 0.331862
v -0.374191 0.286063 0.3
v -0.374191 0.230873 0.268131
v -0.374191 0.267666 0.268131
v -0.374151 0.187032 0.221559
v -0.374151 0.170825 0.237749
v -0.374151 0.327714 0.362224
v -0.374151 0.311506 0.378441
v -0.374151 0.170825 0.237749
v -0.299348 0.170825 0.237756
v -0.374151 0.311506 0.378441
v -0.299348 0.311506 0.378448
v -0.299348 0.170825 0.237756
v -0.299348 0.187032 0.221545
v -0.299348 0.311506 0.378448
v -0.299348 0.327714 0.362231
v -0.299348 0.187032 0.221545
v -0.374151 0.187032 0.221559
v -0.299348 0.327714 0.362231
v -0.374151 0.327714 0.362224
v -0.374151 0.331195 0.239458
v -0.374151 0.314989 0.223248
v -0.374151 0.190516 0.38013
v -0.374151 0.174306 0.363927
v -0.374151 0.314989 0.223248
v -0.299348 0.314989 0.223248
v -0.374151 0.174306 0.363927
v -0.299348 0.174306 0.363927
v -0.299348 0.314989 0.223248
v -0.299348 0.331195 0.239451
v -0.299348 0.174306 0.363927
v -0.299348 0.190516 0.380144
v -0.299348 0.331195 0.239451
v -0.374151 0.331195 0.239458
v -0.299348 0.190516 0.380144
v -0.374151 0.190516 0.38013
v -0.287424 0.300002 0.212118
v -0.384172 0.300002 0.212118
v -0.287424 0.249269 0.198532
v -0.384172 0.249269 0.198532
v -0.287424 0.337141 0.249262
v -0.384172 0.337141 0.249269
v -0.287424 0.350735 0.299993
v -0.384172 0.350735 0.3
v -0.287424 0.337141 0.350731
v -0.384172 0.337141 0.350731
v -0.287424 0.300002 0.387869
v -0.384172 0.300002 0.387876
v -0.287424 0.249269 0.401455
v -0.384172 0.249269 0.401455
v -0.287424 0.198537 0.387869
v -0.384172 0.198537 0.387876
v -0.287424 0.249269 0.401455
v -0.384172 0.249269 0.401455
v -0.287424 0.161398 0.350731
v -0.384172 0.161398 0.350731
v -0.287424 0.147804 0.299993
v -0.384172 0.147804 0.3
v -0.287424 0.161398 0.249262
v -0.384172 0.161398 0.249269
v -0.287424 0.198537 0.212118
v -0.384172 0.198537 0.212118
v -0.287424 0.249269 0.198532
v -0.384172 0.249269 0.198532
v -0.384172 0.300002 0.212118
v -0.384172 0.312685 0.190154
v -0.384172 0.249269 0.198532
v -0.384172 0.249269 0.173163
v -0.384172 0.337141 0.249269
v -0.384172 0.359109 0.236578
v -0.384172 0.350735 0.3
v -0.384172 0.376102 0.3
v -0.384172 0.337141 0.350731
v -0.384172 0.359109 0.363415
v -0.384172 0.300002 0.387876
v -0.384172 0.312685 0.409826
v -0.384172 0.249269 0.401455
v -0.384172 0.249269 0.426831
v -0.384172 0.198537 0.387876
v -0.384172 0.185853 0.409826
v -0.384172 0.249269 0.401455
v -0.384172 0.249269 0.426831
v -0.384172 0.161398 0.350731
v -0.384172 0.13943 0.363415
v -0.384172 0.147804 0.3
v -0.384172 0.122437 0.3
v -0.384172 0.161398 0.249269
v -0.384172 0.13943 0.236578
v -0.384172 0.198537 0.212118
v -0.384172 0.185853 0.190154
v -0.384172 0.249269 0.198532
v -0.384172 0.249269 0.173163
v -0.384172 0.312685 0.190154
v -0.309696 0.312686 0.190154
v -0.384172 0.249269 0.173163
v -0.309696 0.249269 0.173163
v -0.384172 0.359109 0.236578
v -0.309696 0.359109 0.236578
v -0.384172 0.376102 0.3
v -0.309696 0.376102 0.300007
v -0.384172 0.359109 0.363415
v -0.309696 0.359109 0.363415
v -0.384172 0.312685 0.409826
v -0.309696 0.312686 0.40984
v -0.384172 0.249269 0.426831
v -0.309696 0.249269 0.426817
v -0.384172 0.185853 0.409826
v -0.309696 0.185853 0.40984
v -0.384172 0.249269 0.426831
v -0.309696 0.249269 0.426817
v -0.384172 0.13943 0.363415
v -0.309696 0.13943 0.363415
v -0.384172 0.122437 0.3
v -0.309696 0.122437 0.300007
v -0.384172 0.13943 0.236578
v -0.309696 0.13943 0.236578
v -0.384172 0.185853 0.190154
v -0.309696 0.185853 0.190154
v -0.384172 0.249269 0.173163
v -0.309696 0.249269 0.173163
v -0.287424 0.321186 0.175437
v -0.287424 0.300002 0.212118
v -0.287424 0.249269 0.156165
v -0.287424 0.249269 0.198532
v -0.287424 0.373832 0.228079
v -0.287424 0.337141 0.249262
v -0.287424 0.393102 0.299993
v -0.287424 0.350735 0.299993
v -0.287424 0.373832 0.371914
v -0.287424 0.337141 0.350731
v -0.287424 0.321186 0.424563
v -0.287424 0.300002 0.387869
v -0.287424 0.249269 0.443828
v -0.287424 0.249269 0.401455
v -0.287424 0.177353 0.424563
v -0.287424 0.198537 0.387869
v -0.287424 0.249269 0.443828
v -0.287424 0.249269 0.401455
v -0.287424 0.124707 0.371914
v -0.287424 0.161398 0.350731
v -0.287424 0.105437 0.299993
v -0.287424 0.147804 0.299993
v -0.287424 0.124707 0.228079
v -0.287424 0.161398 0.249262
v -0.287424 0.177353 0.175437
v -0.287424 0.198537 0.212118
v -0.287424 0.249269 0.156165
v -0.287424 0.249269 0.198532
v -0.303368 0.249269 0.443828
v -0.287424 0.249269 0.443828
v -0.303368 0.321186 0.424556
v -0.287424 0.321186 0.424563
v -0.303368 0.177353 0.424556
v -0.287424 0.177353 0.424563
v -0.303368 0.249269 0.443828
v -0.287424 0.249269 0.443828
v -0.303368 0.124707 0.371914
v -0.287424 0.124707 0.371914
v -0.303368 0.105437 0.3
v -0.287424 0.105437 0.299993
v -0.303368 0.124707 0.228079
v -0.287424 0.124707 0.228079
v -0.303368 0.177353 0.175437
v -0.287424 0.177353 0.175437
v -0.303368 0.249269 0.156165
v -0.287424 0.249269 0.156165
v -0.303368 0.321186 0.175437
v -0.287424 0.321186 0.175437
v -0.303368 0.249269 0.156165
v -0.287424 0.249269 0.156165
v -0.303368 0.373832 0.228079
v -0.287424 0.373832 0.228079
v -0.303368 0.393102 0.3
v -0.287424 0.393102 0.299993
v -0.303368 0.373832 0.371914
v -0.287424 0.373832 0.371914
v -0.309696 0.249269 0.426817
v -0.303368 0.249269 0.443828
v -0.309696 0.312686 0.40984
v -0.303368 0.321186 0.424556
v -0.309696 0.185853 0.40984
v -0.303368 0.177353 0.424556
v -0.309696 0.249269 0.426817
v -0.303368 0.249269 0.443828
v -0.309696 0.13943 0.363415
v -0.303368 0.124707 0.371914
v -0.309696 0.122437 0.300007
v -0.303368 0.105437 0.3
v -0.309696 0.13943 0.236578
v -0.303368 0.124707 0.228079
v -0.309696 0.185853 0.190154
v -0.303368 0.177353 0.175437
v -0.309696 0.249269 0.173163
v -0.303368 0.249269 0.156165
v -0.309696 0.312686 0.190154
v -0.303368 0.321186 0.175437
v -0.309696 0.249269 0.173163
v -0.303368 0.249269 0.156165
v -0.309696 0.359109 0.236578
v -0.303368 0.373832 0.228079
v -0.309696 0.376102 0.300007
v -0.303368 0.393102 0.3
v -0.309696 0.359109 0.363415
v -0.303368 0.373832 0.371914
v 0.374581 0.250163 0.331048
v 0.374581 0.278622 0.302584
v -0.374615 0.250163 0.331048
v -0.374615 0.278622 0.302584
v 0.374581 0.250163 0.274127
v 0.374581 0.221705 0.302584
v -0.374615 0.250163 0.274127
v -0.374615 0.221705 0.302584
v 0.374581 0.278622 0.302584
v -0.374615 0.278622 0.302584
v 0.287389 0.300002 0.387876
v 0.384138 0.300002 0.387876
v 0.287389 0.249269 0.401462
v 0.384138 0.249269 0.401462
v 0.287389 0.337141 0.350731
v 0.384138 0.337141 0.350724
v 0.287389 0.350736 0.3
v 0.384138 0.350736 0.299993
v 0.287389 0.337142 0.249262
v 0.384138 0.337142 0.249262
v 0.287389 0.300003 0.212124
v 0.384138 0.300003 0.212118
v 0.287389 0.24927 0.198538
v 0.384138 0.24927 0.198538
v 0.287389 0.198537 0.212124
v 0.384138 0.198537 0.212118
v 0.287389 0.24927 0.198538
v 0.384138 0.24927 0.198538
v 0.287389 0.161398 0.249262
v 0.384138 0.161398 0.249262
v 0.287389 0.147804 0.3
v 0.384138 0.147804 0.299993
v 0.287389 0.161398 0.350731
v 0.384138 0.161398 0.350724
v 0.287389 0.198537 0.387876
v 0.384138 0.198537 0.387876
v 0.287389 0.249269 0.401462
v 0.384138 0.249269 0.401462
v 0.384138 0.300002 0.387876
v 0.384138 0.312686 0.40984
v 0.384138 0.249269 0.401462
v 0.384138 0.24927 0.426831
v 0.384138 0.337141 0.350724
v 0.384138 0.35911 0.363415
v 0.384138 0.350736 0.299993
v 0.384138 0.376102 0.299993
v 0.384138 0.337142 0.249262
v 0.384138 0.35911 0.236578
v 0.384138 0.300003 0.212118
v 0.384138 0.312686 0.190167
v 0.384138 0.24927 0.198538
v 0.384138 0.24927 0.173163
v 0.384138 0.198537 0.212118
v 0.384138 0.185854 0.190167
v 0.384138 0.24927 0.198538
v 0.384138 0.24927 0.173163
v 0.384138 0.161398 0.249262
v 0.384138 0.13943 0.236578
v 0.384138 0.147804 0.299993
v 0.384138 0.122438 0.299993
v 0.384138 0.161398 0.350724
v 0.384138 0.13943 0.363415
v 0.384138 0.198537 0.387876
v 0.384138 0.185854 0.40984
v 0.384138 0.249269 0.401462
v 0.384138 0.24927 0.426831
v 0.384138 0.312686 0.40984
v 0.309661 0.312686 0.40984
v 0.384138 0.24927 0.426831
v 0.309661 0.24927 0.426831
v 0.384138 0.35911 0.363415
v 0.309661 0.35911 0.363415
v 0.384138 0.376102 0.299993
v 0.309661 0.376102 0.299987
v 0.384138 0.35911 0.236578
v 0.309661 0.35911 0.236578
v 0.384138 0.312686 0.190167
v 0.309661 0.312686 0.190154
v 0.384138 0.24927 0.173163
v 0.309661 0.24927 0.173176
v 0.384138 0.185854 0.190167
v 0.309661 0.185854 0.190154
v 0.384138 0.24927 0.173163
v 0.309661 0.24927 0.173176
v 0.384138 0.13943 0.236578
v 0.309661 0.13943 0.236578
v 0.384138 0.122438 0.299993
v 0.309661 0.122438 0.299987
v 0.384138 0.13943 0.363415
v 0.309661 0.13943 0.363415
v 0.384138 0.185854 0.40984
v 0.309661 0.185854 0.40984
v 0.384138 0.24927 0.426831
v 0.309661 0.24927 0.426831
v 0.287389 0.321186 0.424556
v 0.287389 0.300002 0.387876
v 0.287389 0.24927 0.443828
v 0.287389 0.249269 0.401462
v 0.287389 0.373832 0.371914
v 0.287389 0.337141 0.350731
v 0.287389 0.393102 0.3
v 0.287389 0.350736 0.3
v 0.287389 0.373832 0.228079
v 0.287389 0.337142 0.249262
v 0.287389 0.321186 0.17543
v 0.287389 0.300003 0.212124
v 0.287389 0.24927 0.156165
v 0.287389 0.24927 0.198538
v 0.287389 0.177354 0.17543
v 0.287389 0.198537 0.212124
v 0.287389 0.24927 0.156165
v 0.287389 0.24927 0.198538
v 0.287389 0.124707 0.228079
v 0.287389 0.161398 0.249262
v 0.287389 0.105438 0.3
v 0.287389 0.147804 0.3
v 0.287389 0.124707 0.371914
v 0.287389 0.161398 0.350731
v 0.287389 0.177354 0.424556
v 0.287389 0.198537 0.387876
v 0.287389 0.24927 0.443828
v 0.287389 0.249269 0.401462
v 0.303334 0.24927 0.156165
v 0.287389 0.24927 0.156165
v 0.303334 0.321186 0.175437
v 0.287389 0.321186 0.17543
v 0.303334 0.177354 0.175437
v 0.287389 0.177354 0.17543
v 0.303334 0.24927 0.156165
v 0.287389 0.24927 0.156165
v 0.303334 0.124707 0.228079
v 0.287389 0.124707 0.228079
v 0.303334 0.105438 0.299993
v 0.287389 0.105438 0.3
v 0.303334 0.124707 0.371914
v 0.287389 0.124707 0.371914
v 0.303334 0.177354 0.424556
v 0.287389 0.177354 0.424556
v 0.303334 0.24927 0.443828
v 0.287389 0.24927 0.443828
v 0.303334 0.321186 0.424556
v 0.287389 0.321186 0.424556
v 0.303334 0.24927 0.443828
v 0.287389 0.24927 0.443828
v 0.303334 0.373832 0.371914
v 0.287389 0.373832 0.371914
v 0.303334 0.393102 0.299993
v 0.287389 0.393102 0.3
v 0.303334 0.373832 0.228079
v 0.287389 0.373832 0.228079
v 0.309661 0.24927 0.173176
v 0.303334 0.24927 0.156165
v 0.309661 0.312686 0.190154
v 0.303334 0.321186 0.175437
v 0.309661 0.185854 0.190154
v 0.303334 0.177354 0.175437
v 0.309661 0.24927 0.173176
v 0.303334 0.24927 0.156165
v 0.309661 0.13943 0.236578
v 0.303334 0.124707 0.228079
v 0.309661 0.122438 0.299987
v 0.303334 0.105438 0.299993
v 0.309661 0.13943 0.363415
v 0.303334 0.124707 0.371914
v 0.309661 0.185854 0.40984
v 0.303334 0.177354 0.424556
v 0.309661 0.24927 0.426831
v 0.303334 0.24927 0.443828
v 0.309661 0.312686 0.40984
v 0.303334 0.321186 0.424556
v 0.309661 0.24927 0.426831
v 0.303334 0.24927 0.443828
v 0.309661 0.35911 0.363415
v 0.303334 0.373832 0.371914
v 0.309661 0.376102 0.299987
v 0.303334 0.393102 0.299993
v 0.309661 0.35911 0.236578
v 0.303334 0.373832 0.228079
v 0.374117 0.331195 0.360535
v 0.374117 0.31499 0.376746
v 0.374117 0.190517 0.219863
v 0.374117 0.174307 0.236067
v 0.374117 0.31499 0.376746
v 0.299313 0.31499 0.376746
v 0.374117 0.174307 0.236067
v 0.299313 0.174307 0.236067
v 0.299313 0.31499 0.376746
v 0.299313 0.331195 0.360542
v 0.299313 0.174307 0.236067
v 0.299313 0.190517 0.219849
v 0.299313 0.331195 0.360542
v 0.374117 0.331195 0.360535
v 0.299313 0.190517 0.219849
v 0.374117 0.190517 0.219863
v 0.374117 0.187033 0.378435
v 0.374117 0.170825 0.362244
v 0.374117 0.327715 0.237769
v 0.374117 0.311506 0.221552
v 0.374117 0.170825 0.362244
v 0.299313 0.170825 0.362238
v 0.374117 0.311506 0.221552
v 0.299313 0.311506 0.221545
v 0.299313 0.170825 0.362238
v 0.299313 0.187033 0.378448
v 0.299313 0.311506 0.221545
v 0.299313 0.327715 0.237762
v 0.299313 0.187033 0.378448
v 0.374117 0.187033 0.378435
v 0.299313 0.327715 0.237762
v 0.374117 0.327715 0.237769
v 0.387741 0.267667 0.331856
v 0.387741 0.230873 0.331856
v 0.399883 0.24927 0.3
v 0.387741 0.286063 0.3
v 0.387741 0.267667 0.268131
v 0.387741 0.230873 0.268131
v 0.387741 0.212477 0.3
v 0.387741 0.286063 0.3
v 0.374157 0.286063 0.299993
v 0.387741 0.267667 0.331856
v 0.374157 0.267667 0.331862
v 0.387741 0.267667 0.268131
v 0.374157 0.267667 0.268131
v 0.387741 0.286063 0.3
v 0.374157 0.286063 0.299993
v 0.387741 0.230873 0.268131
v 0.374157 0.230873 0.268131
v 0.387741 0.212477 0.3
v 0.374157 0.212477 0.299993
v 0.387741 0.230873 0.331856
v 0.374157 0.230873 0.331862
v 0.387741 0.212477 0.3
v 0.374157 0.212477 0.299993
v 0.374157 0.230873 0.268131
v 0.374157 0.212477 0.299993
v 0.374157 0.267667 0.268131
v 0.374157 0.286063 0.299993
v 0.374157 0.230873 0.331862
v 0.374157 0.267667 0.331862
v 0.287389 0.300003 -0.212124
v 0.384138 0.300003 -0.212124
v 0.287389 0.24927 -0.198538
v 0.384138 0.24927 -0.198538
v 0.287389 0.337142 -0.249269
v 0.384138 0.337142 -0.249276
v 0.287389 0.350736 -0.3
v 0.384138 0.350736 -0.300007
v 0.287389 0.337142 -0.350738
v 0.384138 0.337142 -0.350738
v 0.287389 0.300003 -0.387876
v 0.384138 0.300003 -0.387882
v 0.287389 0.24927 -0.401462
v 0.384138 0.24927 -0.401462
v 0.287389 0.198537 -0.387876
v 0.384138 0.198537 -0.387882
v 0.287389 0.24927 -0.401462
v 0.384138 0.24927 -0.401462
v 0.287389 0.161398 -0.350738
v 0.384138 0.161398 -0.350738
v 0.287389 0.147804 -0.3
v 0.384138 0.147804 -0.300007
v 0.287389 0.161398 -0.249269
v 0.384138 0.161398 -0.249276
v 0.287389 0.198537 -0.212124
v 0.384138 0.198537 -0.212124
v 0.287389 0.24927 -0.198538
v 0.384138 0.24927 -0.198538
v 0.384138 0.300003 -0.212124
v 0.384138 0.312686 -0.19016
v 0.384138 0.24927 -0.198538
v 0.384138 0.24927 -0.173169
v 0.384138 0.337142 -0.249276
v 0.384138 0.35911 -0.236585
v 0.384138 0.350736 -0.300007
v 0.384138 0.376102 -0.300007
v 0.384138 0.337142 -0.350738
v 0.384138 0.35911 -0.363422
v 0.384138 0.300003 -0.387882
v 0.384138 0.312686 -0.409833
v 0.384138 0.24927 -0.401462
v 0.384138 0.24927 -0.426837
v 0.384138 0.198537 -0.387882
v 0.384138 0.185854 -0.409833
v 0.384138 0.24927 -0.401462
v 0.384138 0.24927 -0.426837
v 0.384138 0.161398 -0.350738
v 0.384138 0.13943 -0.363422
v 0.384138 0.147804 -0.300007
v 0.384138 0.122438 -0.300007
v 0.384138 0.161398 -0.249276
v 0.384138 0.13943 -0.236585
v 0.384138 0.198537 -0.212124
v 0.384138 0.185854 -0.19016
v 0.384138 0.24927 -0.198538
v 0.384138 0.24927 -0.173169
v 0.384138 0.312686 -0.19016
v 0.309661 0.312686 -0.19016
v 0.384138 0.24927 -0.173169
v 0.309661 0.24927 -0.173169
v 0.384138 0.35911 -0.236585
v 0.309661 0.35911 -0.236585
v 0.384138 0.376102 -0.300007
v 0.309661 0.376102 -0.300013
v 0.384138 0.35911 -0.363422
v 0.309661 0.35911 -0.363422
v 0.384138 0.312686 -0.409833
v 0.309661 0.312686 -0.409846
v 0.384138 0.24927 -0.426837
v 0.309661 0.24927 -0.426824
v 0.384138 0.185854 -0.409833
v 0.309661 0.185854 -0.409846
v 0.384138 0.24927 -0.426837
v 0.309661 0.24927 -0.426824
v 0.384138 0.13943 -0.363422
v 0.309661 0.13943 -0.363422
v 0.384138 0.122438 -0.300007
v 0.309661 0.122438 -0.300013
v 0.384138 0.13943 -0.236585
v 0.309661 0.13943 -0.236585
v 0.384138 0.185854 -0.19016
v 0.309661 0.185854 -0.19016
v 0.384138 0.24927 -0.173169
v 0.309661 0.24927 -0.173169
v 0.287389 0.321186 -0.175444
v 0.287389 0.300003 -0.212124
v 0.287389 0.24927 -0.156172
v 0.287389 0.24927 -0.198538
v 0.287389 0.373832 -0.228086
v 0.287389 0.337142 -0.249269
v 0.287389 0.393102 -0.3
v 0.287389 0.350736 -0.3
v 0.287389 0.373832 -0.371921
v 0.287389 0.337142 -0.350738
v 0.287389 0.321186 -0.42457
v 0.287389 0.300003 -0.387876
v 0.287389 0.24927 -0.443835
v 0.287389 0.24927 -0.401462
v 0.287389 0.177354 -0.42457
v 0.287389 0.198537 -0.387876
v 0.287389 0.24927 -0.443835
v 0.287389 0.24927 -0.401462
v 0.287389 0.124707 -0.371921
v 0.287389 0.161398 -0.350738
v 0.287389 0.105438 -0.3
v 0.287389 0.147804 -0.3
v 0.287389 0.124707 -0.228086
v 0.287389 0.161398 -0.249269
v 0.287389 0.177354 -0.175444
v 0.287389 0.198537 -0.212124
v 0.287389 0.24927 -0.156172
v 0.287389 0.24927 -0.198538
v 0.303334 0.24927 -0.443835
v 0.287389 0.24927 -0.443835
v 0.303334 0.321186 -0.424563
v 0.287389 0.321186 -0.42457
v 0.303334 0.177354 -0.424563
v 0.287389 0.177354 -0.42457
v 0.303334 0.24927 -0.443835
v 0.287389 0.24927 -0.443835
v 0.303334 0.124707 -0.371921
v 0.287389 0.124707 -0.371921
v 0.303334 0.105438 -0.300007
v 0.287389 0.105438 -0.3
v 0.303334 0.124707 -0.228086
v 0.287389 0.124707 -0.228086
v 0.303334 0.177354 -0.175444
v 0.287389 0.177354 -0.175444
v 0.303334 0.24927 -0.156172
v 0.287389 0.24927 -0.156172
v 0.303334 0.321186 -0.175444
v 0.287389 0.321186 -0.175444
v 0.303334 0.24927 -0.156172
v 0.287389 0.24927 -0.156172
v 0.303334 0.373832 -0.228086
v 0.287389 0.373832 -0.228086
v 0.303334 0.393102 -0.300007
v 0.287389 0.393102 -0.3
v 0.303334 0.373832 -0.371921
v 0.287389 0.373832 -0.371921
v 0.309661 0.24927 -0.426824
v 0.303334 0.24927 -0.443835
v 0.309661 0.312686 -0.409846
v 0.303334 0.321186 -0.424563
v 0.309661 0.185854 -0.409846
v 0.303334 0.177354 -0.424563
v 0.309661 0.24927 -0.426824
v 0.303334 0.24927 -0.443835
v 0.309661 0.13943 -0.363422
v 0.303334 0.124707 -0.371921
v 0.309661 0.122438 -0.300013
v 0.303334 0.105438 -0.300007
v 0.309661 0.13943 -0.236585
v 0.303334 0.124707 -0.228086
v 0.309661 0.185854 -0.19016
v 0.303334 0.177354 -0.175444
v 0.309661 0.24927 -0.173169
v 0.303334 0.24927 -0.156172
v 0.309661 0.312686 -0.19016
v 0.303334 0.321186 -0.175444
v 0.309661 0.24927 -0.173169
v 0.303334 0.24927 -0.156172
v 0.309661 0.35911 -0.236585
v 0.303334 0.373832 -0.228086
v 0.309661 0.376102 -0.300013
v 0.303334 0.393102 -0.300007
v 0.309661 0.35911 -0.363422
v 0.303334 0.373832 -0.371921
v 0.374117 0.331195 -0.239465
v 0.374117 0.31499 -0.223254
v 0.374117 0.190517 -0.380137
v 0.374117 0.174307 -0.363933
v 0.374117 0.31499 -0.223254
v 0.299313 0.31499 -0.223254
v 0.374117 0.174307 -0.363933
v 0.299313 0.174307 -0.363933
v 0.299313 0.31499 -0.223254
v 0.299313 0.331195 -0.239458
v 0.299313 0.174307 -0.363933
v 0.299313 0.190517 -0.380151
v 0.299313 0.331195 -0.239458
v 0.374117 0.331195 -0.239465
v 0.299313 0.190517 -0.380151
v 0.374117 0.190517 -0.380137
v 0.374117 0.187033 -0.221565
v 0.374117 0.170825 -0.237756
v 0.374117 0.327715 -0.362231
v 0.374117 0.311506 -0.378448
v 0.374117 0.170825 -0.237756
v 0.299313 0.170825 -0.237762
v 0.374117 0.311506 -0.378448
v 0.299313 0.311506 -0.378455
v 0.299313 0.170825 -0.237762
v 0.299313 0.187033 -0.221552
v 0.299313 0.311506 -0.378455
v 0.299313 0.327715 -0.362238
v 0.299313 0.187033 -0.221552
v 0.374117 0.187033 -0.221565
v 0.299313 0.327715 -0.362238
v 0.374117 0.327715 -0.362231
v 0.387741 0.267667 -0.268144
v 0.387741 0.230873 -0.268144
v 0.399883 0.24927 -0.3
v 0.387741 0.286063 -0.3
v 0.387741 0.267667 -0.331869
v 0.387741 0.230873 -0.331869
v 0.387741 0.212477 -0.3
v 0.387741 0.286063 -0.3
v 0.374157 0.286063 -0.300007
v 0.387741 0.267667 -0.268144
v 0.374157 0.267667 -0.268138
v 0.387741 0.267667 -0.331869
v 0.374157 0.267667 -0.331869
v 0.387741 0.286063 -0.3
v 0.374157 0.286063 -0.300007
v 0.387741 0.230873 -0.331869
v 0.374157 0.230873 -0.331869
v 0.387741 0.212477 -0.3
v 0.374157 0.212477 -0.300007
v 0.387741 0.230873 -0.268144
v 0.374157 0.230873 -0.268138
v 0.387741 0.212477 -0.3
v 0.374157 0.212477 -0.300007
v 0.374157 0.230873 -0.331869
v 0.374157 0.212477 -0.300007
v 0.374157 0.267667 -0.331869
v 0.374157 0.286063 -0.300007
v 0.374157 0.230873 -0.268138
v 0.374157 0.267667 -0.268138
v 0.374581 0.250164 -0.268952
v 0.374581 0.278622 -0.297416
v -0.374615 0.250164 -0.268952
v -0.374615 0.278622 -0.297416
v 0.374581 0.250164 -0.325873
v 0.374581 0.221705 -0.297416
v -0.374615 0.250164 -0.325873
v -0.374615 0.221705 -0.297416
v 0.374581 0.278622 -0.297416
v -0.374615 0.278622 -0.297416
v -0.287424 0.300003 -0.387882
v -0.384172 0.300003 -0.387882
v -0.287424 0.24927 -0.401469
v -0.384172 0.24927 -0.401469
v -0.287424 0.337142 -0.350738
v -0.384172 0.337142 -0.350731
v -0.287424 0.350736 -0.300007
v -0.384172 0.350736 -0.3
v -0.287424 0.337142 -0.249269
v -0.384172 0.337142 -0.249269
v -0.287424 0.300003 -0.212131
v -0.384172 0.300003 -0.212124
v -0.287424 0.24927 -0.198545
v -0.384172 0.24927 -0.198545
v -0.287424 0.198537 -0.212131
v -0.384172 0.198537 -0.212124
v -0.287424 0.24927 -0.198545
v -0.384172 0.24927 -0.198545
v -0.287424 0.161398 -0.249269
v -0.384172 0.161398 -0.249269
v -0.287424 0.147804 -0.300007
v -0.384172 0.147804 -0.3
v -0.287424 0.161398 -0.350738
v -0.384172 0.161398 -0.350731
v -0.287424 0.198537 -0.387882
v -0.384172 0.198537 -0.387882
v -0.287424 0.24927 -0.401469
v -0.384172 0.24927 -0.401469
v -0.384172 0.300003 -0.387882
v -0.384172 0.312686 -0.409846
v -0.384172 0.24927 -0.401469
v -0.384172 0.24927 -0.426837
v -0.384172 0.337142 -0.350731
v -0.384172 0.35911 -0.363422
v -0.384172 0.350736 -0.3
v -0.384172 0.376102 -0.3
v -0.384172 0.337142 -0.249269
v -0.384172 0.35911 -0.236585
v -0.384172 0.300003 -0.212124
v -0.384172 0.312686 -0.190174
v -0.384172 0.24927 -0.198545
v -0.384172 0.24927 -0.173169
v -0.384172 0.198537 -0.212124
v -0.384172 0.185854 -0.190174
v -0.384172 0.24927 -0.198545
v -0.384172 0.24927 -0.173169
v -0.384172 0.161398 -0.249269
v -0.384172 0.13943 -0.236585
v -0.384172 0.147804 -0.3
v -0.384172 0.122438 -0.3
v -0.384172 0.161398 -0.350731
v -0.384172 0.13943 -0.363422
v -0.384172 0.198537 -0.387882
v -0.384172 0.185854 -0.409846
v -0.384172 0.24927 -0.401469
v -0.384172 0.24927 -0.426837
v -0.384172 0.312686 -0.409846
v -0.309696 0.312686 -0.409846
v -0.384172 0.24927 -0.426837
v -0.309696 0.24927 -0.426837
v -0.384172 0.35911 -0.363422
v -0.309696 0.35911 -0.363422
v -0.384172 0.376102 -0.3
v -0.309696 0.376102 -0.299993
v -0.384172 0.35911 -0.236585
v -0.309696 0.35911 -0.236585
v -0.384172 0.312686 -0.190174
v -0.309696 0.312686 -0.19016
v -0.384172 0.24927 -0.173169
v -0.309696 0.24927 -0.173183
v -0.384172 0.185854 -0.190174
v -0.309696 0.185854 -0.19016
v -0.384172 0.24927 -0.173169
v -0.309696 0.24927 -0.173183
v -0.384172 0.13943 -0.236585
v -0.309696 0.13943 -0.236585
v -0.384172 0.122438 -0.3
v -0.309696 0.122438 -0.299993
v -0.384172 0.13943 -0.363422
v -0.309696 0.13943 -0.363422
v -0.384172 0.185854 -0.409846
v -0.309696 0.185854 -0.409846
v -0.384172 0.24927 -0.426837
v -0.309696 0.24927 -0.426837
v -0.287424 0.321186 -0.424563
v -0.287424 0.300003 -0.387882
v -0.287424 0.24927 -0.443835
v -0.287424 0.24927 -0.401469
v -0.287424 0.373832 -0.371921
v -0.287424 0.337142 -0.350738
v -0.287424 0.393102 -0.300007
v -0.287424 0.350736 -0.300007
v -0.287424 0.373832 -0.228086
v -0.287424 0.337142 -0.249269
v -0.287424 0.321186 -0.175437
v -0.287424 0.300003 -0.212131
v -0.287424 0.24927 -0.156172
v -0.287424 0.24927 -0.198545
v -0.287424 0.177354 -0.175437
v -0.287424 0.198537 -0.212131
v -0.287424 0.24927 -0.156172
v -0.287424 0.24927 -0.198545
v -0.287424 0.124707 -0.228086
v -0.287424 0.161398 -0.249269
v -0.287424 0.105438 -0.300007
v -0.287424 0.147804 -0.300007
v -0.287424 0.124707 -0.371921
v -0.287424 0.161398 -0.350738
v -0.287424 0.177354 -0.424563
v -0.287424 0.198537 -0.387882
v -0.287424 0.24927 -0.443835
v -0.287424 0.24927 -0.401469
v -0.303368 0.24927 -0.156172
v -0.287424 0.24927 -0.156172
v -0.303368 0.321186 -0.175444
v -0.287424 0.321186 -0.175437
v -0.303368 0.177354 -0.175444
v -0.287424 0.177354 -0.175437
v -0.303368 0.24927 -0.156172
v -0.287424 0.24927 -0.156172
v -0.303368 0.124707 -0.228086
v -0.287424 0.124707 -0.228086
v -0.303368 0.105438 -0.3
v -0.287424 0.105438 -0.300007
v -0.303368 0.124707 -0.371921
v -0.287424 0.124707 -0.371921
v -0.303368 0.177354 -0.424563
v -0.287424 0.177354 -0.424563
v -0.303368 0.24927 -0.443835
v -0.287424 0.24927 -0.443835
v -0.303368 0.321186 -0.424563
v -0.287424 0.321186 -0.424563
v -0.303368 0.24927 -0.443835
v -0.287424 0.24927 -0.443835
v -0.303368 0.373832 -0.371921
v -0.287424 0.373832 -0.371921
v -0.303368 0.393102 -0.3
v -0.287424 0.393102 -0.300007
v -0.303368 0.373832 -0.228086
v -0.287424 0.373832 -0.228086
v -0.309696 0.24927 -0.173183
v -0.303368 0.24927 -0.156172
v -0.309696 0.312686 -0.19016
v -0.303368 0.321186 -0.175444
v -0.309696 0.185854 -0.19016
v -0.303368 0.177354 -0.175444
v -0.309696 0.24927 -0.173183
v -0.303368 0.24927 -0.156172
v -0.309696 0.13943 -0.236585
v -0.303368 0.124707 -0.228086
v -0.309696 0.122438 -0.299993
v -0.303368 0.105438 -0.3
v -0.309696 0.13943 -0.363422
v -0.303368 0.124707 -0.371921
v -0.309696 0.185854 -0.409846
v -0.303368 0.177354 -0.424563
v -0.309696 0.24927 -0.426837
v -0.303368 0.24927 -0.443835
v -0.309696 0.312686 -0.409846
v -0.303368 0.321186 -0.424563
v -0.309696 0.24927 -0.426837
v -0.303368 0.24927 -0.443835
v -0.309696 0.35911 -0.363422
v -0.303368 0.373832 -0.371921
v -0.309696 0.376102 -0.299993
v -0.303368 0.393102 -0.3
v -0.309696 0.35911 -0.236585
v -0.303368 0.373832 -0.228086
v -0.374151 0.187033 -0.378441
v -0.374151 0.170825 -0.362251
v -0.374151 0.327715 -0.237776
v -0.374151 0.311506 -0.221559
v -0.374151 0.170825 -0.362251
v -0.299348 0.170825 -0.362244
v -0.374151 0.311506 -0.221559
v -0.299348 0.311506 -0.221552
v -0.299348 0.170825 -0.362244
v -0.299348 0.187033 -0.378455
v -0.299348 0.311506 -0.221552
v -0.299348 0.327715 -0.237769
v -0.299348 0.187033 -0.378455
v -0.374151 0.187033 -0.378441
v -0.299348 0.327715 -0.237769
v -0.374151 0.327715 -0.237776
v -0.387776 0.267667 -0.331862
v -0.387776 0.230873 -0.331862
v -0.399917 0.24927 -0.300007
v -0.387776 0.286063 -0.300007
v -0.387776 0.267667 -0.268138
v -0.387776 0.230873 -0.268138
v -0.387776 0.212477 -0.300007
v -0.387776 0.286063 -0.300007
v -0.374191 0.286063 -0.3
v -0.387776 0.267667 -0.331862
v -0.374191 0.267667 -0.331869
v -0.387776 0.267667 -0.268138
v -0.374191 0.267667 -0.268138
v -0.387776 0.286063 -0.300007
v -0.374191 0.286063 -0.3
v -0.387776 0.230873 -0.268138
v -0.374191 0.230873 -0.268138
v -0.387776 0.212477 -0.300007
v -0.374191 0.212477 -0.3
v -0.387776 0.230873 -0.331862
v -0.374191 0.230873 -0.331869
v -0.387776 0.212477 -0.300007
v -0.374191 0.212477 -0.3
v -0.374191 0.230873 -0.268138
v -0.374191 0.212477 -0.3
v -0.374191 0.267667 -0.268138
v -0.374191 0.286063 -0.3
v -0.374191 0.230873 -0.331869
v -0.374191 0.267667 -0.331869
v -0.374151 0.331195 -0.360542
v -0.374151 0.31499 -0.376752
v -0.374151 0.190517 -0.21987
v -0.374151 0.174307 -0.236073
v -0.374151 0.31499 -0.376752
v -0.299348 0.31499 -0.376752
v -0.374151 0.174307 -0.236073
v -0.299348 0.174307 -0.236073
v -0.299348 0.31499 -0.376752
v -0.299348 0.331195 -0.360549
v -0.299348 0.174307 -0.236073
v -0.299348 0.190517 -0.219856
v -0.299348 0.331195 -0.360549
v -0.374151 0.331195 -0.360542
v -0.299348 0.190517 -0.219856
v -0.374151 0.190517 -0.21987

vn 0 0 1
vn 0 0 1
vn 0 0 1
vn 0 0 1
vn 0 -1 0
vn 0 -1 0
vn 0 -1 0
vn 0 -1 0
vn 1 0 0
vn 1 0 0
vn 1 0 0
vn 1 0 0
vn 0 1 0
vn 0 1 0
vn 0 1 0
vn 0 1 0
vn -1 0 0
vn -1 0 0
vn -1 0 0
vn -1 0 0
vn 1 0 0
vn 1 0 0
vn 1 0 0
vn 1 0 0
vn 0 1 0
vn 0 1 0
vn 0 1 0
vn 0 1 0
vn -1 0 0
vn -1 0 0
vn -1 0 0
vn -1 0 0
vn 0.562012 -0.82666 0
vn 0.562012 -0.82666 0
vn 0.562012 -0.82666 0
vn 0.562012 -0.82666 0
vn 0 0 -1
vn 0 0 -1
vn 0 0 -1
vn 0 0 -1
vn -7.39098e-006 0 1
vn -7.39098e-006 0 1
vn -7.39098e-006 0 1
vn -7.39098e-006 0 1
vn 0 1 -7.7486e-007
vn 0 1 1.07288e-006
vn 0 1 -7.7486e-007
vn 0 1 1.07288e-006
vn 0 1 -7.7486e-007
vn 0 1 -7.7486e-007
vn 0 1 -7.7486e-007
vn 0 1 -7.7486e-007
vn -1 0 0
vn -1 0 0
vn -1 0 0
vn -1 0 0
vn 0 0 1
vn 0 0 1
vn 0 0 1
vn 0 0 1
vn 1 0 0
vn 1 0 0
vn 1 0 0
vn 1 0 0
vn 0 0 -1
vn 0 0 -1
vn 0 0 -1
vn 0 0 -1
vn -0.562012 -0.82666 0
vn -0.562012 -0.82666 0
vn -0.562012 -0.82666 0
vn -0.562012 -0.82666 0
vn 0 -1 0
vn 0 -1 0
vn 0 -1 0
vn 0 -1 0
vn 5.36442e-006 -1.93715e-005 1
vn 5.96046e-007 -2.26498e-006 1
vn 5.36442e-006 -1.93715e-005 1
vn 5.96046e-007 -2.26498e-006 1
vn -5.96046e-007 2.20537e-006 -1
vn -5.96046e-007 2.20537e-006 -1
vn -5.30481e-006 1.93119e-005 -1
vn -5.30481e-006 1.93119e-005 -1
vn 1 0 0
vn 1 0 0
vn 1 0 0
vn 1 0 0
vn 0 0 -1
vn 0 0 -1
vn -1 0 0
vn -1 0 0
vn -1 0 0
vn -1 0 0
vn 0 0 1
vn 0 0 1
vn 0.670898 -0.741211 0
vn 0.670898 -0.741211 0
vn 0.670898 -0.741211 0
vn 0.670898 -0.741211 0
vn -0.670898 -0.741211 0
vn -0.670898 -0.741211 0
vn -0.670898 -0.741211 0
vn -0.670898 -0.741211 0
vn 0 1 -7.7486e-007
vn 0 1 -7.7486e-007
vn 0 1 1.07288e-006
vn 0 1 1.07288e-006
vn 0 -0.741211 -0.670898
vn 0 -0.741211 -0.670898
vn 0 -0.741211 -0.670898
vn 0 -0.741211 -0.670898
vn -2.5034e-006 -0.741211 0.670898
vn -2.5034e-006 -0.741211 0.670898
vn -2.5034e-006 -0.741211 0.670898
vn -2.5034e-006 -0.741211 0.670898
vn 0 1 1.07288e-006
vn 0 1 1.07288e-006
vn 0 1 1.07288e-006
vn 0 1 1.07288e-006
vn 1 0 0
vn 1 0 0
vn 1 0 0
vn 1 0 0
vn 0.490723 -0.260986 -0.831055
vn 0.513672 -0.226318 -0.827148
vn 0.637207 0 -0.770508
vn 0.637207 0 -0.770508
vn 0.490967 -0.260986 0.831055
vn 0.637207 0 0.77002
vn 0.513672 -0.226318 0.827148
vn 0.637207 0 0.77002
vn 0.513672 -0.226318 -0.827148
vn 0.490723 -0.260986 -0.831055
vn 0.151367 -0.506348 -0.848633
vn 0.124207 -0.510254 -0.850586
vn 0.563965 -0.825195 0
vn 0.563965 -0.825195 0
vn 0.563965 -0.825195 0
vn 0.563965 -0.825195 0
vn 0.513672 -0.226318 0.827148
vn 0.151367 -0.506348 0.848633
vn 0.490967 -0.260986 0.831055
vn 0.124268 -0.510254 0.850586
vn -1 0 0
vn -1 0 0
vn -1 0 0
vn -1 0 0
vn -0.490234 -0.260742 -0.831543
vn -0.636719 0 -0.770508
vn -0.513184 -0.226074 -0.827637
vn -0.636719 0 -0.770508
vn -0.637207 0 0.770508
vn -0.637207 0 0.770508
vn -0.513672 -0.226196 0.827148
vn -0.490479 -0.260742 0.831055
vn -0.513184 -0.226074 -0.827637
vn -0.151123 -0.505859 -0.848633
vn -0.490234 -0.260742 -0.831543
vn -0.124023 -0.509766 -0.851074
vn -0.563965 -0.825195 0
vn -0.563965 -0.825195 0
vn -0.563965 -0.825195 0
vn -0.563965 -0.825195 0
vn -0.124146 -0.510254 0.850586
vn -0.151245 -0.506348 0.848633
vn -0.490479 -0.260742 0.831055
vn -0.513672 -0.226196 0.827148
vn 0.124207 -0.510254 -0.850586
vn -0.124023 -0.509766 -0.851074
vn 0.151367 -0.506348 -0.848633
vn -0.151123 -0.505859 -0.848633
vn 0 -1 0
vn 0 -1 0
vn 0 -1 0
vn 0 -1 0
vn 0.151367 -0.506348 0.848633
vn -0.151245 -0.506348 0.848633
vn 0.124268 -0.510254 0.850586
vn -0.124146 -0.510254 0.850586
vn 1 0 0
vn 1 0 0
vn 1 0 0
vn 1 0 0
vn 0.490723 -0.260986 0.831055
vn 0.637207 0 0.770508
vn 0.513672 -0.226318 0.827148
vn 0.637207 0 0.770508
vn 0.636719 0 -0.770508
vn 0.636719 0 -0.770508
vn 0.513184 -0.226074 -0.827637
vn 0.490234 -0.260742 -0.831543
vn 0.513672 -0.226318 0.827148
vn 0.151367 -0.506348 0.848633
vn 0.490723 -0.260986 0.831055
vn 0.124207 -0.510254 0.850586
vn 0.563965 -0.825195 0
vn 0.563965 -0.825195 0
vn 0.563965 -0.825195 0
vn 0.563965 -0.825195 0
vn 0.124084 -0.509766 -0.851074
vn 0.151245 -0.505859 -0.848633
vn 0.490234 -0.260742 -0.831543
vn 0.513184 -0.226074 -0.827637
vn 0.124207 -0.510254 0.850586
vn 0.151367 -0.506348 0.848633
vn -0.124146 -0.510254 0.850586
vn -0.151245 -0.506348 0.848633
vn 0 -1 0
vn 0 -1 0
vn 0 -1 0
vn 0 -1 0
vn -0.151245 -0.505859 -0.848633
vn 0.151245 -0.505859 -0.848633
vn -0.124146 -0.509766 -0.850586
vn 0.124084 -0.509766 -0.851074
vn -1 0 0
vn -1 0 0
vn -1 0 0
vn -1 0 0
vn -0.490479 -0.260742 0.831055
vn -0.513672 -0.226196 0.827148
vn -0.637207 0 0.770508
vn -0.637207 0 0.770508
vn -0.490479 -0.260742 -0.831055
vn -0.637207 0 -0.770508
vn -0.513672 -0.226196 -0.827148
vn -0.637207 0 -0.770508
vn -0.513672 -0.226196 0.827148
vn -0.490479 -0.260742 0.831055
vn -0.151245 -0.506348 0.848633
vn -0.124146 -0.510254 0.850586
vn -0.563965 -0.825195 0
vn -0.563965 -0.825195 0
vn -0.563965 -0.825195 0
vn -0.563965 -0.825195 0
vn -0.513672 -0.226196 -0.827148
vn -0.151245 -0.505859 -0.848633
vn -0.490479 -0.260742 -0.831055
vn -0.124146 -0.509766 -0.850586
vn 1 0 0
vn 1 0 0
vn 1 0 0
vn 1 0 0
vn -1 0 0
vn -1 0 0
vn -1 0 0
vn -1 0 0
vn 0 -1 0
vn 0 -1 0
vn 0 -1 0
vn 0 -1 0
vn -3.96371e-005 0 1
vn -3.96371e-005 0 1
vn -3.96371e-005 0 1
vn -3.96371e-005 0 1
vn -3.93987e-005 0 -1
vn -3.93987e-005 0 -1
vn -3.93987e-005 0 -1
vn -3.93987e-005 0 -1
vn 0 0 -1
vn 0 0 -1
vn 0 0 -1
vn 0 0 -1
vn 0 -1 0
vn 0 -1 0
vn 0 -1 0
vn 0 -1 0
vn -1 0 0
vn -1 0 0
vn -1 0 0
vn -1 0 0
vn 0 1 0
vn 0 1 0
vn 0 1 0
vn 0 1 0
vn 1 0 0
vn 1 0 0
vn 1 0 0
vn 1 0 0
vn -0.949219 0.156616 -0.27124
vn -0.949219 -0.156616 -0.27124
vn -1 0 -7.689e-006
vn -0.949219 0.313232 1.43647e-005
vn -0.949219 0.156616 0.27124
vn -0.949219 -0.156616 0.27124
vn -0.949219 -0.313232 1.43051e-005
vn -7.1466e-005 1 -0.000157475
vn -7.1466e-005 1 0.000157714
vn -0.000285864 0.5 -0.865723
vn -0.000285864 0.499756 -0.865723
vn -7.1466e-005 0.5 0.865723
vn -7.1466e-005 0.5 0.865723
vn -7.1466e-005 1 -0.000157475
vn -7.1466e-005 1 0.000157714
vn -7.1466e-005 -0.5 0.865723
vn -7.1466e-005 -0.5 0.865723
vn -7.1466e-005 -1 -0.000157595
vn -7.1466e-005 -1 0.000157595
vn -0.000285864 -0.5 -0.865723
vn -0.000285864 -0.499756 -0.865723
vn -7.1466e-005 -1 -0.000157595
vn -7.1466e-005 -1 0.000157595
vn 1 0 0
vn 1 0 0
vn 1 0 0
vn 1 0 0
vn 1 0 0
vn 1 0 0
vn -1 0 0
vn -1 0 0
vn -1 0 0
vn -1 0 0
vn -6.35982e-005 -0.707031 0.707031
vn -6.35982e-005 -0.707031 0.707031
vn -6.35982e-005 -0.707031 0.707031
vn -6.35982e-005 -0.707031 0.707031
vn 1 5.96046e-007 0
vn 1 5.96046e-007 0
vn 1 5.96046e-007 0
vn 1 5.96046e-007 0
vn -3.17693e-005 0.707031 -0.707031
vn -3.17693e-005 0.707031 -0.707031
vn -3.17693e-005 0.707031 -0.707031
vn -3.17693e-005 0.707031 -0.707031
vn -1 0 0
vn -1 0 0
vn -1 0 0
vn -1 0 0
vn 0 -0.707031 -0.707031
vn 0 -0.707031 -0.707031
vn 0 -0.707031 -0.707031
vn 0 -0.707031 -0.707031
vn 1 -5.96046e-007 0
vn 1 -5.96046e-007 0
vn 1 -5.96046e-007 0
vn 1 -5.96046e-007 0
vn -3.17693e-005 0.707031 0.707031
vn -3.17693e-005 0.707031 0.707031
vn -3.17693e-005 0.707031 0.707031
vn -3.17693e-005 0.707031 0.707031
vn 1.26958e-005 -0.5 0.865723
vn 1.26958e-005 -0.5 0.865723
vn 0 0 1
vn 0 0 1
vn 2.19941e-005 -0.865723 0.499756
vn 2.19941e-005 -0.865723 0.499756
vn 4.64916e-006 -1 1.14441e-005
vn 4.64916e-006 -1 -1.14441e-005
vn -1.7345e-005 -0.865723 -0.499756
vn -1.7345e-005 -0.865723 -0.499756
vn -3.00407e-005 -0.499756 -0.865723
vn -3.00407e-005 -0.499756 -0.865723
vn -3.47495e-005 0 -1
vn -3.47495e-005 0 -1
vn -3.01003e-005 0.499756 -0.865723
vn -3.01003e-005 0.499756 -0.865723
vn -3.47495e-005 0 -1
vn -3.47495e-005 0 -1
vn -1.7345e-005 0.865723 -0.499756
vn -1.7345e-005 0.865723 -0.499756
vn 4.64916e-006 1 1.16825e-005
vn 4.64916e-006 1 -1.12057e-005
vn 2.19941e-005 0.865723 0.499756
vn 2.19941e-005 0.865723 0.499756
vn 1.26958e-005 0.5 0.865723
vn 1.26958e-005 0.5 0.865723
vn 0 0 1
vn 0 0 1
vn -1 -1.19209e-007 0
vn -1 -1.19209e-007 0
vn -1 0 0
vn -1 0 0
vn -1 0 0
vn -1 0 0
vn -1 0 0
vn -1 0 0
vn -1 0 0
vn -1 0 0
vn -1 0 0
vn -1 0 0
vn -1 0 0
vn -1 0 0
vn -1 0 0
vn -1 0 0
vn -1 0 0
vn -1 0 0
vn -1 0 0
vn -1 0 0
vn -1 0 0
vn -1 0 0
vn -1 0 0
vn -1 0 0
vn -1 1.19209e-007 0
vn -1 1.19209e-007 0
vn -1 0 0
vn -1 0 0
vn 0 0.499756 -0.865723
vn 0 0.499756 -0.865723
vn 0 0 -1
vn 0 0 -1
vn 5.96046e-006 0.865723 -0.499756
vn 5.96046e-006 0.865723 -0.499756
vn 0 1 -1.48416e-005
vn 0 1 1.48416e-005
vn -3.91603e-005 0.865723 0.5
vn -3.91603e-005 0.865723 0.5
vn -3.30806e-005 0.499756 0.865723
vn -3.30806e-005 0.499756 0.865723
vn 0 0 1
vn 0 0 1
vn -3.3021e-005 -0.499756 0.865723
vn -3.3021e-005 -0.499756 0.865723
vn 0 0 1
vn 0 0 1
vn -3.91006e-005 -0.865723 0.5
vn -3.91006e-005 -0.865723 0.5
vn 0 -1 -1.49012e-005
vn 0 -1 1.48416e-005
vn 6.02007e-006 -0.865723 -0.499756
vn 6.02007e-006 -0.865723 -0.499756
vn 0 -0.499756 -0.865723
vn 0 -0.499756 -0.865723
vn 0 0 -1
vn 0 0 -1
vn 1 0 0
vn 1 0 0
vn 1 0 0
vn 1 0 0
vn 1 0 0
vn 1 0 0
vn 1 0 0
vn 1 0 0
vn 1 0 0
vn 1 0 0
vn 1 0 0
vn 1 0 0
vn 1 0 0
vn 1 0 0
vn 1 0 0
vn 1 0 0
vn 1 0 0
vn 1 0 0
vn 1 0 0
vn 1 0 0
vn 1 0 0
vn 1 0 0
vn 1 2.38419e-007 0
vn 1 2.38419e-007 0
vn 1 2.38419e-007 0
vn 1 2.38419e-007 0
vn 1 0 0
vn 1 0 0
vn -0.000211 0 1
vn -0.000211 0 1
vn -0.000182748 0.5 0.865723
vn -0.000182748 0.499756 0.865723
vn -0.000182748 -0.5 0.865723
vn -0.000182748 -0.499756 0.865723
vn -0.000211 0 1
vn -0.000211 0 1
vn -4.89354e-005 -0.865723 0.499756
vn -4.89354e-005 -0.865723 0.499756
vn 0 -1 6.9499e-005
vn 0 -1 -6.9499e-005
vn -2.82526e-005 -0.865723 -0.5
vn -2.82526e-005 -0.865723 -0.5
vn 0 -0.499756 -0.865723
vn 0 -0.499756 -0.865723
vn 0 0 -1
vn 0 0 -1
vn 0 0.499756 -0.865723
vn 0 0.499756 -0.865723
vn 0 0 -1
vn 0 0 -1
vn -2.82526e-005 0.865723 -0.5
vn -2.82526e-005 0.865723 -0.5
vn 0 1 6.9499e-005
vn 0 1 -6.9499e-005
vn -4.89354e-005 0.865723 0.499756
vn -4.89354e-005 0.865723 0.499756
vn -0.937012 1.19209e-007 0.348633
vn -0.937012 1.19209e-007 0.348633
vn -0.937012 0.174316 0.302002
vn -0.937012 0.174316 0.302002
vn -0.937012 -0.174316 0.302002
vn -0.937012 -0.174316 0.302002
vn -0.937012 1.19209e-007 0.348633
vn -0.937012 1.19209e-007 0.348633
vn -0.937012 -0.302002 0.174316
vn -0.937012 -0.302002 0.174316
vn -0.937012 -0.348633 2.08616e-005
vn -0.937012 -0.348633 -2.68221e-005
vn -0.937012 -0.302002 -0.174316
vn -0.937012 -0.302002 -0.174316
vn -0.937012 -0.174316 -0.302002
vn -0.937012 -0.174438 -0.302002
vn -0.937012 -1.19209e-007 -0.348877
vn -0.937012 -1.19209e-007 -0.348877
vn -0.937012 0.174316 -0.302002
vn -0.937012 0.174438 -0.302002
vn -0.937012 -1.19209e-007 -0.348877
vn -0.937012 -1.19209e-007 -0.348877
vn -0.937012 0.302002 -0.174316
vn -0.937012 0.302002 -0.174316
vn -0.937012 0.348633 2.08616e-005
vn -0.937012 0.348633 -2.67625e-005
vn -0.937012 0.302002 0.174316
vn -0.937012 0.302002 0.174316
vn 0 0 1
vn 0 1 0
vn 0 0 1
vn 0 1 0
vn 0 0 -1
vn 0 -1 0
vn 0 0 -1
vn 0 -1 0
vn 0 1 0
vn 0 1 0
vn -1.26958e-005 -0.5 -0.865723
vn -1.26958e-005 -0.5 -0.865723
vn 0 0 -1
vn 0 0 -1
vn -2.19941e-005 -0.865723 -0.499756
vn -2.19941e-005 -0.865723 -0.499756
vn -4.64916e-006 -1 -1.14441e-005
vn -4.64916e-006 -1 1.14441e-005
vn 1.7345e-005 -0.865723 0.499756
vn 1.7345e-005 -0.865723 0.499756
vn 3.01003e-005 -0.499756 0.865723
vn 3.01003e-005 -0.499756 0.865723
vn 3.47495e-005 0 1
vn 3.47495e-005 0 1
vn 3.01003e-005 0.499756 0.865723
vn 3.01003e-005 0.499756 0.865723
vn 3.47495e-005 0 1
vn 3.47495e-005 0 1
vn 1.7345e-005 0.865723 0.499756
vn 1.7345e-005 0.865723 0.499756
vn -4.64916e-006 1 -1.17421e-005
vn -4.64916e-006 1 1.10865e-005
vn -2.19941e-005 0.865723 -0.499756
vn -2.19941e-005 0.865723 -0.499756
vn -1.26958e-005 0.5 -0.865723
vn -1.26958e-005 0.5 -0.865723
vn 0 0 -1
vn 0 0 -1
vn 1 1.19209e-007 0
vn 1 1.19209e-007 0
vn 1 0 0
vn 1 0 0
vn 1 4.76837e-007 0
vn 1 4.76837e-007 0
vn 1 4.76837e-007 0
vn 1 4.76837e-007 0
vn 1 -4.76837e-007 0
vn 1 -4.76837e-007 0
vn 1 -4.76837e-007 0
vn 1 -4.76837e-007 0
vn 1 0 0
vn 1 0 0
vn 1 0 0
vn 1 0 0
vn 1 0 0
vn 1 0 0
vn 1 0 0
vn 1 0 0
vn 1 -4.76837e-007 0
vn 1 -4.76837e-007 0
vn 1 -4.76837e-007 0
vn 1 -4.76837e-007 0
vn 1 -1.19209e-007 0
vn 1 -1.19209e-007 0
vn 1 0 0
vn 1 0 0
vn 0 0.499756 0.865723
vn 0 0.499756 0.865723
vn 0 0 1
vn 0 0 1
vn -5.96046e-006 0.865723 0.499756
vn -5.96046e-006 0.865723 0.499756
vn 0 1 1.48416e-005
vn 0 1 -1.48416e-005
vn 3.91603e-005 0.865723 -0.5
vn 3.91603e-005 0.865723 -0.5
vn 3.30806e-005 0.499756 -0.865723
vn 3.30806e-005 0.499756 -0.865723
vn 0 0 -1
vn 0 0 -1
vn 3.30806e-005 -0.499756 -0.865723
vn 3.30806e-005 -0.499756 -0.865723
vn 0 0 -1
vn 0 0 -1
vn 3.91006e-005 -0.865723 -0.5
vn 3.91006e-005 -0.865723 -0.5
vn 0 -1 1.48416e-005
vn 0 -1 -1.49012e-005
vn -6.02007e-006 -0.865723 0.499756
vn -6.02007e-006 -0.865723 0.499756
vn 0 -0.499756 0.865723
vn 0 -0.499756 0.865723
vn 0 0 1
vn 0 0 1
vn -1 0 0
vn -1 0 0
vn -1 0 0
vn -1 0 0
vn -1 0 0
vn -1 0 0
vn -1 0 0
vn -1 0 0
vn -1 0 0
vn -1 0 0
vn -1 0 0
vn -1 0 0
vn -1 0 0
vn -1 0 0
vn -1 0 0
vn -1 0 0
vn -1 0 0
vn -1 0 0
vn -1 0 0
vn -1 0 0
vn -1 0 0
vn -1 0 0
vn -1 2.38419e-007 0
vn -1 2.38419e-007 0
vn -1 2.38419e-007 0
vn -1 2.38419e-007 0
vn -1 0 0
vn -1 0 0
vn 0.000211 0 -1
vn 0.000211 0 -1
vn 0.000182748 0.5 -0.865723
vn 0.000182748 0.499756 -0.865723
vn 0.000182748 -0.5 -0.865723
vn 0.000182748 -0.499756 -0.865723
vn 0.000211 0 -1
vn 0.000211 0 -1
vn 4.89354e-005 -0.865723 -0.499756
vn 4.89354e-005 -0.865723 -0.499756
vn 0 -1 -6.9499e-005
vn 0 -1 6.9499e-005
vn 2.82526e-005 -0.865723 0.5
vn 2.82526e-005 -0.865723 0.5
vn 0 -0.499756 0.865723
vn 0 -0.499756 0.865723
vn 0 0 1
vn 0 0 1
vn 0 0.499756 0.865723
vn 0 0.499756 0.865723
vn 0 0 1
vn 0 0 1
vn 2.82526e-005 0.865723 0.5
vn 2.82526e-005 0.865723 0.5
vn 0 1 -6.9499e-005
vn 0 1 6.9499e-005
vn 4.89354e-005 0.865723 -0.499756
vn 4.89354e-005 0.865723 -0.499756
vn 0.937012 0 -0.348633
vn 0.937012 0 -0.348633
vn 0.937012 0.174316 -0.302002
vn 0.937012 0.174316 -0.302002
vn 0.937012 -0.174316 -0.302002
vn 0.937012 -0.174316 -0.302002
vn 0.937012 0 -0.348633
vn 0.937012 0 -0.348633
vn 0.937012 -0.302002 -0.174316
vn 0.937012 -0.302002 -0.174316
vn 0.937012 -0.348633 -2.08616e-005
vn 0.937012 -0.348633 2.67625e-005
vn 0.937012 -0.302002 0.174316
vn 0.937012 -0.302002 0.174316
vn 0.937012 -0.174316 0.302002
vn 0.937012 -0.174438 0.302002
vn 0.937012 0 0.348877
vn 0.937012 0 0.348877
vn 0.937012 0.174316 0.302002
vn 0.937012 0.174438 0.302002
vn 0.937012 0 0.348877
vn 0.937012 0 0.348877
vn 0.937012 0.302002 0.174316
vn 0.937012 0.302002 0.174316
vn 0.937012 0.348633 -2.08616e-005
vn 0.937012 0.348633 2.67625e-005
vn 0.937012 0.302002 -0.174316
vn 0.937012 0.302002 -0.174316
vn 1 0 0
vn 1 0 0
vn 1 0 0
vn 1 0 0
vn 0 -0.707031 0.707031
vn 0 -0.707031 0.707031
vn 0 -0.707031 0.707031
vn 0 -0.707031 0.707031
vn -1 0 0
vn -1 0 0
vn -1 0 0
vn -1 0 0
vn 3.17693e-005 0.707031 -0.707031
vn 3.17693e-005 0.707031 -0.707031
vn 3.17693e-005 0.707031 -0.707031
vn 3.17693e-005 0.707031 -0.707031
vn 1 5.96046e-007 0
vn 1 5.96046e-007 0
vn 1 5.96046e-007 0
vn 1 5.96046e-007 0
vn 6.35982e-005 -0.707031 -0.707031
vn 6.35982e-005 -0.707031 -0.707031
vn 6.35982e-005 -0.707031 -0.707031
vn 6.35982e-005 -0.707031 -0.707031
vn -1 5.96046e-007 0
vn -1 5.96046e-007 0
vn -1 5.96046e-007 0
vn -1 5.96046e-007 0
vn 3.17693e-005 0.707031 0.707031
vn 3.17693e-005 0.707031 0.707031
vn 3.17693e-005 0.707031 0.707031
vn 3.17693e-005 0.707031 0.707031
vn 0.949219 0.156616 0.27124
vn 0.949219 -0.156616 0.27124
vn 1 -1.19209e-007 7.689e-006
vn 0.949219 0.313232 -1.43647e-005
vn 0.949219 0.156616 -0.27124
vn 0.949219 -0.156616 -0.27124
vn 0.949219 -0.313232 -1.43647e-005
vn 7.1466e-005 1 0.000157595
vn 7.1466e-005 1 -0.000157595
vn 0.000285864 0.5 0.865723
vn 0.000285864 0.499756 0.865723
vn 7.1466e-005 0.5 -0.865723
vn 7.1466e-005 0.5 -0.865723
vn 7.1466e-005 1 0.000157595
vn 7.1466e-005 1 -0.000157595
vn 7.1466e-005 -0.5 -0.865723
vn 7.1466e-005 -0.5 -0.865723
vn 7.1466e-005 -1 0.000157595
vn 7.1466e-005 -1 -0.000157595
vn 0.000285864 -0.5 0.865723
vn 0.000285864 -0.499756 0.865723
vn 7.1466e-005 -1 0.000157595
vn 7.1466e-005 -1 -0.000157595
vn -1 0 0
vn -1 0 0
vn -1 0 0
vn -1 0 0
vn -1 0 0
vn -1 0 0
vn -1.26958e-005 -0.5 -0.865723
vn -1.26958e-005 -0.5 -0.865723
vn 0 0 -1
vn 0 0 -1
vn -2.19941e-005 -0.865723 -0.499756
vn -2.19941e-005 -0.865723 -0.499756
vn -4.64916e-006 -1 -1.14441e-005
vn -4.64916e-006 -1 1.14441e-005
vn 1.7345e-005 -0.865723 0.499756
vn 1.7345e-005 -0.865723 0.499756
vn 3.01003e-005 -0.499756 0.865723
vn 3.01003e-005 -0.499756 0.865723
vn 3.47495e-005 0 1
vn 3.47495e-005 0 1
vn 3.01003e-005 0.499756 0.865723
vn 3.01003e-005 0.499756 0.865723
vn 3.47495e-005 0 1
vn 3.47495e-005 0 1
vn 1.7345e-005 0.865723 0.499756
vn 1.7345e-005 0.865723 0.499756
vn -4.64916e-006 1 -1.17421e-005
vn -4.64916e-006 1 1.10865e-005
vn -2.19941e-005 0.865723 -0.499756
vn -2.19941e-005 0.865723 -0.499756
vn -1.26958e-005 0.5 -0.865723
vn -1.26958e-005 0.5 -0.865723
vn 0 0 -1
vn 0 0 -1
vn 1 1.19209e-007 0
vn 1 1.19209e-007 0
vn 1 0 0
vn 1 0 0
vn 1 4.76837e-007 0
vn 1 4.76837e-007 0
vn 1 4.76837e-007 0
vn 1 4.76837e-007 0
vn 1 -4.76837e-007 0
vn 1 -4.76837e-007 0
vn 1 -4.76837e-007 0
vn 1 -4.76837e-007 0
vn 1 0 0
vn 1 0 0
vn 1 0 0
vn 1 0 0
vn 1 0 0
vn 1 0 0
vn 1 0 0
vn 1 0 0
vn 1 -4.76837e-007 0
vn 1 -4.76837e-007 0
vn 1 -4.76837e-007 0
vn 1 -4.76837e-007 0
vn 1 -1.19209e-007 0
vn 1 -1.19209e-007 0
vn 1 0 0
vn 1 0 0
vn 0 0.499756 0.865723
vn 0 0.499756 0.865723
vn 0 0 1
vn 0 0 1
vn -5.96046e-006 0.865723 0.499756
vn -5.96046e-006 0.865723 0.499756
vn 0 1 1.48416e-005
vn 0 1 -1.48416e-005
vn 3.91603e-005 0.865723 -0.5
vn 3.91603e-005 0.865723 -0.5
vn 3.30806e-005 0.499756 -0.865723
vn 3.30806e-005 0.499756 -0.865723
vn 0 0 -1
vn 0 0 -1
vn 3.30806e-005 -0.499756 -0.865723
vn 3.30806e-005 -0.499756 -0.865723
vn 0 0 -1
vn 0 0 -1
vn 3.91006e-005 -0.865723 -0.5
vn 3.91006e-005 -0.865723 -0.5
vn 0 -1 1.48416e-005
vn 0 -1 -1.48416e-005
vn -6.02007e-006 -0.865723 0.499756
vn -6.02007e-006 -0.865723 0.499756
vn 0 -0.499756 0.865723
vn 0 -0.499756 0.865723
vn 0 0 1
vn 0 0 1
vn -1 0 0
vn -1 0 0
vn -1 0 0
vn -1 0 0
vn -1 0 0
vn -1 0 0
vn -1 0 0
vn -1 0 0
vn -1 0 0
vn -1 0 0
vn -1 0 0
vn -1 0 0
vn -1 0 0
vn -1 0 0
vn -1 0 0
vn -1 0 0
vn -1 0 0
vn -1 0 0
vn -1 0 0
vn -1 0 0
vn -1 0 0
vn -1 0 0
vn -1 2.38419e-007 0
vn -1 2.38419e-007 0
vn -1 2.38419e-007 0
vn -1 2.38419e-007 0
vn -1 0 0
vn -1 0 0
vn 0.000211 0 -1
vn 0.000211 0 -1
vn 0.000182748 0.5 -0.865723
vn 0.000182748 0.499756 -0.865723
vn 0.000182748 -0.5 -0.865723
vn 0.000182748 -0.499756 -0.865723
vn 0.000211 0 -1
vn 0.000211 0 -1
vn 4.89354e-005 -0.865723 -0.499756
vn 4.89354e-005 -0.865723 -0.499756
vn 0 -1 -6.9499e-005
vn 0 -1 6.9499e-005
vn 2.82526e-005 -0.865723 0.5
vn 2.82526e-005 -0.865723 0.5
vn 0 -0.499756 0.865723
vn 0 -0.499756 0.865723
vn 0 0 1
vn 0 0 1
vn 0 0.499756 0.865723
vn 0 0.499756 0.865723
vn 0 0 1
vn 0 0 1
vn 2.82526e-005 0.865723 0.5
vn 2.82526e-005 0.865723 0.5
vn 0 1 -6.9499e-005
vn 0 1 6.9499e-005
vn 4.89354e-005 0.865723 -0.499756
vn 4.89354e-005 0.865723 -0.499756
vn 0.937012 0 -0.348633
vn 0.937012 0 -0.348633
vn 0.937012 0.174316 -0.302002
vn 0.937012 0.174316 -0.302002
vn 0.937012 -0.174316 -0.302002
vn 0.937012 -0.174316 -0.302002
vn 0.937012 0 -0.348633
vn 0.937012 0 -0.348633
vn 0.937012 -0.302002 -0.174316
vn 0.937012 -0.302002 -0.174316
vn 0.937012 -0.348633 -2.08616e-005
vn 0.937012 -0.348633 2.67625e-005
vn 0.937012 -0.302002 0.174316
vn 0.937012 -0.302002 0.174316
vn 0.937012 -0.174316 0.302002
vn 0.937012 -0.174438 0.302002
vn 0.937012 0 0.348877
vn 0.937012 0 0.348877
vn 0.937012 0.174316 0.302002
vn 0.937012 0.174438 0.302002
vn 0.937012 0 0.348877
vn 0.937012 0 0.348877
vn 0.937012 0.302002 0.174316
vn 0.937012 0.302002 0.174316
vn 0.937012 0.348633 -2.08616e-005
vn 0.937012 0.348633 2.67625e-005
vn 0.937012 0.302002 -0.174316
vn 0.937012 0.302002 -0.174316
vn 1 0 0
vn 1 0 0
vn 1 0 0
vn 1 0 0
vn 0 -0.707031 0.707031
vn 0 -0.707031 0.707031
vn 0 -0.707031 0.707031
vn 0 -0.707031 0.707031
vn -1 0 0
vn -1 0 0
vn -1 0 0
vn -1 0 0
vn 3.17693e-005 0.707031 -0.707031
vn 3.17693e-005 0.707031 -0.707031
vn 3.17693e-005 0.707031 -0.707031
vn 3.17693e-005 0.707031 -0.707031
vn 1 5.96046e-007 0
vn 1 5.96046e-007 0
vn 1 5.96046e-007 0
vn 1 5.96046e-007 0
vn 6.35982e-005 -0.707031 -0.707031
vn 6.35982e-005 -0.707031 -0.707031
vn 6.35982e-005 -0.707031 -0.707031
vn 6.35982e-005 -0.707031 -0.707031
vn -1 5.96046e-007 0
vn -1 5.96046e-007 0
vn -1 5.96046e-007 0
vn -1 5.96046e-007 0
vn 3.17693e-005 0.707031 0.707031
vn 3.17693e-005 0.707031 0.707031
vn 3.17693e-005 0.707031 0.707031
vn 3.17693e-005 0.707031 0.707031
vn 0.949219 0.156616 0.27124
vn 0.949219 -0.156616 0.27124
vn 1 -1.19209e-007 7.689e-006
vn 0.949219 0.313232 -1.43647e-005
vn 0.949219 0.156616 -0.27124
vn 0.949219 -0.156616 -0.27124
vn 0.949219 -0.313232 -1.43647e-005
vn 7.1466e-005 1 0.000157595
vn 7.1466e-005 1 -0.000157595
vn 0.000285864 0.5 0.865723
vn 0.000285864 0.499756 0.865723
vn 7.1466e-005 0.5 -0.865723
vn 7.1466e-005 0.5 -0.865723
vn 7.1466e-005 1 0.000157595
vn 7.1466e-005 1 -0.000157595
vn 7.1466e-005 -0.5 -0.865723
vn 7.1466e-005 -0.5 -0.865723
vn 7.1466e-005 -1 0.000157595
vn 7.1466e-005 -1 -0.000157595
vn 0.000285864 -0.5 0.865723
vn 0.000285864 -0.499756 0.865723
vn 7.1466e-005 -1 0.000157595
vn 7.1466e-005 -1 -0.000157595
vn -1 0 0
vn -1 0 0
vn -1 0 0
vn -1 0 0
vn -1 0 0
vn -1 0 0
vn 0 0 1
vn 0 1 0
vn 0 0 1
vn 0 1 0
vn 0 0 -1
vn 0 -1 0
vn 0 0 -1
vn 0 -1 0
vn 0 1 0
vn 0 1 0
vn 1.26958e-005 -0.5 0.865723
vn 1.26958e-005 -0.5 0.865723
vn 0 0 1
vn 0 0 1
vn 2.19941e-005 -0.865723 0.499756
vn 2.19941e-005 -0.865723 0.499756
vn 4.64916e-006 -1 1.14441e-005
vn 4.64916e-006 -1 -1.14441e-005
vn -1.7345e-005 -0.865723 -0.499756
vn -1.7345e-005 -0.865723 -0.499756
vn -3.00407e-005 -0.499756 -0.865723
vn -3.00407e-005 -0.499756 -0.865723
vn -3.47495e-005 0 -1
vn -3.47495e-005 0 -1
vn -3.01003e-005 0.499756 -0.865723
vn -3.01003e-005 0.499756 -0.865723
vn -3.47495e-005 0 -1
vn -3.47495e-005 0 -1
vn -1.7345e-005 0.865723 -0.499756
vn -1.7345e-005 0.865723 -0.499756
vn 4.64916e-006 1 1.16825e-005
vn 4.64916e-006 1 -1.12057e-005
vn 2.19941e-005 0.865723 0.499756
vn 2.19941e-005 0.865723 0.499756
vn 1.26958e-005 0.5 0.865723
vn 1.26958e-005 0.5 0.865723
vn 0 0 1
vn 0 0 1
vn -1 -1.19209e-007 0
vn -1 -1.19209e-007 0
vn -1 0 0
vn -1 0 0
vn -1 0 0
vn -1 0 0
vn -1 0 0
vn -1 0 0
vn -1 0 0
vn -1 0 0
vn -1 0 0
vn -1 0 0
vn -1 0 0
vn -1 0 0
vn -1 0 0
vn -1 0 0
vn -1 0 0
vn -1 0 0
vn -1 0 0
vn -1 0 0
vn -1 0 0
vn -1 0 0
vn -1 0 0
vn -1 0 0
vn -1 1.19209e-007 0
vn -1 1.19209e-007 0
vn -1 0 0
vn -1 0 0
vn 0 0.499756 -0.865723
vn 0 0.499756 -0.865723
vn 0 0 -1
vn 0 0 -1
vn 5.96046e-006 0.865723 -0.499756
vn 5.96046e-006 0.865723 -0.499756
vn 0 1 -1.48416e-005
vn 0 1 1.48416e-005
vn -3.91603e-005 0.865723 0.5
vn -3.91603e-005 0.865723 0.5
vn -3.30806e-005 0.499756 0.865723
vn -3.30806e-005 0.499756 0.865723
vn 0 0 1
vn 0 0 1
vn -3.3021e-005 -0.499756 0.865723
vn -3.3021e-005 -0.499756 0.865723
vn 0 0 1
vn 0 0 1
vn -3.91006e-005 -0.865723 0.5
vn -3.91006e-005 -0.865723 0.5
vn 0 -1 -1.48416e-005
vn 0 -1 1.48416e-005
vn 6.02007e-006 -0.865723 -0.499756
vn 6.02007e-006 -0.865723 -0.499756
vn 0 -0.499756 -0.865723
vn 0 -0.499756 -0.865723
vn 0 0 -1
vn 0 0 -1
vn 1 0 0
vn 1 0 0
vn 1 0 0
vn 1 0 0
vn 1 0 0
vn 1 0 0
vn 1 0 0
vn 1 0 0
vn 1 0 0
vn 1 0 0
vn 1 0 0
vn 1 0 0
vn 1 0 0
vn 1 0 0
vn 1 0 0
vn 1 0 0
vn 1 0 0
vn 1 0 0
vn 1 0 0
vn 1 0 0
vn 1 0 0
vn 1 0 0
vn 1 2.38419e-007 0
vn 1 2.38419e-007 0
vn 1 2.38419e-007 0
vn 1 2.38419e-007 0
vn 1 0 0
vn 1 0 0
vn -0.000211 0 1
vn -0.000211 0 1
vn -0.000182748 0.5 0.865723
vn -0.000182748 0.499756 0.865723
vn -0.000182748 -0.5 0.865723
vn -0.000182748 -0.499756 0.865723
vn -0.000211 0 1
vn -0.000211 0 1
vn -4.89354e-005 -0.865723 0.499756
vn -4.89354e-005 -0.865723 0.499756
vn 0 -1 6.9499e-005
vn 0 -1 -6.9499e-005
vn -2.82526e-005 -0.865723 -0.5
vn -2.82526e-005 -0.865723 -0.5
vn 0 -0.499756 -0.865723
vn 0 -0.499756 -0.865723
vn 0 0 -1
vn 0 0 -1
vn 0 0.499756 -0.865723
vn 0 0.499756 -0.865723
vn 0 0 -1
vn 0 0 -1
vn -2.82526e-005 0.865723 -0.5
vn -2.82526e-005 0.865723 -0.5
vn 0 1 6.9499e-005
vn 0 1 -6.9499e-005
vn -4.89354e-005 0.865723 0.499756
vn -4.89354e-005 0.865723 0.499756
vn -0.937012 1.19209e-007 0.348633
vn -0.937012 1.19209e-007 0.348633
vn -0.937012 0.174316 0.302002
vn -0.937012 0.174316 0.302002
vn -0.937012 -0.174316 0.302002
vn -0.937012 -0.174316 0.302002
vn -0.937012 1.19209e-007 0.348633
vn -0.937012 1.19209e-007 0.348633
vn -0.937012 -0.302002 0.174316
vn -0.937012 -0.302002 0.174316
vn -0.937012 -0.348633 2.08616e-005
vn -0.937012 -0.348633 -2.68221e-005
vn -0.937012 -0.302002 -0.174316
vn -0.937012 -0.302002 -0.174316
vn -0.937012 -0.174316 -0.302002
vn -0.937012 -0.174438 -0.302002
vn -0.937012 -1.19209e-007 -0.348877
vn -0.937012 -1.19209e-007 -0.348877
vn -0.937012 0.174316 -0.302002
vn -0.937012 0.174438 -0.302002
vn -0.937012 -1.19209e-007 -0.348877
vn -0.937012 -1.19209e-007 -0.348877
vn -0.937012 0.302002 -0.174316
vn -0.937012 0.302002 -0.174316
vn -0.937012 0.348633 2.08616e-005
vn -0.937012 0.348633 -2.67625e-005
vn -0.937012 0.302002 0.174316
vn -0.937012 0.302002 0.174316
vn -1 0 0
vn -1 0 0
vn -1 0 0
vn -1 0 0
vn -6.35982e-005 -0.707031 0.707031
vn -6.35982e-005 -0.707031 0.707031
vn -6.35982e-005 -0.707031 0.707031
vn -6.35982e-005 -0.707031 0.707031
vn 1 5.96046e-007 0
vn 1 5.96046e-007 0
vn 1 5.96046e-007 0
vn 1 5.96046e-007 0
vn -3.17693e-005 0.707031 -0.707031
vn -3.17693e-005 0.707031 -0.707031
vn -3.17693e-005 0.707031 -0.707031
vn -3.17693e-005 0.707031 -0.707031
vn -0.949219 0.156616 -0.27124
vn -0.949219 -0.156616 -0.27124
vn -1 0 -7.689e-006
vn -0.949219 0.313232 1.43647e-005
vn -0.949219 0.156616 0.27124
vn -0.949219 -0.156616 0.27124
vn -0.949219 -0.313232 1.43051e-005
vn -7.1466e-005 1 -0.000157475
vn -7.1466e-005 1 0.000157714
vn -0.000285864 0.5 -0.865723
vn -0.000285864 0.499756 -0.865723
vn -7.1466e-005 0.5 0.865723
vn -7.1466e-005 0.5 0.865723
vn -7.1466e-005 1 -0.000157475
vn -7.1466e-005 1 0.000157714
vn -7.1466e-005 -0.5 0.865723
vn -7.1466e-005 -0.5 0.865723
vn -7.1466e-005 -1 -0.000157595
vn -7.1466e-005 -1 0.000157595
vn -0.000285864 -0.5 -0.865723
vn -0.000285864 -0.499756 -0.865723
vn -7.1466e-005 -1 -0.000157595
vn -7.1466e-005 -1 0.000157595
vn 1 0 0
vn 1 0 0
vn 1 0 0
vn 1 0 0
vn 1 0 0
vn 1 0 0
vn -1 0 0
vn -1 0 0
vn -1 0 0
vn -1 0 0
vn 0 -0.707031 -0.707031
vn 0 -0.707031 -0.707031
vn 0 -0.707031 -0.707031
vn 0 -0.707031 -0.707031
vn 1 -5.96046e-007 0
vn 1 -5.96046e-007 0
vn 1 -5.96046e-007 0
vn 1 -5.96046e-007 0
vn -3.17693e-005 0.707031 0.707031
vn -3.17693e-005 0.707031 0.707031
vn -3.17693e-005 0.707031 0.707031
vn -3.17693e-005 0.707031 0.707031

vt 0.486088 0.0291324
vt 0.520317 0.0291324
vt 0.486088 0.100607
vt 0.520317 0.100607
vt 1.27133 1.15469
vt 1.27133 1.06697
vt 1.2925 1.15469
vt 1.29249 1.06697
vt 1.27133 1.27174
vt 1.27133 1.18419
vt 1.29156 1.27174
vt 1.29156 1.18419
vt 0.271333 0.154694
vt 0.271333 0.0669737
vt 0.292492 0.154694
vt 0.292496 0.0669737
vt 0.291564 0.184186
vt 0.291564 0.271736
vt 0.271333 0.184186
vt 0.271333 0.271736
vt 0.526793 0.883439
vt 0.782142 0.883439
vt 0.526793 0.958854
vt 0.782142 0.958854
vt 0.995264 0.542598
vt 0.995264 0.958358
vt 0.797217 0.542598
vt 0.797217 0.958358
vt 1.52679 1.88344
vt 1.78214 1.88344
vt 1.52679 1.95885
vt 1.78214 1.95885
vt 1.00587 1.5559
vt 1.25965 1.5559
vt 1.00587 1.7247
vt 1.25965 1.7247
vt 1.2745 1.95885
vt 1.2745 1.88344
vt 1.51934 1.95885
vt 1.51934 1.88344
vt 0.274496 0.883439
vt 0.519339 0.883439
vt 0.274496 0.958854
vt 0.519339 0.958854
vt 0.766245 0.365234
vt 0.974125 0.365234
vt 0.748648 0.400391
vt 0.991721 0.400391
vt 1.76565 1.42773
vt 1.9637 1.42773
vt 1.74806 1.46289
vt 1.9813 1.46289
vt 0.77199 0.817011
vt 0.573941 0.817011
vt 0.77199 0.574437
vt 0.573941 0.574437
vt 1.77199 1.57444
vt 1.77199 1.81701
vt 1.57394 1.57444
vt 1.57394 1.81701
vt 1.77199 1.81701
vt 1.57394 1.81701
vt 1.77199 1.57444
vt 1.57394 1.57444
vt 1.77199 1.81701
vt 1.57394 1.81701
vt 1.77199 1.57444
vt 1.57394 1.57444
vt 0.259651 0.724697
vt 0.00587165 0.724697
vt 0.259651 0.555903
vt 0.00587165 0.555903
vt 0.259651 0.515261
vt 0.00587142 0.515262
vt 0.259651 0.325756
vt 0.00587142 0.325757
vt 0.489522 0.544157
vt 0.555176 0.633387
vt 0.393921 0.544157
vt 0.328267 0.633387
vt 1.55518 1.63339
vt 1.32827 1.63339
vt 1.48952 1.54416
vt 1.39392 1.54416
vt 1.00587 1.76552
vt 1.25965 1.76552
vt 1.00587 1.95981
vt 1.25965 1.95981
vt 1.55518 1.81508
vt 1.32827 1.81508
vt 0.00587165 0.765519
vt 0.259651 0.765519
vt 0.00587165 0.95981
vt 0.259651 0.95981
vt 0.328267 0.815076
vt 0.555176 0.815076
vt 0.53008 0.857267
vt 0.77909 0.857267
vt 0.526793 0.866954
vt 0.782142 0.866954
vt 1.53008 1.85727
vt 1.77909 1.85727
vt 1.52679 1.86695
vt 1.78214 1.86695
vt 1.97413 1.36523
vt 1.99172 1.40039
vt 1.76625 1.36523
vt 1.74865 1.40039
vt 1.27776 1.85727
vt 1.5163 1.85727
vt 1.2745 1.86695
vt 1.51934 1.86695
vt 0.27776 0.85727
vt 0.516304 0.85727
vt 0.274496 0.86695
vt 0.519339 0.866951
vt 0.9637 0.427734
vt 0.981297 0.462891
vt 0.765654 0.427734
vt 0.748058 0.462891
vt 0.312088 0.255666
vt 0.346606 0.255666
vt 0.312088 0.463332
vt 0.346606 0.463332
vt 0.420777 0.513672
vt 0.419081 0.529297
vt 0.310255 0.513672
vt 0.310236 0.529297
vt 0.905524 0.486328
vt 0.995454 0.486328
vt 0.906909 0.501953
vt 0.995454 0.501953
vt 0.440927 0.529297
vt 0.439081 0.513672
vt 0.606948 0.529297
vt 0.609525 0.513672
vt 0.346606 0.245221
vt 0.312088 0.245221
vt 0.346606 0.0670211
vt 0.312088 0.0670211
vt 0.896521 0.501953
vt 0.730535 0.501953
vt 0.898364 0.486328
vt 0.72796 0.486328
vt 1.34661 1.25567
vt 1.34661 1.46333
vt 1.31209 1.25567
vt 1.31209 1.46333
vt 0.905524 0.513672
vt 0.995454 0.513672
vt 0.906909 0.529297
vt 0.995454 0.529297
vt 0.310236 0.501953
vt 0.310255 0.486328
vt 0.419081 0.501953
vt 0.420777 0.486328
vt 0.896581 0.529297
vt 0.730476 0.529297
vt 0.898426 0.513672
vt 0.727897 0.513672
vt 1.31209 1.24522
vt 1.31209 1.06702
vt 1.34661 1.24522
vt 1.34661 1.06702
vt 0.609534 0.486328
vt 0.606958 0.501953
vt 0.439072 0.486328
vt 0.440917 0.501953
vt 0.620502 0.513672
vt 0.720712 0.513672
vt 0.620928 0.529297
vt 0.720287 0.529297
vt 1.31209 1.46333
vt 1.31209 1.25567
vt 1.34661 1.46333
vt 1.34661 1.25567
vt 0.720287 0.501953
vt 0.620928 0.501953
vt 0.720712 0.486328
vt 0.620501 0.486328
vt 0.400114 0.255666
vt 0.400114 0.463332
vt 0.365769 0.255666
vt 0.365769 0.463332
vt 1.90552 1.48633
vt 1.99545 1.48633
vt 1.90691 1.50195
vt 1.99545 1.50195
vt 1.31024 1.5293
vt 1.31026 1.51367
vt 1.41908 1.5293
vt 1.42078 1.51367
vt 1.89654 1.50195
vt 1.73052 1.50195
vt 1.89838 1.48633
vt 1.72794 1.48633
vt 0.365769 0.245221
vt 0.365769 0.0670211
vt 0.400114 0.245221
vt 0.400114 0.0670211
vt 1.60955 1.51367
vt 1.60697 1.5293
vt 1.43906 1.51367
vt 1.4409 1.5293
vt 1.72071 1.48633
vt 1.72029 1.50195
vt 1.6205 1.48633
vt 1.62093 1.50195
vt 1.40011 1.46333
vt 1.36577 1.46333
vt 1.40011 1.25567
vt 1.36577 1.25567
vt 1.72029 1.5293
vt 1.62093 1.5293
vt 1.72071 1.51367
vt 1.6205 1.51367
vt 1.36577 1.25567
vt 1.40011 1.25567
vt 1.36577 1.46333
vt 1.40011 1.46333
vt 1.42078 1.48633
vt 1.41908 1.50195
vt 1.31025 1.48633
vt 1.31024 1.50195
vt 1.90552 1.51367
vt 1.99545 1.51367
vt 1.90691 1.5293
vt 1.99545 1.5293
vt 1.44092 1.50195
vt 1.43907 1.48633
vt 1.60696 1.50195
vt 1.60953 1.48633
vt 1.40011 1.24522
vt 1.36577 1.24522
vt 1.40011 1.06702
vt 1.36577 1.06702
vt 1.89655 1.5293
vt 1.73051 1.5293
vt 1.89839 1.51367
vt 1.72793 1.51367
vt 1.01711 1.27174
vt 1.01711 1.18419
vt 1.24922 1.27174
vt 1.24922 1.18419
vt 0.249219 0.184186
vt 0.249219 0.271737
vt 0.0171081 0.184186
vt 0.0171081 0.271737
vt 0.247664 0.0669732
vt 0.247662 0.154694
vt 0.015552 0.0669734
vt 0.0155538 0.154694
vt 0.722574 0.308693
vt 0.722574 0.396244
vt 0.678714 0.308693
vt 0.678714 0.396244
vt 1.67871 1.39624
vt 1.67871 1.30869
vt 1.72257 1.39624
vt 1.72257 1.30869
vt 0.486088 0.0291324
vt 0.520317 0.0291324
vt 0.486088 0.100607
vt 0.520317 0.100607
vt 1.27133 1.15469
vt 1.27133 1.06697
vt 1.2925 1.15469
vt 1.29249 1.06697
vt 1.27133 1.27174
vt 1.27133 1.18419
vt 1.29156 1.27174
vt 1.29156 1.18419
vt 0.271333 0.154694
vt 0.271333 0.0669737
vt 0.292492 0.154694
vt 0.292496 0.0669737
vt 0.291564 0.184186
vt 0.291564 0.271736
vt 0.271333 0.184186
vt 0.271333 0.271736
vt 0.768312 0.297919
vt 0.768315 0.251821
vt 0.788239 0.27487
vt 0.788212 0.320966
vt 0.808141 0.297919
vt 0.808144 0.251821
vt 0.788209 0.228772
vt 0.667346 0.15508
vt 0.673227 0.15508
vt 0.667346 0.176538
vt 0.673227 0.176537
vt 0.667346 0.21945
vt 0.673227 0.21945
vt 0.667346 0.240908
vt 0.673227 0.240908
vt 0.667346 0.176536
vt 0.673227 0.176536
vt 0.667346 0.15508
vt 0.673227 0.15508
vt 0.667346 0.219451
vt 0.673227 0.219451
vt 0.667346 0.240908
vt 0.673227 0.240908
vt 0.755436 0.179996
vt 0.764866 0.169107
vt 0.755436 0.201774
vt 0.764866 0.212662
vt 0.774298 0.179996
vt 0.774298 0.201774
vt 0.691145 0.15555
vt 0.699139 0.15555
vt 0.691145 0.275167
vt 0.699139 0.275167
vt 0.719943 0.155549
vt 0.742429 0.155549
vt 0.719943 0.275167
vt 0.742429 0.275167
vt 0.691145 0.15555
vt 0.699139 0.15555
vt 0.691145 0.275167
vt 0.699139 0.275167
vt 0.742429 0.275167
vt 0.719943 0.275167
vt 0.742429 0.15555
vt 0.719943 0.15555
vt 0.699139 0.275167
vt 0.691145 0.275167
vt 0.699139 0.15555
vt 0.691145 0.15555
vt 0.719943 0.155549
vt 0.742429 0.155549
vt 0.719943 0.275167
vt 0.742429 0.275167
vt 0.699139 0.275167
vt 0.691145 0.275167
vt 0.699139 0.15555
vt 0.691145 0.15555
vt 0.742429 0.275167
vt 0.719943 0.275167
vt 0.742429 0.15555
vt 0.719943 0.15555
vt 0.962703 0.252114
vt 0.962772 0.188658
vt 0.990699 0.252114
vt 0.990685 0.188658
vt 0.934839 0.252114
vt 0.935037 0.188658
vt 0.906796 0.252114
vt 0.906761 0.188658
vt 0.87876 0.252114
vt 0.878565 0.188658
vt 0.850924 0.252114
vt 0.850849 0.188658
vt 0.822937 0.252114
vt 0.822953 0.188658
vt 0.962703 0.252114
vt 0.962772 0.188658
vt 0.990699 0.252114
vt 0.990685 0.188658
vt 0.934839 0.252114
vt 0.935037 0.188658
vt 0.906796 0.252114
vt 0.906761 0.188658
vt 0.87876 0.252114
vt 0.878565 0.188658
vt 0.850924 0.252114
vt 0.850849 0.188658
vt 0.822937 0.252114
vt 0.822953 0.188658
vt 0.952443 0.309846
vt 0.952548 0.288888
vt 0.974382 0.309846
vt 0.977164 0.288888
vt 0.929816 0.309846
vt 0.929794 0.288888
vt 0.906824 0.309846
vt 0.906825 0.288888
vt 0.883824 0.309846
vt 0.883851 0.288888
vt 0.861185 0.309846
vt 0.861081 0.288888
vt 0.839229 0.309846
vt 0.836441 0.288888
vt 0.952445 0.309846
vt 0.952548 0.288888
vt 0.97438 0.309846
vt 0.977165 0.288888
vt 0.92982 0.309846
vt 0.929795 0.288888
vt 0.906828 0.309846
vt 0.906827 0.288888
vt 0.883824 0.309846
vt 0.88385 0.288888
vt 0.861184 0.309846
vt 0.861077 0.288888
vt 0.839226 0.309846
vt 0.836441 0.288888
vt 0.962705 0.252114
vt 0.962774 0.188658
vt 0.990699 0.252114
vt 0.990687 0.188658
vt 0.93484 0.252114
vt 0.935037 0.188658
vt 0.906796 0.252114
vt 0.906787 0.188658
vt 0.878759 0.252114
vt 0.878561 0.188658
vt 0.850924 0.252114
vt 0.850849 0.188658
vt 0.822939 0.252114
vt 0.822955 0.188658
vt 0.962703 0.252114
vt 0.962772 0.188658
vt 0.990699 0.252114
vt 0.990685 0.188658
vt 0.934839 0.252114
vt 0.935041 0.188658
vt 0.906801 0.252114
vt 0.906793 0.188658
vt 0.87876 0.252114
vt 0.878565 0.188658
vt 0.850923 0.252114
vt 0.850847 0.188658
vt 0.822937 0.252114
vt 0.822953 0.188658
vt 0.819491 0.0206895
vt 0.81946 0.0645649
vt 0.782333 0.0206897
vt 0.782333 0.0645649
vt 0.85673 0.02069
vt 0.856233 0.0645649
vt 0.891422 0.0206892
vt 0.89144 0.0645652
vt 0.926711 0.02069
vt 0.926734 0.0645649
vt 0.961817 0.0206895
vt 0.962301 0.0645649
vt 0.99896 0.0206892
vt 0.99896 0.0645649
vt 0.819486 0.0206895
vt 0.819462 0.0645649
vt 0.782333 0.0206895
vt 0.782333 0.0645652
vt 0.856724 0.0206895
vt 0.856231 0.0645649
vt 0.89142 0.0206895
vt 0.891438 0.0645649
vt 0.926705 0.0206895
vt 0.926733 0.0645649
vt 0.961814 0.0206895
vt 0.962303 0.0645649
vt 0.99896 0.0206897
vt 0.99896 0.0645649
vt 0.782333 0.108576
vt 0.782333 0.0928302
vt 0.820488 0.108576
vt 0.820488 0.0928302
vt 0.96078 0.108576
vt 0.960755 0.0928302
vt 0.99896 0.108576
vt 0.99896 0.0928302
vt 0.925311 0.108576
vt 0.925308 0.0928302
vt 0.890588 0.108576
vt 0.890582 0.0928302
vt 0.85593 0.108576
vt 0.855937 0.0928302
vt 0.820471 0.108576
vt 0.820488 0.0928302
vt 0.782333 0.108576
vt 0.782333 0.0928302
vt 0.960759 0.108576
vt 0.960755 0.0928302
vt 0.99896 0.108576
vt 0.99896 0.0928302
vt 0.925305 0.108576
vt 0.925308 0.0928302
vt 0.890588 0.108576
vt 0.890586 0.0928302
vt 0.855944 0.108576
vt 0.855937 0.0928302
vt 0.782333 0.155793
vt 0.782333 0.137818
vt 0.819322 0.155793
vt 0.819284 0.137818
vt 0.961971 0.155793
vt 0.962013 0.137818
vt 0.99896 0.155793
vt 0.99896 0.137818
vt 0.924112 0.155793
vt 0.923931 0.137818
vt 0.890649 0.155793
vt 0.890649 0.137818
vt 0.857092 0.155793
vt 0.857266 0.137818
vt 0.819339 0.155793
vt 0.819302 0.137818
vt 0.782333 0.155793
vt 0.782333 0.137818
vt 0.961954 0.155793
vt 0.961995 0.137818
vt 0.99896 0.155793
vt 0.99896 0.137818
vt 0.924104 0.155793
vt 0.923923 0.137818
vt 0.890631 0.155793
vt 0.890636 0.137818
vt 0.857085 0.155793
vt 0.857261 0.137818
vt 0.764201 0.0835756
vt 0.764201 0.107773
vt 0.552935 0.0835756
vt 0.552972 0.107773
vt 0.764201 0.0326909
vt 0.764201 0.0588976
vt 0.552745 0.0326909
vt 0.55284 0.0588976
vt 0.764201 0.00603878
vt 0.55271 0.00603878
vt 0.962703 0.252114
vt 0.962772 0.188658
vt 0.990699 0.252114
vt 0.990685 0.188658
vt 0.934839 0.252114
vt 0.935037 0.188658
vt 0.906796 0.252114
vt 0.906761 0.188658
vt 0.87876 0.252114
vt 0.878565 0.188658
vt 0.850924 0.252114
vt 0.850849 0.188658
vt 0.822937 0.252114
vt 0.822953 0.188658
vt 0.962703 0.252114
vt 0.962772 0.188658
vt 0.990699 0.252114
vt 0.990685 0.188658
vt 0.934839 0.252114
vt 0.935037 0.188658
vt 0.906796 0.252114
vt 0.906761 0.188658
vt 0.87876 0.252114
vt 0.878565 0.188658
vt 0.850924 0.252114
vt 0.850849 0.188658
vt 0.822937 0.252114
vt 0.822953 0.188658
vt 0.952443 0.309846
vt 0.952548 0.288888
vt 0.974382 0.309846
vt 0.977164 0.288888
vt 0.929816 0.309846
vt 0.929794 0.288888
vt 0.906824 0.309846
vt 0.906825 0.288888
vt 0.883824 0.309846
vt 0.883851 0.288888
vt 0.861185 0.309846
vt 0.861081 0.288888
vt 0.839229 0.309846
vt 0.836441 0.288888
vt 0.952445 0.309846
vt 0.952548 0.288888
vt 0.97438 0.309846
vt 0.977165 0.288888
vt 0.92982 0.309846
vt 0.929795 0.288888
vt 0.906828 0.309846
vt 0.906827 0.288888
vt 0.883824 0.309846
vt 0.88385 0.288888
vt 0.861184 0.309846
vt 0.861077 0.288888
vt 0.839226 0.309846
vt 0.836441 0.288888
vt 0.962705 0.252114
vt 0.962774 0.188658
vt 0.990699 0.252114
vt 0.990687 0.188658
vt 0.93484 0.252114
vt 0.935037 0.188658
vt 0.906796 0.252114
vt 0.906787 0.188658
vt 0.878759 0.252114
vt 0.878561 0.188658
vt 0.850924 0.252114
vt 0.850849 0.188658
vt 0.822939 0.252114
vt 0.822955 0.188658
vt 0.962703 0.252114
vt 0.962772 0.188658
vt 0.990699 0.252114
vt 0.990685 0.188658
vt 0.934839 0.252114
vt 0.935041 0.188658
vt 0.906801 0.252114
vt 0.906793 0.188658
vt 0.87876 0.252114
vt 0.878565 0.188658
vt 0.850923 0.252114
vt 0.850847 0.188658
vt 0.822937 0.252114
vt 0.822953 0.188658
vt 0.819491 0.0206895
vt 0.81946 0.0645649
vt 0.782333 0.0206897
vt 0.782333 0.0645649
vt 0.85673 0.02069
vt 0.856233 0.0645649
vt 0.891422 0.0206892
vt 0.89144 0.0645652
vt 0.926711 0.02069
vt 0.926734 0.0645649
vt 0.961817 0.0206895
vt 0.962301 0.0645649
vt 0.99896 0.0206892
vt 0.99896 0.0645649
vt 0.819486 0.0206895
vt 0.819462 0.0645649
vt 0.782333 0.0206895
vt 0.782333 0.0645652
vt 0.856724 0.0206895
vt 0.856231 0.0645649
vt 0.89142 0.0206895
vt 0.891438 0.0645649
vt 0.926705 0.0206895
vt 0.926733 0.0645649
vt 0.961814 0.0206895
vt 0.962303 0.0645649
vt 0.99896 0.0206897
vt 0.99896 0.0645649
vt 0.782333 0.108576
vt 0.782333 0.0928302
vt 0.820488 0.108576
vt 0.820488 0.0928302
vt 0.96078 0.108576
vt 0.960755 0.0928302
vt 0.99896 0.108576
vt 0.99896 0.0928302
vt 0.925311 0.108576
vt 0.925308 0.0928302
vt 0.890588 0.108576
vt 0.890582 0.0928302
vt 0.85593 0.108576
vt 0.855937 0.0928302
vt 0.820471 0.108576
vt 0.820488 0.0928302
vt 0.782333 0.108576
vt 0.782333 0.0928302
vt 0.960759 0.108576
vt 0.960755 0.0928302
vt 0.99896 0.108576
vt 0.99896 0.0928302
vt 0.925305 0.108576
vt 0.925308 0.0928302
vt 0.890588 0.108576
vt 0.890586 0.0928302
vt 0.855944 0.108576
vt 0.855937 0.0928302
vt 0.782333 0.155793
vt 0.782333 0.137818
vt 0.819322 0.155793
vt 0.819284 0.137818
vt 0.961971 0.155793
vt 0.962013 0.137818
vt 0.99896 0.155793
vt 0.99896 0.137818
vt 0.924112 0.155793
vt 0.923931 0.137818
vt 0.890649 0.155793
vt 0.890649 0.137818
vt 0.857092 0.155793
vt 0.857266 0.137818
vt 0.819339 0.155793
vt 0.819302 0.137818
vt 0.782333 0.155793
vt 0.782333 0.137818
vt 0.961954 0.155793
vt 0.961995 0.137818
vt 0.99896 0.155793
vt 0.99896 0.137818
vt 0.924104 0.155793
vt 0.923923 0.137818
vt 0.890631 0.155793
vt 0.890636 0.137818
vt 0.857085 0.155793
vt 0.857261 0.137818
vt 0.699139 0.275167
vt 0.691145 0.275167
vt 0.699139 0.15555
vt 0.691145 0.15555
vt 0.719943 0.155549
vt 0.742429 0.155549
vt 0.719943 0.275167
vt 0.742429 0.275167
vt 0.699139 0.275167
vt 0.691145 0.275167
vt 0.699139 0.15555
vt 0.691145 0.15555
vt 0.742429 0.275167
vt 0.719943 0.275167
vt 0.742429 0.15555
vt 0.719943 0.15555
vt 0.691145 0.15555
vt 0.699139 0.15555
vt 0.691145 0.275167
vt 0.699139 0.275167
vt 0.719943 0.155549
vt 0.742429 0.155549
vt 0.719943 0.275167
vt 0.742429 0.275167
vt 0.691145 0.15555
vt 0.699139 0.15555
vt 0.691145 0.275167
vt 0.699139 0.275167
vt 0.742429 0.275167
vt 0.719943 0.275167
vt 0.742429 0.15555
vt 0.719943 0.15555
vt 0.768312 0.297919
vt 0.768315 0.251821
vt 0.788239 0.27487
vt 0.788212 0.320966
vt 0.808141 0.297919
vt 0.808144 0.251821
vt 0.788209 0.228772
vt 0.667346 0.15508
vt 0.673227 0.15508
vt 0.667346 0.176538
vt 0.673227 0.176537
vt 0.667346 0.21945
vt 0.673227 0.21945
vt 0.667346 0.240908
vt 0.673227 0.240908
vt 0.667346 0.176536
vt 0.673227 0.176536
vt 0.667346 0.15508
vt 0.673227 0.15508
vt 0.667346 0.219451
vt 0.673227 0.219451
vt 0.667346 0.240908
vt 0.673227 0.240908
vt 0.755436 0.179996
vt 0.764866 0.169107
vt 0.755436 0.201774
vt 0.764866 0.212662
vt 0.774298 0.179996
vt 0.774298 0.201774
vt 0.962703 0.252114
vt 0.962772 0.188658
vt 0.990699 0.252114
vt 0.990685 0.188658
vt 0.934839 0.252114
vt 0.935037 0.188658
vt 0.906796 0.252114
vt 0.906761 0.188658
vt 0.87876 0.252114
vt 0.878565 0.188658
vt 0.850924 0.252114
vt 0.850849 0.188658
vt 0.822937 0.252114
vt 0.822953 0.188658
vt 0.962703 0.252114
vt 0.962772 0.188658
vt 0.990699 0.252114
vt 0.990685 0.188658
vt 0.934839 0.252114
vt 0.935037 0.188658
vt 0.906796 0.252114
vt 0.906761 0.188658
vt 0.87876 0.252114
vt 0.878565 0.188658
vt 0.850924 0.252114
vt 0.850849 0.188658
vt 0.822937 0.252114
vt 0.822953 0.188658
vt 0.952443 0.309846
vt 0.952548 0.288888
vt 0.974382 0.309846
vt 0.977164 0.288888
vt 0.929816 0.309846
vt 0.929794 0.288888
vt 0.906824 0.309846
vt 0.906825 0.288888
vt 0.883824 0.309846
vt 0.883851 0.288888
vt 0.861185 0.309846
vt 0.861081 0.288888
vt 0.839229 0.309846
vt 0.836441 0.288888
vt 0.952445 0.309846
vt 0.952548 0.288888
vt 0.97438 0.309846
vt 0.977165 0.288888
vt 0.92982 0.309846
vt 0.929795 0.288888
vt 0.906828 0.309846
vt 0.906827 0.288888
vt 0.883824 0.309846
vt 0.88385 0.288888
vt 0.861184 0.309846
vt 0.861077 0.288888
vt 0.839226 0.309846
vt 0.836441 0.288888
vt 0.962705 0.252114
vt 0.962774 0.188658
vt 0.990699 0.252114
vt 0.990687 0.188658
vt 0.93484 0.252114
vt 0.935037 0.188658
vt 0.906796 0.252114
vt 0.906787 0.188658
vt 0.878759 0.252114
vt 0.878561 0.188658
vt 0.850924 0.252114
vt 0.850849 0.188658
vt 0.822939 0.252114
vt 0.822955 0.188658
vt 0.962703 0.252114
vt 0.962772 0.188658
vt 0.990699 0.252114
vt 0.990685 0.188658
vt 0.934839 0.252114
vt 0.935041 0.188658
vt 0.906801 0.252114
vt 0.906793 0.188658
vt 0.87876 0.252114
vt 0.878565 0.188658
vt 0.850923 0.252114
vt 0.850847 0.188658
vt 0.822937 0.252114
vt 0.822953 0.188658
vt 0.819491 0.0206895
vt 0.81946 0.0645649
vt 0.782333 0.0206897
vt 0.782333 0.0645649
vt 0.85673 0.02069
vt 0.856233 0.0645649
vt 0.891422 0.0206892
vt 0.89144 0.0645652
vt 0.926711 0.02069
vt 0.926734 0.0645649
vt 0.961817 0.0206895
vt 0.962301 0.0645649
vt 0.99896 0.0206892
vt 0.99896 0.0645649
vt 0.819486 0.0206895
vt 0.819462 0.0645649
vt 0.782333 0.0206895
vt 0.782333 0.0645652
vt 0.856724 0.0206895
vt 0.856231 0.0645649
vt 0.89142 0.0206895
vt 0.891438 0.0645649
vt 0.926705 0.0206895
vt 0.926733 0.0645649
vt 0.961814 0.0206895
vt 0.962303 0.0645649
vt 0.99896 0.0206897
vt 0.99896 0.0645649
vt 0.782333 0.108576
vt 0.782333 0.0928302
vt 0.820488 0.108576
vt 0.820488 0.0928302
vt 0.96078 0.108576
vt 0.960755 0.0928302
vt 0.99896 0.108576
vt 0.99896 0.0928302
vt 0.925311 0.108576
vt 0.925308 0.0928302
vt 0.890588 0.108576
vt 0.890582 0.0928302
vt 0.85593 0.108576
vt 0.855937 0.0928302
vt 0.820471 0.108576
vt 0.820488 0.0928302
vt 0.782333 0.108576
vt 0.782333 0.0928302
vt 0.960759 0.108576
vt 0.960755 0.0928302
vt 0.99896 0.108576
vt 0.99896 0.0928302
vt 0.925305 0.108576
vt 0.925308 0.0928302
vt 0.890588 0.108576
vt 0.890586 0.0928302
vt 0.855944 0.108576
vt 0.855937 0.0928302
vt 0.782333 0.155793
vt 0.782333 0.137818
vt 0.819322 0.155793
vt 0.819284 0.137818
vt 0.961971 0.155793
vt 0.962013 0.137818
vt 0.99896 0.155793
vt 0.99896 0.137818
vt 0.924112 0.155793
vt 0.923931 0.137818
vt 0.890649 0.155793
vt 0.890649 0.137818
vt 0.857092 0.155793
vt 0.857266 0.137818
vt 0.819339 0.155793
vt 0.819302 0.137818
vt 0.782333 0.155793
vt 0.782333 0.137818
vt 0.961954 0.155793
vt 0.961995 0.137818
vt 0.99896 0.155793
vt 0.99896 0.137818
vt 0.924104 0.155793
vt 0.923923 0.137818
vt 0.890631 0.155793
vt 0.890636 0.137818
vt 0.857085 0.155793
vt 0.857261 0.137818
vt 0.699139 0.275167
vt 0.691145 0.275167
vt 0.699139 0.15555
vt 0.691145 0.15555
vt 0.719943 0.155549
vt 0.742429 0.155549
vt 0.719943 0.275167
vt 0.742429 0.275167
vt 0.699139 0.275167
vt 0.691145 0.275167
vt 0.699139 0.15555
vt 0.691145 0.15555
vt 0.742429 0.275167
vt 0.719943 0.275167
vt 0.742429 0.15555
vt 0.719943 0.15555
vt 0.691145 0.15555
vt 0.699139 0.15555
vt 0.691145 0.275167
vt 0.699139 0.275167
vt 0.719943 0.155549
vt 0.742429 0.155549
vt 0.719943 0.275167
vt 0.742429 0.275167
vt 0.691145 0.15555
vt 0.699139 0.15555
vt 0.691145 0.275167
vt 0.699139 0.275167
vt 0.742429 0.275167
vt 0.719943 0.275167
vt 0.742429 0.15555
vt 0.719943 0.15555
vt 0.768312 0.297919
vt 0.768315 0.251821
vt 0.788239 0.27487
vt 0.788212 0.320966
vt 0.808141 0.297919
vt 0.808144 0.251821
vt 0.788209 0.228772
vt 0.667346 0.15508
vt 0.673227 0.15508
vt 0.667346 0.176538
vt 0.673227 0.176537
vt 0.667346 0.21945
vt 0.673227 0.21945
vt 0.667346 0.240908
vt 0.673227 0.240908
vt 0.667346 0.176536
vt 0.673227 0.176536
vt 0.667346 0.15508
vt 0.673227 0.15508
vt 0.667346 0.219451
vt 0.673227 0.219451
vt 0.667346 0.240908
vt 0.673227 0.240908
vt 0.755436 0.179996
vt 0.764866 0.169107
vt 0.755436 0.201774
vt 0.764866 0.212662
vt 0.774298 0.179996
vt 0.774298 0.201774
vt 0.764201 0.0835756
vt 0.764201 0.107773
vt 0.552935 0.0835756
vt 0.552972 0.107773
vt 0.764201 0.0326909
vt 0.764201 0.0588976
vt 0.552745 0.0326909
vt 0.55284 0.0588976
vt 0.764201 0.00603878
vt 0.55271 0.00603878
vt 0.962703 0.252114
vt 0.962772 0.188658
vt 0.990699 0.252114
vt 0.990685 0.188658
vt 0.934839 0.252114
vt 0.935037 0.188658
vt 0.906796 0.252114
vt 0.906761 0.188658
vt 0.87876 0.252114
vt 0.878565 0.188658
vt 0.850924 0.252114
vt 0.850849 0.188658
vt 0.822937 0.252114
vt 0.822953 0.188658
vt 0.962703 0.252114
vt 0.962772 0.188658
vt 0.990699 0.252114
vt 0.990685 0.188658
vt 0.934839 0.252114
vt 0.935037 0.188658
vt 0.906796 0.252114
vt 0.906761 0.188658
vt 0.87876 0.252114
vt 0.878565 0.188658
vt 0.850924 0.252114
vt 0.850849 0.188658
vt 0.822937 0.252114
vt 0.822953 0.188658
vt 0.952443 0.309846
vt 0.952548 0.288888
vt 0.974382 0.309846
vt 0.977164 0.288888
vt 0.929816 0.309846
vt 0.929794 0.288888
vt 0.906824 0.309846
vt 0.906825 0.288888
vt 0.883824 0.309846
vt 0.883851 0.288888
vt 0.861185 0.309846
vt 0.861081 0.288888
vt 0.839229 0.309846
vt 0.836441 0.288888
vt 0.952445 0.309846
vt 0.952548 0.288888
vt 0.97438 0.309846
vt 0.977165 0.288888
vt 0.92982 0.309846
vt 0.929795 0.288888
vt 0.906828 0.309846
vt 0.906827 0.288888
vt 0.883824 0.309846
vt 0.88385 0.288888
vt 0.861184 0.309846
vt 0.861077 0.288888
vt 0.839226 0.309846
vt 0.836441 0.288888
vt 0.962705 0.252114
vt 0.962774 0.188658
vt 0.990699 0.252114
vt 0.990687 0.188658
vt 0.93484 0.252114
vt 0.935037 0.188658
vt 0.906796 0.252114
vt 0.906787 0.188658
vt 0.878759 0.252114
vt 0.878561 0.188658
vt 0.850924 0.252114
vt 0.850849 0.188658
vt 0.822939 0.252114
vt 0.822955 0.188658
vt 0.962703 0.252114
vt 0.962772 0.188658
vt 0.990699 0.252114
vt 0.990685 0.188658
vt 0.934839 0.252114
vt 0.935041 0.188658
vt 0.906801 0.252114
vt 0.906793 0.188658
vt 0.87876 0.252114
vt 0.878565 0.188658
vt 0.850923 0.252114
vt 0.850847 0.188658
vt 0.822937 0.252114
vt 0.822953 0.188658
vt 0.819491 0.0206895
vt 0.81946 0.0645649
vt 0.782333 0.0206897
vt 0.782333 0.0645649
vt 0.85673 0.02069
vt 0.856233 0.0645649
vt 0.891422 0.0206892
vt 0.89144 0.0645652
vt 0.926711 0.02069
vt 0.926734 0.0645649
vt 0.961817 0.0206895
vt 0.962301 0.0645649
vt 0.99896 0.0206892
vt 0.99896 0.0645649
vt 0.819486 0.0206895
vt 0.819462 0.0645649
vt 0.782333 0.0206895
vt 0.782333 0.0645652
vt 0.856724 0.0206895
vt 0.856231 0.0645649
vt 0.89142 0.0206895
vt 0.891438 0.0645649
vt 0.926705 0.0206895
vt 0.926733 0.0645649
vt 0.961814 0.0206895
vt 0.962303 0.0645649
vt 0.99896 0.0206897
vt 0.99896 0.0645649
vt 0.782333 0.108576
vt 0.782333 0.0928302
vt 0.820488 0.108576
vt 0.820488 0.0928302
vt 0.96078 0.108576
vt 0.960755 0.0928302
vt 0.99896 0.108576
vt 0.99896 0.0928302
vt 0.925311 0.108576
vt 0.925308 0.0928302
vt 0.890588 0.108576
vt 0.890582 0.0928302
vt 0.85593 0.108576
vt 0.855937 0.0928302
vt 0.820471 0.108576
vt 0.820488 0.0928302
vt 0.782333 0.108576
vt 0.782333 0.0928302
vt 0.960759 0.108576
vt 0.960755 0.0928302
vt 0.99896 0.108576
vt 0.99896 0.0928302
vt 0.925305 0.108576
vt 0.925308 0.0928302
vt 0.890588 0.108576
vt 0.890586 0.0928302
vt 0.855944 0.108576
vt 0.855937 0.0928302
vt 0.782333 0.155793
vt 0.782333 0.137818
vt 0.819322 0.155793
vt 0.819284 0.137818
vt 0.961971 0.155793
vt 0.962013 0.137818
vt 0.99896 0.155793
vt 0.99896 0.137818
vt 0.924112 0.155793
vt 0.923931 0.137818
vt 0.890649 0.155793
vt 0.890649 0.137818
vt 0.857092 0.155793
vt 0.857266 0.137818
vt 0.819339 0.155793
vt 0.819302 0.137818
vt 0.782333 0.155793
vt 0.782333 0.137818
vt 0.961954 0.155793
vt 0.961995 0.137818
vt 0.99896 0.155793
vt 0.99896 0.137818
vt 0.924104 0.155793
vt 0.923923 0.137818
vt 0.890631 0.155793
vt 0.890636 0.137818
vt 0.857085 0.155793
vt 0.857261 0.137818
vt 0.691145 0.15555
vt 0.699139 0.15555
vt 0.691145 0.275167
vt 0.699139 0.275167
vt 0.719943 0.155549
vt 0.742429 0.155549
vt 0.719943 0.275167
vt 0.742429 0.275167
vt 0.691145 0.15555
vt 0.699139 0.15555
vt 0.691145 0.275167
vt 0.699139 0.275167
vt 0.742429 0.275167
vt 0.719943 0.275167
vt 0.742429 0.15555
vt 0.719943 0.15555
vt 0.768312 0.297919
vt 0.768315 0.251821
vt 0.788239 0.27487
vt 0.788212 0.320966
vt 0.808141 0.297919
vt 0.808144 0.251821
vt 0.788209 0.228772
vt 0.667346 0.15508
vt 0.673227 0.15508
vt 0.667346 0.176538
vt 0.673227 0.176537
vt 0.667346 0.21945
vt 0.673227 0.21945
vt 0.667346 0.240908
vt 0.673227 0.240908
vt 0.667346 0.176536
vt 0.673227 0.176536
vt 0.667346 0.15508
vt 0.673227 0.15508
vt 0.667346 0.219451
vt 0.673227 0.219451
vt 0.667346 0.240908
vt 0.673227 0.240908
vt 0.755436 0.179996
vt 0.764866 0.169107
vt 0.755436 0.201774
vt 0.764866 0.212662
vt 0.774298 0.179996
vt 0.774298 0.201774
vt 0.699139 0.275167
vt 0.691145 0.275167
vt 0.699139 0.15555
vt 0.691145 0.15555
vt 0.719943 0.155549
vt 0.742429 0.155549
vt 0.719943 0.275167
vt 0.742429 0.275167
vt 0.699139 0.275167
vt 0.691145 0.275167
vt 0.699139 0.15555
vt 0.691145 0.15555
vt 0.742429 0.275167
vt 0.719943 0.275167
vt 0.742429 0.15555
vt 0.719943 0.15555


#
# MESH 000
#
g surface_000
usemtl surface_000
f 279/279/279 278/278/278 280/280/280
f 277/277/277 278/278/278 279/279/279
f 275/275/275 274/274/274 276/276/276
f 273/273/273 274/274/274 275/275/275
f 271/271/271 270/270/270 272/272/272
f 269/269/269 270/270/270 271/271/271
f 267/267/267 266/266/266 268/268/268
f 265/265/265 266/266/266 267/267/267
f 263/263/263 262/262/262 264/264/264
f 261/261/261 262/262/262 263/263/263
f 259/259/259 258/258/258 260/260/260
f 257/257/257 258/258/258 259/259/259
f 255/255/255 254/254/254 256/256/256
f 253/253/253 254/254/254 255/255/255
f 251/251/251 250/250/250 252/252/252
f 249/249/249 250/250/250 251/251/251
f 247/247/247 246/246/246 248/248/248
f 245/245/245 246/246/246 247/247/247
f 243/243/243 242/242/242 244/244/244
f 241/241/241 242/242/242 243/243/243
f 239/239/239 238/238/238 240/240/240
f 237/237/237 238/238/238 239/239/239
f 235/235/235 234/234/234 236/236/236
f 233/233/233 234/234/234 235/235/235
f 231/231/231 230/230/230 232/232/232
f 229/229/229 230/230/230 231/231/231
f 227/227/227 226/226/226 228/228/228
f 225/225/225 226/226/226 227/227/227
f 223/223/223 222/222/222 224/224/224
f 221/221/221 222/222/222 223/223/223
f 219/219/219 218/218/218 220/220/220
f 217/217/217 218/218/218 219/219/219
f 215/215/215 214/214/214 216/216/216
f 213/213/213 214/214/214 215/215/215
f 211/211/211 210/210/210 212/212/212
f 209/209/209 210/210/210 211/211/211
f 207/207/207 206/206/206 208/208/208
f 205/205/205 206/206/206 207/207/207
f 203/203/203 202/202/202 204/204/204
f 201/201/201 202/202/202 203/203/203
f 199/199/199 198/198/198 200/200/200
f 197/197/197 198/198/198 199/199/199
f 195/195/195 194/194/194 196/196/196
f 193/193/193 194/194/194 195/195/195
f 191/191/191 190/190/190 192/192/192
f 189/189/189 190/190/190 191/191/191
f 187/187/187 186/186/186 188/188/188
f 185/185/185 186/186/186 187/187/187
f 183/183/183 182/182/182 184/184/184
f 181/181/181 182/182/182 183/183/183
f 179/179/179 178/178/178 180/180/180
f 177/177/177 178/178/178 179/179/179
f 175/175/175 174/174/174 176/176/176
f 173/173/173 174/174/174 175/175/175
f 171/171/171 170/170/170 172/172/172
f 169/169/169 170/170/170 171/171/171
f 167/167/167 166/166/166 168/168/168
f 165/165/165 166/166/166 167/167/167
f 163/163/163 162/162/162 164/164/164
f 161/161/161 162/162/162 163/163/163
f 159/159/159 158/158/158 160/160/160
f 157/157/157 158/158/158 159/159/159
f 155/155/155 154/154/154 156/156/156
f 153/153/153 154/154/154 155/155/155
f 151/151/151 150/150/150 152/152/152
f 149/149/149 150/150/150 151/151/151
f 147/147/147 146/146/146 148/148/148
f 145/145/145 146/146/146 147/147/147
f 143/143/143 142/142/142 144/144/144
f 141/141/141 142/142/142 143/143/143
f 139/139/139 138/138/138 140/140/140
f 137/137/137 138/138/138 139/139/139
f 135/135/135 134/134/134 136/136/136
f 133/133/133 134/134/134 135/135/135
f 131/131/131 130/130/130 132/132/132
f 129/129/129 130/130/130 131/131/131
f 127/127/127 126/126/126 128/128/128
f 125/125/125 126/126/126 127/127/127
f 123/123/123 122/122/122 124/124/124
f 121/121/121 122/122/122 123/123/123
f 119/119/119 118/118/118 120/120/120
f 117/117/117 118/118/118 119/119/119
f 115/115/115 114/114/114 116/116/116
f 113/113/113 114/114/114 115/115/115
f 111/111/111 110/110/110 112/112/112
f 109/109/109 110/110/110 111/111/111
f 107/107/107 106/106/106 108/108/108
f 105/105/105 106/106/106 107/107/107
f 103/103/103 102/102/102 104/104/104
f 101/101/101 102/102/102 103/103/103
f 99/99/99 98/98/98 100/100/100
f 97/97/97 98/98/98 99/99/99
f 95/95/95 78/78/78 96/96/96
f 80/80/80 78/78/78 95/95/95
f 79/79/79 78/78/78 80/80/80
f 77/77/77 78/78/78 79/79/79
f 93/93/93 92/92/92 94/94/94
f 91/91/91 92/92/92 93/93/93
f 89/89/89 90/90/90 81/81/81
f 81/81/81 90/90/90 82/82/82
f 81/81/81 82/82/82 83/83/83
f 83/83/83 82/82/82 84/84/84
f 87/87/87 86/86/86 88/88/88
f 85/85/85 86/86/86 87/87/87
f 75/75/75 74/74/74 76/76/76
f 73/73/73 74/74/74 75/75/75
f 71/71/71 70/70/70 72/72/72
f 69/69/69 70/70/70 71/71/71
f 67/67/67 66/66/66 68/68/68
f 65/65/65 66/66/66 67/67/67
f 63/63/63 62/62/62 64/64/64
f 61/61/61 62/62/62 63/63/63
f 59/59/59 58/58/58 60/60/60
f 57/57/57 58/58/58 59/59/59
f 55/55/55 54/54/54 56/56/56
f 53/53/53 54/54/54 55/55/55
f 51/51/51 50/50/50 52/52/52
f 49/49/49 50/50/50 51/51/51
f 47/47/47 46/46/46 48/48/48
f 45/45/45 46/46/46 47/47/47
f 43/43/43 42/42/42 44/44/44
f 41/41/41 42/42/42 43/43/43
f 39/39/39 38/38/38 40/40/40
f 37/37/37 38/38/38 39/39/39
f 35/35/35 34/34/34 36/36/36
f 33/33/33 34/34/34 35/35/35
f 31/31/31 30/30/30 32/32/32
f 29/29/29 30/30/30 31/31/31
f 27/27/27 26/26/26 28/28/28
f 25/25/25 26/26/26 27/27/27
f 23/23/23 22/22/22 24/24/24
f 21/21/21 22/22/22 23/23/23
f 19/19/19 18/18/18 20/20/20
f 17/17/17 18/18/18 19/19/19
f 15/15/15 14/14/14 16/16/16
f 13/13/13 14/14/14 15/15/15
f 11/11/11 10/10/10 12/12/12
f 9/9/9 10/10/10 11/11/11
f 7/7/7 6/6/6 8/8/8
f 5/5/5 6/6/6 7/7/7
f 3/3/3 2/2/2 4/4/4
f 1/1/1 2/2/2 3/3/3
f 746/746/746 747/747/747 748/748/748
f 744/744/744 747/747/747 746/746/746
f 745/745/745 744/744/744 746/746/746
f 743/743/743 744/744/744 745/745/745
f 741/741/741 740/740/740 742/742/742
f 739/739/739 740/740/740 741/741/741
f 739/739/739 730/730/730 740/740/740
f 729/729/729 730/730/730 739/739/739
f 729/729/729 728/728/728 730/730/730
f 727/727/727 728/728/728 729/729/729
f 737/737/737 738/738/738 735/735/735
f 735/735/735 738/738/738 736/736/736
f 735/735/735 736/736/736 731/731/731
f 731/731/731 736/736/736 732/732/732
f 731/731/731 732/732/732 733/733/733
f 733/733/733 732/732/732 734/734/734
f 718/718/718 717/717/717 719/719/719
f 716/716/716 717/717/717 718/718/718
f 714/714/714 713/713/713 715/715/715
f 712/712/712 713/713/713 714/714/714
f 710/710/710 709/709/709 711/711/711
f 708/708/708 709/709/709 710/710/710
f 706/706/706 705/705/705 707/707/707
f 704/704/704 705/705/705 706/706/706
f 702/702/702 701/701/701 703/703/703
f 700/700/700 701/701/701 702/702/702
f 698/698/698 697/697/697 699/699/699
f 696/696/696 697/697/697 698/698/698
f 694/694/694 693/693/693 695/695/695
f 692/692/692 693/693/693 694/694/694
f 690/690/690 689/689/689 691/691/691
f 688/688/688 689/689/689 690/690/690
f 680/680/680 679/679/679 681/681/681
f 678/678/678 679/679/679 680/680/680
f 678/678/678 683/683/683 679/679/679
f 682/682/682 683/683/683 678/678/678
f 682/682/682 685/685/685 683/683/683
f 684/684/684 685/685/685 682/682/682
f 684/684/684 687/687/687 685/685/685
f 686/686/686 687/687/687 684/684/684
f 686/686/686 663/663/663 687/687/687
f 662/662/662 663/663/663 686/686/686
f 662/662/662 661/661/661 663/663/663
f 660/660/660 661/661/661 662/662/662
f 676/676/676 677/677/677 674/674/674
f 674/674/674 677/677/677 675/675/675
f 674/674/674 675/675/675 672/672/672
f 672/672/672 675/675/675 673/673/673
f 672/672/672 673/673/673 670/670/670
f 670/670/670 673/673/673 671/671/671
f 670/670/670 671/671/671 668/668/668
f 668/668/668 671/671/671 669/669/669
f 668/668/668 669/669/669 664/664/664
f 664/664/664 669/669/669 665/665/665
f 664/664/664 665/665/665 666/666/666
f 666/666/666 665/665/665 667/667/667
f 652/652/652 651/651/651 653/653/653
f 650/650/650 651/651/651 652/652/652
f 650/650/650 655/655/655 651/651/651
f 654/654/654 655/655/655 650/650/650
f 654/654/654 657/657/657 655/655/655
f 656/656/656 657/657/657 654/654/654
f 656/656/656 659/659/659 657/657/657
f 658/658/658 659/659/659 656/656/656
f 658/658/658 635/635/635 659/659/659
f 634/634/634 635/635/635 658/658/658
f 634/634/634 633/633/633 635/635/635
f 632/632/632 633/633/633 634/634/634
f 648/648/648 649/649/649 646/646/646
f 646/646/646 649/649/649 647/647/647
f 646/646/646 647/647/647 644/644/644
f 644/644/644 647/647/647 645/645/645
f 644/644/644 645/645/645 642/642/642
f 642/642/642 645/645/645 643/643/643
f 642/642/642 643/643/643 640/640/640
f 640/640/640 643/643/643 641/641/641
f 640/640/640 641/641/641 636/636/636
f 636/636/636 641/641/641 637/637/637
f 636/636/636 637/637/637 638/638/638
f 638/638/638 637/637/637 639/639/639
f 630/630/630 631/631/631 628/628/628
f 628/628/628 631/631/631 629/629/629
f 628/628/628 629/629/629 626/626/626
f 626/626/626 629/629/629 627/627/627
f 626/626/626 627/627/627 624/624/624
f 624/624/624 627/627/627 625/625/625
f 624/624/624 625/625/625 622/622/622
f 622/622/622 625/625/625 623/623/623
f 622/622/622 623/623/623 618/618/618
f 618/618/618 623/623/623 619/619/619
f 618/618/618 619/619/619 620/620/620
f 620/620/620 619/619/619 621/621/621
f 616/616/616 617/617/617 614/614/614
f 614/614/614 617/617/617 615/615/615
f 614/614/614 615/615/615 612/612/612
f 612/612/612 615/615/615 613/613/613
f 612/612/612 613/613/613 610/610/610
f 610/610/610 613/613/613 611/611/611
f 610/610/610 611/611/611 608/608/608
f 608/608/608 611/611/611 609/609/609
f 608/608/608 609/609/609 604/604/604
f 604/604/604 609/609/609 605/605/605
f 604/604/604 605/605/605 606/606/606
f 606/606/606 605/605/605 607/607/607
f 602/602/602 603/603/603 600/600/600
f 600/600/600 603/603/603 601/601/601
f 600/600/600 601/601/601 598/598/598
f 598/598/598 601/601/601 599/599/599
f 598/598/598 599/599/599 596/596/596
f 596/596/596 599/599/599 597/597/597
f 596/596/596 597/597/597 594/594/594
f 594/594/594 597/597/597 595/595/595
f 594/594/594 595/595/595 590/590/590
f 590/590/590 595/595/595 591/591/591
f 590/590/590 591/591/591 592/592/592
f 592/592/592 591/591/591 593/593/593
f 588/588/588 589/589/589 586/586/586
f 586/586/586 589/589/589 587/587/587
f 586/586/586 587/587/587 584/584/584
f 584/584/584 587/587/587 585/585/585
f 584/584/584 585/585/585 582/582/582
f 582/582/582 585/585/585 583/583/583
f 582/582/582 583/583/583 580/580/580
f 580/580/580 583/583/583 581/581/581
f 580/580/580 581/581/581 576/576/576
f 576/576/576 581/581/581 577/577/577
f 576/576/576 577/577/577 578/578/578
f 578/578/578 577/577/577 579/579/579
f 574/574/574 575/575/575 572/572/572
f 572/572/572 575/575/575 573/573/573
f 572/572/572 573/573/573 570/570/570
f 570/570/570 573/573/573 571/571/571
f 570/570/570 571/571/571 568/568/568
f 568/568/568 571/571/571 569/569/569
f 568/568/568 569/569/569 566/566/566
f 566/566/566 569/569/569 567/567/567
f 566/566/566 567/567/567 562/562/562
f 562/562/562 567/567/567 563/563/563
f 562/562/562 563/563/563 564/564/564
f 564/564/564 563/563/563 565/565/565
f 560/560/560 561/561/561 558/558/558
f 558/558/558 561/561/561 559/559/559
f 558/558/558 559/559/559 556/556/556
f 556/556/556 559/559/559 557/557/557
f 556/556/556 557/557/557 554/554/554
f 554/554/554 557/557/557 555/555/555
f 554/554/554 555/555/555 552/552/552
f 552/552/552 555/555/555 553/553/553
f 552/552/552 553/553/553 548/548/548
f 548/548/548 553/553/553 549/549/549
f 548/548/548 549/549/549 550/550/550
f 550/550/550 549/549/549 551/551/551
f 546/546/546 547/547/547 544/544/544
f 544/544/544 547/547/547 545/545/545
f 544/544/544 545/545/545 542/542/542
f 542/542/542 545/545/545 543/543/543
f 542/542/542 543/543/543 540/540/540
f 540/540/540 543/543/543 541/541/541
f 540/540/540 541/541/541 538/538/538
f 538/538/538 541/541/541 539/539/539
f 538/538/538 539/539/539 534/534/534
f 534/534/534 539/539/539 535/535/535
f 534/534/534 535/535/535 536/536/536
f 536/536/536 535/535/535 537/537/537
f 532/532/532 533/533/533 530/530/530
f 530/530/530 533/533/533 531/531/531
f 530/530/530 531/531/531 528/528/528
f 528/528/528 531/531/531 529/529/529
f 528/528/528 529/529/529 526/526/526
f 526/526/526 529/529/529 527/527/527
f 526/526/526 527/527/527 524/524/524
f 524/524/524 527/527/527 525/525/525
f 524/524/524 525/525/525 520/520/520
f 520/520/520 525/525/525 521/521/521
f 520/520/520 521/521/521 522/522/522
f 522/522/522 521/521/521 523/523/523
f 518/518/518 514/514/514 519/519/519
f 519/519/519 514/514/514 516/516/516
f 514/514/514 515/515/515 516/516/516
f 516/516/516 515/515/515 517/517/517
f 515/515/515 510/510/510 517/517/517
f 517/517/517 510/510/510 512/512/512
f 510/510/510 511/511/511 512/512/512
f 512/512/512 511/511/511 513/513/513
f 502/502/502 501/501/501 503/503/503
f 500/500/500 501/501/501 502/502/502
f 500/500/500 505/505/505 501/501/501
f 504/504/504 505/505/505 500/500/500
f 504/504/504 507/507/507 505/505/505
f 506/506/506 507/507/507 504/504/504
f 506/506/506 509/509/509 507/507/507
f 508/508/508 509/509/509 506/506/506
f 508/508/508 485/485/485 509/509/509
f 484/484/484 485/485/485 508/508/508
f 484/484/484 483/483/483 485/485/485
f 482/482/482 483/483/483 484/484/484
f 498/498/498 499/499/499 496/496/496
f 496/496/496 499/499/499 497/497/497
f 496/496/496 497/497/497 494/494/494
f 494/494/494 497/497/497 495/495/495
f 494/494/494 495/495/495 492/492/492
f 492/492/492 495/495/495 493/493/493
f 492/492/492 493/493/493 490/490/490
f 490/490/490 493/493/493 491/491/491
f 490/490/490 491/491/491 486/486/486
f 486/486/486 491/491/491 487/487/487
f 486/486/486 487/487/487 488/488/488
f 488/488/488 487/487/487 489/489/489
f 474/474/474 473/473/473 475/475/475
f 472/472/472 473/473/473 474/474/474
f 472/472/472 477/477/477 473/473/473
f 476/476/476 477/477/477 472/472/472
f 476/476/476 479/479/479 477/477/477
f 478/478/478 479/479/479 476/476/476
f 478/478/478 481/481/481 479/479/479
f 480/480/480 481/481/481 478/478/478
f 480/480/480 457/457/457 481/481/481
f 456/456/456 457/457/457 480/480/480
f 456/456/456 455/455/455 457/457/457
f 454/454/454 455/455/455 456/456/456
f 470/470/470 471/471/471 468/468/468
f 468/468/468 471/471/471 469/469/469
f 468/468/468 469/469/469 466/466/466
f 466/466/466 469/469/469 467/467/467
f 466/466/466 467/467/467 464/464/464
f 464/464/464 467/467/467 465/465/465
f 464/464/464 465/465/465 462/462/462
f 462/462/462 465/465/465 463/463/463
f 462/462/462 463/463/463 458/458/458
f 458/458/458 463/463/463 459/459/459
f 458/458/458 459/459/459 460/460/460
f 460/460/460 459/459/459 461/461/461
f 452/452/452 453/453/453 450/450/450
f 450/450/450 453/453/453 451/451/451
f 450/450/450 451/451/451 448/448/448
f 448/448/448 451/451/451 449/449/449
f 448/448/448 449/449/449 446/446/446
f 446/446/446 449/449/449 447/447/447
f 446/446/446 447/447/447 444/444/444
f 444/444/444 447/447/447 445/445/445
f 444/444/444 445/445/445 440/440/440
f 440/440/440 445/445/445 441/441/441
f 440/440/440 441/441/441 442/442/442
f 442/442/442 441/441/441 443/443/443
f 438/438/438 439/439/439 436/436/436
f 436/436/436 439/439/439 437/437/437
f 436/436/436 437/437/437 434/434/434
f 434/434/434 437/437/437 435/435/435
f 434/434/434 435/435/435 432/432/432
f 432/432/432 435/435/435 433/433/433
f 432/432/432 433/433/433 430/430/430
f 430/430/430 433/433/433 431/431/431
f 430/430/430 431/431/431 426/426/426
f 426/426/426 431/431/431 427/427/427
f 426/426/426 427/427/427 428/428/428
f 428/428/428 427/427/427 429/429/429
f 424/424/424 425/425/425 422/422/422
f 422/422/422 425/425/425 423/423/423
f 422/422/422 423/423/423 420/420/420
f 420/420/420 423/423/423 421/421/421
f 420/420/420 421/421/421 418/418/418
f 418/418/418 421/421/421 419/419/419
f 418/418/418 419/419/419 416/416/416
f 416/416/416 419/419/419 417/417/417
f 416/416/416 417/417/417 412/412/412
f 412/412/412 417/417/417 413/413/413
f 412/412/412 413/413/413 414/414/414
f 414/414/414 413/413/413 415/415/415
f 410/410/410 411/411/411 408/408/408
f 408/408/408 411/411/411 409/409/409
f 408/408/408 409/409/409 406/406/406
f 406/406/406 409/409/409 407/407/407
f 406/406/406 407/407/407 404/404/404
f 404/404/404 407/407/407 405/405/405
f 404/404/404 405/405/405 402/402/402
f 402/402/402 405/405/405 403/403/403
f 402/402/402 403/403/403 398/398/398
f 398/398/398 403/403/403 399/399/399
f 398/398/398 399/399/399 400/400/400
f 400/400/400 399/399/399 401/401/401
f 396/396/396 397/397/397 394/394/394
f 394/394/394 397/397/397 395/395/395
f 394/394/394 395/395/395 392/392/392
f 392/392/392 395/395/395 393/393/393
f 392/392/392 393/393/393 390/390/390
f 390/390/390 393/393/393 391/391/391
f 390/390/390 391/391/391 388/388/388
f 388/388/388 391/391/391 389/389/389
f 388/388/388 389/389/389 384/384/384
f 384/384/384 389/389/389 385/385/385
f 384/384/384 385/385/385 386/386/386
f 386/386/386 385/385/385 387/387/387
f 382/382/382 383/383/383 380/380/380
f 380/380/380 383/383/383 381/381/381
f 380/380/380 381/381/381 378/378/378
f 378/378/378 381/381/381 379/379/379
f 378/378/378 379/379/379 376/376/376
f 376/376/376 379/379/379 377/377/377
f 376/376/376 377/377/377 374/374/374
f 374/374/374 377/377/377 375/375/375
f 374/374/374 375/375/375 370/370/370
f 370/370/370 375/375/375 371/371/371
f 370/370/370 371/371/371 372/372/372
f 372/372/372 371/371/371 373/373/373
f 368/368/368 369/369/369 366/366/366
f 366/366/366 369/369/369 367/367/367
f 366/366/366 367/367/367 364/364/364
f 364/364/364 367/367/367 365/365/365
f 364/364/364 365/365/365 362/362/362
f 362/362/362 365/365/365 363/363/363
f 362/362/362 363/363/363 360/360/360
f 360/360/360 363/363/363 361/361/361
f 360/360/360 361/361/361 356/356/356
f 356/356/356 361/361/361 357/357/357
f 356/356/356 357/357/357 358/358/358
f 358/358/358 357/357/357 359/359/359
f 354/354/354 355/355/355 352/352/352
f 352/352/352 355/355/355 353/353/353
f 352/352/352 353/353/353 350/350/350
f 350/350/350 353/353/353 351/351/351
f 350/350/350 351/351/351 348/348/348
f 348/348/348 351/351/351 349/349/349
f 348/348/348 349/349/349 346/346/346
f 346/346/346 349/349/349 347/347/347
f 346/346/346 347/347/347 342/342/342
f 342/342/342 347/347/347 343/343/343
f 342/342/342 343/343/343 344/344/344
f 344/344/344 343/343/343 345/345/345
f 340/340/340 339/339/339 341/341/341
f 338/338/338 339/339/339 340/340/340
f 336/336/336 335/335/335 337/337/337
f 334/334/334 335/335/335 336/336/336
f 332/332/332 331/331/331 333/333/333
f 330/330/330 331/331/331 332/332/332
f 328/328/328 327/327/327 329/329/329
f 326/326/326 327/327/327 328/328/328
f 324/324/324 323/323/323 325/325/325
f 322/322/322 323/323/323 324/324/324
f 320/320/320 319/319/319 321/321/321
f 318/318/318 319/319/319 320/320/320
f 316/316/316 315/315/315 317/317/317
f 314/314/314 315/315/315 316/316/316
f 312/312/312 311/311/311 313/313/313
f 310/310/310 311/311/311 312/312/312
f 307/307/307 308/308/308 309/309/309
f 305/305/305 308/308/308 307/307/307
f 306/306/306 305/305/305 307/307/307
f 304/304/304 305/305/305 306/306/306
f 302/302/302 301/301/301 303/303/303
f 300/300/300 301/301/301 302/302/302
f 300/300/300 291/291/291 301/301/301
f 290/290/290 291/291/291 300/300/300
f 290/290/290 289/289/289 291/291/291
f 288/288/288 289/289/289 290/290/290
f 298/298/298 299/299/299 296/296/296
f 296/296/296 299/299/299 297/297/297
f 296/296/296 297/297/297 292/292/292
f 292/292/292 297/297/297 293/293/293
f 292/292/292 293/293/293 294/294/294
f 294/294/294 293/293/293 295/295/295
f 721/721/721 726/726/726 722/722/722
f 726/726/726 725/725/725 722/722/722
f 725/725/725 724/724/724 722/722/722
f 724/724/724 723/723/723 722/722/722
f 723/723/723 720/720/720 722/722/722
f 720/720/720 721/721/721 722/722/722
f 282/282/282 287/287/287 283/283/283
f 287/287/287 286/286/286 283/283/283
f 286/286/286 285/285/285 283/283/283
f 285/285/285 284/284/284 283/283/283
f 284/284/284 281/281/281 283/283/283
f 281/281/281 282/282/282 283/283/283
f 1215/1215/1215 1214/1214/1214 1216/1216/1216
f 1213/1213/1213 1214/1214/1214 1215/1215/1215
f 1211/1211/1211 1210/1210/1210 1212/1212/1212
f 1209/1209/1209 1210/1210/1210 1211/1211/1211
f 1207/1207/1207 1206/1206/1206 1208/1208/1208
f 1205/1205/1205 1206/1206/1206 1207/1207/1207
f 1203/1203/1203 1202/1202/1202 1204/1204/1204
f 1201/1201/1201 1202/1202/1202 1203/1203/1203
f 1198/1198/1198 1199/1199/1199 1200/1200/1200
f 1196/1196/1196 1199/1199/1199 1198/1198/1198
f 1197/1197/1197 1196/1196/1196 1198/1198/1198
f 1195/1195/1195 1196/1196/1196 1197/1197/1197
f 1193/1193/1193 1192/1192/1192 1194/1194/1194
f 1191/1191/1191 1192/1192/1192 1193/1193/1193
f 1191/1191/1191 1182/1182/1182 1192/1192/1192
f 1181/1181/1181 1182/1182/1182 1191/1191/1191
f 1181/1181/1181 1180/1180/1180 1182/1182/1182
f 1179/1179/1179 1180/1180/1180 1181/1181/1181
f 1189/1189/1189 1190/1190/1190 1187/1187/1187
f 1187/1187/1187 1190/1190/1190 1188/1188/1188
f 1187/1187/1187 1188/1188/1188 1183/1183/1183
f 1183/1183/1183 1188/1188/1188 1184/1184/1184
f 1183/1183/1183 1184/1184/1184 1185/1185/1185
f 1185/1185/1185 1184/1184/1184 1186/1186/1186
f 1170/1170/1170 1169/1169/1169 1171/1171/1171
f 1168/1168/1168 1169/1169/1169 1170/1170/1170
f 1166/1166/1166 1165/1165/1165 1167/1167/1167
f 1164/1164/1164 1165/1165/1165 1166/1166/1166
f 1162/1162/1162 1161/1161/1161 1163/1163/1163
f 1160/1160/1160 1161/1161/1161 1162/1162/1162
f 1158/1158/1158 1157/1157/1157 1159/1159/1159
f 1156/1156/1156 1157/1157/1157 1158/1158/1158
f 1148/1148/1148 1147/1147/1147 1149/1149/1149
f 1146/1146/1146 1147/1147/1147 1148/1148/1148
f 1146/1146/1146 1151/1151/1151 1147/1147/1147
f 1150/1150/1150 1151/1151/1151 1146/1146/1146
f 1150/1150/1150 1153/1153/1153 1151/1151/1151
f 1152/1152/1152 1153/1153/1153 1150/1150/1150
f 1152/1152/1152 1155/1155/1155 1153/1153/1153
f 1154/1154/1154 1155/1155/1155 1152/1152/1152
f 1154/1154/1154 1131/1131/1131 1155/1155/1155
f 1130/1130/1130 1131/1131/1131 1154/1154/1154
f 1130/1130/1130 1129/1129/1129 1131/1131/1131
f 1128/1128/1128 1129/1129/1129 1130/1130/1130
f 1144/1144/1144 1145/1145/1145 1142/1142/1142
f 1142/1142/1142 1145/1145/1145 1143/1143/1143
f 1142/1142/1142 1143/1143/1143 1140/1140/1140
f 1140/1140/1140 1143/1143/1143 1141/1141/1141
f 1140/1140/1140 1141/1141/1141 1138/1138/1138
f 1138/1138/1138 1141/1141/1141 1139/1139/1139
f 1138/1138/1138 1139/1139/1139 1136/1136/1136
f 1136/1136/1136 1139/1139/1139 1137/1137/1137
f 1136/1136/1136 1137/1137/1137 1132/1132/1132
f 1132/1132/1132 1137/1137/1137 1133/1133/1133
f 1132/1132/1132 1133/1133/1133 1134/1134/1134
f 1134/1134/1134 1133/1133/1133 1135/1135/1135
f 1120/1120/1120 1119/1119/1119 1121/1121/1121
f 1118/1118/1118 1119/1119/1119 1120/1120/1120
f 1118/1118/1118 1123/1123/1123 1119/1119/1119
f 1122/1122/1122 1123/1123/1123 1118/1118/1118
f 1122/1122/1122 1125/1125/1125 1123/1123/1123
f 1124/1124/1124 1125/1125/1125 1122/1122/1122
f 1124/1124/1124 1127/1127/1127 1125/1125/1125
f 1126/1126/1126 1127/1127/1127 1124/1124/1124
f 1126/1126/1126 1103/1103/1103 1127/1127/1127
f 1102/1102/1102 1103/1103/1103 1126/1126/1126
f 1102/1102/1102 1101/1101/1101 1103/1103/1103
f 1100/1100/1100 1101/1101/1101 1102/1102/1102
f 1116/1116/1116 1117/1117/1117 1114/1114/1114
f 1114/1114/1114 1117/1117/1117 1115/1115/1115
f 1114/1114/1114 1115/1115/1115 1112/1112/1112
f 1112/1112/1112 1115/1115/1115 1113/1113/1113
f 1112/1112/1112 1113/1113/1113 1110/1110/1110
f 1110/1110/1110 1113/1113/1113 1111/1111/1111
f 1110/1110/1110 1111/1111/1111 1108/1108/1108
f 1108/1108/1108 1111/1111/1111 1109/1109/1109
f 1108/1108/1108 1109/1109/1109 1104/1104/1104
f 1104/1104/1104 1109/1109/1109 1105/1105/1105
f 1104/1104/1104 1105/1105/1105 1106/1106/1106
f 1106/1106/1106 1105/1105/1105 1107/1107/1107
f 1098/1098/1098 1099/1099/1099 1096/1096/1096
f 1096/1096/1096 1099/1099/1099 1097/1097/1097
f 1096/1096/1096 1097/1097/1097 1094/1094/1094
f 1094/1094/1094 1097/1097/1097 1095/1095/1095
f 1094/1094/1094 1095/1095/1095 1092/1092/1092
f 1092/1092/1092 1095/1095/1095 1093/1093/1093
f 1092/1092/1092 1093/1093/1093 1090/1090/1090
f 1090/1090/1090 1093/1093/1093 1091/1091/1091
f 1090/1090/1090 1091/1091/1091 1086/1086/1086
f 1086/1086/1086 1091/1091/1091 1087/1087/1087
f 1086/1086/1086 1087/1087/1087 1088/1088/1088
f 1088/1088/1088 1087/1087/1087 1089/1089/1089
f 1084/1084/1084 1085/1085/1085 1082/1082/1082
f 1082/1082/1082 1085/1085/1085 1083/1083/1083
f 1082/1082/1082 1083/1083/1083 1080/1080/1080
f 1080/1080/1080 1083/1083/1083 1081/1081/1081
f 1080/1080/1080 1081/1081/1081 1078/1078/1078
f 1078/1078/1078 1081/1081/1081 1079/1079/1079
f 1078/1078/1078 1079/1079/1079 1076/1076/1076
f 1076/1076/1076 1079/1079/1079 1077/1077/1077
f 1076/1076/1076 1077/1077/1077 1072/1072/1072
f 1072/1072/1072 1077/1077/1077 1073/1073/1073
f 1072/1072/1072 1073/1073/1073 1074/1074/1074
f 1074/1074/1074 1073/1073/1073 1075/1075/1075
f 1070/1070/1070 1071/1071/1071 1068/1068/1068
f 1068/1068/1068 1071/1071/1071 1069/1069/1069
f 1068/1068/1068 1069/1069/1069 1066/1066/1066
f 1066/1066/1066 1069/1069/1069 1067/1067/1067
f 1066/1066/1066 1067/1067/1067 1064/1064/1064
f 1064/1064/1064 1067/1067/1067 1065/1065/1065
f 1064/1064/1064 1065/1065/1065 1062/1062/1062
f 1062/1062/1062 1065/1065/1065 1063/1063/1063
f 1062/1062/1062 1063/1063/1063 1058/1058/1058
f 1058/1058/1058 1063/1063/1063 1059/1059/1059
f 1058/1058/1058 1059/1059/1059 1060/1060/1060
f 1060/1060/1060 1059/1059/1059 1061/1061/1061
f 1056/1056/1056 1057/1057/1057 1054/1054/1054
f 1054/1054/1054 1057/1057/1057 1055/1055/1055
f 1054/1054/1054 1055/1055/1055 1052/1052/1052
f 1052/1052/1052 1055/1055/1055 1053/1053/1053
f 1052/1052/1052 1053/1053/1053 1050/1050/1050
f 1050/1050/1050 1053/1053/1053 1051/1051/1051
f 1050/1050/1050 1051/1051/1051 1048/1048/1048
f 1048/1048/1048 1051/1051/1051 1049/1049/1049
f 1048/1048/1048 1049/1049/1049 1044/1044/1044
f 1044/1044/1044 1049/1049/1049 1045/1045/1045
f 1044/1044/1044 1045/1045/1045 1046/1046/1046
f 1046/1046/1046 1045/1045/1045 1047/1047/1047
f 1042/1042/1042 1043/1043/1043 1040/1040/1040
f 1040/1040/1040 1043/1043/1043 1041/1041/1041
f 1040/1040/1040 1041/1041/1041 1038/1038/1038
f 1038/1038/1038 1041/1041/1041 1039/1039/1039
f 1038/1038/1038 1039/1039/1039 1036/1036/1036
f 1036/1036/1036 1039/1039/1039 1037/1037/1037
f 1036/1036/1036 1037/1037/1037 1034/1034/1034
f 1034/1034/1034 1037/1037/1037 1035/1035/1035
f 1034/1034/1034 1035/1035/1035 1030/1030/1030
f 1030/1030/1030 1035/1035/1035 1031/1031/1031
f 1030/1030/1030 1031/1031/1031 1032/1032/1032
f 1032/1032/1032 1031/1031/1031 1033/1033/1033
f 1028/1028/1028 1029/1029/1029 1026/1026/1026
f 1026/1026/1026 1029/1029/1029 1027/1027/1027
f 1026/1026/1026 1027/1027/1027 1024/1024/1024
f 1024/1024/1024 1027/1027/1027 1025/1025/1025
f 1024/1024/1024 1025/1025/1025 1022/1022/1022
f 1022/1022/1022 1025/1025/1025 1023/1023/1023
f 1022/1022/1022 1023/1023/1023 1020/1020/1020
f 1020/1020/1020 1023/1023/1023 1021/1021/1021
f 1020/1020/1020 1021/1021/1021 1016/1016/1016
f 1016/1016/1016 1021/1021/1021 1017/1017/1017
f 1016/1016/1016 1017/1017/1017 1018/1018/1018
f 1018/1018/1018 1017/1017/1017 1019/1019/1019
f 1014/1014/1014 1015/1015/1015 1012/1012/1012
f 1012/1012/1012 1015/1015/1015 1013/1013/1013
f 1012/1012/1012 1013/1013/1013 1010/1010/1010
f 1010/1010/1010 1013/1013/1013 1011/1011/1011
f 1010/1010/1010 1011/1011/1011 1008/1008/1008
f 1008/1008/1008 1011/1011/1011 1009/1009/1009
f 1008/1008/1008 1009/1009/1009 1006/1006/1006
f 1006/1006/1006 1009/1009/1009 1007/1007/1007
f 1006/1006/1006 1007/1007/1007 1002/1002/1002
f 1002/1002/1002 1007/1007/1007 1003/1003/1003
f 1002/1002/1002 1003/1003/1003 1004/1004/1004
f 1004/1004/1004 1003/1003/1003 1005/1005/1005
f 1000/1000/1000 1001/1001/1001 998/998/998
f 998/998/998 1001/1001/1001 999/999/999
f 998/998/998 999/999/999 996/996/996
f 996/996/996 999/999/999 997/997/997
f 996/996/996 997/997/997 994/994/994
f 994/994/994 997/997/997 995/995/995
f 994/994/994 995/995/995 992/992/992
f 992/992/992 995/995/995 993/993/993
f 992/992/992 993/993/993 988/988/988
f 988/988/988 993/993/993 989/989/989
f 988/988/988 989/989/989 990/990/990
f 990/990/990 989/989/989 991/991/991
f 986/986/986 982/982/982 987/987/987
f 987/987/987 982/982/982 984/984/984
f 982/982/982 983/983/983 984/984/984
f 984/984/984 983/983/983 985/985/985
f 983/983/983 978/978/978 985/985/985
f 985/985/985 978/978/978 980/980/980
f 978/978/978 979/979/979 980/980/980
f 980/980/980 979/979/979 981/981/981
f 975/975/975 976/976/976 977/977/977
f 973/973/973 976/976/976 975/975/975
f 974/974/974 973/973/973 975/975/975
f 972/972/972 973/973/973 974/974/974
f 970/970/970 969/969/969 971/971/971
f 968/968/968 969/969/969 970/970/970
f 968/968/968 959/959/959 969/969/969
f 958/958/958 959/959/959 968/968/968
f 958/958/958 957/957/957 959/959/959
f 956/956/956 957/957/957 958/958/958
f 966/966/966 967/967/967 964/964/964
f 964/964/964 967/967/967 965/965/965
f 964/964/964 965/965/965 960/960/960
f 960/960/960 965/965/965 961/961/961
f 960/960/960 961/961/961 962/962/962
f 962/962/962 961/961/961 963/963/963
f 947/947/947 946/946/946 948/948/948
f 945/945/945 946/946/946 947/947/947
f 943/943/943 942/942/942 944/944/944
f 941/941/941 942/942/942 943/943/943
f 939/939/939 938/938/938 940/940/940
f 937/937/937 938/938/938 939/939/939
f 935/935/935 934/934/934 936/936/936
f 933/933/933 934/934/934 935/935/935
f 931/931/931 930/930/930 932/932/932
f 929/929/929 930/930/930 931/931/931
f 927/927/927 926/926/926 928/928/928
f 925/925/925 926/926/926 927/927/927
f 923/923/923 922/922/922 924/924/924
f 921/921/921 922/922/922 923/923/923
f 919/919/919 918/918/918 920/920/920
f 917/917/917 918/918/918 919/919/919
f 909/909/909 908/908/908 910/910/910
f 907/907/907 908/908/908 909/909/909
f 907/907/907 912/912/912 908/908/908
f 911/911/911 912/912/912 907/907/907
f 911/911/911 914/914/914 912/912/912
f 913/913/913 914/914/914 911/911/911
f 913/913/913 916/916/916 914/914/914
f 915/915/915 916/916/916 913/913/913
f 915/915/915 892/892/892 916/916/916
f 891/891/891 892/892/892 915/915/915
f 891/891/891 890/890/890 892/892/892
f 889/889/889 890/890/890 891/891/891
f 905/905/905 906/906/906 903/903/903
f 903/903/903 906/906/906 904/904/904
f 903/903/903 904/904/904 901/901/901
f 901/901/901 904/904/904 902/902/902
f 901/901/901 902/902/902 899/899/899
f 899/899/899 902/902/902 900/900/900
f 899/899/899 900/900/900 897/897/897
f 897/897/897 900/900/900 898/898/898
f 897/897/897 898/898/898 893/893/893
f 893/893/893 898/898/898 894/894/894
f 893/893/893 894/894/894 895/895/895
f 895/895/895 894/894/894 896/896/896
f 881/881/881 880/880/880 882/882/882
f 879/879/879 880/880/880 881/881/881
f 879/879/879 884/884/884 880/880/880
f 883/883/883 884/884/884 879/879/879
f 883/883/883 886/886/886 884/884/884
f 885/885/885 886/886/886 883/883/883
f 885/885/885 888/888/888 886/886/886
f 887/887/887 888/888/888 885/885/885
f 887/887/887 864/864/864 888/888/888
f 863/863/863 864/864/864 887/887/887
f 863/863/863 862/862/862 864/864/864
f 861/861/861 862/862/862 863/863/863
f 877/877/877 878/878/878 875/875/875
f 875/875/875 878/878/878 876/876/876
f 875/875/875 876/876/876 873/873/873
f 873/873/873 876/876/876 874/874/874
f 873/873/873 874/874/874 871/871/871
f 871/871/871 874/874/874 872/872/872
f 871/871/871 872/872/872 869/869/869
f 869/869/869 872/872/872 870/870/870
f 869/869/869 870/870/870 865/865/865
f 865/865/865 870/870/870 866/866/866
f 865/865/865 866/866/866 867/867/867
f 867/867/867 866/866/866 868/868/868
f 859/859/859 860/860/860 857/857/857
f 857/857/857 860/860/860 858/858/858
f 857/857/857 858/858/858 855/855/855
f 855/855/855 858/858/858 856/856/856
f 855/855/855 856/856/856 853/853/853
f 853/853/853 856/856/856 854/854/854
f 853/853/853 854/854/854 851/851/851
f 851/851/851 854/854/854 852/852/852
f 851/851/851 852/852/852 847/847/847
f 847/847/847 852/852/852 848/848/848
f 847/847/847 848/848/848 849/849/849
f 849/849/849 848/848/848 850/850/850
f 845/845/845 846/846/846 843/843/843
f 843/843/843 846/846/846 844/844/844
f 843/843/843 844/844/844 841/841/841
f 841/841/841 844/844/844 842/842/842
f 841/841/841 842/842/842 839/839/839
f 839/839/839 842/842/842 840/840/840
f 839/839/839 840/840/840 837/837/837
f 837/837/837 840/840/840 838/838/838
f 837/837/837 838/838/838 833/833/833
f 833/833/833 838/838/838 834/834/834
f 833/833/833 834/834/834 835/835/835
f 835/835/835 834/834/834 836/836/836
f 831/831/831 832/832/832 829/829/829
f 829/829/829 832/832/832 830/830/830
f 829/829/829 830/830/830 827/827/827
f 827/827/827 830/830/830 828/828/828
f 827/827/827 828/828/828 825/825/825
f 825/825/825 828/828/828 826/826/826
f 825/825/825 826/826/826 823/823/823
f 823/823/823 826/826/826 824/824/824
f 823/823/823 824/824/824 819/819/819
f 819/819/819 824/824/824 820/820/820
f 819/819/819 820/820/820 821/821/821
f 821/821/821 820/820/820 822/822/822
f 817/817/817 818/818/818 815/815/815
f 815/815/815 818/818/818 816/816/816
f 815/815/815 816/816/816 813/813/813
f 813/813/813 816/816/816 814/814/814
f 813/813/813 814/814/814 811/811/811
f 811/811/811 814/814/814 812/812/812
f 811/811/811 812/812/812 809/809/809
f 809/809/809 812/812/812 810/810/810
f 809/809/809 810/810/810 805/805/805
f 805/805/805 810/810/810 806/806/806
f 805/805/805 806/806/806 807/807/807
f 807/807/807 806/806/806 808/808/808
f 803/803/803 804/804/804 801/801/801
f 801/801/801 804/804/804 802/802/802
f 801/801/801 802/802/802 799/799/799
f 799/799/799 802/802/802 800/800/800
f 799/799/799 800/800/800 797/797/797
f 797/797/797 800/800/800 798/798/798
f 797/797/797 798/798/798 795/795/795
f 795/795/795 798/798/798 796/796/796
f 795/795/795 796/796/796 791/791/791
f 791/791/791 796/796/796 792/792/792
f 791/791/791 792/792/792 793/793/793
f 793/793/793 792/792/792 794/794/794
f 789/789/789 790/790/790 787/787/787
f 787/787/787 790/790/790 788/788/788
f 787/787/787 788/788/788 785/785/785
f 785/785/785 788/788/788 786/786/786
f 785/785/785 786/786/786 783/783/783
f 783/783/783 786/786/786 784/784/784
f 783/783/783 784/784/784 781/781/781
f 781/781/781 784/784/784 782/782/782
f 781/781/781 782/782/782 777/777/777
f 777/777/777 782/782/782 778/778/778
f 777/777/777 778/778/778 779/779/779
f 779/779/779 778/778/778 780/780/780
f 775/775/775 776/776/776 773/773/773
f 773/773/773 776/776/776 774/774/774
f 773/773/773 774/774/774 771/771/771
f 771/771/771 774/774/774 772/772/772
f 771/771/771 772/772/772 769/769/769
f 769/769/769 772/772/772 770/770/770
f 769/769/769 770/770/770 767/767/767
f 767/767/767 770/770/770 768/768/768
f 767/767/767 768/768/768 763/763/763
f 763/763/763 768/768/768 764/764/764
f 763/763/763 764/764/764 765/765/765
f 765/765/765 764/764/764 766/766/766
f 761/761/761 762/762/762 759/759/759
f 759/759/759 762/762/762 760/760/760
f 759/759/759 760/760/760 757/757/757
f 757/757/757 760/760/760 758/758/758
f 757/757/757 758/758/758 755/755/755
f 755/755/755 758/758/758 756/756/756
f 755/755/755 756/756/756 753/753/753
f 753/753/753 756/756/756 754/754/754
f 753/753/753 754/754/754 749/749/749
f 749/749/749 754/754/754 750/750/750
f 749/749/749 750/750/750 751/751/751
f 751/751/751 750/750/750 752/752/752
f 1173/1173/1173 1178/1178/1178 1174/1174/1174
f 1178/1178/1178 1177/1177/1177 1174/1174/1174
f 1177/1177/1177 1176/1176/1176 1174/1174/1174
f 1176/1176/1176 1175/1175/1175 1174/1174/1174
f 1175/1175/1175 1172/1172/1172 1174/1174/1174
f 1172/1172/1172 1173/1173/1173 1174/1174/1174
f 950/950/950 955/955/955 951/951/951
f 955/955/955 954/954/954 951/951/951
f 954/954/954 953/953/953 951/951/951
f 953/953/953 952/952/952 951/951/951
f 952/952/952 949/949/949 951/951/951
f 949/949/949 950/950/950 951/951/951

