# Blender 4.1.1
# www.blender.org
mtllib orb_large.mtl
o model_2710
v -0.090987 2.250180 -0.000000
v -0.136575 2.276790 -0.000000
v -0.177631 2.223840 0.041717
v -0.128717 2.205640 0.041717
v -0.192797 2.098970 -0.000000
v -0.243258 2.086440 -0.000000
v -0.233376 2.072840 0.020435
v -0.287142 2.058710 -0.000000
v -0.263327 2.037470 0.031815
v -0.308713 2.010020 -0.000000
v -0.308713 1.954760 -0.000000
v -0.263327 1.994090 0.037563
v -0.280718 1.907960 -0.000000
v -0.251135 1.954990 0.040349
v -0.231095 1.877590 -0.000000
v -0.214120 1.931380 0.041717
v -0.167083 1.870390 -0.000000
v -0.169138 1.924900 0.041717
v -0.103528 1.886370 -0.000000
v -0.133002 1.932900 0.041717
v -0.044375 1.924030 -0.000000
v -0.082068 1.962450 0.041717
v -0.010952 1.982300 -0.000000
v -0.056054 2.012180 0.041717
v 0.000000 2.042740 -0.000000
v -0.050578 2.042400 0.041717
v -0.004497 2.104770 -0.000000
v -0.055270 2.096900 0.041717
v -0.023510 2.163370 -0.000000
v -0.074786 2.147590 0.041717
v -0.051680 2.212660 -0.000000
v -0.088871 2.172240 0.041717
v -0.136575 2.276790 -0.000000
v -0.090987 2.250180 -0.000000
v -0.128717 2.205640 -0.041717
v -0.177631 2.223840 -0.041717
v -0.243258 2.086440 -0.000000
v -0.192797 2.098970 -0.000000
v -0.233376 2.072840 -0.020435
v -0.287142 2.058710 -0.000000
v -0.263327 2.037470 -0.031815
v -0.308713 2.010020 -0.000000
v -0.308713 1.954760 -0.000000
v -0.263327 1.994090 -0.037563
v -0.280718 1.907960 -0.000000
v -0.251135 1.954990 -0.040349
v -0.231095 1.877590 -0.000000
v -0.214120 1.931380 -0.041717
v -0.167083 1.870390 -0.000000
v -0.169138 1.924900 -0.041717
v -0.103528 1.886370 -0.000000
v -0.133002 1.932900 -0.041717
v -0.044375 1.924030 -0.000000
v -0.082068 1.962450 -0.041717
v -0.010952 1.982300 -0.000000
v -0.056054 2.012180 -0.041717
v 0.000000 2.042740 -0.000000
v -0.050578 2.042400 -0.041717
v -0.004497 2.104770 -0.000000
v -0.055270 2.096900 -0.041717
v -0.023510 2.163370 -0.000000
v -0.074786 2.147590 -0.041717
v -0.051680 2.212660 -0.000000
v -0.088871 2.172240 -0.041717
v -0.166447 2.161100 -0.000000
v -0.128717 2.205640 0.041717
v -0.177631 2.223840 0.041717
v -0.218686 2.170900 -0.000000
v -0.223494 2.059240 -0.000000
v -0.233376 2.072840 0.020435
v -0.263327 2.037470 0.031815
v -0.230469 2.016740 -0.000000
v -0.223494 2.059240 -0.000000
v -0.233376 2.072840 -0.020435
v -0.192797 2.098970 -0.000000
v -0.263327 1.994090 0.037563
v -0.209930 1.985160 -0.000000
v -0.251135 1.954990 0.040349
v -0.214120 1.931380 0.041717
v -0.169138 1.924900 0.041717
v -0.162477 1.979420 -0.000000
v -0.133002 1.932900 0.041717
v -0.082068 1.962450 0.041717
v -0.119761 2.000860 -0.000000
v -0.056054 2.012180 0.041717
v -0.101157 2.042070 -0.000000
v -0.050578 2.042400 0.041717
v -0.055270 2.096900 0.041717
v -0.106044 2.089030 -0.000000
v -0.074786 2.147590 0.041717
v -0.126062 2.131820 -0.000000
v -0.088871 2.172240 0.041717
v -0.218686 2.170900 -0.000000
v -0.177631 2.223840 -0.041717
v -0.128717 2.205640 -0.041717
v -0.166447 2.161100 -0.000000
v -0.230469 2.016740 -0.000000
v -0.263327 2.037470 -0.031815
v -0.192797 2.098970 -0.000000
v -0.209930 1.985160 -0.000000
v -0.263327 1.994090 -0.037563
v -0.251135 1.954990 -0.040349
v -0.214120 1.931380 -0.041717
v -0.162477 1.979420 -0.000000
v -0.169138 1.924900 -0.041717
v -0.133002 1.932900 -0.041717
v -0.119761 2.000860 -0.000000
v -0.082068 1.962450 -0.041717
v -0.101157 2.042070 -0.000000
v -0.056054 2.012180 -0.041717
v -0.050578 2.042400 -0.041717
v -0.106044 2.089030 -0.000000
v -0.055270 2.096900 -0.041717
v -0.126062 2.131820 -0.000000
v -0.074786 2.147590 -0.041717
v -0.088871 2.172240 -0.041717
v -0.563160 1.650770 -0.000000
v -0.569447 1.687120 -0.000000
v -0.604430 1.658020 0.041717
v -0.599407 1.626530 0.041717
v -0.561828 1.728590 -0.000000
v -0.600620 1.678760 0.041717
v -0.541922 1.622820 -0.000000
v -0.585605 1.594570 0.041717
v -0.492440 1.500000 -0.000000
v -0.501446 1.553880 0.041717
v -0.532969 1.556620 0.041717
v -0.535229 1.500000 -0.000000
v -0.608587 1.548170 -0.000000
v -0.576781 1.516910 -0.000000
v -0.565571 1.571150 0.041717
v -0.585605 1.594570 0.041717
v -0.510452 1.607770 -0.000000
v -0.532969 1.556620 0.041717
v -0.451295 1.516610 -0.000000
v -0.474030 1.563010 0.041717
v -0.477470 1.617660 -0.000000
v -0.474030 1.563010 0.041717
v -0.394936 1.576170 -0.000000
v -0.427991 1.606230 0.041717
v -0.447784 1.579750 0.041717
v -0.418097 1.541830 -0.000000
v -0.458546 1.649840 -0.000000
v -0.421094 1.638980 0.041717
v -0.382547 1.657400 -0.000000
v -0.421094 1.673060 0.038325
v -0.421094 1.638980 0.041717
v -0.382547 1.617710 -0.000000
v -0.458546 1.684390 -0.000000
v -0.421094 1.673060 0.038325
v -0.413801 1.721080 -0.000000
v -0.433832 1.704530 0.031632
v -0.392392 1.693220 -0.000000
v -0.476566 1.737950 -0.000000
v -0.465091 1.724490 0.019324
v -0.443804 1.735930 -0.000000
v -0.476566 1.712040 -0.000000
v -0.433832 1.704530 0.031632
v -0.507348 1.727080 -0.000000
v -0.465091 1.724490 0.019324
v -0.569447 1.687120 -0.000000
v -0.563160 1.650770 -0.000000
v -0.599407 1.626530 -0.041717
v -0.604430 1.658020 -0.041717
v -0.639413 1.628920 -0.000000
v -0.600620 1.678760 -0.041717
v -0.604430 1.658020 -0.041717
v -0.541922 1.622820 -0.000000
v -0.585605 1.594570 -0.041717
v -0.510452 1.607770 -0.000000
v -0.501446 1.553880 -0.041717
v -0.532969 1.556620 -0.041717
v -0.576781 1.516910 -0.000000
v -0.608587 1.548170 -0.000000
v -0.585605 1.594570 -0.041717
v -0.565571 1.571150 -0.041717
v -0.451295 1.516610 -0.000000
v -0.492440 1.500000 -0.000000
v -0.501446 1.553880 -0.041717
v -0.474030 1.563010 -0.041717
v -0.477470 1.617660 -0.000000
v -0.474030 1.563010 -0.041717
v -0.427991 1.606230 -0.041717
v -0.447784 1.579750 -0.041717
v -0.458546 1.649840 -0.000000
v -0.421094 1.638980 -0.041717
v -0.421094 1.673060 -0.038325
v -0.458546 1.684390 -0.000000
v -0.413801 1.721080 -0.000000
v -0.433832 1.704530 -0.031632
v -0.443804 1.735930 -0.000000
v -0.476566 1.737950 -0.000000
v -0.465091 1.724490 -0.019324
v -0.507348 1.727080 -0.000000
v -0.476566 1.712040 -0.000000
v -0.433832 1.704530 -0.031632
v -0.507348 1.727080 -0.000000
v -0.465091 1.724490 -0.019324
v -0.630727 1.585300 -0.000000
v -0.599407 1.626530 0.041717
v -0.604430 1.658020 0.041717
v -0.639413 1.628920 -0.000000
v -0.600620 1.678760 0.041717
v -0.501446 1.553880 0.041717
v -0.565571 1.571150 0.041717
v -0.447784 1.579750 0.041717
v -0.427991 1.606230 0.041717
v -0.507348 1.727080 -0.000000
v -0.599407 1.626530 -0.041717
v -0.630727 1.585300 -0.000000
v -0.600620 1.678760 -0.041717
v -0.561828 1.728590 -0.000000
v -0.535229 1.500000 -0.000000
v -0.532969 1.556620 -0.041717
v -0.565571 1.571150 -0.041717
v -0.447784 1.579750 -0.041717
v -0.418097 1.541830 -0.000000
v -0.427991 1.606230 -0.041717
v -0.394936 1.576170 -0.000000
v -0.421094 1.638980 -0.041717
v -0.382547 1.617710 -0.000000
v -0.421094 1.673060 -0.038325
v -0.382547 1.657400 -0.000000
v -0.392392 1.693220 -0.000000
v 0.090987 2.250180 -0.000000
v 0.128717 2.205640 0.041717
v 0.177631 2.223840 0.041717
v 0.136575 2.276790 -0.000000
v 0.192797 2.098970 -0.000000
v 0.233376 2.072840 0.020435
v 0.243258 2.086440 -0.000000
v 0.263327 2.037470 0.031815
v 0.287142 2.058710 -0.000000
v 0.308713 2.010020 -0.000000
v 0.263327 1.994090 0.037563
v 0.308713 1.954760 -0.000000
v 0.251135 1.954990 0.040349
v 0.280718 1.907960 -0.000000
v 0.214120 1.931380 0.041717
v 0.231095 1.877590 -0.000000
v 0.169138 1.924900 0.041717
v 0.167083 1.870390 -0.000000
v 0.133002 1.932900 0.041717
v 0.103528 1.886370 -0.000000
v 0.082068 1.962450 0.041717
v 0.044375 1.924030 -0.000000
v 0.056054 2.012180 0.041717
v 0.010952 1.982300 -0.000000
v 0.050578 2.042400 0.041717
v 0.000000 2.042740 -0.000000
v 0.055270 2.096900 0.041717
v 0.004497 2.104770 -0.000000
v 0.074786 2.147590 0.041717
v 0.023510 2.163370 -0.000000
v 0.088871 2.172240 0.041717
v 0.051680 2.212660 -0.000000
v 0.136575 2.276790 -0.000000
v 0.177631 2.223840 -0.041717
v 0.128717 2.205640 -0.041717
v 0.090987 2.250180 -0.000000
v 0.243258 2.086440 -0.000000
v 0.233376 2.072840 -0.020435
v 0.192797 2.098970 -0.000000
v 0.287142 2.058710 -0.000000
v 0.263327 2.037470 -0.031815
v 0.308713 2.010020 -0.000000
v 0.308713 1.954760 -0.000000
v 0.263327 1.994090 -0.037563
v 0.280718 1.907960 -0.000000
v 0.251135 1.954990 -0.040349
v 0.231095 1.877590 -0.000000
v 0.214120 1.931380 -0.041717
v 0.167083 1.870390 -0.000000
v 0.169138 1.924900 -0.041717
v 0.103528 1.886370 -0.000000
v 0.133002 1.932900 -0.041717
v 0.044375 1.924030 -0.000000
v 0.082068 1.962450 -0.041717
v 0.010952 1.982300 -0.000000
v 0.056054 2.012180 -0.041717
v 0.000000 2.042740 -0.000000
v 0.050578 2.042400 -0.041717
v 0.004497 2.104770 -0.000000
v 0.055270 2.096900 -0.041717
v 0.023510 2.163370 -0.000000
v 0.074786 2.147590 -0.041717
v 0.051680 2.212660 -0.000000
v 0.088871 2.172240 -0.041717
v 0.166447 2.161100 -0.000000
v 0.218686 2.170900 -0.000000
v 0.177631 2.223840 0.041717
v 0.128717 2.205640 0.041717
v 0.223494 2.059240 -0.000000
v 0.230469 2.016740 -0.000000
v 0.263327 2.037470 0.031815
v 0.233376 2.072840 0.020435
v 0.223494 2.059240 -0.000000
v 0.192797 2.098970 -0.000000
v 0.233376 2.072840 -0.020435
v 0.263327 1.994090 0.037563
v 0.209930 1.985160 -0.000000
v 0.251135 1.954990 0.040349
v 0.214120 1.931380 0.041717
v 0.162477 1.979420 -0.000000
v 0.169138 1.924900 0.041717
v 0.133002 1.932900 0.041717
v 0.119761 2.000860 -0.000000
v 0.082068 1.962450 0.041717
v 0.101157 2.042070 -0.000000
v 0.056054 2.012180 0.041717
v 0.050578 2.042400 0.041717
v 0.106044 2.089030 -0.000000
v 0.055270 2.096900 0.041717
v 0.126062 2.131820 -0.000000
v 0.074786 2.147590 0.041717
v 0.088871 2.172240 0.041717
v 0.218686 2.170900 -0.000000
v 0.166447 2.161100 -0.000000
v 0.128717 2.205640 -0.041717
v 0.177631 2.223840 -0.041717
v 0.230469 2.016740 -0.000000
v 0.263327 2.037470 -0.031815
v 0.192797 2.098970 -0.000000
v 0.209930 1.985160 -0.000000
v 0.263327 1.994090 -0.037563
v 0.251135 1.954990 -0.040349
v 0.214120 1.931380 -0.041717
v 0.162477 1.979420 -0.000000
v 0.169138 1.924900 -0.041717
v 0.133002 1.932900 -0.041717
v 0.119761 2.000860 -0.000000
v 0.082068 1.962450 -0.041717
v 0.101157 2.042070 -0.000000
v 0.056054 2.012180 -0.041717
v 0.050578 2.042400 -0.041717
v 0.106044 2.089030 -0.000000
v 0.055270 2.096900 -0.041717
v 0.126062 2.131820 -0.000000
v 0.074786 2.147590 -0.041717
v 0.088871 2.172240 -0.041717
v 0.563160 1.650770 -0.000000
v 0.599407 1.626530 0.041717
v 0.604430 1.658020 0.041717
v 0.569447 1.687120 -0.000000
v 0.561828 1.728590 -0.000000
v 0.600620 1.678760 0.041717
v 0.541922 1.622820 -0.000000
v 0.585605 1.594570 0.041717
v 0.492440 1.500000 -0.000000
v 0.535229 1.500000 -0.000000
v 0.532969 1.556620 0.041717
v 0.501446 1.553880 0.041717
v 0.608587 1.548170 -0.000000
v 0.585605 1.594570 0.041717
v 0.565571 1.571150 0.041717
v 0.576781 1.516910 -0.000000
v 0.510452 1.607770 -0.000000
v 0.532969 1.556620 0.041717
v 0.474030 1.563010 0.041717
v 0.451295 1.516610 -0.000000
v 0.477470 1.617660 -0.000000
v 0.474030 1.563010 0.041717
v 0.394936 1.576170 -0.000000
v 0.418097 1.541830 -0.000000
v 0.447784 1.579750 0.041717
v 0.427991 1.606230 0.041717
v 0.458546 1.649840 -0.000000
v 0.421094 1.638980 0.041717
v 0.382547 1.657400 -0.000000
v 0.382547 1.617710 -0.000000
v 0.421094 1.638980 0.041717
v 0.421094 1.673060 0.038325
v 0.458546 1.684390 -0.000000
v 0.421094 1.673060 0.038325
v 0.413801 1.721080 -0.000000
v 0.392392 1.693220 -0.000000
v 0.433832 1.704530 0.031632
v 0.476566 1.737950 -0.000000
v 0.443804 1.735930 -0.000000
v 0.465091 1.724490 0.019324
v 0.476566 1.712040 -0.000000
v 0.433832 1.704530 0.031632
v 0.507348 1.727080 -0.000000
v 0.465091 1.724490 0.019324
v 0.569447 1.687120 -0.000000
v 0.604430 1.658020 -0.041717
v 0.599407 1.626530 -0.041717
v 0.563160 1.650770 -0.000000
v 0.639413 1.628920 -0.000000
v 0.604430 1.658020 -0.041717
v 0.600620 1.678760 -0.041717
v 0.585605 1.594570 -0.041717
v 0.541922 1.622820 -0.000000
v 0.510452 1.607770 -0.000000
v 0.532969 1.556620 -0.041717
v 0.501446 1.553880 -0.041717
v 0.576781 1.516910 -0.000000
v 0.565571 1.571150 -0.041717
v 0.585605 1.594570 -0.041717
v 0.608587 1.548170 -0.000000
v 0.451295 1.516610 -0.000000
v 0.474030 1.563010 -0.041717
v 0.501446 1.553880 -0.041717
v 0.492440 1.500000 -0.000000
v 0.474030 1.563010 -0.041717
v 0.477470 1.617660 -0.000000
v 0.447784 1.579750 -0.041717
v 0.427991 1.606230 -0.041717
v 0.421094 1.638980 -0.041717
v 0.458546 1.649840 -0.000000
v 0.421094 1.673060 -0.038325
v 0.458546 1.684390 -0.000000
v 0.413801 1.721080 -0.000000
v 0.443804 1.735930 -0.000000
v 0.433832 1.704530 -0.031632
v 0.476566 1.737950 -0.000000
v 0.507348 1.727080 -0.000000
v 0.465091 1.724490 -0.019324
v 0.476566 1.712040 -0.000000
v 0.433832 1.704530 -0.031632
v 0.465091 1.724490 -0.019324
v 0.507348 1.727080 -0.000000
v 0.630727 1.585300 -0.000000
v 0.639413 1.628920 -0.000000
v 0.604430 1.658020 0.041717
v 0.599407 1.626530 0.041717
v 0.600620 1.678760 0.041717
v 0.501446 1.553880 0.041717
v 0.565571 1.571150 0.041717
v 0.427991 1.606230 0.041717
v 0.447784 1.579750 0.041717
v 0.507348 1.727080 -0.000000
v 0.630727 1.585300 -0.000000
v 0.599407 1.626530 -0.041717
v 0.561828 1.728590 -0.000000
v 0.600620 1.678760 -0.041717
v 0.535229 1.500000 -0.000000
v 0.532969 1.556620 -0.041717
v 0.565571 1.571150 -0.041717
v 0.418097 1.541830 -0.000000
v 0.447784 1.579750 -0.041717
v 0.394936 1.576170 -0.000000
v 0.427991 1.606230 -0.041717
v 0.382547 1.617710 -0.000000
v 0.421094 1.638980 -0.041717
v 0.382547 1.657400 -0.000000
v 0.421094 1.673060 -0.038325
v 0.392392 1.693220 -0.000000
v 0.090987 0.749816 -0.000000
v 0.136575 0.723213 -0.000000
v 0.177631 0.776158 0.041717
v 0.128717 0.794360 0.041717
v 0.192797 0.901034 -0.000000
v 0.243258 0.913562 -0.000000
v 0.233376 0.927161 0.020435
v 0.287142 0.941289 -0.000000
v 0.263327 0.962527 0.031815
v 0.308713 0.989978 -0.000000
v 0.308713 1.045240 -0.000000
v 0.263327 1.005910 0.037563
v 0.280718 1.092040 -0.000000
v 0.251135 1.045010 0.040349
v 0.231095 1.122410 -0.000000
v 0.214120 1.068620 0.041717
v 0.167083 1.129610 -0.000000
v 0.169138 1.075100 0.041717
v 0.103528 1.113630 -0.000000
v 0.133002 1.067100 0.041717
v 0.044375 1.075970 -0.000000
v 0.082068 1.037550 0.041717
v 0.010952 1.017700 -0.000000
v 0.056054 0.987818 0.041717
v 0.000000 0.957262 -0.000000
v 0.050578 0.957596 0.041717
v 0.004497 0.895226 -0.000000
v 0.055270 0.903097 0.041717
v 0.023510 0.836629 -0.000000
v 0.074786 0.852406 0.041717
v 0.051680 0.787344 -0.000000
v 0.088871 0.827763 0.041717
v 0.136575 0.723213 -0.000000
v 0.090987 0.749816 -0.000000
v 0.128717 0.794360 -0.041717
v 0.177631 0.776158 -0.041717
v 0.243258 0.913562 -0.000000
v 0.192797 0.901034 -0.000000
v 0.233376 0.927161 -0.020435
v 0.287142 0.941289 -0.000000
v 0.263327 0.962527 -0.031815
v 0.308713 0.989978 -0.000000
v 0.308713 1.045240 -0.000000
v 0.263327 1.005910 -0.037563
v 0.280718 1.092040 -0.000000
v 0.251135 1.045010 -0.040349
v 0.231095 1.122410 -0.000000
v 0.214120 1.068620 -0.041717
v 0.167083 1.129610 -0.000000
v 0.169138 1.075100 -0.041717
v 0.103528 1.113630 -0.000000
v 0.133002 1.067100 -0.041717
v 0.044375 1.075970 -0.000000
v 0.082068 1.037550 -0.041717
v 0.010952 1.017700 -0.000000
v 0.056054 0.987818 -0.041717
v 0.000000 0.957262 -0.000000
v 0.050578 0.957596 -0.041717
v 0.004497 0.895226 -0.000000
v 0.055270 0.903097 -0.041717
v 0.023510 0.836629 -0.000000
v 0.074786 0.852406 -0.041717
v 0.051680 0.787344 -0.000000
v 0.088871 0.827763 -0.041717
v 0.166447 0.838904 -0.000000
v 0.128717 0.794360 0.041717
v 0.177631 0.776158 0.041717
v 0.218686 0.829102 -0.000000
v 0.223494 0.940760 -0.000000
v 0.233376 0.927161 0.020435
v 0.263327 0.962527 0.031815
v 0.230469 0.983257 -0.000000
v 0.223494 0.940760 -0.000000
v 0.233376 0.927161 -0.020435
v 0.192797 0.901034 -0.000000
v 0.263327 1.005910 0.037563
v 0.209930 1.014840 -0.000000
v 0.251135 1.045010 0.040349
v 0.214120 1.068620 0.041717
v 0.169138 1.075100 0.041717
v 0.162477 1.020580 -0.000000
v 0.133002 1.067100 0.041717
v 0.082068 1.037550 0.041717
v 0.119761 0.999136 -0.000000
v 0.056054 0.987818 0.041717
v 0.101157 0.957930 -0.000000
v 0.050578 0.957596 0.041717
v 0.055270 0.903097 0.041717
v 0.106044 0.910968 -0.000000
v 0.074786 0.852406 0.041717
v 0.126062 0.868181 -0.000000
v 0.088871 0.827763 0.041717
v 0.218686 0.829102 -0.000000
v 0.177631 0.776158 -0.041717
v 0.128717 0.794360 -0.041717
v 0.166447 0.838904 -0.000000
v 0.230469 0.983257 -0.000000
v 0.263327 0.962527 -0.031815
v 0.192797 0.901034 -0.000000
v 0.209930 1.014840 -0.000000
v 0.263327 1.005910 -0.037563
v 0.251135 1.045010 -0.040349
v 0.214120 1.068620 -0.041717
v 0.162477 1.020580 -0.000000
v 0.169138 1.075100 -0.041717
v 0.133002 1.067100 -0.041717
v 0.119761 0.999136 -0.000000
v 0.082068 1.037550 -0.041717
v 0.101157 0.957930 -0.000000
v 0.056054 0.987818 -0.041717
v 0.050578 0.957596 -0.041717
v 0.106044 0.910968 -0.000000
v 0.055270 0.903097 -0.041717
v 0.126062 0.868181 -0.000000
v 0.074786 0.852406 -0.041717
v 0.088871 0.827763 -0.041717
v 0.563160 1.349230 -0.000000
v 0.569447 1.312880 -0.000000
v 0.604430 1.341980 0.041717
v 0.599407 1.373470 0.041717
v 0.561828 1.271410 -0.000000
v 0.600620 1.321240 0.041717
v 0.541922 1.377180 -0.000000
v 0.585605 1.405430 0.041717
v 0.492440 1.500000 -0.000000
v 0.501446 1.446120 0.041717
v 0.532969 1.443380 0.041717
v 0.535229 1.500000 -0.000000
v 0.608587 1.451830 -0.000000
v 0.576781 1.483090 -0.000000
v 0.565571 1.428850 0.041717
v 0.585605 1.405430 0.041717
v 0.510452 1.392230 -0.000000
v 0.532969 1.443380 0.041717
v 0.451295 1.483390 -0.000000
v 0.474030 1.436990 0.041717
v 0.477470 1.382340 -0.000000
v 0.474030 1.436990 0.041717
v 0.394936 1.423830 -0.000000
v 0.427991 1.393770 0.041717
v 0.447784 1.420250 0.041717
v 0.418097 1.458170 -0.000000
v 0.458546 1.350160 -0.000000
v 0.421094 1.361020 0.041717
v 0.382547 1.342600 -0.000000
v 0.421094 1.326940 0.038325
v 0.421094 1.361020 0.041717
v 0.382547 1.382290 -0.000000
v 0.458546 1.315610 -0.000000
v 0.421094 1.326940 0.038325
v 0.413801 1.278920 -0.000000
v 0.433832 1.295470 0.031632
v 0.392392 1.306780 -0.000000
v 0.476566 1.262050 -0.000000
v 0.465091 1.275510 0.019324
v 0.443804 1.264070 -0.000000
v 0.476566 1.287960 -0.000000
v 0.433832 1.295470 0.031632
v 0.507348 1.272920 -0.000000
v 0.465091 1.275510 0.019324
v 0.569447 1.312880 -0.000000
v 0.563160 1.349230 -0.000000
v 0.599407 1.373470 -0.041717
v 0.604430 1.341980 -0.041717
v 0.639413 1.371080 -0.000000
v 0.600620 1.321240 -0.041717
v 0.604430 1.341980 -0.041717
v 0.541922 1.377180 -0.000000
v 0.585605 1.405430 -0.041717
v 0.510452 1.392230 -0.000000
v 0.501446 1.446120 -0.041717
v 0.532969 1.443380 -0.041717
v 0.576781 1.483090 -0.000000
v 0.608587 1.451830 -0.000000
v 0.585605 1.405430 -0.041717
v 0.565571 1.428850 -0.041717
v 0.451295 1.483390 -0.000000
v 0.492440 1.500000 -0.000000
v 0.501446 1.446120 -0.041717
v 0.474030 1.436990 -0.041717
v 0.477470 1.382340 -0.000000
v 0.474030 1.436990 -0.041717
v 0.427991 1.393770 -0.041717
v 0.447784 1.420250 -0.041717
v 0.458546 1.350160 -0.000000
v 0.421094 1.361020 -0.041717
v 0.421094 1.326940 -0.038325
v 0.458546 1.315610 -0.000000
v 0.413801 1.278920 -0.000000
v 0.433832 1.295470 -0.031632
v 0.443804 1.264070 -0.000000
v 0.476566 1.262050 -0.000000
v 0.465091 1.275510 -0.019324
v 0.507348 1.272920 -0.000000
v 0.476566 1.287960 -0.000000
v 0.433832 1.295470 -0.031632
v 0.507348 1.272920 -0.000000
v 0.465091 1.275510 -0.019324
v 0.630727 1.414700 -0.000000
v 0.599407 1.373470 0.041717
v 0.604430 1.341980 0.041717
v 0.639413 1.371080 -0.000000
v 0.600620 1.321240 0.041717
v 0.501446 1.446120 0.041717
v 0.565571 1.428850 0.041717
v 0.447784 1.420250 0.041717
v 0.427991 1.393770 0.041717
v 0.507348 1.272920 -0.000000
v 0.599407 1.373470 -0.041717
v 0.630727 1.414700 -0.000000
v 0.600620 1.321240 -0.041717
v 0.561828 1.271410 -0.000000
v 0.535229 1.500000 -0.000000
v 0.532969 1.443380 -0.041717
v 0.565571 1.428850 -0.041717
v 0.447784 1.420250 -0.041717
v 0.418097 1.458170 -0.000000
v 0.427991 1.393770 -0.041717
v 0.394936 1.423830 -0.000000
v 0.421094 1.361020 -0.041717
v 0.382547 1.382290 -0.000000
v 0.421094 1.326940 -0.038325
v 0.382547 1.342600 -0.000000
v 0.392392 1.306780 -0.000000
v -0.090987 0.749816 -0.000000
v -0.128717 0.794360 0.041717
v -0.177631 0.776158 0.041717
v -0.136575 0.723213 -0.000000
v -0.192797 0.901034 -0.000000
v -0.233376 0.927161 0.020435
v -0.243258 0.913562 -0.000000
v -0.263327 0.962527 0.031815
v -0.287142 0.941289 -0.000000
v -0.308713 0.989978 -0.000000
v -0.263327 1.005910 0.037563
v -0.308713 1.045240 -0.000000
v -0.251135 1.045010 0.040349
v -0.280718 1.092040 -0.000000
v -0.214120 1.068620 0.041717
v -0.231095 1.122410 -0.000000
v -0.169138 1.075100 0.041717
v -0.167083 1.129610 -0.000000
v -0.133002 1.067100 0.041717
v -0.103528 1.113630 -0.000000
v -0.082068 1.037550 0.041717
v -0.044375 1.075970 -0.000000
v -0.056054 0.987818 0.041717
v -0.010952 1.017700 -0.000000
v -0.050578 0.957596 0.041717
v 0.000000 0.957262 -0.000000
v -0.055270 0.903097 0.041717
v -0.004497 0.895226 -0.000000
v -0.074786 0.852406 0.041717
v -0.023510 0.836629 -0.000000
v -0.088871 0.827763 0.041717
v -0.051680 0.787344 -0.000000
v -0.136575 0.723213 -0.000000
v -0.177631 0.776158 -0.041717
v -0.128717 0.794360 -0.041717
v -0.090987 0.749816 -0.000000
v -0.243258 0.913562 -0.000000
v -0.233376 0.927161 -0.020435
v -0.192797 0.901034 -0.000000
v -0.287142 0.941289 -0.000000
v -0.263327 0.962527 -0.031815
v -0.308713 0.989978 -0.000000
v -0.308713 1.045240 -0.000000
v -0.263327 1.005910 -0.037563
v -0.280718 1.092040 -0.000000
v -0.251135 1.045010 -0.040349
v -0.231095 1.122410 -0.000000
v -0.214120 1.068620 -0.041717
v -0.167083 1.129610 -0.000000
v -0.169138 1.075100 -0.041717
v -0.103528 1.113630 -0.000000
v -0.133002 1.067100 -0.041717
v -0.044375 1.075970 -0.000000
v -0.082068 1.037550 -0.041717
v -0.010952 1.017700 -0.000000
v -0.056054 0.987818 -0.041717
v 0.000000 0.957262 -0.000000
v -0.050578 0.957596 -0.041717
v -0.004497 0.895226 -0.000000
v -0.055270 0.903097 -0.041717
v -0.023510 0.836629 -0.000000
v -0.074786 0.852406 -0.041717
v -0.051680 0.787344 -0.000000
v -0.088871 0.827763 -0.041717
v -0.166447 0.838904 -0.000000
v -0.218686 0.829102 -0.000000
v -0.177631 0.776158 0.041717
v -0.128717 0.794360 0.041717
v -0.223494 0.940760 -0.000000
v -0.230469 0.983257 -0.000000
v -0.263327 0.962527 0.031815
v -0.233376 0.927161 0.020435
v -0.223494 0.940760 -0.000000
v -0.192797 0.901034 -0.000000
v -0.233376 0.927161 -0.020435
v -0.263327 1.005910 0.037563
v -0.209930 1.014840 -0.000000
v -0.251135 1.045010 0.040349
v -0.214120 1.068620 0.041717
v -0.162477 1.020580 -0.000000
v -0.169138 1.075100 0.041717
v -0.133002 1.067100 0.041717
v -0.119761 0.999136 -0.000000
v -0.082068 1.037550 0.041717
v -0.101157 0.957930 -0.000000
v -0.056054 0.987818 0.041717
v -0.050578 0.957596 0.041717
v -0.106044 0.910968 -0.000000
v -0.055270 0.903097 0.041717
v -0.126062 0.868181 -0.000000
v -0.074786 0.852406 0.041717
v -0.088871 0.827763 0.041717
v -0.218686 0.829102 -0.000000
v -0.166447 0.838904 -0.000000
v -0.128717 0.794360 -0.041717
v -0.177631 0.776158 -0.041717
v -0.230469 0.983257 -0.000000
v -0.263327 0.962527 -0.031815
v -0.192797 0.901034 -0.000000
v -0.209930 1.014840 -0.000000
v -0.263327 1.005910 -0.037563
v -0.251135 1.045010 -0.040349
v -0.214120 1.068620 -0.041717
v -0.162477 1.020580 -0.000000
v -0.169138 1.075100 -0.041717
v -0.133002 1.067100 -0.041717
v -0.119761 0.999136 -0.000000
v -0.082068 1.037550 -0.041717
v -0.101157 0.957930 -0.000000
v -0.056054 0.987818 -0.041717
v -0.050578 0.957596 -0.041717
v -0.106044 0.910968 -0.000000
v -0.055270 0.903097 -0.041717
v -0.126062 0.868181 -0.000000
v -0.074786 0.852406 -0.041717
v -0.088871 0.827763 -0.041717
v -0.563160 1.349230 -0.000000
v -0.599407 1.373470 0.041717
v -0.604430 1.341980 0.041717
v -0.569447 1.312880 -0.000000
v -0.561828 1.271410 -0.000000
v -0.600620 1.321240 0.041717
v -0.541922 1.377180 -0.000000
v -0.585605 1.405430 0.041717
v -0.492440 1.500000 -0.000000
v -0.535229 1.500000 -0.000000
v -0.532969 1.443380 0.041717
v -0.501446 1.446120 0.041717
v -0.608587 1.451830 -0.000000
v -0.585605 1.405430 0.041717
v -0.565571 1.428850 0.041717
v -0.576781 1.483090 -0.000000
v -0.510452 1.392230 -0.000000
v -0.532969 1.443380 0.041717
v -0.474030 1.436990 0.041717
v -0.451295 1.483390 -0.000000
v -0.477470 1.382340 -0.000000
v -0.474030 1.436990 0.041717
v -0.394936 1.423830 -0.000000
v -0.418097 1.458170 -0.000000
v -0.447784 1.420250 0.041717
v -0.427991 1.393770 0.041717
v -0.458546 1.350160 -0.000000
v -0.421094 1.361020 0.041717
v -0.382547 1.342600 -0.000000
v -0.382547 1.382290 -0.000000
v -0.421094 1.361020 0.041717
v -0.421094 1.326940 0.038325
v -0.458546 1.315610 -0.000000
v -0.421094 1.326940 0.038325
v -0.413801 1.278920 -0.000000
v -0.392392 1.306780 -0.000000
v -0.433832 1.295470 0.031632
v -0.476566 1.262050 -0.000000
v -0.443804 1.264070 -0.000000
v -0.465091 1.275510 0.019324
v -0.476566 1.287960 -0.000000
v -0.433832 1.295470 0.031632
v -0.507348 1.272920 -0.000000
v -0.465091 1.275510 0.019324
v -0.569447 1.312880 -0.000000
v -0.604430 1.341980 -0.041717
v -0.599407 1.373470 -0.041717
v -0.563160 1.349230 -0.000000
v -0.639413 1.371080 -0.000000
v -0.604430 1.341980 -0.041717
v -0.600620 1.321240 -0.041717
v -0.585605 1.405430 -0.041717
v -0.541922 1.377180 -0.000000
v -0.510452 1.392230 -0.000000
v -0.532969 1.443380 -0.041717
v -0.501446 1.446120 -0.041717
v -0.576781 1.483090 -0.000000
v -0.565571 1.428850 -0.041717
v -0.585605 1.405430 -0.041717
v -0.608587 1.451830 -0.000000
v -0.451295 1.483390 -0.000000
v -0.474030 1.436990 -0.041717
v -0.501446 1.446120 -0.041717
v -0.492440 1.500000 -0.000000
v -0.474030 1.436990 -0.041717
v -0.477470 1.382340 -0.000000
v -0.447784 1.420250 -0.041717
v -0.427991 1.393770 -0.041717
v -0.421094 1.361020 -0.041717
v -0.458546 1.350160 -0.000000
v -0.421094 1.326940 -0.038325
v -0.458546 1.315610 -0.000000
v -0.413801 1.278920 -0.000000
v -0.443804 1.264070 -0.000000
v -0.433832 1.295470 -0.031632
v -0.476566 1.262050 -0.000000
v -0.507348 1.272920 -0.000000
v -0.465091 1.275510 -0.019324
v -0.476566 1.287960 -0.000000
v -0.433832 1.295470 -0.031632
v -0.465091 1.275510 -0.019324
v -0.507348 1.272920 -0.000000
v -0.630727 1.414700 -0.000000
v -0.639413 1.371080 -0.000000
v -0.604430 1.341980 0.041717
v -0.599407 1.373470 0.041717
v -0.600620 1.321240 0.041717
v -0.501446 1.446120 0.041717
v -0.565571 1.428850 0.041717
v -0.427991 1.393770 0.041717
v -0.447784 1.420250 0.041717
v -0.507348 1.272920 -0.000000
v -0.630727 1.414700 -0.000000
v -0.599407 1.373470 -0.041717
v -0.561828 1.271410 -0.000000
v -0.600620 1.321240 -0.041717
v -0.535229 1.500000 -0.000000
v -0.532969 1.443380 -0.041717
v -0.565571 1.428850 -0.041717
v -0.418097 1.458170 -0.000000
v -0.447784 1.420250 -0.041717
v -0.394936 1.423830 -0.000000
v -0.427991 1.393770 -0.041717
v -0.382547 1.382290 -0.000000
v -0.421094 1.361020 -0.041717
v -0.382547 1.342600 -0.000000
v -0.421094 1.326940 -0.038325
v -0.392392 1.306780 -0.000000
v 0.000000 2.250180 -0.090987
v 0.000000 2.276790 -0.136575
v -0.041717 2.223840 -0.177631
v -0.041717 2.205640 -0.128717
v 0.000000 2.098970 -0.192797
v 0.000000 2.086440 -0.243258
v -0.020435 2.072840 -0.233376
v 0.000000 2.058710 -0.287142
v -0.031815 2.037470 -0.263327
v 0.000000 2.010020 -0.308713
v 0.000000 1.954760 -0.308713
v -0.037563 1.994090 -0.263327
v 0.000000 1.907960 -0.280718
v -0.040349 1.954990 -0.251135
v 0.000000 1.877590 -0.231095
v -0.041717 1.931380 -0.214120
v 0.000000 1.870390 -0.167083
v -0.041717 1.924900 -0.169138
v 0.000000 1.886370 -0.103528
v -0.041717 1.932900 -0.133002
v 0.000000 1.924030 -0.044375
v -0.041717 1.962450 -0.082068
v 0.000000 1.982300 -0.010952
v -0.041717 2.012180 -0.056054
v 0.000000 2.042740 -0.000000
v -0.041717 2.042400 -0.050578
v 0.000000 2.104770 -0.004497
v -0.041717 2.096900 -0.055270
v 0.000000 2.163370 -0.023510
v -0.041717 2.147590 -0.074786
v 0.000000 2.212660 -0.051680
v -0.041717 2.172240 -0.088871
v 0.000000 2.276790 -0.136575
v 0.000000 2.250180 -0.090987
v 0.041717 2.205640 -0.128717
v 0.041717 2.223840 -0.177631
v 0.000000 2.086440 -0.243258
v 0.000000 2.098970 -0.192797
v 0.020435 2.072840 -0.233376
v 0.000000 2.058710 -0.287142
v 0.031815 2.037470 -0.263327
v 0.000000 2.010020 -0.308713
v 0.000000 1.954760 -0.308713
v 0.037563 1.994090 -0.263327
v 0.000000 1.907960 -0.280718
v 0.040349 1.954990 -0.251135
v 0.000000 1.877590 -0.231095
v 0.041717 1.931380 -0.214120
v 0.000000 1.870390 -0.167083
v 0.041717 1.924900 -0.169138
v 0.000000 1.886370 -0.103528
v 0.041717 1.932900 -0.133002
v 0.000000 1.924030 -0.044375
v 0.041717 1.962450 -0.082068
v 0.000000 1.982300 -0.010952
v 0.041717 2.012180 -0.056054
v 0.000000 2.042740 -0.000000
v 0.041717 2.042400 -0.050578
v 0.000000 2.104770 -0.004497
v 0.041717 2.096900 -0.055270
v 0.000000 2.163370 -0.023510
v 0.041717 2.147590 -0.074786
v 0.000000 2.212660 -0.051680
v 0.041717 2.172240 -0.088871
v 0.000000 2.161100 -0.166447
v -0.041717 2.205640 -0.128717
v -0.041717 2.223840 -0.177631
v 0.000000 2.170900 -0.218686
v 0.000000 2.059240 -0.223494
v -0.020435 2.072840 -0.233376
v -0.031815 2.037470 -0.263327
v 0.000000 2.016740 -0.230469
v 0.000000 2.059240 -0.223494
v 0.020435 2.072840 -0.233376
v 0.000000 2.098970 -0.192797
v -0.037563 1.994090 -0.263327
v 0.000000 1.985160 -0.209930
v -0.040349 1.954990 -0.251135
v -0.041717 1.931380 -0.214120
v -0.041717 1.924900 -0.169138
v 0.000000 1.979420 -0.162477
v -0.041717 1.932900 -0.133002
v -0.041717 1.962450 -0.082068
v 0.000000 2.000860 -0.119761
v -0.041717 2.012180 -0.056054
v 0.000000 2.042070 -0.101157
v -0.041717 2.042400 -0.050578
v -0.041717 2.096900 -0.055270
v 0.000000 2.089030 -0.106044
v -0.041717 2.147590 -0.074786
v 0.000000 2.131820 -0.126062
v -0.041717 2.172240 -0.088871
v 0.000000 2.170900 -0.218686
v 0.041717 2.223840 -0.177631
v 0.041717 2.205640 -0.128717
v 0.000000 2.161100 -0.166447
v 0.000000 2.016740 -0.230469
v 0.031815 2.037470 -0.263327
v 0.000000 2.098970 -0.192797
v 0.000000 1.985160 -0.209930
v 0.037563 1.994090 -0.263327
v 0.040349 1.954990 -0.251135
v 0.041717 1.931380 -0.214120
v 0.000000 1.979420 -0.162477
v 0.041717 1.924900 -0.169138
v 0.041717 1.932900 -0.133002
v 0.000000 2.000860 -0.119761
v 0.041717 1.962450 -0.082068
v 0.000000 2.042070 -0.101157
v 0.041717 2.012180 -0.056054
v 0.041717 2.042400 -0.050578
v 0.000000 2.089030 -0.106044
v 0.041717 2.096900 -0.055270
v 0.000000 2.131820 -0.126062
v 0.041717 2.147590 -0.074786
v 0.041717 2.172240 -0.088871
v 0.000000 1.650770 -0.563160
v 0.000000 1.687120 -0.569447
v -0.041717 1.658020 -0.604430
v -0.041717 1.626530 -0.599407
v 0.000000 1.728590 -0.561828
v -0.041717 1.678760 -0.600620
v 0.000000 1.622820 -0.541922
v -0.041717 1.594570 -0.585605
v 0.000000 1.500000 -0.492440
v -0.041717 1.553880 -0.501446
v -0.041717 1.556620 -0.532969
v 0.000000 1.500000 -0.535229
v 0.000000 1.548170 -0.608587
v 0.000000 1.516910 -0.576781
v -0.041717 1.571150 -0.565571
v -0.041717 1.594570 -0.585605
v 0.000000 1.607770 -0.510452
v -0.041717 1.556620 -0.532969
v 0.000000 1.516610 -0.451295
v -0.041717 1.563010 -0.474030
v 0.000000 1.617660 -0.477470
v -0.041717 1.563010 -0.474030
v 0.000000 1.576170 -0.394936
v -0.041717 1.606230 -0.427991
v -0.041717 1.579750 -0.447784
v 0.000000 1.541830 -0.418097
v 0.000000 1.649840 -0.458546
v -0.041717 1.638980 -0.421094
v 0.000000 1.657400 -0.382547
v -0.038325 1.673060 -0.421094
v -0.041717 1.638980 -0.421094
v 0.000000 1.617710 -0.382547
v 0.000000 1.684390 -0.458546
v -0.038325 1.673060 -0.421094
v 0.000000 1.721080 -0.413801
v -0.031632 1.704530 -0.433832
v 0.000000 1.693220 -0.392392
v 0.000000 1.737950 -0.476566
v -0.019324 1.724490 -0.465091
v 0.000000 1.735930 -0.443804
v 0.000000 1.712040 -0.476566
v -0.031632 1.704530 -0.433832
v 0.000000 1.727080 -0.507348
v -0.019324 1.724490 -0.465091
v 0.000000 1.687120 -0.569447
v 0.000000 1.650770 -0.563160
v 0.041717 1.626530 -0.599407
v 0.041717 1.658020 -0.604430
v 0.000000 1.628920 -0.639413
v 0.041717 1.678760 -0.600620
v 0.041717 1.658020 -0.604430
v 0.000000 1.622820 -0.541922
v 0.041717 1.594570 -0.585605
v 0.000000 1.607770 -0.510452
v 0.041717 1.553880 -0.501446
v 0.041717 1.556620 -0.532969
v 0.000000 1.516910 -0.576781
v 0.000000 1.548170 -0.608587
v 0.041717 1.594570 -0.585605
v 0.041717 1.571150 -0.565571
v 0.000000 1.516610 -0.451295
v 0.000000 1.500000 -0.492440
v 0.041717 1.553880 -0.501446
v 0.041717 1.563010 -0.474030
v 0.000000 1.617660 -0.477470
v 0.041717 1.563010 -0.474030
v 0.041717 1.606230 -0.427991
v 0.041717 1.579750 -0.447784
v 0.000000 1.649840 -0.458546
v 0.041717 1.638980 -0.421094
v 0.038325 1.673060 -0.421094
v 0.000000 1.684390 -0.458546
v 0.000000 1.721080 -0.413801
v 0.031632 1.704530 -0.433832
v 0.000000 1.735930 -0.443804
v 0.000000 1.737950 -0.476566
v 0.019324 1.724490 -0.465091
v 0.000000 1.727080 -0.507348
v 0.000000 1.712040 -0.476566
v 0.031632 1.704530 -0.433832
v 0.000000 1.727080 -0.507348
v 0.019324 1.724490 -0.465091
v 0.000000 1.585300 -0.630727
v -0.041717 1.626530 -0.599407
v -0.041717 1.658020 -0.604430
v 0.000000 1.628920 -0.639413
v -0.041717 1.678760 -0.600620
v -0.041717 1.553880 -0.501446
v -0.041717 1.571150 -0.565571
v -0.041717 1.579750 -0.447784
v -0.041717 1.606230 -0.427991
v 0.000000 1.727080 -0.507348
v 0.041717 1.626530 -0.599407
v 0.000000 1.585300 -0.630727
v 0.041717 1.678760 -0.600620
v 0.000000 1.728590 -0.561828
v 0.000000 1.500000 -0.535229
v 0.041717 1.556620 -0.532969
v 0.041717 1.571150 -0.565571
v 0.041717 1.579750 -0.447784
v 0.000000 1.541830 -0.418097
v 0.041717 1.606230 -0.427991
v 0.000000 1.576170 -0.394936
v 0.041717 1.638980 -0.421094
v 0.000000 1.617710 -0.382547
v 0.038325 1.673060 -0.421094
v 0.000000 1.657400 -0.382547
v 0.000000 1.693220 -0.392392
v 0.000000 2.250180 0.090987
v -0.041717 2.205640 0.128717
v -0.041717 2.223840 0.177631
v 0.000000 2.276790 0.136575
v 0.000000 2.098970 0.192797
v -0.020435 2.072840 0.233376
v 0.000000 2.086440 0.243258
v -0.031815 2.037470 0.263327
v 0.000000 2.058710 0.287142
v 0.000000 2.010020 0.308713
v -0.037563 1.994090 0.263327
v 0.000000 1.954760 0.308713
v -0.040349 1.954990 0.251135
v 0.000000 1.907960 0.280718
v -0.041717 1.931380 0.214120
v 0.000000 1.877590 0.231095
v -0.041717 1.924900 0.169138
v 0.000000 1.870390 0.167083
v -0.041717 1.932900 0.133002
v 0.000000 1.886370 0.103528
v -0.041717 1.962450 0.082068
v 0.000000 1.924030 0.044375
v -0.041717 2.012180 0.056054
v 0.000000 1.982300 0.010952
v -0.041717 2.042400 0.050578
v 0.000000 2.042740 -0.000000
v -0.041717 2.096900 0.055270
v 0.000000 2.104770 0.004497
v -0.041717 2.147590 0.074786
v 0.000000 2.163370 0.023510
v -0.041717 2.172240 0.088871
v 0.000000 2.212660 0.051680
v 0.000000 2.276790 0.136575
v 0.041717 2.223840 0.177631
v 0.041717 2.205640 0.128717
v 0.000000 2.250180 0.090987
v 0.000000 2.086440 0.243258
v 0.020435 2.072840 0.233376
v 0.000000 2.098970 0.192797
v 0.000000 2.058710 0.287142
v 0.031815 2.037470 0.263327
v 0.000000 2.010020 0.308713
v 0.000000 1.954760 0.308713
v 0.037563 1.994090 0.263327
v 0.000000 1.907960 0.280718
v 0.040349 1.954990 0.251135
v 0.000000 1.877590 0.231095
v 0.041717 1.931380 0.214120
v 0.000000 1.870390 0.167083
v 0.041717 1.924900 0.169138
v 0.000000 1.886370 0.103528
v 0.041717 1.932900 0.133002
v 0.000000 1.924030 0.044375
v 0.041717 1.962450 0.082068
v 0.000000 1.982300 0.010952
v 0.041717 2.012180 0.056054
v 0.000000 2.042740 -0.000000
v 0.041717 2.042400 0.050578
v 0.000000 2.104770 0.004497
v 0.041717 2.096900 0.055270
v 0.000000 2.163370 0.023510
v 0.041717 2.147590 0.074786
v 0.000000 2.212660 0.051680
v 0.041717 2.172240 0.088871
v 0.000000 2.161100 0.166447
v 0.000000 2.170900 0.218686
v -0.041717 2.223840 0.177631
v -0.041717 2.205640 0.128717
v 0.000000 2.059240 0.223494
v 0.000000 2.016740 0.230469
v -0.031815 2.037470 0.263327
v -0.020435 2.072840 0.233376
v 0.000000 2.059240 0.223494
v 0.000000 2.098970 0.192797
v 0.020435 2.072840 0.233376
v -0.037563 1.994090 0.263327
v 0.000000 1.985160 0.209930
v -0.040349 1.954990 0.251135
v -0.041717 1.931380 0.214120
v 0.000000 1.979420 0.162477
v -0.041717 1.924900 0.169138
v -0.041717 1.932900 0.133002
v 0.000000 2.000860 0.119761
v -0.041717 1.962450 0.082068
v 0.000000 2.042070 0.101157
v -0.041717 2.012180 0.056054
v -0.041717 2.042400 0.050578
v 0.000000 2.089030 0.106044
v -0.041717 2.096900 0.055270
v 0.000000 2.131820 0.126062
v -0.041717 2.147590 0.074786
v -0.041717 2.172240 0.088871
v 0.000000 2.170900 0.218686
v 0.000000 2.161100 0.166447
v 0.041717 2.205640 0.128717
v 0.041717 2.223840 0.177631
v 0.000000 2.016740 0.230469
v 0.031815 2.037470 0.263327
v 0.000000 2.098970 0.192797
v 0.000000 1.985160 0.209930
v 0.037563 1.994090 0.263327
v 0.040349 1.954990 0.251135
v 0.041717 1.931380 0.214120
v 0.000000 1.979420 0.162477
v 0.041717 1.924900 0.169138
v 0.041717 1.932900 0.133002
v 0.000000 2.000860 0.119761
v 0.041717 1.962450 0.082068
v 0.000000 2.042070 0.101157
v 0.041717 2.012180 0.056054
v 0.041717 2.042400 0.050578
v 0.000000 2.089030 0.106044
v 0.041717 2.096900 0.055270
v 0.000000 2.131820 0.126062
v 0.041717 2.147590 0.074786
v 0.041717 2.172240 0.088871
v 0.000000 1.650770 0.563160
v -0.041717 1.626530 0.599407
v -0.041717 1.658020 0.604430
v 0.000000 1.687120 0.569447
v 0.000000 1.728590 0.561828
v -0.041717 1.678760 0.600620
v 0.000000 1.622820 0.541922
v -0.041717 1.594570 0.585605
v 0.000000 1.500000 0.492440
v 0.000000 1.500000 0.535229
v -0.041717 1.556620 0.532969
v -0.041717 1.553880 0.501446
v 0.000000 1.548170 0.608587
v -0.041717 1.594570 0.585605
v -0.041717 1.571150 0.565571
v 0.000000 1.516910 0.576781
v 0.000000 1.607770 0.510452
v -0.041717 1.556620 0.532969
v -0.041717 1.563010 0.474030
v 0.000000 1.516610 0.451295
v 0.000000 1.617660 0.477470
v -0.041717 1.563010 0.474030
v 0.000000 1.576170 0.394936
v 0.000000 1.541830 0.418097
v -0.041717 1.579750 0.447784
v -0.041717 1.606230 0.427991
v 0.000000 1.649840 0.458546
v -0.041717 1.638980 0.421094
v 0.000000 1.657400 0.382547
v 0.000000 1.617710 0.382547
v -0.041717 1.638980 0.421094
v -0.038325 1.673060 0.421094
v 0.000000 1.684390 0.458546
v -0.038325 1.673060 0.421094
v 0.000000 1.721080 0.413801
v 0.000000 1.693220 0.392392
v -0.031632 1.704530 0.433832
v 0.000000 1.737950 0.476566
v 0.000000 1.735930 0.443804
v -0.019324 1.724490 0.465091
v 0.000000 1.712040 0.476566
v -0.031632 1.704530 0.433832
v 0.000000 1.727080 0.507348
v -0.019324 1.724490 0.465091
v 0.000000 1.687120 0.569447
v 0.041717 1.658020 0.604430
v 0.041717 1.626530 0.599407
v 0.000000 1.650770 0.563160
v 0.000000 1.628920 0.639413
v 0.041717 1.658020 0.604430
v 0.041717 1.678760 0.600620
v 0.041717 1.594570 0.585605
v 0.000000 1.622820 0.541922
v 0.000000 1.607770 0.510452
v 0.041717 1.556620 0.532969
v 0.041717 1.553880 0.501446
v 0.000000 1.516910 0.576781
v 0.041717 1.571150 0.565571
v 0.041717 1.594570 0.585605
v 0.000000 1.548170 0.608587
v 0.000000 1.516610 0.451295
v 0.041717 1.563010 0.474030
v 0.041717 1.553880 0.501446
v 0.000000 1.500000 0.492440
v 0.041717 1.563010 0.474030
v 0.000000 1.617660 0.477470
v 0.041717 1.579750 0.447784
v 0.041717 1.606230 0.427991
v 0.041717 1.638980 0.421094
v 0.000000 1.649840 0.458546
v 0.038325 1.673060 0.421094
v 0.000000 1.684390 0.458546
v 0.000000 1.721080 0.413801
v 0.000000 1.735930 0.443804
v 0.031632 1.704530 0.433832
v 0.000000 1.737950 0.476566
v 0.000000 1.727080 0.507348
v 0.019324 1.724490 0.465091
v 0.000000 1.712040 0.476566
v 0.031632 1.704530 0.433832
v 0.019324 1.724490 0.465091
v 0.000000 1.727080 0.507348
v 0.000000 1.585300 0.630727
v 0.000000 1.628920 0.639413
v -0.041717 1.658020 0.604430
v -0.041717 1.626530 0.599407
v -0.041717 1.678760 0.600620
v -0.041717 1.553880 0.501446
v -0.041717 1.571150 0.565571
v -0.041717 1.606230 0.427991
v -0.041717 1.579750 0.447784
v 0.000000 1.727080 0.507348
v 0.000000 1.585300 0.630727
v 0.041717 1.626530 0.599407
v 0.000000 1.728590 0.561828
v 0.041717 1.678760 0.600620
v 0.000000 1.500000 0.535229
v 0.041717 1.556620 0.532969
v 0.041717 1.571150 0.565571
v 0.000000 1.541830 0.418097
v 0.041717 1.579750 0.447784
v 0.000000 1.576170 0.394936
v 0.041717 1.606230 0.427991
v 0.000000 1.617710 0.382547
v 0.041717 1.638980 0.421094
v 0.000000 1.657400 0.382547
v 0.038325 1.673060 0.421094
v 0.000000 1.693220 0.392392
v 0.000000 0.749816 0.090987
v 0.000000 0.723213 0.136575
v -0.041717 0.776158 0.177631
v -0.041717 0.794360 0.128717
v 0.000000 0.901034 0.192797
v 0.000000 0.913562 0.243258
v -0.020435 0.927161 0.233376
v 0.000000 0.941289 0.287142
v -0.031815 0.962527 0.263327
v 0.000000 0.989978 0.308713
v 0.000000 1.045240 0.308713
v -0.037563 1.005910 0.263327
v 0.000000 1.092040 0.280718
v -0.040349 1.045010 0.251135
v 0.000000 1.122410 0.231095
v -0.041717 1.068620 0.214120
v 0.000000 1.129610 0.167083
v -0.041717 1.075100 0.169138
v 0.000000 1.113630 0.103528
v -0.041717 1.067100 0.133002
v 0.000000 1.075970 0.044375
v -0.041717 1.037550 0.082068
v 0.000000 1.017700 0.010952
v -0.041717 0.987818 0.056054
v 0.000000 0.957262 -0.000000
v -0.041717 0.957596 0.050578
v 0.000000 0.895226 0.004497
v -0.041717 0.903097 0.055270
v 0.000000 0.836629 0.023510
v -0.041717 0.852406 0.074786
v 0.000000 0.787344 0.051680
v -0.041717 0.827763 0.088871
v 0.000000 0.723213 0.136575
v 0.000000 0.749816 0.090987
v 0.041717 0.794360 0.128717
v 0.041717 0.776158 0.177631
v 0.000000 0.913562 0.243258
v 0.000000 0.901034 0.192797
v 0.020435 0.927161 0.233376
v 0.000000 0.941289 0.287142
v 0.031815 0.962527 0.263327
v 0.000000 0.989978 0.308713
v 0.000000 1.045240 0.308713
v 0.037563 1.005910 0.263327
v 0.000000 1.092040 0.280718
v 0.040349 1.045010 0.251135
v 0.000000 1.122410 0.231095
v 0.041717 1.068620 0.214120
v 0.000000 1.129610 0.167083
v 0.041717 1.075100 0.169138
v 0.000000 1.113630 0.103528
v 0.041717 1.067100 0.133002
v 0.000000 1.075970 0.044375
v 0.041717 1.037550 0.082068
v 0.000000 1.017700 0.010952
v 0.041717 0.987818 0.056054
v 0.000000 0.957262 -0.000000
v 0.041717 0.957596 0.050578
v 0.000000 0.895226 0.004497
v 0.041717 0.903097 0.055270
v 0.000000 0.836629 0.023510
v 0.041717 0.852406 0.074786
v 0.000000 0.787344 0.051680
v 0.041717 0.827763 0.088871
v 0.000000 0.838904 0.166447
v -0.041717 0.794360 0.128717
v -0.041717 0.776158 0.177631
v 0.000000 0.829102 0.218686
v 0.000000 0.940760 0.223494
v -0.020435 0.927161 0.233376
v -0.031815 0.962527 0.263327
v 0.000000 0.983257 0.230469
v 0.000000 0.940760 0.223494
v 0.020435 0.927161 0.233376
v 0.000000 0.901034 0.192797
v -0.037563 1.005910 0.263327
v 0.000000 1.014840 0.209930
v -0.040349 1.045010 0.251135
v -0.041717 1.068620 0.214120
v -0.041717 1.075100 0.169138
v 0.000000 1.020580 0.162477
v -0.041717 1.067100 0.133002
v -0.041717 1.037550 0.082068
v 0.000000 0.999136 0.119761
v -0.041717 0.987818 0.056054
v 0.000000 0.957930 0.101157
v -0.041717 0.957596 0.050578
v -0.041717 0.903097 0.055270
v 0.000000 0.910968 0.106044
v -0.041717 0.852406 0.074786
v 0.000000 0.868181 0.126062
v -0.041717 0.827763 0.088871
v 0.000000 0.829102 0.218686
v 0.041717 0.776158 0.177631
v 0.041717 0.794360 0.128717
v 0.000000 0.838904 0.166447
v 0.000000 0.983257 0.230469
v 0.031815 0.962527 0.263327
v 0.000000 0.901034 0.192797
v 0.000000 1.014840 0.209930
v 0.037563 1.005910 0.263327
v 0.040349 1.045010 0.251135
v 0.041717 1.068620 0.214120
v 0.000000 1.020580 0.162477
v 0.041717 1.075100 0.169138
v 0.041717 1.067100 0.133002
v 0.000000 0.999136 0.119761
v 0.041717 1.037550 0.082068
v 0.000000 0.957930 0.101157
v 0.041717 0.987818 0.056054
v 0.041717 0.957596 0.050578
v 0.000000 0.910968 0.106044
v 0.041717 0.903097 0.055270
v 0.000000 0.868181 0.126062
v 0.041717 0.852406 0.074786
v 0.041717 0.827763 0.088871
v 0.000000 1.349230 0.563160
v 0.000000 1.312880 0.569447
v -0.041717 1.341980 0.604430
v -0.041717 1.373470 0.599407
v 0.000000 1.271410 0.561828
v -0.041717 1.321240 0.600620
v 0.000000 1.377180 0.541922
v -0.041717 1.405430 0.585605
v 0.000000 1.500000 0.492440
v -0.041717 1.446120 0.501446
v -0.041717 1.443380 0.532969
v 0.000000 1.500000 0.535229
v 0.000000 1.451830 0.608587
v 0.000000 1.483090 0.576781
v -0.041717 1.428850 0.565571
v -0.041717 1.405430 0.585605
v 0.000000 1.392230 0.510452
v -0.041717 1.443380 0.532969
v 0.000000 1.483390 0.451295
v -0.041717 1.436990 0.474030
v 0.000000 1.382340 0.477470
v -0.041717 1.436990 0.474030
v 0.000000 1.423830 0.394936
v -0.041717 1.393770 0.427991
v -0.041717 1.420250 0.447784
v 0.000000 1.458170 0.418097
v 0.000000 1.350160 0.458546
v -0.041717 1.361020 0.421094
v 0.000000 1.342600 0.382547
v -0.038325 1.326940 0.421094
v -0.041717 1.361020 0.421094
v 0.000000 1.382290 0.382547
v 0.000000 1.315610 0.458546
v -0.038325 1.326940 0.421094
v 0.000000 1.278920 0.413801
v -0.031632 1.295470 0.433832
v 0.000000 1.306780 0.392392
v 0.000000 1.262050 0.476566
v -0.019324 1.275510 0.465091
v 0.000000 1.264070 0.443804
v 0.000000 1.287960 0.476566
v -0.031632 1.295470 0.433832
v 0.000000 1.272920 0.507348
v -0.019324 1.275510 0.465091
v 0.000000 1.312880 0.569447
v 0.000000 1.349230 0.563160
v 0.041717 1.373470 0.599407
v 0.041717 1.341980 0.604430
v 0.000000 1.371080 0.639413
v 0.041717 1.321240 0.600620
v 0.041717 1.341980 0.604430
v 0.000000 1.377180 0.541922
v 0.041717 1.405430 0.585605
v 0.000000 1.392230 0.510452
v 0.041717 1.446120 0.501446
v 0.041717 1.443380 0.532969
v 0.000000 1.483090 0.576781
v 0.000000 1.451830 0.608587
v 0.041717 1.405430 0.585605
v 0.041717 1.428850 0.565571
v 0.000000 1.483390 0.451295
v 0.000000 1.500000 0.492440
v 0.041717 1.446120 0.501446
v 0.041717 1.436990 0.474030
v 0.000000 1.382340 0.477470
v 0.041717 1.436990 0.474030
v 0.041717 1.393770 0.427991
v 0.041717 1.420250 0.447784
v 0.000000 1.350160 0.458546
v 0.041717 1.361020 0.421094
v 0.038325 1.326940 0.421094
v 0.000000 1.315610 0.458546
v 0.000000 1.278920 0.413801
v 0.031632 1.295470 0.433832
v 0.000000 1.264070 0.443804
v 0.000000 1.262050 0.476566
v 0.019324 1.275510 0.465091
v 0.000000 1.272920 0.507348
v 0.000000 1.287960 0.476566
v 0.031632 1.295470 0.433832
v 0.000000 1.272920 0.507348
v 0.019324 1.275510 0.465091
v 0.000000 1.414700 0.630727
v -0.041717 1.373470 0.599407
v -0.041717 1.341980 0.604430
v 0.000000 1.371080 0.639413
v -0.041717 1.321240 0.600620
v -0.041717 1.446120 0.501446
v -0.041717 1.428850 0.565571
v -0.041717 1.420250 0.447784
v -0.041717 1.393770 0.427991
v 0.000000 1.272920 0.507348
v 0.041717 1.373470 0.599407
v 0.000000 1.414700 0.630727
v 0.041717 1.321240 0.600620
v 0.000000 1.271410 0.561828
v 0.000000 1.500000 0.535229
v 0.041717 1.443380 0.532969
v 0.041717 1.428850 0.565571
v 0.041717 1.420250 0.447784
v 0.000000 1.458170 0.418097
v 0.041717 1.393770 0.427991
v 0.000000 1.423830 0.394936
v 0.041717 1.361020 0.421094
v 0.000000 1.382290 0.382547
v 0.038325 1.326940 0.421094
v 0.000000 1.342600 0.382547
v 0.000000 1.306780 0.392392
v 0.000000 0.749816 -0.090987
v -0.041717 0.794360 -0.128717
v -0.041717 0.776158 -0.177631
v 0.000000 0.723213 -0.136575
v 0.000000 0.901034 -0.192797
v -0.020435 0.927161 -0.233376
v 0.000000 0.913562 -0.243258
v -0.031815 0.962527 -0.263327
v 0.000000 0.941289 -0.287142
v 0.000000 0.989978 -0.308713
v -0.037563 1.005910 -0.263327
v 0.000000 1.045240 -0.308713
v -0.040349 1.045010 -0.251135
v 0.000000 1.092040 -0.280718
v -0.041717 1.068620 -0.214120
v 0.000000 1.122410 -0.231095
v -0.041717 1.075100 -0.169138
v 0.000000 1.129610 -0.167083
v -0.041717 1.067100 -0.133002
v 0.000000 1.113630 -0.103528
v -0.041717 1.037550 -0.082068
v 0.000000 1.075970 -0.044375
v -0.041717 0.987818 -0.056054
v 0.000000 1.017700 -0.010952
v -0.041717 0.957596 -0.050578
v 0.000000 0.957262 -0.000000
v -0.041717 0.903097 -0.055270
v 0.000000 0.895226 -0.004497
v -0.041717 0.852406 -0.074786
v 0.000000 0.836629 -0.023510
v -0.041717 0.827763 -0.088871
v 0.000000 0.787344 -0.051680
v 0.000000 0.723213 -0.136575
v 0.041717 0.776158 -0.177631
v 0.041717 0.794360 -0.128717
v 0.000000 0.749816 -0.090987
v 0.000000 0.913562 -0.243258
v 0.020435 0.927161 -0.233376
v 0.000000 0.901034 -0.192797
v 0.000000 0.941289 -0.287142
v 0.031815 0.962527 -0.263327
v 0.000000 0.989978 -0.308713
v 0.000000 1.045240 -0.308713
v 0.037563 1.005910 -0.263327
v 0.000000 1.092040 -0.280718
v 0.040349 1.045010 -0.251135
v 0.000000 1.122410 -0.231095
v 0.041717 1.068620 -0.214120
v 0.000000 1.129610 -0.167083
v 0.041717 1.075100 -0.169138
v 0.000000 1.113630 -0.103528
v 0.041717 1.067100 -0.133002
v 0.000000 1.075970 -0.044375
v 0.041717 1.037550 -0.082068
v 0.000000 1.017700 -0.010952
v 0.041717 0.987818 -0.056054
v 0.000000 0.957262 -0.000000
v 0.041717 0.957596 -0.050578
v 0.000000 0.895226 -0.004497
v 0.041717 0.903097 -0.055270
v 0.000000 0.836629 -0.023510
v 0.041717 0.852406 -0.074786
v 0.000000 0.787344 -0.051680
v 0.041717 0.827763 -0.088871
v 0.000000 0.838904 -0.166447
v 0.000000 0.829102 -0.218686
v -0.041717 0.776158 -0.177631
v -0.041717 0.794360 -0.128717
v 0.000000 0.940760 -0.223494
v 0.000000 0.983257 -0.230469
v -0.031815 0.962527 -0.263327
v -0.020435 0.927161 -0.233376
v 0.000000 0.940760 -0.223494
v 0.000000 0.901034 -0.192797
v 0.020435 0.927161 -0.233376
v -0.037563 1.005910 -0.263327
v 0.000000 1.014840 -0.209930
v -0.040349 1.045010 -0.251135
v -0.041717 1.068620 -0.214120
v 0.000000 1.020580 -0.162477
v -0.041717 1.075100 -0.169138
v -0.041717 1.067100 -0.133002
v 0.000000 0.999136 -0.119761
v -0.041717 1.037550 -0.082068
v 0.000000 0.957930 -0.101157
v -0.041717 0.987818 -0.056054
v -0.041717 0.957596 -0.050578
v 0.000000 0.910968 -0.106044
v -0.041717 0.903097 -0.055270
v 0.000000 0.868181 -0.126062
v -0.041717 0.852406 -0.074786
v -0.041717 0.827763 -0.088871
v 0.000000 0.829102 -0.218686
v 0.000000 0.838904 -0.166447
v 0.041717 0.794360 -0.128717
v 0.041717 0.776158 -0.177631
v 0.000000 0.983257 -0.230469
v 0.031815 0.962527 -0.263327
v 0.000000 0.901034 -0.192797
v 0.000000 1.014840 -0.209930
v 0.037563 1.005910 -0.263327
v 0.040349 1.045010 -0.251135
v 0.041717 1.068620 -0.214120
v 0.000000 1.020580 -0.162477
v 0.041717 1.075100 -0.169138
v 0.041717 1.067100 -0.133002
v 0.000000 0.999136 -0.119761
v 0.041717 1.037550 -0.082068
v 0.000000 0.957930 -0.101157
v 0.041717 0.987818 -0.056054
v 0.041717 0.957596 -0.050578
v 0.000000 0.910968 -0.106044
v 0.041717 0.903097 -0.055270
v 0.000000 0.868181 -0.126062
v 0.041717 0.852406 -0.074786
v 0.041717 0.827763 -0.088871
v 0.000000 1.349230 -0.563160
v -0.041717 1.373470 -0.599407
v -0.041717 1.341980 -0.604430
v 0.000000 1.312880 -0.569447
v 0.000000 1.271410 -0.561828
v -0.041717 1.321240 -0.600620
v 0.000000 1.377180 -0.541922
v -0.041717 1.405430 -0.585605
v 0.000000 1.500000 -0.492440
v 0.000000 1.500000 -0.535229
v -0.041717 1.443380 -0.532969
v -0.041717 1.446120 -0.501446
v 0.000000 1.451830 -0.608587
v -0.041717 1.405430 -0.585605
v -0.041717 1.428850 -0.565571
v 0.000000 1.483090 -0.576781
v 0.000000 1.392230 -0.510452
v -0.041717 1.443380 -0.532969
v -0.041717 1.436990 -0.474030
v 0.000000 1.483390 -0.451295
v 0.000000 1.382340 -0.477470
v -0.041717 1.436990 -0.474030
v 0.000000 1.423830 -0.394936
v 0.000000 1.458170 -0.418097
v -0.041717 1.420250 -0.447784
v -0.041717 1.393770 -0.427991
v 0.000000 1.350160 -0.458546
v -0.041717 1.361020 -0.421094
v 0.000000 1.342600 -0.382547
v 0.000000 1.382290 -0.382547
v -0.041717 1.361020 -0.421094
v -0.038325 1.326940 -0.421094
v 0.000000 1.315610 -0.458546
v -0.038325 1.326940 -0.421094
v 0.000000 1.278920 -0.413801
v 0.000000 1.306780 -0.392392
v -0.031632 1.295470 -0.433832
v 0.000000 1.262050 -0.476566
v 0.000000 1.264070 -0.443804
v -0.019324 1.275510 -0.465091
v 0.000000 1.287960 -0.476566
v -0.031632 1.295470 -0.433832
v 0.000000 1.272920 -0.507348
v -0.019324 1.275510 -0.465091
v 0.000000 1.312880 -0.569447
v 0.041717 1.341980 -0.604430
v 0.041717 1.373470 -0.599407
v 0.000000 1.349230 -0.563160
v 0.000000 1.371080 -0.639413
v 0.041717 1.341980 -0.604430
v 0.041717 1.321240 -0.600620
v 0.041717 1.405430 -0.585605
v 0.000000 1.377180 -0.541922
v 0.000000 1.392230 -0.510452
v 0.041717 1.443380 -0.532969
v 0.041717 1.446120 -0.501446
v 0.000000 1.483090 -0.576781
v 0.041717 1.428850 -0.565571
v 0.041717 1.405430 -0.585605
v 0.000000 1.451830 -0.608587
v 0.000000 1.483390 -0.451295
v 0.041717 1.436990 -0.474030
v 0.041717 1.446120 -0.501446
v 0.000000 1.500000 -0.492440
v 0.041717 1.436990 -0.474030
v 0.000000 1.382340 -0.477470
v 0.041717 1.420250 -0.447784
v 0.041717 1.393770 -0.427991
v 0.041717 1.361020 -0.421094
v 0.000000 1.350160 -0.458546
v 0.038325 1.326940 -0.421094
v 0.000000 1.315610 -0.458546
v 0.000000 1.278920 -0.413801
v 0.000000 1.264070 -0.443804
v 0.031632 1.295470 -0.433832
v 0.000000 1.262050 -0.476566
v 0.000000 1.272920 -0.507348
v 0.019324 1.275510 -0.465091
v 0.000000 1.287960 -0.476566
v 0.031632 1.295470 -0.433832
v 0.019324 1.275510 -0.465091
v 0.000000 1.272920 -0.507348
v 0.000000 1.414700 -0.630727
v 0.000000 1.371080 -0.639413
v -0.041717 1.341980 -0.604430
v -0.041717 1.373470 -0.599407
v -0.041717 1.321240 -0.600620
v -0.041717 1.446120 -0.501446
v -0.041717 1.428850 -0.565571
v -0.041717 1.393770 -0.427991
v -0.041717 1.420250 -0.447784
v 0.000000 1.272920 -0.507348
v 0.000000 1.414700 -0.630727
v 0.041717 1.373470 -0.599407
v 0.000000 1.271410 -0.561828
v 0.041717 1.321240 -0.600620
v 0.000000 1.500000 -0.535229
v 0.041717 1.443380 -0.532969
v 0.041717 1.428850 -0.565571
v 0.000000 1.458170 -0.418097
v 0.041717 1.420250 -0.447784
v 0.000000 1.423830 -0.394936
v 0.041717 1.393770 -0.427991
v 0.000000 1.382290 -0.382547
v 0.041717 1.361020 -0.421094
v 0.000000 1.342600 -0.382547
v 0.038325 1.326940 -0.421094
v 0.000000 1.306780 -0.392392
v 0.000000 1.500000 -0.863781
v 0.863781 1.500000 -0.000000
v 0.687366 1.433500 -0.050787
v 0.050787 1.433500 -0.687366
v 0.000000 2.613910 -0.000000
v 0.000000 1.500000 0.863781
v 0.050787 1.566500 0.687366
v 0.050787 2.387420 0.050787
v 0.863781 1.500000 -0.000000
v 0.000000 2.613910 -0.000000
v 0.050787 2.387420 0.050787
v 0.687366 1.566500 0.050787
v 0.000000 1.500000 0.863781
v 0.863781 1.500000 -0.000000
v 0.687366 1.566500 0.050787
v 0.050787 1.566500 0.687366
v 0.863781 1.500000 -0.000000
v 0.000000 0.386087 -0.000000
v 0.050787 0.612583 -0.050787
v 0.687366 1.433500 -0.050787
v 0.000000 2.613910 -0.000000
v -0.050787 2.387420 0.050787
v -0.050787 1.566500 0.687366
v 0.000000 1.500000 0.863781
v -0.863781 1.500000 -0.000000
v -0.687366 1.566500 0.050787
v -0.050787 2.387420 0.050787
v 0.000000 2.613910 -0.000000
v 0.000000 1.500000 0.863781
v -0.050787 1.566500 0.687366
v -0.687366 1.566500 0.050787
v -0.863781 1.500000 -0.000000
v 0.000000 0.386087 -0.000000
v 0.000000 1.500000 -0.863781
v 0.050787 1.433500 -0.687366
v 0.050787 0.612583 -0.050787
v 0.000000 2.613910 -0.000000
v 0.050787 2.387420 -0.050787
v 0.050787 1.566500 -0.687366
v 0.000000 1.500000 -0.863781
v 0.863781 1.500000 -0.000000
v 0.687366 1.566500 -0.050787
v 0.050787 2.387420 -0.050787
v 0.000000 2.613910 -0.000000
v 0.000000 1.500000 -0.863781
v 0.050787 1.566500 -0.687366
v 0.687366 1.566500 -0.050787
v 0.863781 1.500000 -0.000000
v 0.000000 1.500000 -0.863781
v -0.050787 1.433500 -0.687366
v -0.687366 1.433500 -0.050787
v -0.863781 1.500000 -0.000000
v 0.000000 2.613910 -0.000000
v 0.000000 1.500000 -0.863781
v -0.050787 1.566500 -0.687366
v -0.050787 2.387420 -0.050787
v -0.863781 1.500000 -0.000000
v 0.000000 2.613910 -0.000000
v -0.050787 2.387420 -0.050787
v -0.687366 1.566500 -0.050787
v 0.000000 1.500000 -0.863781
v -0.863781 1.500000 -0.000000
v -0.687366 1.566500 -0.050787
v -0.050787 1.566500 -0.687366
v -0.863781 1.500000 -0.000000
v -0.687366 1.433500 -0.050787
v -0.050787 0.612583 -0.050787
v 0.000000 0.386087 -0.000000
v 0.000000 0.386087 -0.000000
v 0.000000 1.500000 0.863781
v -0.050787 1.433500 0.687366
v -0.050787 0.612583 0.050787
v -0.863781 1.500000 -0.000000
v 0.000000 0.386087 -0.000000
v -0.050787 0.612583 0.050787
v -0.687366 1.433500 0.050787
v 0.000000 1.500000 0.863781
v -0.863781 1.500000 -0.000000
v -0.687366 1.433500 0.050787
v -0.050787 1.433500 0.687366
v 0.000000 0.386087 -0.000000
v -0.050787 0.612583 -0.050787
v -0.050787 1.433500 -0.687366
v 0.000000 1.500000 -0.863781
v 0.000000 0.386087 -0.000000
v 0.050787 0.612583 0.050787
v 0.050787 1.433500 0.687366
v 0.000000 1.500000 0.863781
v 0.863781 1.500000 -0.000000
v 0.687366 1.433500 0.050787
v 0.050787 0.612583 0.050787
v 0.000000 0.386087 -0.000000
v 0.000000 1.500000 0.863781
v 0.050787 1.433500 0.687366
v 0.687366 1.433500 0.050787
v 0.863781 1.500000 -0.000000
v -0.687366 1.566500 0.050787
v -0.050787 1.566500 0.687366
v -0.050787 1.433500 0.687366
v -0.687366 1.433500 0.050787
v 0.050787 1.566500 0.687366
v 0.687366 1.566500 0.050787
v 0.687366 1.433500 0.050787
v 0.050787 1.433500 0.687366
v -0.050787 1.566500 -0.687366
v -0.687366 1.566500 -0.050787
v -0.687366 1.433500 -0.050787
v -0.050787 1.433500 -0.687366
v -0.050787 2.387420 -0.050787
v -0.050787 1.566500 -0.687366
v 0.050787 1.566500 -0.687366
v 0.050787 2.387420 -0.050787
v -0.687366 1.566500 -0.050787
v -0.050787 2.387420 -0.050787
v -0.050787 2.387420 0.050787
v -0.687366 1.566500 0.050787
v -0.050787 1.566500 0.687366
v -0.050787 2.387420 0.050787
v 0.050787 2.387420 0.050787
v 0.050787 1.566500 0.687366
v 0.050787 2.387420 -0.050787
v 0.687366 1.566500 -0.050787
v 0.687366 1.566500 0.050787
v 0.050787 2.387420 0.050787
v -0.050787 0.612583 0.050787
v -0.050787 1.433500 0.687366
v 0.050787 1.433500 0.687366
v 0.050787 0.612583 0.050787
v -0.687366 1.433500 0.050787
v -0.050787 0.612583 0.050787
v -0.050787 0.612583 -0.050787
v -0.687366 1.433500 -0.050787
v 0.687366 1.566500 -0.050787
v 0.050787 1.566500 -0.687366
v 0.050787 1.433500 -0.687366
v 0.687366 1.433500 -0.050787
v 0.050787 0.612583 -0.050787
v 0.050787 1.433500 -0.687366
v -0.050787 1.433500 -0.687366
v -0.050787 0.612583 -0.050787
v 0.050787 1.566500 -0.687366
v -0.050787 1.566500 -0.687366
v -0.050787 1.433500 -0.687366
v 0.050787 1.433500 -0.687366
v 0.050787 0.612583 0.050787
v 0.687366 1.433500 0.050787
v 0.687366 1.433500 -0.050787
v 0.050787 0.612583 -0.050787
v 0.687366 1.566500 0.050787
v 0.687366 1.566500 -0.050787
v 0.687366 1.433500 -0.050787
v 0.687366 1.433500 0.050787
v -0.687366 1.566500 0.050787
v -0.687366 1.433500 0.050787
v -0.687366 1.433500 -0.050787
v -0.687366 1.566500 -0.050787
v -0.050787 1.433500 0.687366
v -0.050787 1.566500 0.687366
v 0.050787 1.566500 0.687366
v 0.050787 1.433500 0.687366
v -0.050787 0.612583 -0.050787
v -0.050787 0.612583 0.050787
v 0.050787 0.612583 0.050787
v 0.050787 0.612583 -0.050787
v -0.050787 2.387420 0.050787
v -0.050787 2.387420 -0.050787
v 0.050787 2.387420 -0.050787
v 0.050787 2.387420 0.050787
v -0.095647 1.113630 0.039618
v -0.103528 1.113630 -0.000000
v 0.000000 1.100000 -0.000000
v -0.184776 1.153590 0.076537
v -0.200000 1.153590 -0.000000
v -0.261313 1.217160 0.108239
v -0.282843 1.217160 -0.000000
v -0.320041 1.300000 0.132565
v -0.346410 1.300000 -0.000000
v -0.356960 1.396470 0.147858
v -0.386370 1.396470 -0.000000
v -0.369552 1.500000 0.153073
v -0.400000 1.500000 -0.000000
v -0.356960 1.603530 0.147858
v -0.386370 1.603530 -0.000000
v -0.320041 1.700000 0.132565
v -0.346410 1.700000 -0.000000
v -0.261313 1.782840 0.108239
v -0.282843 1.782840 -0.000000
v -0.184776 1.846410 0.076537
v -0.200000 1.846410 -0.000000
v -0.095647 1.886370 0.039618
v -0.103528 1.886370 -0.000000
v 0.000000 1.900000 -0.000000
v -0.073205 1.113630 0.073205
v 0.000000 1.100000 -0.000000
v -0.141421 1.153590 0.141421
v -0.200000 1.217160 0.200000
v -0.244949 1.300000 0.244949
v -0.273205 1.396470 0.273205
v -0.282843 1.500000 0.282843
v -0.273205 1.603530 0.273205
v -0.244949 1.700000 0.244949
v -0.200000 1.782840 0.200000
v -0.141421 1.846410 0.141421
v -0.073205 1.886370 0.073205
v 0.000000 1.900000 -0.000000
v -0.039618 1.113630 0.095647
v 0.000000 1.100000 -0.000000
v -0.076537 1.153590 0.184776
v -0.108239 1.217160 0.261313
v -0.132565 1.300000 0.320041
v -0.147858 1.396470 0.356960
v -0.153073 1.500000 0.369552
v -0.147858 1.603530 0.356960
v -0.132565 1.700000 0.320041
v -0.108239 1.782840 0.261313
v -0.076537 1.846410 0.184776
v -0.039618 1.886370 0.095647
v 0.000000 1.900000 -0.000000
v 0.000000 1.113630 0.103528
v 0.000000 1.100000 -0.000000
v 0.000000 1.153590 0.200000
v 0.000000 1.217160 0.282843
v 0.000000 1.300000 0.346410
v 0.000000 1.396470 0.386370
v 0.000000 1.500000 0.400000
v 0.000000 1.603530 0.386370
v 0.000000 1.700000 0.346410
v 0.000000 1.782840 0.282843
v 0.000000 1.846410 0.200000
v 0.000000 1.886370 0.103528
v 0.000000 1.900000 -0.000000
v 0.039618 1.113630 0.095647
v 0.000000 1.113630 0.103528
v 0.000000 1.100000 -0.000000
v 0.076537 1.153590 0.184776
v 0.000000 1.153590 0.200000
v 0.108239 1.217160 0.261313
v 0.000000 1.217160 0.282843
v 0.132565 1.300000 0.320041
v 0.000000 1.300000 0.346410
v 0.147858 1.396470 0.356960
v 0.000000 1.396470 0.386370
v 0.153073 1.500000 0.369552
v 0.000000 1.500000 0.400000
v 0.147858 1.603530 0.356960
v 0.000000 1.603530 0.386370
v 0.132565 1.700000 0.320041
v 0.000000 1.700000 0.346410
v 0.108239 1.782840 0.261313
v 0.000000 1.782840 0.282843
v 0.076537 1.846410 0.184776
v 0.000000 1.846410 0.200000
v 0.039618 1.886370 0.095647
v 0.000000 1.886370 0.103528
v 0.000000 1.900000 -0.000000
v 0.073205 1.113630 0.073205
v 0.000000 1.100000 -0.000000
v 0.141421 1.153590 0.141421
v 0.200000 1.217160 0.200000
v 0.244949 1.300000 0.244949
v 0.273205 1.396470 0.273205
v 0.282843 1.500000 0.282843
v 0.273205 1.603530 0.273205
v 0.244949 1.700000 0.244949
v 0.200000 1.782840 0.200000
v 0.141421 1.846410 0.141421
v 0.073205 1.886370 0.073205
v 0.000000 1.900000 -0.000000
v 0.095647 1.113630 0.039618
v 0.000000 1.100000 -0.000000
v 0.184776 1.153590 0.076537
v 0.261313 1.217160 0.108239
v 0.320041 1.300000 0.132565
v 0.356960 1.396470 0.147858
v 0.369552 1.500000 0.153073
v 0.356960 1.603530 0.147858
v 0.320041 1.700000 0.132565
v 0.261313 1.782840 0.108239
v 0.184776 1.846410 0.076537
v 0.095647 1.886370 0.039618
v 0.000000 1.900000 -0.000000
v 0.103528 1.113630 -0.000000
v 0.000000 1.100000 -0.000000
v 0.200000 1.153590 -0.000000
v 0.282843 1.217160 -0.000000
v 0.346410 1.300000 -0.000000
v 0.386370 1.396470 -0.000000
v 0.400000 1.500000 -0.000000
v 0.386370 1.603530 -0.000000
v 0.346410 1.700000 -0.000000
v 0.282843 1.782840 -0.000000
v 0.200000 1.846410 -0.000000
v 0.103528 1.886370 -0.000000
v 0.000000 1.900000 -0.000000
v 0.095647 1.113630 -0.039618
v 0.000000 1.100000 -0.000000
v 0.184776 1.153590 -0.076537
v 0.261313 1.217160 -0.108239
v 0.320041 1.300000 -0.132565
v 0.356960 1.396470 -0.147858
v 0.369552 1.500000 -0.153073
v 0.356960 1.603530 -0.147858
v 0.320041 1.700000 -0.132565
v 0.261313 1.782840 -0.108239
v 0.184776 1.846410 -0.076537
v 0.095647 1.886370 -0.039618
v 0.000000 1.900000 -0.000000
v 0.073205 1.113630 -0.073205
v 0.141421 1.153590 -0.141421
v 0.200000 1.217160 -0.200000
v 0.244949 1.300000 -0.244949
v 0.273205 1.396470 -0.273205
v 0.282843 1.500000 -0.282843
v 0.273205 1.603530 -0.273205
v 0.244949 1.700000 -0.244949
v 0.200000 1.782840 -0.200000
v 0.141421 1.846410 -0.141421
v 0.073205 1.886370 -0.073205
v 0.039618 1.113630 -0.095647
v 0.076537 1.153590 -0.184776
v 0.108239 1.217160 -0.261313
v 0.132565 1.300000 -0.320041
v 0.147858 1.396470 -0.356960
v 0.153073 1.500000 -0.369552
v 0.147858 1.603530 -0.356960
v 0.132565 1.700000 -0.320041
v 0.108239 1.782840 -0.261313
v 0.076537 1.846410 -0.184776
v 0.039618 1.886370 -0.095647
v 0.000000 1.900000 -0.000000
v 0.000000 1.113630 -0.103528
v 0.000000 1.100000 -0.000000
v 0.000000 1.153590 -0.200000
v 0.000000 1.217160 -0.282843
v 0.000000 1.300000 -0.346410
v 0.000000 1.396470 -0.386370
v 0.000000 1.500000 -0.400000
v 0.000000 1.603530 -0.386370
v 0.000000 1.700000 -0.346410
v 0.000000 1.782840 -0.282843
v 0.000000 1.846410 -0.200000
v 0.000000 1.886370 -0.103528
v 0.000000 1.900000 -0.000000
v -0.039618 1.113630 -0.095647
v 0.000000 1.113630 -0.103528
v -0.076537 1.153590 -0.184776
v 0.000000 1.153590 -0.200000
v -0.108239 1.217160 -0.261313
v 0.000000 1.217160 -0.282843
v -0.132565 1.300000 -0.320041
v 0.000000 1.300000 -0.346410
v -0.147858 1.396470 -0.356960
v 0.000000 1.396470 -0.386370
v -0.153073 1.500000 -0.369552
v 0.000000 1.500000 -0.400000
v -0.147858 1.603530 -0.356960
v 0.000000 1.603530 -0.386370
v -0.132565 1.700000 -0.320041
v 0.000000 1.700000 -0.346410
v -0.108239 1.782840 -0.261313
v 0.000000 1.782840 -0.282843
v -0.076537 1.846410 -0.184776
v 0.000000 1.846410 -0.200000
v -0.039618 1.886370 -0.095647
v 0.000000 1.886370 -0.103528
v -0.073205 1.113630 -0.073205
v -0.141421 1.153590 -0.141421
v -0.200000 1.217160 -0.200000
v -0.244949 1.300000 -0.244949
v -0.273205 1.396470 -0.273205
v -0.282843 1.500000 -0.282843
v -0.273205 1.603530 -0.273205
v -0.244949 1.700000 -0.244949
v -0.200000 1.782840 -0.200000
v -0.141421 1.846410 -0.141421
v -0.073205 1.886370 -0.073205
v -0.095647 1.113630 -0.039618
v 0.000000 1.100000 -0.000000
v -0.184776 1.153590 -0.076537
v -0.261313 1.217160 -0.108239
v -0.320041 1.300000 -0.132565
v -0.356960 1.396470 -0.147858
v -0.369552 1.500000 -0.153073
v -0.356960 1.603530 -0.147858
v -0.320041 1.700000 -0.132565
v -0.261313 1.782840 -0.108239
v -0.184776 1.846410 -0.076537
v -0.095647 1.886370 -0.039618
v -0.103528 1.113630 -0.000000
vn 0.7786 -0.0408 -0.6262
vn 0.8062 -0.1481 -0.5728
vn 0.7493 0.0428 -0.6609
vn 0.7786 -0.0407 -0.6262
vn 0.6327 0.2492 -0.7332
vn 0.7493 0.0429 -0.6609
vn 0.6492 0.2258 -0.7263
vn 0.5399 0.3574 -0.7621
vn 0.6326 0.2493 -0.7333
vn 0.6491 0.2258 -0.7264
vn 0.4621 0.4147 -0.7839
vn 0.5398 0.3574 -0.7621
vn 0.3361 0.4938 -0.8020
vn 0.3360 0.4938 -0.8020
vn 0.4620 0.4147 -0.7839
vn 0.1665 0.5752 -0.8009
vn 0.0450 0.5822 -0.8118
vn 0.1665 0.5752 -0.8008
vn 0.0449 0.5822 -0.8118
vn -0.0688 0.6034 -0.7944
vn 0.1665 0.5753 -0.8008
vn -0.2527 0.5739 -0.7790
vn -0.0689 0.6034 -0.7944
vn -0.4202 0.4694 -0.7766
vn -0.4452 0.4819 -0.7547
vn -0.2528 0.5739 -0.7790
vn -0.4203 0.4693 -0.7766
vn -0.5901 0.2493 -0.7679
vn -0.4453 0.4818 -0.7547
vn -0.5901 0.2492 -0.7679
vn -0.6764 0.1510 -0.7209
vn -0.6897 0.2125 -0.6922
vn -0.6764 0.1511 -0.7208
vn -0.6898 0.2124 -0.6922
vn -0.7312 -0.0143 -0.6820
vn -0.6897 0.2124 -0.6922
vn -0.6825 -0.1783 -0.7088
vn -0.7313 -0.0144 -0.6819
vn -0.6823 -0.2558 -0.6848
vn -0.4912 -0.5402 -0.6833
vn -0.6827 -0.2562 -0.6843
vn -0.6824 -0.1784 -0.7088
vn -0.5115 -0.5515 -0.6590
vn -0.6828 -0.2562 -0.6843
vn -0.4911 -0.5402 -0.6833
vn -0.3362 -0.6881 -0.6430
vn -0.5114 -0.5515 -0.6590
vn -0.1477 0.7683 0.6228
vn -0.2531 0.7169 0.6496
vn 0.0740 0.7685 0.6356
vn -0.1476 0.7684 0.6228
vn 0.2409 0.7500 0.6161
vn 0.2410 0.7499 0.6161
vn 0.5055 0.5500 0.6648
vn 0.5079 0.5880 0.6295
vn 0.5056 0.5500 0.6648
vn 0.6815 0.3181 0.6591
vn 0.7117 0.1449 0.6873
vn 0.7297 0.0678 0.6804
vn 0.6815 0.3180 0.6591
vn 0.7118 0.1449 0.6873
vn 0.7118 0.1448 0.6873
vn 0.7145 -0.0619 0.6969
vn 0.7082 -0.0967 0.6994
vn 0.6349 -0.2744 0.7223
vn 0.7082 -0.0968 0.6994
vn 0.6349 -0.2744 0.7222
vn 0.6160 -0.3038 0.7268
vn 0.6159 -0.3039 0.7268
vn 0.6348 -0.2745 0.7223
vn 0.4677 -0.4601 0.7547
vn 0.4571 -0.4678 0.7564
vn 0.4570 -0.4679 0.7564
vn 0.2940 -0.5567 0.7769
vn 0.2940 -0.5567 0.7770
vn 0.2919 -0.5574 0.7772
vn 0.0944 -0.5975 0.7963
vn 0.0936 -0.5975 0.7964
vn 0.0935 -0.5975 0.7964
vn -0.1459 -0.5852 0.7977
vn -0.1256 -0.5886 0.7986
vn -0.1257 -0.5886 0.7986
vn -0.1460 -0.5852 0.7977
vn -0.3790 -0.5085 0.7732
vn -0.3297 -0.5304 0.7810
vn -0.5325 -0.4045 0.7435
vn -0.3790 -0.5084 0.7732
vn -0.5632 -0.3705 0.7386
vn -0.6815 -0.2019 0.7035
vn -0.6814 -0.2019 0.7035
vn -0.6491 -0.2555 0.7165
vn -0.6491 -0.2554 0.7165
vn -0.6815 -0.2019 0.7034
vn -0.7542 -0.0448 0.6551
vn -0.7542 -0.0449 0.6551
vn -0.7228 -0.1235 0.6799
vn -0.7229 -0.1234 0.6799
vn -0.7543 -0.0448 0.6551
vn -0.8062 0.1481 0.5728
vn -0.1477 0.7683 -0.6228
vn 0.0740 0.7685 -0.6356
vn -0.2531 0.7169 -0.6496
vn 0.2409 0.7500 -0.6160
vn -0.1476 0.7684 -0.6228
vn 0.2410 0.7499 -0.6161
vn 0.5055 0.5500 -0.6648
vn 0.5079 0.5880 -0.6295
vn 0.6815 0.3181 -0.6590
vn 0.5056 0.5500 -0.6648
vn 0.6815 0.3181 -0.6591
vn 0.7117 0.1449 -0.6873
vn 0.7297 0.0678 -0.6804
vn 0.7118 0.1448 -0.6873
vn 0.6815 0.3180 -0.6591
vn 0.7082 -0.0967 -0.6994
vn 0.7145 -0.0619 -0.6969
vn 0.6160 -0.3038 -0.7268
vn 0.7145 -0.0620 -0.6969
vn 0.6349 -0.2744 -0.7223
vn 0.4571 -0.4678 -0.7564
vn 0.6348 -0.2745 -0.7223
vn 0.6159 -0.3039 -0.7268
vn 0.4677 -0.4601 -0.7547
vn 0.2919 -0.5574 -0.7772
vn 0.4677 -0.4602 -0.7547
vn 0.4571 -0.4679 -0.7564
vn 0.2940 -0.5567 -0.7769
vn 0.0936 -0.5975 -0.7964
vn 0.2940 -0.5567 -0.7770
vn 0.0944 -0.5975 -0.7963
vn -0.1256 -0.5886 -0.7986
vn 0.0935 -0.5975 -0.7964
vn -0.1459 -0.5852 -0.7977
vn -0.3297 -0.5304 -0.7810
vn -0.1460 -0.5852 -0.7977
vn -0.1257 -0.5886 -0.7986
vn -0.3790 -0.5085 -0.7732
vn -0.5632 -0.3705 -0.7386
vn -0.3791 -0.5084 -0.7732
vn -0.5325 -0.4045 -0.7435
vn -0.6491 -0.2555 -0.7165
vn -0.6814 -0.2019 -0.7035
vn -0.7229 -0.1234 -0.6799
vn -0.6815 -0.2018 -0.7034
vn -0.6491 -0.2554 -0.7165
vn -0.7542 -0.0449 -0.6551
vn -0.6815 -0.2019 -0.7035
vn -0.8062 0.1481 -0.5728
vn -0.7542 -0.0448 -0.6551
vn -0.3362 -0.6881 0.6430
vn -0.4911 -0.5402 0.6833
vn -0.5114 -0.5515 0.6590
vn -0.4912 -0.5402 0.6833
vn -0.6828 -0.2562 0.6843
vn -0.5115 -0.5515 0.6590
vn -0.6824 -0.1784 0.7088
vn -0.6825 -0.1783 0.7088
vn -0.7313 -0.0144 0.6819
vn -0.6828 -0.2561 0.6842
vn -0.6897 0.2124 0.6922
vn -0.6898 0.2125 0.6922
vn -0.6764 0.1510 0.7209
vn -0.7313 -0.0143 0.6819
vn -0.6897 0.2125 0.6922
vn -0.4203 0.4693 0.7766
vn -0.6764 0.1511 0.7209
vn -0.5914 0.2495 0.7668
vn -0.4453 0.4819 0.7547
vn -0.5901 0.2493 0.7679
vn -0.4452 0.4819 0.7547
vn -0.4203 0.4694 0.7766
vn -0.2528 0.5738 0.7790
vn -0.4202 0.4694 0.7766
vn 0.0449 0.5822 0.8118
vn -0.2527 0.5739 0.7790
vn -0.0689 0.6034 0.7944
vn 0.1665 0.5753 0.8008
vn -0.0688 0.6034 0.7945
vn 0.0450 0.5822 0.8118
vn 0.4620 0.4147 0.7839
vn 0.1665 0.5752 0.8008
vn 0.3363 0.4944 0.8016
vn 0.1665 0.5752 0.8009
vn 0.4621 0.4147 0.7839
vn 0.5398 0.3574 0.7621
vn 0.3361 0.4938 0.8020
vn 0.4621 0.4146 0.7839
vn 0.6326 0.2493 0.7333
vn 0.5399 0.3574 0.7621
vn 0.6492 0.2259 0.7263
vn 0.6492 0.2258 0.7263
vn 0.7493 0.0429 0.6609
vn 0.6327 0.2492 0.7332
vn 0.7786 -0.0407 0.6262
vn 0.8062 -0.1481 0.5728
vn 0.7493 0.0428 0.6609
vn 0.7786 -0.0408 0.6262
vn 0.7493 0.0429 0.6608
vn 0.6712 -0.2775 0.6873
vn 0.6211 -0.4799 0.6197
vn 0.6702 -0.2826 0.6863
vn 0.7035 -0.1049 0.7030
vn 0.6712 -0.2774 0.6874
vn 0.7035 -0.1048 0.7030
vn 0.6765 0.0507 0.7347
vn 0.6765 0.0508 0.7346
vn 0.6334 0.2168 0.7428
vn 0.2365 0.5462 0.8036
vn 0.6765 0.0508 0.7347
vn 0.6334 0.2169 0.7428
vn 0.2364 0.5462 0.8036
vn 0.4614 0.4171 0.7830
vn 0.4613 0.4172 0.7830
vn 0.1401 0.5970 0.7899
vn 0.0273 0.6082 0.7933
vn 0.0274 0.6082 0.7933
vn -0.1173 0.5834 0.8037
vn -0.1174 0.5834 0.8037
vn -0.2608 0.5579 0.7879
vn -0.1174 0.5833 0.8037
vn -0.2609 0.5578 0.7879
vn -0.4283 0.4222 0.7990
vn -0.4283 0.4222 0.7989
vn -0.4324 0.4181 0.7989
vn -0.4324 0.4180 0.7989
vn -0.4283 0.4221 0.7989
vn -0.5750 0.2464 0.7802
vn -0.4325 0.4180 0.7989
vn -0.5750 0.2463 0.7802
vn -0.6082 0.0998 0.7875
vn -0.6082 0.0997 0.7875
vn -0.6334 -0.0214 0.7735
vn -0.6334 -0.0215 0.7735
vn -0.6090 -0.1495 0.7789
vn -0.6090 -0.1496 0.7789
vn -0.6067 -0.1581 0.7791
vn -0.6067 -0.1582 0.7791
vn -0.5718 -0.2576 0.7789
vn -0.6066 -0.1582 0.7791
vn -0.4704 -0.3692 0.8015
vn -0.4001 -0.4400 0.8039
vn -0.4703 -0.3693 0.8015
vn -0.4000 -0.4401 0.8039
vn -0.2711 -0.5163 0.8123
vn -0.2464 -0.5280 0.8127
vn -0.1567 -0.5661 0.8093
vn -0.1567 -0.5661 -0.8093
vn -0.2711 -0.5163 -0.8124
vn -0.2711 -0.5164 -0.8123
vn -0.2464 -0.5280 -0.8127
vn -0.2711 -0.5163 -0.8123
vn -0.4000 -0.4401 -0.8040
vn -0.4000 -0.4401 -0.8039
vn -0.4703 -0.3693 -0.8015
vn -0.4704 -0.3692 -0.8015
vn -0.4001 -0.4400 -0.8039
vn -0.5718 -0.2576 -0.7789
vn -0.6090 -0.1496 -0.7790
vn -0.6090 -0.1496 -0.7789
vn -0.6067 -0.1582 -0.7791
vn -0.6067 -0.1581 -0.7791
vn -0.6334 -0.0214 -0.7735
vn -0.6082 0.0997 -0.7875
vn -0.5750 0.2463 -0.7802
vn -0.6082 0.0998 -0.7875
vn -0.4283 0.4221 -0.7990
vn -0.4284 0.4222 -0.7989
vn -0.4325 0.4180 -0.7989
vn -0.4324 0.4180 -0.7989
vn -0.4283 0.4222 -0.7989
vn -0.2608 0.5578 -0.7879
vn -0.2609 0.5578 -0.7879
vn -0.1174 0.5834 -0.8037
vn -0.2608 0.5579 -0.7879
vn 0.0273 0.6082 -0.7933
vn -0.1173 0.5834 -0.8037
vn 0.0274 0.6082 -0.7933
vn 0.1401 0.5970 -0.7899
vn 0.2364 0.5462 -0.8036
vn 0.4613 0.4172 -0.7830
vn 0.2365 0.5462 -0.8036
vn 0.4614 0.4171 -0.7830
vn 0.6334 0.2168 -0.7428
vn 0.2365 0.5461 -0.8036
vn 0.6334 0.2169 -0.7428
vn 0.6765 0.0508 -0.7347
vn 0.7035 -0.1048 -0.7030
vn 0.6765 0.0508 -0.7346
vn 0.6765 0.0507 -0.7347
vn 0.7034 -0.1049 -0.7030
vn 0.6702 -0.2826 -0.6863
vn 0.6766 0.0507 -0.7346
vn 0.6713 -0.2775 -0.6873
vn 0.6712 -0.2775 -0.6873
vn 0.6211 -0.4799 -0.6197
vn -0.3651 0.6531 -0.6634
vn -0.1916 0.7718 -0.6063
vn -0.3724 0.6472 -0.6652
vn -0.5241 0.4929 -0.6945
vn -0.3652 0.6531 -0.6634
vn -0.3724 0.6471 -0.6652
vn -0.5241 0.4929 -0.6946
vn -0.5481 0.4004 -0.7343
vn -0.6422 0.0931 -0.7609
vn -0.5241 0.4928 -0.6946
vn -0.5482 0.4003 -0.7343
vn -0.5482 0.4004 -0.7343
vn -0.5925 -0.1126 -0.7977
vn -0.6422 0.0930 -0.7609
vn -0.5789 -0.1818 -0.7948
vn -0.4256 -0.4000 -0.8117
vn -0.5789 -0.1819 -0.7949
vn -0.5925 -0.1127 -0.7977
vn -0.5925 -0.1127 -0.7976
vn -0.4573 -0.3641 -0.8114
vn -0.1958 -0.5596 -0.8053
vn -0.4572 -0.3642 -0.8114
vn -0.2000 -0.5578 -0.8055
vn 0.0281 -0.6060 -0.7950
vn -0.1958 -0.5597 -0.8053
vn -0.1999 -0.5579 -0.8055
vn 0.0299 -0.6062 -0.7948
vn 0.2510 -0.5574 -0.7914
vn 0.0299 -0.6062 -0.7947
vn 0.2511 -0.5574 -0.7914
vn 0.0300 -0.6062 -0.7947
vn 0.2359 -0.5641 -0.7913
vn 0.4318 -0.4219 -0.7972
vn 0.4318 -0.4218 -0.7972
vn 0.2360 -0.5641 -0.7913
vn 0.4355 -0.4182 -0.7972
vn 0.5783 -0.2342 -0.7815
vn 0.4319 -0.4218 -0.7972
vn 0.4355 -0.4181 -0.7972
vn 0.5892 -0.2121 -0.7797
vn 0.6345 -0.0197 -0.7727
vn 0.6344 -0.0242 -0.7726
vn 0.6136 0.1279 -0.7792
vn 0.6345 -0.0196 -0.7727
vn 0.6124 0.1322 -0.7794
vn 0.5716 0.2483 -0.7821
vn 0.6124 0.1323 -0.7794
vn 0.5681 0.2547 -0.7825
vn 0.4544 0.3919 -0.7999
vn 0.5715 0.2483 -0.7821
vn 0.4545 0.3919 -0.7999
vn 0.4652 0.3821 -0.7985
vn 0.3211 0.4771 -0.8180
vn 0.4652 0.3822 -0.7985
vn 0.3211 0.4771 -0.8181
vn 0.4651 0.3822 -0.7985
vn 0.3123 0.4813 -0.8190
vn 0.2421 0.5105 -0.8251
vn 0.3211 0.4772 -0.8180
vn -0.1916 0.7718 0.6063
vn -0.3651 0.6532 0.6634
vn -0.3724 0.6472 0.6652
vn -0.3652 0.6531 0.6634
vn -0.5482 0.4004 0.7343
vn -0.3724 0.6471 0.6652
vn -0.5241 0.4929 0.6946
vn -0.5481 0.4004 0.7343
vn -0.5241 0.4928 0.6946
vn -0.6422 0.0931 0.7609
vn -0.5482 0.4003 0.7343
vn -0.6422 0.0930 0.7609
vn -0.5925 -0.1126 0.7976
vn -0.5789 -0.1818 0.7948
vn -0.5789 -0.1818 0.7949
vn -0.4572 -0.3641 0.8114
vn -0.5925 -0.1127 0.7977
vn -0.5789 -0.1819 0.7948
vn -0.4256 -0.4000 0.8117
vn -0.4573 -0.3641 0.8114
vn -0.2000 -0.5578 0.8055
vn -0.4572 -0.3642 0.8114
vn -0.1959 -0.5596 0.8053
vn -0.1999 -0.5578 0.8055
vn -0.1958 -0.5596 0.8053
vn 0.0299 -0.6062 0.7948
vn -0.1999 -0.5579 0.8055
vn 0.0281 -0.6060 0.7950
vn 0.0299 -0.6062 0.7947
vn 0.2359 -0.5641 0.7913
vn 0.2511 -0.5574 0.7914
vn 0.2359 -0.5642 0.7913
vn 0.4354 -0.4182 0.7972
vn 0.4318 -0.4218 0.7972
vn 0.4355 -0.4182 0.7972
vn 0.4319 -0.4218 0.7972
vn 0.5891 -0.2122 0.7797
vn 0.4355 -0.4181 0.7972
vn 0.5783 -0.2342 0.7815
vn 0.6344 -0.0242 0.7726
vn 0.5892 -0.2121 0.7797
vn 0.6345 -0.0197 0.7727
vn 0.6345 -0.0196 0.7727
vn 0.6124 0.1322 0.7794
vn 0.6344 -0.0241 0.7726
vn 0.6136 0.1278 0.7792
vn 0.6136 0.1279 0.7792
vn 0.5681 0.2547 0.7825
vn 0.6124 0.1323 0.7794
vn 0.5716 0.2483 0.7821
vn 0.5715 0.2483 0.7821
vn 0.4652 0.3821 0.7985
vn 0.4545 0.3919 0.7999
vn 0.4544 0.3919 0.7999
vn 0.3124 0.4813 0.8190
vn 0.4652 0.3822 0.7985
vn 0.3211 0.4771 0.8180
vn 0.3211 0.4772 0.8180
vn 0.2420 0.5105 0.8251
vn 0.3123 0.4813 0.8190
vn 0.3211 0.4771 0.8181
vn 0.2421 0.5105 0.8251
vn -0.7786 -0.0408 -0.6262
vn -0.8062 -0.1481 -0.5728
vn -0.7493 0.0429 -0.6608
vn -0.7786 -0.0407 -0.6262
vn -0.7493 0.0429 -0.6609
vn -0.6326 0.2492 -0.7332
vn -0.6327 0.2492 -0.7332
vn -0.6492 0.2258 -0.7263
vn -0.6492 0.2258 -0.7264
vn -0.6326 0.2493 -0.7333
vn -0.5399 0.3574 -0.7621
vn -0.6491 0.2258 -0.7264
vn -0.5398 0.3574 -0.7621
vn -0.4621 0.4147 -0.7839
vn -0.3361 0.4938 -0.8020
vn -0.3363 0.4944 -0.8016
vn -0.1665 0.5752 -0.8009
vn -0.4620 0.4147 -0.7839
vn -0.1665 0.5752 -0.8008
vn -0.0450 0.5822 -0.8118
vn -0.0449 0.5822 -0.8118
vn -0.1665 0.5753 -0.8008
vn 0.0688 0.6034 -0.7945
vn 0.0689 0.6034 -0.7944
vn 0.2527 0.5739 -0.7790
vn 0.4202 0.4694 -0.7766
vn 0.4452 0.4819 -0.7547
vn 0.4203 0.4694 -0.7766
vn 0.2528 0.5738 -0.7790
vn 0.4203 0.4693 -0.7766
vn 0.4453 0.4819 -0.7547
vn 0.5901 0.2493 -0.7679
vn 0.5914 0.2495 -0.7668
vn 0.6764 0.1510 -0.7209
vn 0.6764 0.1511 -0.7208
vn 0.6897 0.2125 -0.6922
vn 0.6898 0.2125 -0.6922
vn 0.7313 -0.0143 -0.6819
vn 0.6897 0.2124 -0.6922
vn 0.7313 -0.0144 -0.6819
vn 0.6825 -0.1783 -0.7088
vn 0.6828 -0.2561 -0.6842
vn 0.4912 -0.5402 -0.6833
vn 0.6824 -0.1784 -0.7088
vn 0.6828 -0.2562 -0.6843
vn 0.5115 -0.5515 -0.6590
vn 0.4911 -0.5402 -0.6833
vn 0.5114 -0.5515 -0.6590
vn 0.3362 -0.6881 -0.6430
vn 0.1477 0.7683 0.6228
vn -0.0740 0.7685 0.6356
vn 0.2531 0.7169 0.6496
vn 0.1476 0.7684 0.6228
vn -0.2409 0.7500 0.6160
vn -0.2410 0.7499 0.6161
vn -0.5055 0.5500 0.6648
vn -0.5079 0.5880 0.6295
vn -0.6815 0.3181 0.6590
vn -0.5056 0.5500 0.6648
vn -0.6815 0.3181 0.6591
vn -0.7117 0.1449 0.6873
vn -0.7297 0.0678 0.6804
vn -0.7118 0.1448 0.6873
vn -0.6815 0.3180 0.6591
vn -0.7145 -0.0619 0.6969
vn -0.7082 -0.0967 0.6994
vn -0.6349 -0.2744 0.7223
vn -0.6160 -0.3038 0.7268
vn -0.6349 -0.2744 0.7222
vn -0.6159 -0.3039 0.7268
vn -0.4677 -0.4601 0.7547
vn -0.6348 -0.2745 0.7223
vn -0.6159 -0.3038 0.7268
vn -0.4571 -0.4678 0.7564
vn -0.4570 -0.4679 0.7564
vn -0.2940 -0.5567 0.7769
vn -0.4677 -0.4602 0.7547
vn -0.4571 -0.4678 0.7565
vn -0.2919 -0.5574 0.7772
vn -0.0944 -0.5975 0.7963
vn -0.0936 -0.5975 0.7964
vn -0.2940 -0.5567 0.7770
vn 0.1459 -0.5852 0.7977
vn -0.0935 -0.5975 0.7964
vn 0.1256 -0.5886 0.7986
vn 0.1257 -0.5886 0.7986
vn 0.3790 -0.5085 0.7732
vn 0.1460 -0.5852 0.7977
vn 0.3297 -0.5304 0.7810
vn 0.5325 -0.4045 0.7435
vn 0.5632 -0.3705 0.7386
vn 0.3790 -0.5084 0.7732
vn 0.6815 -0.2019 0.7034
vn 0.6491 -0.2555 0.7165
vn 0.6814 -0.2019 0.7035
vn 0.6491 -0.2554 0.7165
vn 0.7542 -0.0448 0.6551
vn 0.6815 -0.2019 0.7035
vn 0.7228 -0.1235 0.6799
vn 0.7542 -0.0449 0.6551
vn 0.7229 -0.1234 0.6799
vn 0.8062 0.1481 0.5728
vn 0.1477 0.7683 -0.6228
vn 0.2531 0.7169 -0.6496
vn -0.0740 0.7685 -0.6356
vn -0.2409 0.7500 -0.6161
vn 0.1476 0.7684 -0.6228
vn -0.5055 0.5500 -0.6648
vn -0.2410 0.7499 -0.6161
vn -0.5079 0.5880 -0.6295
vn -0.6815 0.3181 -0.6591
vn -0.5056 0.5500 -0.6648
vn -0.7117 0.1449 -0.6873
vn -0.7297 0.0678 -0.6804
vn -0.6815 0.3180 -0.6591
vn -0.7118 0.1449 -0.6873
vn -0.7082 -0.0967 -0.6994
vn -0.7118 0.1448 -0.6873
vn -0.7145 -0.0619 -0.6969
vn -0.6160 -0.3038 -0.7268
vn -0.7082 -0.0968 -0.6994
vn -0.7145 -0.0620 -0.6969
vn -0.6349 -0.2744 -0.7222
vn -0.4571 -0.4678 -0.7564
vn -0.6159 -0.3039 -0.7268
vn -0.6348 -0.2745 -0.7223
vn -0.4677 -0.4601 -0.7547
vn -0.2919 -0.5574 -0.7772
vn -0.4571 -0.4679 -0.7564
vn -0.4677 -0.4602 -0.7547
vn -0.2940 -0.5567 -0.7769
vn -0.2940 -0.5567 -0.7770
vn -0.0936 -0.5975 -0.7964
vn -0.0944 -0.5975 -0.7963
vn 0.1256 -0.5886 -0.7986
vn -0.0935 -0.5975 -0.7964
vn 0.1459 -0.5852 -0.7977
vn 0.3297 -0.5304 -0.7810
vn 0.1257 -0.5886 -0.7986
vn 0.1460 -0.5852 -0.7977
vn 0.3790 -0.5085 -0.7732
vn 0.3791 -0.5084 -0.7732
vn 0.5632 -0.3705 -0.7386
vn 0.5325 -0.4045 -0.7435
vn 0.6491 -0.2555 -0.7165
vn 0.5633 -0.3705 -0.7386
vn 0.6814 -0.2019 -0.7035
vn 0.7229 -0.1234 -0.6799
vn 0.6491 -0.2554 -0.7165
vn 0.6815 -0.2019 -0.7034
vn 0.6815 -0.2019 -0.7035
vn 0.7542 -0.0449 -0.6551
vn 0.7543 -0.0448 -0.6551
vn 0.8062 0.1481 -0.5728
vn 0.3362 -0.6881 0.6430
vn 0.5114 -0.5515 0.6590
vn 0.4911 -0.5402 0.6833
vn 0.4912 -0.5402 0.6833
vn 0.5115 -0.5515 0.6590
vn 0.6828 -0.2562 0.6843
vn 0.6827 -0.2562 0.6843
vn 0.6824 -0.1784 0.7088
vn 0.6825 -0.1783 0.7088
vn 0.6823 -0.2558 0.6848
vn 0.7313 -0.0144 0.6819
vn 0.6897 0.2124 0.6922
vn 0.6898 0.2124 0.6922
vn 0.7312 -0.0143 0.6820
vn 0.6764 0.1510 0.7209
vn 0.6897 0.2125 0.6922
vn 0.6764 0.1511 0.7209
vn 0.4203 0.4693 0.7766
vn 0.5901 0.2492 0.7679
vn 0.5901 0.2493 0.7679
vn 0.4453 0.4818 0.7547
vn 0.4452 0.4819 0.7547
vn 0.2528 0.5739 0.7790
vn 0.4202 0.4694 0.7766
vn 0.2527 0.5739 0.7790
vn -0.0449 0.5822 0.8118
vn 0.0689 0.6034 0.7944
vn 0.0688 0.6034 0.7944
vn -0.1665 0.5753 0.8008
vn -0.0450 0.5822 0.8118
vn -0.1665 0.5752 0.8009
vn -0.4620 0.4147 0.7839
vn -0.3360 0.4938 0.8020
vn -0.4621 0.4147 0.7839
vn -0.3361 0.4938 0.8020
vn -0.5398 0.3574 0.7621
vn -0.4621 0.4146 0.7839
vn -0.5399 0.3574 0.7621
vn -0.6326 0.2493 0.7333
vn -0.6492 0.2259 0.7263
vn -0.6492 0.2258 0.7263
vn -0.6326 0.2492 0.7332
vn -0.7493 0.0429 0.6609
vn -0.7786 -0.0407 0.6262
vn -0.8062 -0.1481 0.5728
vn -0.7786 -0.0408 0.6262
vn -0.7493 0.0428 0.6609
vn -0.6712 -0.2775 0.6873
vn -0.6702 -0.2826 0.6863
vn -0.6211 -0.4799 0.6197
vn -0.7035 -0.1049 0.7030
vn -0.6712 -0.2774 0.6874
vn -0.6765 0.0507 0.7347
vn -0.7035 -0.1048 0.7030
vn -0.6765 0.0508 0.7346
vn -0.6334 0.2168 0.7428
vn -0.2365 0.5461 0.8036
vn -0.6334 0.2169 0.7428
vn -0.6765 0.0508 0.7347
vn -0.2365 0.5462 0.8036
vn -0.4614 0.4171 0.7830
vn -0.2364 0.5462 0.8036
vn -0.1401 0.5970 0.7899
vn -0.4613 0.4172 0.7830
vn -0.0273 0.6082 0.7933
vn 0.1173 0.5834 0.8037
vn -0.0274 0.6082 0.7933
vn 0.1174 0.5834 0.8037
vn 0.2608 0.5579 0.7879
vn 0.1174 0.5833 0.8037
vn 0.4283 0.4222 0.7990
vn 0.2609 0.5578 0.7879
vn 0.4324 0.4181 0.7989
vn 0.4283 0.4222 0.7989
vn 0.4324 0.4180 0.7989
vn 0.5750 0.2464 0.7802
vn 0.4283 0.4221 0.7989
vn 0.6082 0.0997 0.7875
vn 0.5750 0.2463 0.7802
vn 0.6334 -0.0214 0.7735
vn 0.6090 -0.1495 0.7789
vn 0.6334 -0.0215 0.7735
vn 0.6067 -0.1581 0.7791
vn 0.6090 -0.1496 0.7789
vn 0.6067 -0.1582 0.7791
vn 0.5718 -0.2576 0.7789
vn 0.6066 -0.1582 0.7791
vn 0.4704 -0.3692 0.8015
vn 0.4001 -0.4400 0.8039
vn 0.4703 -0.3693 0.8015
vn 0.2711 -0.5163 0.8123
vn 0.4000 -0.4401 0.8039
vn 0.4701 -0.3690 0.8018
vn 0.2464 -0.5280 0.8127
vn 0.1567 -0.5661 0.8093
vn 0.1567 -0.5661 -0.8093
vn 0.2711 -0.5163 -0.8124
vn 0.2464 -0.5280 -0.8127
vn 0.2711 -0.5164 -0.8123
vn 0.4000 -0.4401 -0.8040
vn 0.2711 -0.5163 -0.8123
vn 0.4703 -0.3693 -0.8015
vn 0.4000 -0.4401 -0.8039
vn 0.4704 -0.3692 -0.8015
vn 0.5718 -0.2576 -0.7789
vn 0.4001 -0.4400 -0.8039
vn 0.6090 -0.1496 -0.7790
vn 0.6067 -0.1582 -0.7791
vn 0.6090 -0.1496 -0.7789
vn 0.6067 -0.1581 -0.7791
vn 0.6334 -0.0214 -0.7735
vn 0.6082 0.0997 -0.7875
vn 0.5750 0.2463 -0.7802
vn 0.6082 0.0998 -0.7875
vn 0.4283 0.4222 -0.7989
vn 0.4325 0.4180 -0.7989
vn 0.4284 0.4222 -0.7989
vn 0.4324 0.4181 -0.7989
vn 0.2608 0.5578 -0.7879
vn 0.4324 0.4180 -0.7989
vn 0.1174 0.5833 -0.8037
vn 0.2609 0.5578 -0.7879
vn 0.1174 0.5834 -0.8037
vn -0.0273 0.6082 -0.7933
vn 0.2608 0.5579 -0.7879
vn 0.1173 0.5834 -0.8037
vn -0.1401 0.5970 -0.7899
vn -0.0274 0.6082 -0.7933
vn -0.2364 0.5462 -0.8036
vn -0.4613 0.4172 -0.7830
vn -0.6334 0.2168 -0.7428
vn -0.4614 0.4171 -0.7830
vn -0.2365 0.5462 -0.8036
vn -0.6765 0.0508 -0.7347
vn -0.6334 0.2169 -0.7428
vn -0.7035 -0.1048 -0.7030
vn -0.6765 0.0508 -0.7346
vn -0.6765 0.0507 -0.7347
vn -0.6702 -0.2826 -0.6863
vn -0.7034 -0.1049 -0.7030
vn -0.6766 0.0507 -0.7346
vn -0.6713 -0.2775 -0.6873
vn -0.6712 -0.2775 -0.6873
vn -0.6211 -0.4799 -0.6197
vn 0.3651 0.6531 -0.6634
vn 0.3724 0.6472 -0.6652
vn 0.1916 0.7718 -0.6063
vn 0.5241 0.4929 -0.6946
vn 0.3724 0.6471 -0.6652
vn 0.3652 0.6531 -0.6634
vn 0.5481 0.4004 -0.7343
vn 0.6422 0.0931 -0.7609
vn 0.5482 0.4003 -0.7343
vn 0.5241 0.4928 -0.6946
vn 0.5482 0.4004 -0.7343
vn 0.6422 0.0930 -0.7609
vn 0.5925 -0.1126 -0.7976
vn 0.5789 -0.1818 -0.7948
vn 0.4256 -0.4000 -0.8117
vn 0.5925 -0.1126 -0.7977
vn 0.5789 -0.1819 -0.7949
vn 0.4573 -0.3641 -0.8114
vn 0.5925 -0.1127 -0.7976
vn 0.1958 -0.5596 -0.8053
vn 0.4572 -0.3642 -0.8114
vn 0.2000 -0.5578 -0.8055
vn -0.0281 -0.6060 -0.7950
vn 0.1999 -0.5579 -0.8055
vn 0.1958 -0.5597 -0.8053
vn -0.0299 -0.6062 -0.7948
vn -0.2510 -0.5574 -0.7914
vn -0.2511 -0.5574 -0.7914
vn -0.2359 -0.5642 -0.7913
vn -0.0300 -0.6062 -0.7947
vn -0.4318 -0.4218 -0.7972
vn -0.2359 -0.5641 -0.7913
vn -0.4318 -0.4219 -0.7972
vn -0.4355 -0.4182 -0.7972
vn -0.2360 -0.5641 -0.7913
vn -0.5783 -0.2342 -0.7815
vn -0.4355 -0.4181 -0.7972
vn -0.4319 -0.4218 -0.7972
vn -0.5892 -0.2121 -0.7797
vn -0.6345 -0.0197 -0.7727
vn -0.6344 -0.0242 -0.7726
vn -0.6136 0.1279 -0.7792
vn -0.6345 -0.0196 -0.7727
vn -0.6124 0.1322 -0.7794
vn -0.5716 0.2483 -0.7821
vn -0.5681 0.2547 -0.7825
vn -0.6124 0.1323 -0.7794
vn -0.4544 0.3919 -0.7999
vn -0.5715 0.2483 -0.7821
vn -0.4545 0.3919 -0.7999
vn -0.4652 0.3821 -0.7985
vn -0.3211 0.4772 -0.8180
vn -0.4652 0.3822 -0.7985
vn -0.3211 0.4771 -0.8181
vn -0.3123 0.4813 -0.8190
vn -0.4651 0.3822 -0.7985
vn -0.2421 0.5105 -0.8251
vn 0.1916 0.7718 0.6063
vn 0.3724 0.6472 0.6652
vn 0.3651 0.6531 0.6634
vn 0.3652 0.6531 0.6634
vn 0.3724 0.6471 0.6652
vn 0.5482 0.4004 0.7343
vn 0.5241 0.4929 0.6946
vn 0.5241 0.4928 0.6946
vn 0.5482 0.4003 0.7343
vn 0.6422 0.0931 0.7609
vn 0.5925 -0.1126 0.7977
vn 0.6422 0.0930 0.7609
vn 0.5789 -0.1818 0.7948
vn 0.5789 -0.1818 0.7949
vn 0.5925 -0.1127 0.7977
vn 0.4572 -0.3641 0.8114
vn 0.5789 -0.1819 0.7949
vn 0.4573 -0.3642 0.8114
vn 0.4256 -0.4000 0.8117
vn 0.4572 -0.3642 0.8114
vn 0.2000 -0.5578 0.8055
vn 0.1999 -0.5578 0.8055
vn 0.1959 -0.5596 0.8053
vn 0.1958 -0.5596 0.8053
vn 0.1999 -0.5579 0.8055
vn -0.0299 -0.6062 0.7948
vn 0.1958 -0.5597 0.8053
vn -0.0281 -0.6060 0.7950
vn -0.2359 -0.5641 0.7913
vn -0.2359 -0.5642 0.7913
vn -0.2511 -0.5574 0.7914
vn -0.4354 -0.4182 0.7972
vn -0.4355 -0.4182 0.7972
vn -0.4318 -0.4218 0.7972
vn -0.4319 -0.4218 0.7972
vn -0.4355 -0.4181 0.7972
vn -0.5891 -0.2122 0.7797
vn -0.5783 -0.2342 0.7815
vn -0.5892 -0.2121 0.7797
vn -0.6344 -0.0242 0.7726
vn -0.6345 -0.0197 0.7727
vn -0.6345 -0.0196 0.7727
vn -0.6344 -0.0241 0.7726
vn -0.6124 0.1322 0.7794
vn -0.6136 0.1278 0.7792
vn -0.6136 0.1279 0.7792
vn -0.6124 0.1323 0.7794
vn -0.5681 0.2547 0.7825
vn -0.5716 0.2483 0.7821
vn -0.5715 0.2483 0.7821
vn -0.4652 0.3821 0.7985
vn -0.4545 0.3919 0.7999
vn -0.4544 0.3919 0.7999
vn -0.4652 0.3822 0.7985
vn -0.3124 0.4813 0.8190
vn -0.3211 0.4772 0.8180
vn -0.3123 0.4813 0.8190
vn -0.2420 0.5105 0.8251
vn -0.3211 0.4771 0.8181
vn -0.2421 0.5105 0.8251
vn -0.7786 0.0408 -0.6262
vn -0.7493 -0.0428 -0.6609
vn -0.7786 0.0407 -0.6262
vn -0.6327 -0.2492 -0.7332
vn -0.7493 -0.0429 -0.6609
vn -0.6492 -0.2258 -0.7263
vn -0.5399 -0.3574 -0.7621
vn -0.6326 -0.2493 -0.7333
vn -0.6491 -0.2258 -0.7264
vn -0.4621 -0.4147 -0.7839
vn -0.5398 -0.3574 -0.7621
vn -0.3361 -0.4938 -0.8020
vn -0.3360 -0.4938 -0.8020
vn -0.4620 -0.4147 -0.7839
vn -0.1665 -0.5752 -0.8009
vn -0.0450 -0.5822 -0.8118
vn -0.1665 -0.5752 -0.8008
vn -0.0449 -0.5822 -0.8118
vn 0.0688 -0.6034 -0.7944
vn -0.1665 -0.5753 -0.8008
vn 0.2527 -0.5739 -0.7790
vn 0.0689 -0.6034 -0.7944
vn 0.4202 -0.4694 -0.7766
vn 0.4452 -0.4819 -0.7547
vn 0.2528 -0.5739 -0.7790
vn 0.4203 -0.4693 -0.7766
vn 0.5901 -0.2493 -0.7679
vn 0.4453 -0.4818 -0.7547
vn 0.5901 -0.2492 -0.7679
vn 0.6764 -0.1510 -0.7209
vn 0.6897 -0.2125 -0.6922
vn 0.6764 -0.1511 -0.7208
vn 0.6898 -0.2124 -0.6922
vn 0.7312 0.0143 -0.6820
vn 0.6825 0.1783 -0.7088
vn 0.7313 0.0143 -0.6819
vn 0.6823 0.2558 -0.6848
vn 0.7313 0.0144 -0.6819
vn 0.4912 0.5402 -0.6833
vn 0.6827 0.2562 -0.6843
vn 0.6824 0.1784 -0.7088
vn 0.5115 0.5515 -0.6590
vn 0.6828 0.2562 -0.6843
vn 0.4911 0.5402 -0.6833
vn 0.3362 0.6881 -0.6430
vn 0.5114 0.5515 -0.6590
vn 0.1477 -0.7683 0.6228
vn 0.2531 -0.7169 0.6496
vn -0.0740 -0.7685 0.6356
vn 0.1476 -0.7684 0.6228
vn -0.2409 -0.7500 0.6161
vn -0.2410 -0.7499 0.6161
vn -0.5055 -0.5500 0.6648
vn -0.5079 -0.5880 0.6295
vn -0.5056 -0.5500 0.6648
vn -0.6815 -0.3181 0.6591
vn -0.7117 -0.1449 0.6873
vn -0.7297 -0.0678 0.6804
vn -0.6815 -0.3180 0.6591
vn -0.7118 -0.1449 0.6873
vn -0.7118 -0.1448 0.6873
vn -0.7145 0.0619 0.6969
vn -0.7082 0.0967 0.6994
vn -0.6349 0.2744 0.7223
vn -0.7082 0.0968 0.6994
vn -0.6349 0.2744 0.7222
vn -0.6160 0.3038 0.7268
vn -0.6159 0.3039 0.7268
vn -0.6348 0.2745 0.7223
vn -0.4677 0.4601 0.7547
vn -0.4571 0.4678 0.7564
vn -0.4570 0.4679 0.7564
vn -0.2940 0.5567 0.7769
vn -0.2940 0.5567 0.7770
vn -0.2919 0.5574 0.7772
vn -0.0944 0.5975 0.7963
vn -0.0936 0.5975 0.7964
vn -0.0935 0.5975 0.7964
vn 0.1459 0.5852 0.7977
vn 0.1256 0.5886 0.7986
vn 0.1257 0.5886 0.7986
vn 0.1460 0.5852 0.7977
vn 0.3790 0.5085 0.7732
vn 0.3297 0.5304 0.7810
vn 0.5325 0.4045 0.7435
vn 0.3790 0.5084 0.7732
vn 0.5632 0.3705 0.7386
vn 0.6815 0.2019 0.7035
vn 0.6814 0.2019 0.7035
vn 0.6491 0.2555 0.7165
vn 0.6491 0.2554 0.7165
vn 0.6815 0.2019 0.7034
vn 0.7542 0.0448 0.6551
vn 0.7542 0.0449 0.6551
vn 0.7228 0.1235 0.6799
vn 0.7229 0.1234 0.6799
vn 0.7543 0.0448 0.6551
vn 0.1477 -0.7683 -0.6228
vn -0.0740 -0.7685 -0.6356
vn 0.2531 -0.7169 -0.6496
vn -0.2409 -0.7500 -0.6160
vn 0.1476 -0.7684 -0.6228
vn -0.2410 -0.7499 -0.6161
vn -0.5055 -0.5500 -0.6648
vn -0.5079 -0.5880 -0.6295
vn -0.6815 -0.3181 -0.6591
vn -0.5056 -0.5500 -0.6648
vn -0.7117 -0.1449 -0.6873
vn -0.7297 -0.0678 -0.6804
vn -0.7118 -0.1449 -0.6873
vn -0.6815 -0.3180 -0.6591
vn -0.7082 0.0967 -0.6994
vn -0.7118 -0.1448 -0.6873
vn -0.7145 0.0619 -0.6969
vn -0.6160 0.3038 -0.7268
vn -0.7145 0.0620 -0.6969
vn -0.6349 0.2744 -0.7223
vn -0.4571 0.4678 -0.7564
vn -0.6348 0.2745 -0.7223
vn -0.6159 0.3039 -0.7268
vn -0.4677 0.4601 -0.7547
vn -0.2919 0.5574 -0.7772
vn -0.4677 0.4602 -0.7547
vn -0.4571 0.4679 -0.7564
vn -0.2940 0.5567 -0.7769
vn -0.0936 0.5975 -0.7964
vn -0.2940 0.5567 -0.7770
vn -0.0944 0.5975 -0.7963
vn 0.1256 0.5886 -0.7986
vn -0.0935 0.5975 -0.7964
vn 0.1459 0.5852 -0.7977
vn 0.3297 0.5304 -0.7810
vn 0.1460 0.5852 -0.7977
vn 0.1257 0.5886 -0.7986
vn 0.3790 0.5085 -0.7732
vn 0.5632 0.3705 -0.7386
vn 0.3791 0.5084 -0.7732
vn 0.5325 0.4045 -0.7435
vn 0.6491 0.2555 -0.7165
vn 0.6814 0.2019 -0.7035
vn 0.7229 0.1234 -0.6799
vn 0.6815 0.2018 -0.7034
vn 0.6491 0.2554 -0.7165
vn 0.7229 0.1235 -0.6799
vn 0.7542 0.0449 -0.6551
vn 0.6815 0.2019 -0.7035
vn 0.7542 0.0448 -0.6551
vn 0.3362 0.6881 0.6430
vn 0.4911 0.5402 0.6833
vn 0.5114 0.5515 0.6590
vn 0.4912 0.5402 0.6833
vn 0.6828 0.2562 0.6843
vn 0.5115 0.5515 0.6590
vn 0.6824 0.1784 0.7088
vn 0.6825 0.1783 0.7088
vn 0.7313 0.0144 0.6819
vn 0.6828 0.2561 0.6842
vn 0.6897 -0.2124 0.6922
vn 0.6898 -0.2125 0.6922
vn 0.6764 -0.1510 0.7209
vn 0.7313 0.0143 0.6819
vn 0.6897 -0.2125 0.6922
vn 0.4203 -0.4693 0.7766
vn 0.6764 -0.1511 0.7209
vn 0.5914 -0.2495 0.7668
vn 0.4453 -0.4819 0.7547
vn 0.5901 -0.2493 0.7679
vn 0.4452 -0.4819 0.7547
vn 0.4203 -0.4694 0.7766
vn 0.2528 -0.5738 0.7790
vn 0.4202 -0.4694 0.7766
vn -0.0449 -0.5822 0.8118
vn 0.2527 -0.5739 0.7790
vn 0.0689 -0.6034 0.7944
vn -0.1665 -0.5753 0.8008
vn 0.0688 -0.6034 0.7945
vn -0.0450 -0.5822 0.8118
vn -0.4620 -0.4147 0.7839
vn -0.1665 -0.5752 0.8008
vn -0.3363 -0.4944 0.8016
vn -0.1665 -0.5752 0.8009
vn -0.4621 -0.4147 0.7839
vn -0.5398 -0.3574 0.7621
vn -0.3361 -0.4938 0.8020
vn -0.4621 -0.4146 0.7839
vn -0.6326 -0.2493 0.7333
vn -0.5399 -0.3574 0.7621
vn -0.6492 -0.2259 0.7263
vn -0.6492 -0.2258 0.7263
vn -0.7493 -0.0429 0.6609
vn -0.6327 -0.2492 0.7332
vn -0.7786 0.0407 0.6262
vn -0.7493 -0.0428 0.6609
vn -0.7786 0.0408 0.6262
vn -0.7493 -0.0429 0.6608
vn -0.6712 0.2775 0.6873
vn -0.6210 0.4799 0.6197
vn -0.6702 0.2826 0.6863
vn -0.7035 0.1049 0.7030
vn -0.6712 0.2774 0.6874
vn -0.7035 0.1048 0.7030
vn -0.6765 -0.0507 0.7347
vn -0.6765 -0.0507 0.7346
vn -0.6334 -0.2168 0.7428
vn -0.2365 -0.5461 0.8036
vn -0.6765 -0.0508 0.7347
vn -0.6334 -0.2169 0.7428
vn -0.2364 -0.5462 0.8036
vn -0.4614 -0.4171 0.7830
vn -0.2365 -0.5462 0.8036
vn -0.4613 -0.4172 0.7830
vn -0.1401 -0.5970 0.7899
vn -0.0273 -0.6082 0.7933
vn -0.0274 -0.6082 0.7933
vn 0.1173 -0.5834 0.8037
vn 0.1174 -0.5834 0.8037
vn 0.2608 -0.5579 0.7879
vn 0.1174 -0.5833 0.8037
vn 0.2609 -0.5578 0.7879
vn 0.4283 -0.4222 0.7990
vn 0.4324 -0.4180 0.7989
vn 0.4283 -0.4222 0.7989
vn 0.5750 -0.2463 0.7802
vn 0.4325 -0.4180 0.7989
vn 0.5750 -0.2464 0.7802
vn 0.6082 -0.0998 0.7875
vn 0.6082 -0.0997 0.7875
vn 0.6334 0.0214 0.7735
vn 0.6334 0.0215 0.7735
vn 0.6090 0.1495 0.7789
vn 0.6090 0.1496 0.7789
vn 0.6067 0.1581 0.7791
vn 0.6067 0.1582 0.7791
vn 0.5718 0.2576 0.7789
vn 0.6066 0.1581 0.7791
vn 0.4704 0.3692 0.8015
vn 0.4000 0.4401 0.8039
vn 0.4703 0.3693 0.8015
vn 0.2711 0.5163 0.8123
vn 0.2464 0.5280 0.8127
vn 0.1567 0.5661 0.8093
vn 0.1566 0.5661 0.8093
vn 0.1567 0.5661 -0.8093
vn 0.2711 0.5163 -0.8124
vn 0.2711 0.5163 -0.8123
vn 0.2464 0.5280 -0.8127
vn 0.4000 0.4401 -0.8039
vn 0.4704 0.3693 -0.8015
vn 0.4704 0.3692 -0.8015
vn 0.5718 0.2576 -0.7789
vn 0.6090 0.1496 -0.7790
vn 0.6090 0.1496 -0.7789
vn 0.6067 0.1582 -0.7791
vn 0.6067 0.1581 -0.7791
vn 0.6334 0.0214 -0.7735
vn 0.6082 -0.0997 -0.7875
vn 0.5750 -0.2463 -0.7802
vn 0.6082 -0.0998 -0.7875
vn 0.4283 -0.4222 -0.7989
vn 0.4324 -0.4180 -0.7989
vn 0.2609 -0.5578 -0.7879
vn 0.1174 -0.5834 -0.8037
vn 0.2608 -0.5579 -0.7879
vn -0.0273 -0.6082 -0.7933
vn 0.1173 -0.5834 -0.8037
vn -0.0274 -0.6082 -0.7933
vn -0.1401 -0.5970 -0.7899
vn -0.2364 -0.5462 -0.8036
vn -0.4613 -0.4172 -0.7830
vn -0.2365 -0.5462 -0.8036
vn -0.4614 -0.4171 -0.7830
vn -0.6334 -0.2168 -0.7428
vn -0.2365 -0.5461 -0.8036
vn -0.6334 -0.2169 -0.7428
vn -0.6765 -0.0508 -0.7347
vn -0.7035 0.1048 -0.7030
vn -0.6765 -0.0508 -0.7346
vn -0.6765 -0.0507 -0.7347
vn -0.7034 0.1049 -0.7030
vn -0.6702 0.2826 -0.6863
vn -0.6766 -0.0507 -0.7346
vn -0.6713 0.2775 -0.6873
vn -0.6712 0.2775 -0.6873
vn -0.6210 0.4799 -0.6197
vn 0.3651 -0.6532 -0.6634
vn 0.1916 -0.7718 -0.6063
vn 0.3724 -0.6472 -0.6652
vn 0.5241 -0.4929 -0.6946
vn 0.3652 -0.6531 -0.6634
vn 0.3724 -0.6471 -0.6652
vn 0.5481 -0.4004 -0.7343
vn 0.6422 -0.0931 -0.7609
vn 0.5241 -0.4928 -0.6946
vn 0.5482 -0.4003 -0.7343
vn 0.5482 -0.4004 -0.7343
vn 0.5925 0.1126 -0.7977
vn 0.6422 -0.0930 -0.7609
vn 0.5789 0.1818 -0.7948
vn 0.4256 0.4000 -0.8117
vn 0.5789 0.1819 -0.7949
vn 0.5925 0.1127 -0.7977
vn 0.5925 0.1127 -0.7976
vn 0.4573 0.3641 -0.8114
vn 0.1958 0.5596 -0.8053
vn 0.4572 0.3642 -0.8114
vn 0.2000 0.5578 -0.8055
vn -0.0281 0.6060 -0.7950
vn 0.1958 0.5597 -0.8053
vn 0.1999 0.5579 -0.8055
vn -0.0299 0.6062 -0.7948
vn -0.2510 0.5574 -0.7914
vn -0.0299 0.6062 -0.7947
vn -0.2511 0.5574 -0.7914
vn -0.2359 0.5641 -0.7913
vn -0.4318 0.4219 -0.7972
vn -0.4318 0.4218 -0.7972
vn -0.2360 0.5641 -0.7913
vn -0.4355 0.4182 -0.7972
vn -0.5783 0.2342 -0.7815
vn -0.4319 0.4218 -0.7972
vn -0.4355 0.4181 -0.7972
vn -0.5891 0.2122 -0.7797
vn -0.6345 0.0197 -0.7727
vn -0.5783 0.2341 -0.7815
vn -0.5892 0.2121 -0.7797
vn -0.6344 0.0242 -0.7726
vn -0.6136 -0.1278 -0.7792
vn -0.6345 0.0196 -0.7727
vn -0.6344 0.0241 -0.7726
vn -0.6136 -0.1279 -0.7792
vn -0.6124 -0.1322 -0.7794
vn -0.5716 -0.2483 -0.7821
vn -0.6124 -0.1323 -0.7794
vn -0.5681 -0.2547 -0.7825
vn -0.4544 -0.3919 -0.7999
vn -0.5715 -0.2483 -0.7821
vn -0.5681 -0.2548 -0.7825
vn -0.4652 -0.3821 -0.7985
vn -0.3212 -0.4771 -0.8180
vn -0.4652 -0.3822 -0.7985
vn -0.3211 -0.4772 -0.8180
vn -0.3123 -0.4813 -0.8190
vn -0.2421 -0.5105 -0.8251
vn -0.2420 -0.5105 -0.8251
vn 0.1916 -0.7718 0.6063
vn 0.3651 -0.6531 0.6634
vn 0.3724 -0.6472 0.6652
vn 0.3652 -0.6531 0.6634
vn 0.5482 -0.4004 0.7343
vn 0.3724 -0.6471 0.6652
vn 0.5241 -0.4929 0.6946
vn 0.5241 -0.4928 0.6946
vn 0.6422 -0.0931 0.7608
vn 0.5482 -0.4003 0.7343
vn 0.6422 -0.0930 0.7609
vn 0.5925 0.1126 0.7977
vn 0.5789 0.1818 0.7948
vn 0.5925 0.1126 0.7976
vn 0.5789 0.1818 0.7949
vn 0.4572 0.3641 0.8114
vn 0.5789 0.1819 0.7948
vn 0.4256 0.4000 0.8117
vn 0.4573 0.3641 0.8114
vn 0.2000 0.5578 0.8055
vn 0.4572 0.3642 0.8114
vn 0.1959 0.5596 0.8053
vn 0.1999 0.5578 0.8055
vn 0.1958 0.5596 0.8053
vn -0.0299 0.6062 0.7948
vn 0.1999 0.5579 0.8055
vn -0.0281 0.6060 0.7950
vn -0.0299 0.6062 0.7947
vn -0.2359 0.5641 0.7913
vn -0.2511 0.5574 0.7914
vn -0.2359 0.5642 0.7913
vn -0.4354 0.4182 0.7972
vn -0.4318 0.4218 0.7972
vn -0.4355 0.4182 0.7972
vn -0.4319 0.4218 0.7972
vn -0.5892 0.2122 0.7797
vn -0.4355 0.4181 0.7972
vn -0.5783 0.2342 0.7815
vn -0.5891 0.2122 0.7797
vn -0.6344 0.0242 0.7726
vn -0.5891 0.2121 0.7797
vn -0.6345 0.0197 0.7727
vn -0.6345 0.0196 0.7727
vn -0.6124 -0.1322 0.7794
vn -0.6344 0.0241 0.7726
vn -0.6136 -0.1278 0.7792
vn -0.6136 -0.1279 0.7792
vn -0.5681 -0.2547 0.7825
vn -0.6124 -0.1323 0.7794
vn -0.5716 -0.2483 0.7821
vn -0.5715 -0.2483 0.7821
vn -0.4652 -0.3821 0.7985
vn -0.5681 -0.2548 0.7825
vn -0.4544 -0.3919 0.7999
vn -0.3123 -0.4813 0.8190
vn -0.4651 -0.3822 0.7985
vn -0.3211 -0.4771 0.8180
vn -0.3124 -0.4813 0.8190
vn -0.3211 -0.4772 0.8180
vn -0.2420 -0.5105 0.8251
vn -0.3211 -0.4771 0.8181
vn -0.2421 -0.5105 0.8251
vn 0.7786 0.0408 -0.6262
vn 0.7493 -0.0429 -0.6608
vn 0.7786 0.0407 -0.6262
vn 0.7493 -0.0429 -0.6609
vn 0.6326 -0.2492 -0.7332
vn 0.6327 -0.2492 -0.7332
vn 0.6492 -0.2258 -0.7263
vn 0.6492 -0.2258 -0.7264
vn 0.6326 -0.2493 -0.7333
vn 0.5399 -0.3574 -0.7621
vn 0.6491 -0.2258 -0.7264
vn 0.5398 -0.3574 -0.7621
vn 0.4621 -0.4147 -0.7839
vn 0.3361 -0.4938 -0.8020
vn 0.3363 -0.4944 -0.8016
vn 0.1665 -0.5752 -0.8009
vn 0.4620 -0.4147 -0.7839
vn 0.1665 -0.5752 -0.8008
vn 0.0450 -0.5822 -0.8118
vn 0.0449 -0.5822 -0.8118
vn 0.1665 -0.5753 -0.8008
vn -0.0688 -0.6034 -0.7945
vn -0.0689 -0.6034 -0.7944
vn -0.2527 -0.5739 -0.7790
vn -0.4202 -0.4694 -0.7766
vn -0.4452 -0.4819 -0.7547
vn -0.4203 -0.4694 -0.7766
vn -0.2528 -0.5738 -0.7790
vn -0.4203 -0.4693 -0.7766
vn -0.4453 -0.4819 -0.7547
vn -0.5901 -0.2493 -0.7679
vn -0.5914 -0.2495 -0.7668
vn -0.6764 -0.1510 -0.7209
vn -0.6764 -0.1511 -0.7208
vn -0.6897 -0.2125 -0.6922
vn -0.6898 -0.2125 -0.6922
vn -0.7313 0.0143 -0.6819
vn -0.6897 -0.2124 -0.6922
vn -0.7313 0.0144 -0.6819
vn -0.6825 0.1783 -0.7088
vn -0.6828 0.2561 -0.6842
vn -0.4912 0.5402 -0.6833
vn -0.6824 0.1784 -0.7088
vn -0.6828 0.2562 -0.6843
vn -0.5115 0.5515 -0.6590
vn -0.4911 0.5402 -0.6833
vn -0.5114 0.5515 -0.6590
vn -0.3362 0.6881 -0.6430
vn -0.1477 -0.7683 0.6228
vn 0.0740 -0.7685 0.6356
vn -0.2531 -0.7169 0.6496
vn -0.1476 -0.7684 0.6228
vn 0.2409 -0.7500 0.6160
vn 0.2410 -0.7499 0.6161
vn 0.5055 -0.5500 0.6648
vn 0.5079 -0.5880 0.6295
vn 0.6815 -0.3181 0.6590
vn 0.5056 -0.5500 0.6648
vn 0.6815 -0.3181 0.6591
vn 0.7117 -0.1449 0.6873
vn 0.7297 -0.0678 0.6804
vn 0.7118 -0.1449 0.6873
vn 0.6815 -0.3180 0.6591
vn 0.7145 0.0619 0.6969
vn 0.7118 -0.1448 0.6873
vn 0.7082 0.0967 0.6994
vn 0.6349 0.2744 0.7222
vn 0.6160 0.3038 0.7268
vn 0.6159 0.3039 0.7268
vn 0.4677 0.4601 0.7547
vn 0.6348 0.2745 0.7223
vn 0.6159 0.3038 0.7268
vn 0.4571 0.4678 0.7564
vn 0.4570 0.4679 0.7564
vn 0.2940 0.5567 0.7769
vn 0.4677 0.4602 0.7547
vn 0.4571 0.4678 0.7565
vn 0.2919 0.5574 0.7772
vn 0.0944 0.5975 0.7963
vn 0.0936 0.5975 0.7964
vn 0.2940 0.5567 0.7770
vn -0.1459 0.5852 0.7977
vn 0.0935 0.5975 0.7964
vn -0.1256 0.5886 0.7986
vn -0.1257 0.5886 0.7986
vn -0.3790 0.5085 0.7732
vn -0.1460 0.5852 0.7977
vn -0.3297 0.5304 0.7810
vn -0.5325 0.4045 0.7435
vn -0.5632 0.3705 0.7386
vn -0.3790 0.5084 0.7732
vn -0.6815 0.2019 0.7034
vn -0.6491 0.2555 0.7165
vn -0.6814 0.2019 0.7035
vn -0.6491 0.2554 0.7165
vn -0.7542 0.0448 0.6551
vn -0.6815 0.2019 0.7035
vn -0.7228 0.1235 0.6799
vn -0.7542 0.0449 0.6551
vn -0.7229 0.1234 0.6799
vn -0.1477 -0.7683 -0.6228
vn -0.2531 -0.7169 -0.6496
vn 0.0740 -0.7685 -0.6356
vn 0.2409 -0.7500 -0.6161
vn -0.1476 -0.7684 -0.6228
vn 0.5055 -0.5500 -0.6648
vn 0.2410 -0.7499 -0.6161
vn 0.5079 -0.5880 -0.6295
vn 0.6815 -0.3181 -0.6591
vn 0.5056 -0.5500 -0.6648
vn 0.7117 -0.1449 -0.6873
vn 0.7297 -0.0678 -0.6804
vn 0.6815 -0.3180 -0.6591
vn 0.7118 -0.1449 -0.6873
vn 0.7082 0.0967 -0.6994
vn 0.7118 -0.1448 -0.6873
vn 0.7145 0.0619 -0.6969
vn 0.6160 0.3038 -0.7268
vn 0.7145 0.0620 -0.6969
vn 0.6349 0.2744 -0.7222
vn 0.4571 0.4678 -0.7564
vn 0.6159 0.3039 -0.7268
vn 0.6348 0.2745 -0.7223
vn 0.4677 0.4601 -0.7547
vn 0.2919 0.5574 -0.7772
vn 0.4571 0.4679 -0.7564
vn 0.4677 0.4602 -0.7547
vn 0.2940 0.5567 -0.7769
vn 0.2940 0.5567 -0.7770
vn 0.0936 0.5975 -0.7964
vn 0.0944 0.5975 -0.7963
vn -0.1256 0.5886 -0.7986
vn 0.0935 0.5975 -0.7964
vn -0.1459 0.5852 -0.7977
vn -0.3297 0.5304 -0.7810
vn -0.1257 0.5886 -0.7986
vn -0.1460 0.5852 -0.7977
vn -0.3790 0.5085 -0.7732
vn -0.3791 0.5084 -0.7732
vn -0.5632 0.3705 -0.7386
vn -0.5325 0.4045 -0.7435
vn -0.6491 0.2555 -0.7165
vn -0.5633 0.3705 -0.7386
vn -0.6814 0.2019 -0.7035
vn -0.7229 0.1234 -0.6799
vn -0.6491 0.2554 -0.7165
vn -0.6815 0.2019 -0.7034
vn -0.7229 0.1235 -0.6799
vn -0.6815 0.2019 -0.7035
vn -0.7542 0.0449 -0.6551
vn -0.7543 0.0448 -0.6551
vn -0.3362 0.6881 0.6430
vn -0.5114 0.5515 0.6590
vn -0.4911 0.5402 0.6833
vn -0.4912 0.5402 0.6833
vn -0.5115 0.5515 0.6590
vn -0.6828 0.2562 0.6843
vn -0.6827 0.2562 0.6843
vn -0.6824 0.1784 0.7088
vn -0.6825 0.1783 0.7088
vn -0.6823 0.2558 0.6848
vn -0.7313 0.0144 0.6819
vn -0.7313 0.0143 0.6819
vn -0.6898 -0.2124 0.6922
vn -0.7312 0.0143 0.6820
vn -0.6764 -0.1510 0.7209
vn -0.6897 -0.2125 0.6922
vn -0.6764 -0.1511 0.7209
vn -0.4203 -0.4693 0.7766
vn -0.5901 -0.2492 0.7679
vn -0.5901 -0.2493 0.7679
vn -0.4453 -0.4818 0.7547
vn -0.4452 -0.4819 0.7547
vn -0.2528 -0.5739 0.7790
vn -0.4202 -0.4694 0.7766
vn -0.2527 -0.5739 0.7790
vn 0.0449 -0.5822 0.8118
vn -0.0689 -0.6034 0.7944
vn -0.0688 -0.6034 0.7944
vn 0.1665 -0.5753 0.8008
vn 0.0450 -0.5822 0.8118
vn 0.1665 -0.5752 0.8009
vn 0.4620 -0.4147 0.7839
vn 0.3360 -0.4938 0.8020
vn 0.4621 -0.4147 0.7839
vn 0.3361 -0.4938 0.8020
vn 0.5398 -0.3574 0.7621
vn 0.4621 -0.4146 0.7839
vn 0.5399 -0.3574 0.7621
vn 0.6326 -0.2493 0.7333
vn 0.6492 -0.2259 0.7263
vn 0.6492 -0.2258 0.7263
vn 0.6326 -0.2492 0.7332
vn 0.7493 -0.0429 0.6609
vn 0.7786 0.0407 0.6262
vn 0.7786 0.0408 0.6262
vn 0.7493 -0.0429 0.6608
vn 0.6712 0.2775 0.6873
vn 0.6702 0.2826 0.6863
vn 0.6210 0.4799 0.6197
vn 0.7034 0.1049 0.7030
vn 0.6712 0.2774 0.6874
vn 0.6765 -0.0507 0.7347
vn 0.7035 0.1048 0.7030
vn 0.6765 -0.0508 0.7346
vn 0.6334 -0.2168 0.7428
vn 0.2365 -0.5461 0.8036
vn 0.6334 -0.2169 0.7428
vn 0.6765 -0.0508 0.7347
vn 0.2365 -0.5462 0.8036
vn 0.4614 -0.4171 0.7830
vn 0.2364 -0.5462 0.8036
vn 0.1401 -0.5970 0.7899
vn 0.4613 -0.4172 0.7830
vn 0.0273 -0.6082 0.7933
vn -0.1173 -0.5834 0.8037
vn 0.0274 -0.6082 0.7933
vn -0.1174 -0.5834 0.8037
vn -0.2608 -0.5579 0.7879
vn -0.1174 -0.5833 0.8037
vn -0.4283 -0.4222 0.7990
vn -0.2609 -0.5578 0.7879
vn -0.4324 -0.4180 0.7989
vn -0.5750 -0.2463 0.7802
vn -0.4283 -0.4222 0.7989
vn -0.4325 -0.4180 0.7989
vn -0.6082 -0.0998 0.7875
vn -0.5750 -0.2464 0.7802
vn -0.6082 -0.0997 0.7875
vn -0.6334 0.0214 0.7735
vn -0.6090 0.1495 0.7789
vn -0.6334 0.0215 0.7735
vn -0.6067 0.1581 0.7791
vn -0.6090 0.1496 0.7789
vn -0.6066 0.1582 0.7791
vn -0.5718 0.2576 0.7789
vn -0.4704 0.3692 0.8015
vn -0.4000 0.4401 0.8039
vn -0.4703 0.3693 0.8015
vn -0.2711 0.5163 0.8123
vn -0.4701 0.3689 0.8018
vn -0.2464 0.5280 0.8127
vn -0.1567 0.5661 0.8093
vn -0.1566 0.5661 0.8093
vn -0.1567 0.5661 -0.8093
vn -0.2711 0.5163 -0.8124
vn -0.1566 0.5661 -0.8093
vn -0.2464 0.5280 -0.8127
vn -0.2711 0.5163 -0.8123
vn -0.4000 0.4401 -0.8039
vn -0.4704 0.3693 -0.8015
vn -0.4704 0.3692 -0.8015
vn -0.5718 0.2576 -0.7789
vn -0.6090 0.1496 -0.7790
vn -0.6067 0.1582 -0.7791
vn -0.6090 0.1496 -0.7789
vn -0.6067 0.1581 -0.7791
vn -0.6334 0.0214 -0.7735
vn -0.6082 -0.0997 -0.7875
vn -0.5750 -0.2463 -0.7802
vn -0.6082 -0.0998 -0.7875
vn -0.4283 -0.4222 -0.7989
vn -0.4325 -0.4180 -0.7989
vn -0.4324 -0.4180 -0.7989
vn -0.2609 -0.5578 -0.7879
vn -0.4283 -0.4222 -0.7990
vn -0.1174 -0.5833 -0.8037
vn -0.1174 -0.5834 -0.8037
vn 0.0273 -0.6082 -0.7933
vn -0.2608 -0.5579 -0.7879
vn -0.1173 -0.5834 -0.8037
vn 0.1401 -0.5970 -0.7899
vn 0.0274 -0.6082 -0.7933
vn 0.2364 -0.5462 -0.8036
vn 0.2365 -0.5462 -0.8036
vn 0.4613 -0.4172 -0.7830
vn 0.6334 -0.2168 -0.7428
vn 0.4614 -0.4171 -0.7830
vn 0.2365 -0.5461 -0.8036
vn 0.6765 -0.0508 -0.7347
vn 0.6334 -0.2169 -0.7428
vn 0.7035 0.1048 -0.7030
vn 0.6765 -0.0508 -0.7346
vn 0.6765 -0.0507 -0.7347
vn 0.6702 0.2826 -0.6863
vn 0.7034 0.1049 -0.7030
vn 0.6766 -0.0507 -0.7346
vn 0.6713 0.2774 -0.6873
vn 0.6712 0.2775 -0.6873
vn 0.6210 0.4799 -0.6197
vn -0.3651 -0.6531 -0.6634
vn -0.3724 -0.6472 -0.6652
vn -0.1916 -0.7718 -0.6063
vn -0.5241 -0.4929 -0.6946
vn -0.3652 -0.6531 -0.6634
vn -0.5481 -0.4004 -0.7343
vn -0.3724 -0.6471 -0.6652
vn -0.6422 -0.0931 -0.7609
vn -0.5482 -0.4003 -0.7343
vn -0.5241 -0.4928 -0.6946
vn -0.5482 -0.4004 -0.7343
vn -0.6422 -0.0930 -0.7609
vn -0.5925 0.1126 -0.7977
vn -0.5789 0.1818 -0.7948
vn -0.5925 0.1126 -0.7976
vn -0.4256 0.4000 -0.8117
vn -0.5789 0.1819 -0.7949
vn -0.4573 0.3641 -0.8114
vn -0.5925 0.1127 -0.7976
vn -0.1958 0.5596 -0.8053
vn -0.4572 0.3642 -0.8114
vn -0.2000 0.5578 -0.8055
vn 0.0281 0.6060 -0.7950
vn -0.1999 0.5579 -0.8055
vn -0.1958 0.5597 -0.8053
vn 0.0299 0.6062 -0.7948
vn 0.2510 0.5574 -0.7914
vn 0.2511 0.5574 -0.7914
vn 0.2359 0.5641 -0.7913
vn 0.0299 0.6062 -0.7947
vn 0.4318 0.4219 -0.7972
vn 0.4355 0.4182 -0.7972
vn 0.2360 0.5641 -0.7913
vn 0.5783 0.2342 -0.7815
vn 0.4355 0.4181 -0.7972
vn 0.4319 0.4218 -0.7972
vn 0.5891 0.2122 -0.7797
vn 0.6345 0.0197 -0.7727
vn 0.5892 0.2121 -0.7797
vn 0.6344 0.0242 -0.7726
vn 0.6136 -0.1278 -0.7792
vn 0.6344 0.0241 -0.7726
vn 0.6345 0.0196 -0.7727
vn 0.6136 -0.1279 -0.7792
vn 0.6124 -0.1322 -0.7794
vn 0.5716 -0.2483 -0.7821
vn 0.5681 -0.2547 -0.7825
vn 0.6124 -0.1323 -0.7794
vn 0.4544 -0.3919 -0.7999
vn 0.5681 -0.2548 -0.7825
vn 0.5715 -0.2483 -0.7821
vn 0.4652 -0.3821 -0.7985
vn 0.3212 -0.4771 -0.8180
vn 0.4652 -0.3822 -0.7985
vn 0.3211 -0.4772 -0.8181
vn 0.3123 -0.4813 -0.8190
vn 0.2421 -0.5105 -0.8251
vn 0.3211 -0.4772 -0.8180
vn 0.2420 -0.5105 -0.8251
vn -0.1916 -0.7718 0.6063
vn -0.3724 -0.6472 0.6652
vn -0.3651 -0.6532 0.6634
vn -0.3652 -0.6531 0.6634
vn -0.3724 -0.6471 0.6652
vn -0.5482 -0.4004 0.7343
vn -0.5241 -0.4929 0.6946
vn -0.5241 -0.4928 0.6946
vn -0.5482 -0.4003 0.7343
vn -0.6422 -0.0931 0.7609
vn -0.5925 0.1126 0.7977
vn -0.6422 -0.0930 0.7609
vn -0.5789 0.1818 0.7948
vn -0.5789 0.1818 0.7949
vn -0.4572 0.3641 0.8114
vn -0.5789 0.1819 0.7949
vn -0.4573 0.3642 0.8114
vn -0.4256 0.4000 0.8117
vn -0.4572 0.3642 0.8114
vn -0.2000 0.5578 0.8055
vn -0.1999 0.5578 0.8055
vn -0.1959 0.5596 0.8053
vn -0.1958 0.5596 0.8053
vn -0.1999 0.5579 0.8055
vn 0.0299 0.6062 0.7948
vn -0.1958 0.5597 0.8053
vn 0.0281 0.6060 0.7950
vn 0.0299 0.6062 0.7947
vn 0.2359 0.5641 0.7913
vn 0.2359 0.5642 0.7913
vn 0.2511 0.5574 0.7914
vn 0.4354 0.4182 0.7972
vn 0.4355 0.4182 0.7972
vn 0.4318 0.4218 0.7972
vn 0.4319 0.4218 0.7972
vn 0.4355 0.4181 0.7972
vn 0.5891 0.2122 0.7797
vn 0.5783 0.2342 0.7815
vn 0.5892 0.2121 0.7797
vn 0.6344 0.0242 0.7726
vn 0.6345 0.0197 0.7727
vn 0.6345 0.0196 0.7727
vn 0.6344 0.0241 0.7726
vn 0.6124 -0.1322 0.7794
vn 0.6136 -0.1278 0.7792
vn 0.6136 -0.1279 0.7792
vn 0.6124 -0.1323 0.7794
vn 0.5681 -0.2547 0.7825
vn 0.5716 -0.2483 0.7821
vn 0.5715 -0.2483 0.7821
vn 0.5681 -0.2548 0.7825
vn 0.4652 -0.3821 0.7985
vn 0.4544 -0.3919 0.7999
vn 0.4651 -0.3822 0.7985
vn 0.3123 -0.4813 0.8190
vn 0.3124 -0.4813 0.8190
vn 0.3211 -0.4771 0.8180
vn 0.3211 -0.4772 0.8180
vn 0.2420 -0.5105 0.8251
vn 0.3211 -0.4771 0.8181
vn 0.2421 -0.5105 0.8251
vn 0.6262 -0.0408 0.7786
vn 0.5728 -0.1481 0.8062
vn 0.6608 0.0429 0.7493
vn 0.6262 -0.0407 0.7786
vn 0.7332 0.2492 0.6327
vn 0.6609 0.0429 0.7493
vn 0.7263 0.2258 0.6492
vn 0.7621 0.3574 0.5399
vn 0.7333 0.2493 0.6326
vn 0.7264 0.2258 0.6491
vn 0.7839 0.4147 0.4621
vn 0.7621 0.3574 0.5398
vn 0.8020 0.4938 0.3361
vn 0.8020 0.4938 0.3360
vn 0.7839 0.4147 0.4620
vn 0.8009 0.5752 0.1665
vn 0.8118 0.5822 0.0450
vn 0.8008 0.5752 0.1665
vn 0.8118 0.5822 0.0449
vn 0.7945 0.6034 -0.0688
vn 0.8008 0.5753 0.1665
vn 0.7790 0.5739 -0.2527
vn 0.7945 0.6034 -0.0689
vn 0.7766 0.4694 -0.4202
vn 0.7547 0.4819 -0.4452
vn 0.7790 0.5739 -0.2528
vn 0.7766 0.4693 -0.4203
vn 0.7679 0.2493 -0.5901
vn 0.7547 0.4818 -0.4453
vn 0.7679 0.2492 -0.5901
vn 0.7209 0.1510 -0.6764
vn 0.6922 0.2125 -0.6897
vn 0.7209 0.1511 -0.6764
vn 0.6922 0.2124 -0.6898
vn 0.6820 -0.0143 -0.7312
vn 0.6922 0.2124 -0.6897
vn 0.7088 -0.1783 -0.6825
vn 0.6819 -0.0143 -0.7313
vn 0.6848 -0.2558 -0.6823
vn 0.6819 -0.0144 -0.7313
vn 0.6833 -0.5402 -0.4912
vn 0.6843 -0.2562 -0.6828
vn 0.7088 -0.1784 -0.6824
vn 0.6590 -0.5515 -0.5115
vn 0.6842 -0.2562 -0.6828
vn 0.6833 -0.5402 -0.4911
vn 0.6430 -0.6881 -0.3362
vn 0.6590 -0.5515 -0.5114
vn -0.6228 0.7683 -0.1477
vn -0.6496 0.7169 -0.2531
vn -0.6356 0.7685 0.0740
vn -0.6228 0.7684 -0.1476
vn -0.6160 0.7500 0.2409
vn -0.6161 0.7499 0.2410
vn -0.6648 0.5500 0.5055
vn -0.6295 0.5880 0.5079
vn -0.6648 0.5500 0.5056
vn -0.6590 0.3181 0.6815
vn -0.6591 0.3181 0.6815
vn -0.6873 0.1449 0.7117
vn -0.6804 0.0678 0.7297
vn -0.6591 0.3180 0.6815
vn -0.6873 0.1449 0.7118
vn -0.6873 0.1448 0.7118
vn -0.6969 -0.0619 0.7145
vn -0.6994 -0.0967 0.7082
vn -0.7223 -0.2744 0.6349
vn -0.7222 -0.2744 0.6349
vn -0.7268 -0.3038 0.6160
vn -0.7268 -0.3039 0.6159
vn -0.7223 -0.2745 0.6348
vn -0.7547 -0.4601 0.4677
vn -0.7564 -0.4678 0.4571
vn -0.7564 -0.4679 0.4571
vn -0.7769 -0.5567 0.2940
vn -0.7770 -0.5567 0.2940
vn -0.7772 -0.5574 0.2919
vn -0.7963 -0.5975 0.0944
vn -0.7964 -0.5975 0.0936
vn -0.7964 -0.5975 0.0935
vn -0.7977 -0.5852 -0.1459
vn -0.7986 -0.5886 -0.1256
vn -0.7986 -0.5886 -0.1257
vn -0.7977 -0.5852 -0.1460
vn -0.7732 -0.5085 -0.3790
vn -0.7810 -0.5304 -0.3297
vn -0.7435 -0.4045 -0.5325
vn -0.7732 -0.5084 -0.3790
vn -0.7386 -0.3705 -0.5632
vn -0.7035 -0.2019 -0.6815
vn -0.7035 -0.2019 -0.6814
vn -0.7165 -0.2555 -0.6491
vn -0.7165 -0.2554 -0.6491
vn -0.7034 -0.2019 -0.6815
vn -0.6551 -0.0449 -0.7542
vn -0.6799 -0.1235 -0.7228
vn -0.6799 -0.1234 -0.7228
vn -0.6551 -0.0448 -0.7543
vn -0.5728 0.1481 -0.8062
vn 0.6228 0.7683 -0.1477
vn 0.6356 0.7685 0.0740
vn 0.6496 0.7169 -0.2531
vn 0.6160 0.7500 0.2409
vn 0.6228 0.7684 -0.1476
vn 0.6161 0.7499 0.2410
vn 0.6648 0.5500 0.5055
vn 0.6295 0.5880 0.5079
vn 0.6591 0.3181 0.6815
vn 0.6648 0.5500 0.5056
vn 0.6873 0.1449 0.7117
vn 0.6804 0.0678 0.7297
vn 0.6873 0.1449 0.7118
vn 0.6590 0.3180 0.6815
vn 0.6994 -0.0967 0.7082
vn 0.6873 0.1448 0.7118
vn 0.6969 -0.0619 0.7145
vn 0.7268 -0.3038 0.6160
vn 0.6969 -0.0620 0.7145
vn 0.7223 -0.2744 0.6349
vn 0.7564 -0.4678 0.4571
vn 0.7223 -0.2745 0.6348
vn 0.7268 -0.3039 0.6159
vn 0.7547 -0.4601 0.4677
vn 0.7772 -0.5574 0.2919
vn 0.7547 -0.4602 0.4677
vn 0.7564 -0.4679 0.4571
vn 0.7770 -0.5567 0.2940
vn 0.7964 -0.5975 0.0936
vn 0.7963 -0.5975 0.0944
vn 0.7986 -0.5886 -0.1256
vn 0.7964 -0.5975 0.0935
vn 0.7977 -0.5852 -0.1459
vn 0.7810 -0.5304 -0.3297
vn 0.7977 -0.5852 -0.1460
vn 0.7986 -0.5886 -0.1257
vn 0.7732 -0.5085 -0.3790
vn 0.7386 -0.3705 -0.5632
vn 0.7732 -0.5084 -0.3791
vn 0.7435 -0.4045 -0.5325
vn 0.7165 -0.2555 -0.6491
vn 0.7035 -0.2019 -0.6814
vn 0.6799 -0.1234 -0.7229
vn 0.7034 -0.2018 -0.6815
vn 0.7165 -0.2554 -0.6491
vn 0.6799 -0.1235 -0.7229
vn 0.6551 -0.0449 -0.7542
vn 0.7035 -0.2019 -0.6815
vn 0.5728 0.1481 -0.8062
vn 0.6551 -0.0448 -0.7543
vn -0.6430 -0.6881 -0.3362
vn -0.6833 -0.5402 -0.4911
vn -0.6590 -0.5515 -0.5114
vn -0.6833 -0.5402 -0.4912
vn -0.6843 -0.2562 -0.6828
vn -0.6590 -0.5515 -0.5115
vn -0.7088 -0.1784 -0.6824
vn -0.7088 -0.1783 -0.6825
vn -0.6819 -0.0144 -0.7313
vn -0.6842 -0.2561 -0.6828
vn -0.6922 0.2124 -0.6897
vn -0.6922 0.2125 -0.6898
vn -0.7209 0.1510 -0.6764
vn -0.6819 -0.0143 -0.7313
vn -0.6922 0.2125 -0.6897
vn -0.7766 0.4693 -0.4203
vn -0.7209 0.1511 -0.6764
vn -0.7668 0.2495 -0.5914
vn -0.7547 0.4819 -0.4453
vn -0.7679 0.2493 -0.5901
vn -0.7547 0.4819 -0.4452
vn -0.7766 0.4694 -0.4203
vn -0.7790 0.5738 -0.2528
vn -0.7766 0.4694 -0.4202
vn -0.8118 0.5822 0.0449
vn -0.7790 0.5739 -0.2527
vn -0.7944 0.6034 -0.0689
vn -0.8008 0.5753 0.1665
vn -0.7945 0.6034 -0.0688
vn -0.8118 0.5822 0.0450
vn -0.7839 0.4147 0.4620
vn -0.8008 0.5752 0.1665
vn -0.8016 0.4944 0.3363
vn -0.8009 0.5752 0.1665
vn -0.7839 0.4147 0.4621
vn -0.7621 0.3574 0.5398
vn -0.8020 0.4938 0.3361
vn -0.7839 0.4146 0.4621
vn -0.7333 0.2493 0.6326
vn -0.7621 0.3574 0.5399
vn -0.7263 0.2259 0.6492
vn -0.7263 0.2258 0.6492
vn -0.6609 0.0429 0.7493
vn -0.7332 0.2493 0.6326
vn -0.6262 -0.0407 0.7786
vn -0.5728 -0.1481 0.8062
vn -0.6609 0.0428 0.7493
vn -0.6262 -0.0408 0.7786
vn -0.6873 -0.2775 0.6712
vn -0.6197 -0.4799 0.6211
vn -0.6863 -0.2826 0.6702
vn -0.7030 -0.1049 0.7035
vn -0.6874 -0.2774 0.6712
vn -0.7030 -0.1048 0.7035
vn -0.7347 0.0507 0.6765
vn -0.7346 0.0508 0.6766
vn -0.7428 0.2168 0.6334
vn -0.8036 0.5462 0.2365
vn -0.7347 0.0508 0.6765
vn -0.7428 0.2169 0.6334
vn -0.8036 0.5462 0.2364
vn -0.7830 0.4171 0.4614
vn -0.7830 0.4172 0.4613
vn -0.7899 0.5970 0.1401
vn -0.7933 0.6082 0.0273
vn -0.8037 0.5834 -0.1173
vn -0.8037 0.5834 -0.1174
vn -0.7879 0.5579 -0.2608
vn -0.8037 0.5833 -0.1174
vn -0.7879 0.5578 -0.2609
vn -0.7990 0.4222 -0.4283
vn -0.7989 0.4222 -0.4283
vn -0.7989 0.4181 -0.4324
vn -0.7989 0.4180 -0.4324
vn -0.7802 0.2463 -0.5750
vn -0.7989 0.4180 -0.4325
vn -0.7875 0.0998 -0.6082
vn -0.7875 0.0997 -0.6082
vn -0.7735 -0.0214 -0.6334
vn -0.7735 -0.0215 -0.6334
vn -0.7789 -0.1495 -0.6090
vn -0.7789 -0.1496 -0.6090
vn -0.7791 -0.1581 -0.6067
vn -0.7791 -0.1582 -0.6067
vn -0.7789 -0.2576 -0.5718
vn -0.7791 -0.1582 -0.6066
vn -0.8015 -0.3692 -0.4704
vn -0.8039 -0.4400 -0.4001
vn -0.8015 -0.3693 -0.4703
vn -0.8039 -0.4401 -0.4000
vn -0.8123 -0.5163 -0.2711
vn -0.8127 -0.5280 -0.2464
vn -0.8093 -0.5661 -0.1567
vn 0.8093 -0.5661 -0.1567
vn 0.8124 -0.5163 -0.2711
vn 0.8123 -0.5163 -0.2711
vn 0.8127 -0.5280 -0.2464
vn 0.8039 -0.4401 -0.4000
vn 0.8127 -0.5280 -0.2465
vn 0.8015 -0.3693 -0.4703
vn 0.8015 -0.3692 -0.4704
vn 0.8039 -0.4400 -0.4001
vn 0.7789 -0.2576 -0.5718
vn 0.7790 -0.1496 -0.6090
vn 0.7789 -0.1496 -0.6090
vn 0.7791 -0.1582 -0.6067
vn 0.7791 -0.1581 -0.6067
vn 0.7735 -0.0214 -0.6334
vn 0.7875 0.0997 -0.6082
vn 0.7802 0.2463 -0.5750
vn 0.7875 0.0998 -0.6082
vn 0.7990 0.4221 -0.4283
vn 0.7989 0.4222 -0.4283
vn 0.7989 0.4180 -0.4325
vn 0.7989 0.4180 -0.4324
vn 0.7879 0.5578 -0.2608
vn 0.7879 0.5578 -0.2609
vn 0.8037 0.5833 -0.1174
vn 0.8037 0.5834 -0.1174
vn 0.7879 0.5579 -0.2608
vn 0.7933 0.6082 0.0273
vn 0.8037 0.5834 -0.1173
vn 0.7933 0.6082 0.0274
vn 0.7899 0.5970 0.1401
vn 0.8036 0.5462 0.2364
vn 0.8036 0.5462 0.2365
vn 0.7830 0.4172 0.4613
vn 0.7830 0.4171 0.4614
vn 0.7428 0.2168 0.6334
vn 0.8036 0.5461 0.2365
vn 0.7428 0.2169 0.6334
vn 0.7347 0.0508 0.6765
vn 0.7030 -0.1048 0.7035
vn 0.7346 0.0508 0.6765
vn 0.7347 0.0507 0.6765
vn 0.7030 -0.1049 0.7034
vn 0.6863 -0.2826 0.6702
vn 0.7346 0.0507 0.6766
vn 0.6873 -0.2775 0.6713
vn 0.6873 -0.2775 0.6712
vn 0.6197 -0.4799 0.6211
vn 0.6634 0.6531 -0.3651
vn 0.6063 0.7718 -0.1916
vn 0.6652 0.6472 -0.3724
vn 0.6945 0.4929 -0.5241
vn 0.6634 0.6531 -0.3652
vn 0.6946 0.4929 -0.5241
vn 0.6652 0.6471 -0.3724
vn 0.7343 0.4004 -0.5481
vn 0.7609 0.0931 -0.6422
vn 0.6946 0.4928 -0.5241
vn 0.7343 0.4003 -0.5482
vn 0.7343 0.4004 -0.5482
vn 0.7977 -0.1126 -0.5925
vn 0.7609 0.0930 -0.6422
vn 0.7948 -0.1818 -0.5789
vn 0.7976 -0.1126 -0.5925
vn 0.8117 -0.4000 -0.4256
vn 0.7949 -0.1819 -0.5789
vn 0.7977 -0.1127 -0.5925
vn 0.7976 -0.1127 -0.5925
vn 0.8114 -0.3641 -0.4573
vn 0.8053 -0.5596 -0.1958
vn 0.8114 -0.3642 -0.4572
vn 0.8055 -0.5578 -0.2000
vn 0.7950 -0.6060 0.0281
vn 0.8053 -0.5597 -0.1958
vn 0.8055 -0.5579 -0.1999
vn 0.7950 -0.6060 0.0280
vn 0.7948 -0.6062 0.0299
vn 0.7914 -0.5574 0.2510
vn 0.7947 -0.6062 0.0299
vn 0.7914 -0.5574 0.2511
vn 0.7913 -0.5641 0.2359
vn 0.7972 -0.4219 0.4318
vn 0.7972 -0.4218 0.4318
vn 0.7913 -0.5641 0.2360
vn 0.7972 -0.4182 0.4355
vn 0.7815 -0.2342 0.5783
vn 0.7972 -0.4218 0.4319
vn 0.7972 -0.4181 0.4355
vn 0.7797 -0.2121 0.5892
vn 0.7727 -0.0197 0.6345
vn 0.7726 -0.0242 0.6344
vn 0.7792 0.1279 0.6136
vn 0.7727 -0.0196 0.6345
vn 0.7794 0.1322 0.6124
vn 0.7821 0.2483 0.5716
vn 0.7794 0.1323 0.6124
vn 0.7825 0.2547 0.5681
vn 0.7999 0.3919 0.4544
vn 0.7821 0.2483 0.5715
vn 0.7999 0.3919 0.4545
vn 0.7985 0.3821 0.4652
vn 0.8180 0.4771 0.3211
vn 0.7985 0.3822 0.4652
vn 0.7985 0.3822 0.4651
vn 0.8190 0.4813 0.3123
vn 0.8251 0.5105 0.2421
vn 0.8180 0.4772 0.3211
vn -0.6063 0.7718 -0.1916
vn -0.6634 0.6531 -0.3651
vn -0.6652 0.6472 -0.3724
vn -0.6634 0.6531 -0.3652
vn -0.7343 0.4004 -0.5482
vn -0.6652 0.6471 -0.3724
vn -0.6946 0.4929 -0.5241
vn -0.7343 0.4004 -0.5481
vn -0.6946 0.4928 -0.5241
vn -0.7609 0.0931 -0.6422
vn -0.7343 0.4003 -0.5482
vn -0.7609 0.0930 -0.6422
vn -0.7976 -0.1126 -0.5925
vn -0.7948 -0.1818 -0.5789
vn -0.7949 -0.1818 -0.5789
vn -0.8114 -0.3641 -0.4572
vn -0.7977 -0.1127 -0.5925
vn -0.7948 -0.1819 -0.5789
vn -0.8117 -0.4000 -0.4256
vn -0.8114 -0.3641 -0.4573
vn -0.8055 -0.5578 -0.2000
vn -0.8114 -0.3642 -0.4572
vn -0.8053 -0.5596 -0.1959
vn -0.8055 -0.5578 -0.1999
vn -0.8053 -0.5597 -0.1958
vn -0.7948 -0.6062 0.0299
vn -0.8055 -0.5579 -0.1999
vn -0.7950 -0.6060 0.0281
vn -0.7947 -0.6062 0.0299
vn -0.7913 -0.5641 0.2359
vn -0.7914 -0.5574 0.2511
vn -0.7913 -0.5642 0.2359
vn -0.7972 -0.4182 0.4354
vn -0.7972 -0.4218 0.4318
vn -0.7972 -0.4182 0.4355
vn -0.7972 -0.4218 0.4319
vn -0.7797 -0.2122 0.5891
vn -0.7972 -0.4181 0.4355
vn -0.7815 -0.2342 0.5783
vn -0.7726 -0.0242 0.6344
vn -0.7797 -0.2121 0.5892
vn -0.7727 -0.0197 0.6345
vn -0.7727 -0.0196 0.6345
vn -0.7794 0.1322 0.6124
vn -0.7726 -0.0241 0.6344
vn -0.7792 0.1278 0.6136
vn -0.7792 0.1279 0.6136
vn -0.7825 0.2547 0.5681
vn -0.7794 0.1323 0.6124
vn -0.7821 0.2483 0.5716
vn -0.7821 0.2483 0.5715
vn -0.7985 0.3821 0.4652
vn -0.7999 0.3919 0.4545
vn -0.7999 0.3919 0.4544
vn -0.8190 0.4813 0.3124
vn -0.7985 0.3822 0.4652
vn -0.8180 0.4771 0.3211
vn -0.8180 0.4772 0.3211
vn -0.8251 0.5105 0.2420
vn -0.8190 0.4813 0.3123
vn -0.8181 0.4771 0.3211
vn -0.8251 0.5105 0.2421
vn 0.6262 -0.0408 -0.7786
vn 0.5728 -0.1481 -0.8062
vn 0.6609 0.0429 -0.7493
vn 0.6262 -0.0407 -0.7786
vn 0.7332 0.2492 -0.6326
vn 0.7332 0.2492 -0.6327
vn 0.7263 0.2258 -0.6492
vn 0.7333 0.2493 -0.6326
vn 0.7621 0.3574 -0.5399
vn 0.7264 0.2258 -0.6491
vn 0.7621 0.3574 -0.5398
vn 0.7839 0.4147 -0.4621
vn 0.8020 0.4938 -0.3361
vn 0.8016 0.4944 -0.3363
vn 0.8009 0.5752 -0.1665
vn 0.7839 0.4147 -0.4620
vn 0.8008 0.5752 -0.1665
vn 0.8118 0.5822 -0.0450
vn 0.8118 0.5822 -0.0449
vn 0.8008 0.5753 -0.1665
vn 0.7945 0.6034 0.0688
vn 0.7944 0.6034 0.0689
vn 0.7790 0.5739 0.2527
vn 0.7766 0.4694 0.4202
vn 0.7547 0.4819 0.4452
vn 0.7766 0.4694 0.4203
vn 0.7790 0.5738 0.2528
vn 0.7766 0.4693 0.4203
vn 0.7547 0.4819 0.4453
vn 0.7679 0.2493 0.5901
vn 0.7668 0.2495 0.5914
vn 0.7209 0.1510 0.6764
vn 0.7209 0.1511 0.6764
vn 0.6922 0.2125 0.6897
vn 0.6922 0.2125 0.6898
vn 0.6819 -0.0143 0.7313
vn 0.6922 0.2124 0.6897
vn 0.7088 -0.1783 0.6825
vn 0.6819 -0.0144 0.7313
vn 0.6842 -0.2561 0.6828
vn 0.6833 -0.5402 0.4912
vn 0.7088 -0.1784 0.6824
vn 0.6843 -0.2562 0.6828
vn 0.6590 -0.5515 0.5115
vn 0.6833 -0.5402 0.4911
vn 0.6590 -0.5515 0.5114
vn 0.6430 -0.6881 0.3362
vn -0.6228 0.7683 0.1477
vn -0.6356 0.7685 -0.0740
vn -0.6496 0.7169 0.2531
vn -0.6228 0.7684 0.1476
vn -0.6160 0.7500 -0.2409
vn -0.6161 0.7499 -0.2410
vn -0.6648 0.5500 -0.5055
vn -0.6295 0.5880 -0.5079
vn -0.6591 0.3181 -0.6815
vn -0.6648 0.5500 -0.5056
vn -0.6873 0.1449 -0.7117
vn -0.6804 0.0678 -0.7297
vn -0.6873 0.1449 -0.7118
vn -0.6590 0.3180 -0.6815
vn -0.6969 -0.0619 -0.7145
vn -0.6873 0.1448 -0.7118
vn -0.6994 -0.0967 -0.7082
vn -0.7222 -0.2744 -0.6349
vn -0.7268 -0.3038 -0.6160
vn -0.7268 -0.3039 -0.6159
vn -0.7547 -0.4601 -0.4677
vn -0.7223 -0.2745 -0.6348
vn -0.7268 -0.3038 -0.6159
vn -0.7564 -0.4678 -0.4571
vn -0.7564 -0.4679 -0.4570
vn -0.7769 -0.5567 -0.2940
vn -0.7547 -0.4602 -0.4677
vn -0.7565 -0.4678 -0.4571
vn -0.7772 -0.5574 -0.2919
vn -0.7963 -0.5975 -0.0944
vn -0.7770 -0.5567 -0.2940
vn -0.7964 -0.5975 -0.0936
vn -0.7977 -0.5852 0.1459
vn -0.7964 -0.5975 -0.0935
vn -0.7986 -0.5886 0.1256
vn -0.7986 -0.5886 0.1257
vn -0.7732 -0.5085 0.3790
vn -0.7977 -0.5852 0.1460
vn -0.7810 -0.5304 0.3297
vn -0.7435 -0.4045 0.5325
vn -0.7386 -0.3705 0.5632
vn -0.7732 -0.5084 0.3790
vn -0.7034 -0.2019 0.6815
vn -0.7165 -0.2555 0.6491
vn -0.7035 -0.2019 0.6814
vn -0.7165 -0.2554 0.6492
vn -0.6551 -0.0448 0.7542
vn -0.7165 -0.2554 0.6491
vn -0.6799 -0.1235 0.7228
vn -0.6551 -0.0449 0.7542
vn -0.6799 -0.1234 0.7229
vn -0.5728 0.1481 0.8062
vn -0.6551 -0.0448 0.7543
vn 0.6228 0.7683 0.1477
vn 0.6496 0.7169 0.2531
vn 0.6356 0.7685 -0.0740
vn 0.6160 0.7500 -0.2409
vn 0.6228 0.7684 0.1476
vn 0.6648 0.5500 -0.5055
vn 0.6161 0.7499 -0.2410
vn 0.6295 0.5880 -0.5079
vn 0.6590 0.3181 -0.6815
vn 0.6648 0.5500 -0.5056
vn 0.6648 0.5499 -0.5056
vn 0.6873 0.1449 -0.7117
vn 0.6591 0.3181 -0.6815
vn 0.6804 0.0678 -0.7297
vn 0.6591 0.3180 -0.6815
vn 0.6873 0.1449 -0.7118
vn 0.6994 -0.0967 -0.7082
vn 0.6873 0.1448 -0.7118
vn 0.6969 -0.0619 -0.7145
vn 0.7268 -0.3038 -0.6160
vn 0.6969 -0.0620 -0.7145
vn 0.7223 -0.2744 -0.6349
vn 0.7564 -0.4678 -0.4571
vn 0.7268 -0.3039 -0.6159
vn 0.7223 -0.2745 -0.6348
vn 0.7547 -0.4601 -0.4677
vn 0.7772 -0.5574 -0.2919
vn 0.7564 -0.4679 -0.4571
vn 0.7547 -0.4602 -0.4677
vn 0.7770 -0.5567 -0.2940
vn 0.7772 -0.5574 -0.2918
vn 0.7964 -0.5975 -0.0936
vn 0.7963 -0.5975 -0.0944
vn 0.7986 -0.5886 0.1256
vn 0.7964 -0.5975 -0.0935
vn 0.7977 -0.5852 0.1459
vn 0.7810 -0.5304 0.3297
vn 0.7986 -0.5886 0.1257
vn 0.7977 -0.5852 0.1460
vn 0.7732 -0.5085 0.3790
vn 0.7732 -0.5084 0.3791
vn 0.7386 -0.3705 0.5632
vn 0.7435 -0.4045 0.5325
vn 0.7165 -0.2555 0.6491
vn 0.7035 -0.2019 0.6814
vn 0.6799 -0.1234 0.7229
vn 0.7165 -0.2554 0.6491
vn 0.7034 -0.2019 0.6815
vn 0.6799 -0.1235 0.7229
vn 0.7035 -0.2019 0.6815
vn 0.6551 -0.0449 0.7542
vn 0.6799 -0.1234 0.7228
vn 0.6551 -0.0448 0.7543
vn 0.5728 0.1481 0.8062
vn -0.6430 -0.6881 0.3362
vn -0.6590 -0.5515 0.5114
vn -0.6833 -0.5402 0.4911
vn -0.6833 -0.5402 0.4912
vn -0.6590 -0.5515 0.5115
vn -0.6842 -0.2562 0.6828
vn -0.6843 -0.2562 0.6828
vn -0.7088 -0.1784 0.6824
vn -0.7088 -0.1783 0.6825
vn -0.6848 -0.2558 0.6823
vn -0.6819 -0.0144 0.7313
vn -0.6819 -0.0143 0.7313
vn -0.6922 0.2124 0.6897
vn -0.6922 0.2124 0.6898
vn -0.6820 -0.0143 0.7312
vn -0.7209 0.1510 0.6764
vn -0.6922 0.2125 0.6897
vn -0.7209 0.1511 0.6764
vn -0.7766 0.4693 0.4203
vn -0.7679 0.2492 0.5901
vn -0.7679 0.2493 0.5901
vn -0.7547 0.4818 0.4453
vn -0.7547 0.4819 0.4452
vn -0.7790 0.5739 0.2528
vn -0.7766 0.4694 0.4202
vn -0.7790 0.5739 0.2527
vn -0.8118 0.5822 -0.0449
vn -0.7945 0.6034 0.0689
vn -0.7945 0.6034 0.0688
vn -0.8008 0.5753 -0.1665
vn -0.8118 0.5822 -0.0450
vn -0.8008 0.5752 -0.1665
vn -0.7839 0.4147 -0.4620
vn -0.8020 0.4938 -0.3360
vn -0.8009 0.5752 -0.1665
vn -0.7839 0.4147 -0.4621
vn -0.8020 0.4938 -0.3361
vn -0.7621 0.3574 -0.5398
vn -0.7839 0.4146 -0.4621
vn -0.7621 0.3574 -0.5399
vn -0.7333 0.2493 -0.6326
vn -0.7263 0.2259 -0.6492
vn -0.7263 0.2258 -0.6492
vn -0.7333 0.2492 -0.6326
vn -0.6609 0.0429 -0.7493
vn -0.6262 -0.0407 -0.7786
vn -0.5728 -0.1481 -0.8062
vn -0.6262 -0.0408 -0.7786
vn -0.6608 0.0429 -0.7493
vn -0.6873 -0.2775 -0.6712
vn -0.6863 -0.2826 -0.6702
vn -0.6197 -0.4799 -0.6211
vn -0.7030 -0.1049 -0.7035
vn -0.6874 -0.2774 -0.6712
vn -0.7347 0.0507 -0.6765
vn -0.7030 -0.1048 -0.7035
vn -0.7346 0.0508 -0.6765
vn -0.7428 0.2168 -0.6334
vn -0.8036 0.5461 -0.2365
vn -0.7428 0.2169 -0.6334
vn -0.7347 0.0508 -0.6765
vn -0.8036 0.5462 -0.2365
vn -0.7830 0.4171 -0.4614
vn -0.7899 0.5970 -0.1401
vn -0.7830 0.4172 -0.4613
vn -0.8036 0.5462 -0.2364
vn -0.7933 0.6082 -0.0273
vn -0.8037 0.5834 0.1173
vn -0.8037 0.5834 0.1174
vn -0.7879 0.5579 0.2608
vn -0.8037 0.5833 0.1174
vn -0.7990 0.4222 0.4283
vn -0.7879 0.5578 0.2609
vn -0.7989 0.4181 0.4324
vn -0.7989 0.4222 0.4283
vn -0.7989 0.4180 0.4324
vn -0.7802 0.2463 0.5750
vn -0.7989 0.4180 0.4325
vn -0.7875 0.0997 0.6082
vn -0.7735 -0.0214 0.6334
vn -0.7789 -0.1495 0.6090
vn -0.7735 -0.0215 0.6334
vn -0.7791 -0.1581 0.6067
vn -0.7789 -0.1496 0.6090
vn -0.7791 -0.1582 0.6066
vn -0.7789 -0.2576 0.5718
vn -0.8015 -0.3692 0.4704
vn -0.8039 -0.4400 0.4001
vn -0.8015 -0.3693 0.4703
vn -0.8123 -0.5163 0.2711
vn -0.8039 -0.4401 0.4000
vn -0.8018 -0.3690 0.4701
vn -0.8127 -0.5280 0.2464
vn -0.8093 -0.5661 0.1567
vn 0.8093 -0.5661 0.1567
vn 0.8124 -0.5163 0.2711
vn 0.8127 -0.5280 0.2464
vn 0.8123 -0.5163 0.2711
vn 0.8039 -0.4401 0.4000
vn 0.8127 -0.5280 0.2465
vn 0.8015 -0.3693 0.4703
vn 0.8015 -0.3692 0.4704
vn 0.7789 -0.2576 0.5718
vn 0.8039 -0.4400 0.4001
vn 0.7790 -0.1496 0.6090
vn 0.7791 -0.1582 0.6067
vn 0.7789 -0.1496 0.6090
vn 0.7791 -0.1581 0.6067
vn 0.7735 -0.0214 0.6334
vn 0.7875 0.0997 0.6082
vn 0.7802 0.2463 0.5750
vn 0.7875 0.0998 0.6082
vn 0.7989 0.4222 0.4283
vn 0.7989 0.4180 0.4325
vn 0.7989 0.4181 0.4324
vn 0.7879 0.5578 0.2608
vn 0.7989 0.4180 0.4324
vn 0.8037 0.5833 0.1174
vn 0.7879 0.5578 0.2609
vn 0.8037 0.5834 0.1174
vn 0.7933 0.6082 -0.0273
vn 0.7879 0.5579 0.2608
vn 0.8037 0.5834 0.1173
vn 0.7899 0.5970 -0.1401
vn 0.7933 0.6082 -0.0274
vn 0.8036 0.5462 -0.2364
vn 0.8036 0.5462 -0.2365
vn 0.7830 0.4172 -0.4613
vn 0.7428 0.2168 -0.6334
vn 0.7830 0.4171 -0.4614
vn 0.7347 0.0508 -0.6765
vn 0.7428 0.2169 -0.6334
vn 0.7030 -0.1048 -0.7035
vn 0.7346 0.0508 -0.6765
vn 0.7347 0.0507 -0.6765
vn 0.6863 -0.2826 -0.6702
vn 0.7030 -0.1049 -0.7034
vn 0.7346 0.0507 -0.6766
vn 0.6873 -0.2775 -0.6713
vn 0.6873 -0.2775 -0.6712
vn 0.6197 -0.4799 -0.6211
vn 0.6634 0.6531 0.3651
vn 0.6652 0.6472 0.3724
vn 0.6063 0.7718 0.1916
vn 0.6946 0.4929 0.5241
vn 0.6634 0.6531 0.3652
vn 0.7343 0.4004 0.5481
vn 0.6652 0.6471 0.3724
vn 0.7609 0.0931 0.6422
vn 0.7343 0.4003 0.5482
vn 0.6946 0.4928 0.5241
vn 0.7343 0.4004 0.5482
vn 0.7609 0.0930 0.6422
vn 0.7976 -0.1126 0.5925
vn 0.7948 -0.1818 0.5789
vn 0.8117 -0.4000 0.4256
vn 0.7977 -0.1127 0.5925
vn 0.7949 -0.1819 0.5789
vn 0.8114 -0.3641 0.4573
vn 0.7976 -0.1127 0.5925
vn 0.8053 -0.5596 0.1958
vn 0.8114 -0.3642 0.4572
vn 0.8055 -0.5578 0.2000
vn 0.7950 -0.6060 -0.0281
vn 0.8055 -0.5579 0.1999
vn 0.8053 -0.5597 0.1958
vn 0.7950 -0.6060 -0.0280
vn 0.7948 -0.6062 -0.0299
vn 0.7914 -0.5574 -0.2510
vn 0.7914 -0.5574 -0.2511
vn 0.7913 -0.5641 -0.2359
vn 0.7972 -0.4219 -0.4318
vn 0.7972 -0.4182 -0.4355
vn 0.7913 -0.5641 -0.2360
vn 0.7815 -0.2342 -0.5783
vn 0.7972 -0.4181 -0.4355
vn 0.7972 -0.4218 -0.4319
vn 0.7797 -0.2121 -0.5891
vn 0.7727 -0.0197 -0.6345
vn 0.7797 -0.2121 -0.5892
vn 0.7726 -0.0242 -0.6344
vn 0.7792 0.1279 -0.6136
vn 0.7727 -0.0196 -0.6345
vn 0.7794 0.1322 -0.6124
vn 0.7821 0.2483 -0.5716
vn 0.7825 0.2547 -0.5681
vn 0.7794 0.1323 -0.6124
vn 0.7999 0.3919 -0.4544
vn 0.7821 0.2483 -0.5715
vn 0.7999 0.3919 -0.4545
vn 0.7985 0.3821 -0.4652
vn 0.8180 0.4771 -0.3211
vn 0.7985 0.3822 -0.4652
vn 0.8181 0.4771 -0.3211
vn 0.8190 0.4813 -0.3123
vn 0.7985 0.3822 -0.4651
vn 0.8251 0.5105 -0.2421
vn 0.8180 0.4772 -0.3211
vn -0.6063 0.7718 0.1916
vn -0.6652 0.6472 0.3724
vn -0.6634 0.6531 0.3651
vn -0.6634 0.6531 0.3652
vn -0.6652 0.6471 0.3724
vn -0.7343 0.4004 0.5482
vn -0.6946 0.4929 0.5241
vn -0.6946 0.4928 0.5241
vn -0.7343 0.4003 0.5482
vn -0.7609 0.0931 0.6422
vn -0.7977 -0.1126 0.5925
vn -0.7609 0.0930 0.6422
vn -0.7948 -0.1818 0.5789
vn -0.7949 -0.1818 0.5789
vn -0.8114 -0.3641 0.4572
vn -0.7948 -0.1819 0.5789
vn -0.8114 -0.3641 0.4573
vn -0.8117 -0.4000 0.4256
vn -0.8114 -0.3642 0.4572
vn -0.8055 -0.5578 0.2000
vn -0.8055 -0.5578 0.1999
vn -0.8053 -0.5596 0.1959
vn -0.8053 -0.5596 0.1958
vn -0.8055 -0.5579 0.1999
vn -0.7948 -0.6062 -0.0299
vn -0.8053 -0.5597 0.1958
vn -0.7950 -0.6060 -0.0281
vn -0.7913 -0.5641 -0.2359
vn -0.7913 -0.5642 -0.2359
vn -0.7914 -0.5574 -0.2511
vn -0.7972 -0.4182 -0.4354
vn -0.7972 -0.4182 -0.4355
vn -0.7972 -0.4218 -0.4318
vn -0.7972 -0.4218 -0.4319
vn -0.7972 -0.4181 -0.4355
vn -0.7797 -0.2122 -0.5891
vn -0.7815 -0.2342 -0.5783
vn -0.7797 -0.2121 -0.5892
vn -0.7726 -0.0242 -0.6344
vn -0.7727 -0.0197 -0.6345
vn -0.7727 -0.0196 -0.6345
vn -0.7726 -0.0241 -0.6344
vn -0.7794 0.1322 -0.6124
vn -0.7792 0.1278 -0.6136
vn -0.7792 0.1279 -0.6136
vn -0.7794 0.1323 -0.6124
vn -0.7825 0.2547 -0.5681
vn -0.7821 0.2483 -0.5716
vn -0.7821 0.2483 -0.5715
vn -0.7985 0.3821 -0.4652
vn -0.7999 0.3919 -0.4545
vn -0.7999 0.3919 -0.4544
vn -0.7985 0.3822 -0.4652
vn -0.8190 0.4813 -0.3124
vn -0.8180 0.4772 -0.3211
vn -0.8190 0.4813 -0.3123
vn -0.8251 0.5105 -0.2420
vn -0.8181 0.4771 -0.3211
vn -0.8251 0.5105 -0.2421
vn 0.6262 0.0408 -0.7786
vn 0.6609 -0.0429 -0.7493
vn 0.6262 0.0407 -0.7786
vn 0.7332 -0.2492 -0.6326
vn 0.7263 -0.2258 -0.6492
vn 0.7332 -0.2492 -0.6327
vn 0.7621 -0.3574 -0.5399
vn 0.7333 -0.2493 -0.6326
vn 0.7264 -0.2258 -0.6491
vn 0.7839 -0.4147 -0.4621
vn 0.7621 -0.3574 -0.5398
vn 0.8020 -0.4938 -0.3361
vn 0.8020 -0.4938 -0.3360
vn 0.7839 -0.4147 -0.4620
vn 0.8009 -0.5752 -0.1665
vn 0.8118 -0.5822 -0.0450
vn 0.8008 -0.5752 -0.1665
vn 0.8118 -0.5822 -0.0449
vn 0.7944 -0.6034 0.0688
vn 0.8008 -0.5753 -0.1665
vn 0.7790 -0.5739 0.2527
vn 0.7945 -0.6034 0.0689
vn 0.7766 -0.4694 0.4202
vn 0.7547 -0.4819 0.4452
vn 0.7790 -0.5739 0.2528
vn 0.7766 -0.4693 0.4203
vn 0.7679 -0.2493 0.5901
vn 0.7547 -0.4818 0.4453
vn 0.7679 -0.2492 0.5901
vn 0.7209 -0.1510 0.6764
vn 0.6922 -0.2125 0.6897
vn 0.7208 -0.1511 0.6764
vn 0.6922 -0.2124 0.6898
vn 0.6820 0.0143 0.7312
vn 0.6922 -0.2124 0.6897
vn 0.7088 0.1783 0.6825
vn 0.6819 0.0144 0.7313
vn 0.6848 0.2558 0.6823
vn 0.6833 0.5402 0.4912
vn 0.6843 0.2562 0.6828
vn 0.7088 0.1784 0.6824
vn 0.6590 0.5515 0.5115
vn 0.6833 0.5402 0.4911
vn 0.6430 0.6881 0.3362
vn 0.6590 0.5515 0.5114
vn -0.6228 -0.7683 0.1477
vn -0.6496 -0.7169 0.2531
vn -0.6356 -0.7685 -0.0740
vn -0.6228 -0.7684 0.1476
vn -0.6160 -0.7500 -0.2409
vn -0.6161 -0.7499 -0.2410
vn -0.6648 -0.5500 -0.5055
vn -0.6295 -0.5880 -0.5079
vn -0.6648 -0.5500 -0.5056
vn -0.6590 -0.3181 -0.6815
vn -0.6591 -0.3181 -0.6815
vn -0.6873 -0.1449 -0.7117
vn -0.6804 -0.0678 -0.7297
vn -0.6591 -0.3180 -0.6815
vn -0.6873 -0.1449 -0.7118
vn -0.6873 -0.1448 -0.7118
vn -0.6969 0.0619 -0.7145
vn -0.6994 0.0967 -0.7082
vn -0.7223 0.2744 -0.6349
vn -0.7222 0.2744 -0.6349
vn -0.7268 0.3038 -0.6160
vn -0.7268 0.3039 -0.6159
vn -0.7223 0.2745 -0.6348
vn -0.7547 0.4601 -0.4677
vn -0.7564 0.4678 -0.4571
vn -0.7564 0.4679 -0.4571
vn -0.7769 0.5567 -0.2940
vn -0.7770 0.5567 -0.2940
vn -0.7772 0.5574 -0.2919
vn -0.7963 0.5975 -0.0944
vn -0.7964 0.5975 -0.0936
vn -0.7964 0.5975 -0.0935
vn -0.7977 0.5852 0.1459
vn -0.7986 0.5886 0.1256
vn -0.7986 0.5886 0.1257
vn -0.7977 0.5852 0.1460
vn -0.7732 0.5085 0.3790
vn -0.7810 0.5304 0.3297
vn -0.7435 0.4045 0.5325
vn -0.7732 0.5084 0.3790
vn -0.7386 0.3705 0.5632
vn -0.7034 0.2019 0.6815
vn -0.7035 0.2019 0.6814
vn -0.7165 0.2555 0.6491
vn -0.7165 0.2554 0.6491
vn -0.6551 0.0449 0.7542
vn -0.6799 0.1235 0.7228
vn -0.6799 0.1234 0.7229
vn -0.6551 0.0448 0.7543
vn 0.6228 -0.7683 0.1477
vn 0.6356 -0.7685 -0.0740
vn 0.6496 -0.7169 0.2531
vn 0.6160 -0.7500 -0.2409
vn 0.6228 -0.7684 0.1476
vn 0.6161 -0.7499 -0.2410
vn 0.6648 -0.5500 -0.5055
vn 0.6295 -0.5880 -0.5079
vn 0.6591 -0.3181 -0.6815
vn 0.6648 -0.5500 -0.5056
vn 0.6873 -0.1449 -0.7117
vn 0.6804 -0.0678 -0.7297
vn 0.6873 -0.1449 -0.7118
vn 0.6591 -0.3180 -0.6815
vn 0.6994 0.0967 -0.7082
vn 0.6873 -0.1448 -0.7118
vn 0.6969 0.0619 -0.7145
vn 0.7268 0.3038 -0.6160
vn 0.6969 0.0620 -0.7145
vn 0.7223 0.2744 -0.6349
vn 0.7564 0.4678 -0.4571
vn 0.7223 0.2745 -0.6348
vn 0.7268 0.3039 -0.6159
vn 0.7547 0.4601 -0.4677
vn 0.7772 0.5574 -0.2919
vn 0.7547 0.4602 -0.4677
vn 0.7564 0.4679 -0.4571
vn 0.7770 0.5567 -0.2940
vn 0.7964 0.5975 -0.0936
vn 0.7963 0.5975 -0.0944
vn 0.7986 0.5886 0.1256
vn 0.7964 0.5975 -0.0935
vn 0.7977 0.5852 0.1459
vn 0.7810 0.5304 0.3297
vn 0.7977 0.5852 0.1460
vn 0.7986 0.5886 0.1257
vn 0.7732 0.5085 0.3790
vn 0.7386 0.3705 0.5632
vn 0.7732 0.5084 0.3791
vn 0.7435 0.4045 0.5325
vn 0.7165 0.2555 0.6491
vn 0.7035 0.2019 0.6814
vn 0.6799 0.1234 0.7229
vn 0.7034 0.2018 0.6815
vn 0.7165 0.2554 0.6491
vn 0.6799 0.1235 0.7229
vn 0.6551 0.0449 0.7542
vn 0.7035 0.2019 0.6815
vn 0.6551 0.0448 0.7543
vn -0.6430 0.6881 0.3362
vn -0.6833 0.5402 0.4911
vn -0.6590 0.5515 0.5114
vn -0.6833 0.5402 0.4912
vn -0.6843 0.2562 0.6828
vn -0.6590 0.5515 0.5115
vn -0.7088 0.1784 0.6824
vn -0.7088 0.1783 0.6825
vn -0.6819 0.0144 0.7313
vn -0.6842 0.2561 0.6828
vn -0.6922 -0.2124 0.6897
vn -0.6922 -0.2125 0.6898
vn -0.7209 -0.1510 0.6764
vn -0.6819 0.0143 0.7313
vn -0.6922 -0.2125 0.6897
vn -0.7766 -0.4693 0.4203
vn -0.7209 -0.1511 0.6764
vn -0.7668 -0.2495 0.5914
vn -0.7547 -0.4819 0.4453
vn -0.7679 -0.2493 0.5901
vn -0.7547 -0.4819 0.4452
vn -0.7766 -0.4694 0.4203
vn -0.7790 -0.5738 0.2528
vn -0.8118 -0.5822 -0.0449
vn -0.7790 -0.5739 0.2527
vn -0.7944 -0.6034 0.0689
vn -0.8008 -0.5753 -0.1665
vn -0.7945 -0.6034 0.0688
vn -0.8118 -0.5822 -0.0450
vn -0.7839 -0.4147 -0.4620
vn -0.8008 -0.5752 -0.1665
vn -0.8016 -0.4944 -0.3363
vn -0.8009 -0.5752 -0.1665
vn -0.7839 -0.4147 -0.4621
vn -0.7621 -0.3574 -0.5398
vn -0.8020 -0.4938 -0.3361
vn -0.7839 -0.4146 -0.4621
vn -0.7333 -0.2493 -0.6326
vn -0.7621 -0.3574 -0.5399
vn -0.7263 -0.2259 -0.6492
vn -0.7263 -0.2258 -0.6492
vn -0.6609 -0.0429 -0.7493
vn -0.7332 -0.2493 -0.6326
vn -0.6262 0.0407 -0.7786
vn -0.6609 -0.0428 -0.7493
vn -0.6262 0.0408 -0.7786
vn -0.6608 -0.0429 -0.7493
vn -0.6873 0.2775 -0.6712
vn -0.6197 0.4799 -0.6210
vn -0.6863 0.2826 -0.6702
vn -0.7030 0.1049 -0.7034
vn -0.6874 0.2774 -0.6712
vn -0.7030 0.1048 -0.7035
vn -0.7347 -0.0507 -0.6765
vn -0.7346 -0.0507 -0.6765
vn -0.7428 -0.2168 -0.6334
vn -0.8036 -0.5462 -0.2365
vn -0.7347 -0.0508 -0.6765
vn -0.7428 -0.2169 -0.6334
vn -0.8036 -0.5462 -0.2364
vn -0.7830 -0.4171 -0.4614
vn -0.7830 -0.4172 -0.4613
vn -0.7899 -0.5970 -0.1401
vn -0.7933 -0.6082 -0.0273
vn -0.7933 -0.6082 -0.0274
vn -0.8037 -0.5834 0.1173
vn -0.8037 -0.5834 0.1174
vn -0.7879 -0.5579 0.2608
vn -0.8037 -0.5833 0.1174
vn -0.7879 -0.5578 0.2609
vn -0.7990 -0.4222 0.4283
vn -0.7989 -0.4180 0.4324
vn -0.7989 -0.4222 0.4283
vn -0.7802 -0.2463 0.5750
vn -0.7989 -0.4180 0.4325
vn -0.7875 -0.0998 0.6082
vn -0.7875 -0.0997 0.6082
vn -0.7735 0.0214 0.6334
vn -0.7735 0.0215 0.6334
vn -0.7789 0.1495 0.6090
vn -0.7789 0.1496 0.6090
vn -0.7791 0.1581 0.6067
vn -0.7791 0.1582 0.6067
vn -0.7789 0.2576 0.5718
vn -0.7791 0.1581 0.6066
vn -0.8015 0.3692 0.4704
vn -0.8039 0.4401 0.4000
vn -0.8015 0.3693 0.4703
vn -0.8123 0.5163 0.2711
vn -0.8127 0.5280 0.2464
vn -0.8093 0.5661 0.1567
vn -0.8093 0.5661 0.1566
vn 0.8093 0.5661 0.1567
vn 0.8124 0.5163 0.2711
vn 0.8123 0.5163 0.2711
vn 0.8127 0.5280 0.2464
vn 0.8039 0.4401 0.4000
vn 0.8015 0.3693 0.4704
vn 0.8015 0.3692 0.4704
vn 0.7789 0.2576 0.5718
vn 0.7790 0.1496 0.6090
vn 0.7789 0.1496 0.6090
vn 0.7791 0.1582 0.6067
vn 0.7791 0.1581 0.6067
vn 0.7735 0.0214 0.6334
vn 0.7875 -0.0997 0.6082
vn 0.7802 -0.2463 0.5750
vn 0.7875 -0.0998 0.6082
vn 0.7989 -0.4222 0.4283
vn 0.7989 -0.4180 0.4324
vn 0.7990 -0.4222 0.4283
vn 0.7879 -0.5578 0.2609
vn 0.8037 -0.5834 0.1174
vn 0.7879 -0.5579 0.2608
vn 0.7933 -0.6082 -0.0273
vn 0.8037 -0.5834 0.1173
vn 0.7933 -0.6082 -0.0274
vn 0.7899 -0.5970 -0.1401
vn 0.8036 -0.5462 -0.2364
vn 0.8036 -0.5462 -0.2365
vn 0.7830 -0.4172 -0.4613
vn 0.7830 -0.4171 -0.4614
vn 0.7428 -0.2168 -0.6334
vn 0.7428 -0.2169 -0.6334
vn 0.7347 -0.0508 -0.6765
vn 0.7030 0.1048 -0.7035
vn 0.7346 -0.0508 -0.6765
vn 0.7347 -0.0507 -0.6765
vn 0.7030 0.1049 -0.7034
vn 0.6863 0.2826 -0.6702
vn 0.7346 -0.0507 -0.6766
vn 0.6873 0.2775 -0.6713
vn 0.6873 0.2775 -0.6712
vn 0.6197 0.4799 -0.6210
vn 0.6634 -0.6531 0.3651
vn 0.6063 -0.7718 0.1916
vn 0.6652 -0.6472 0.3724
vn 0.6946 -0.4929 0.5241
vn 0.6634 -0.6531 0.3652
vn 0.6652 -0.6471 0.3724
vn 0.7343 -0.4004 0.5481
vn 0.7609 -0.0931 0.6422
vn 0.6946 -0.4928 0.5241
vn 0.7343 -0.4003 0.5482
vn 0.7343 -0.4004 0.5482
vn 0.7977 0.1126 0.5925
vn 0.7609 -0.0930 0.6422
vn 0.7948 0.1818 0.5789
vn 0.8117 0.4000 0.4256
vn 0.7949 0.1819 0.5789
vn 0.7977 0.1127 0.5925
vn 0.7976 0.1127 0.5925
vn 0.8114 0.3641 0.4573
vn 0.8053 0.5596 0.1958
vn 0.8114 0.3642 0.4572
vn 0.8055 0.5578 0.2000
vn 0.7950 0.6060 -0.0281
vn 0.8053 0.5597 0.1958
vn 0.8055 0.5579 0.1999
vn 0.7948 0.6062 -0.0299
vn 0.7914 0.5574 -0.2510
vn 0.7947 0.6062 -0.0299
vn 0.7914 0.5574 -0.2511
vn 0.7947 0.6062 -0.0300
vn 0.7913 0.5641 -0.2359
vn 0.7972 0.4219 -0.4318
vn 0.7972 0.4218 -0.4318
vn 0.7913 0.5641 -0.2360
vn 0.7972 0.4182 -0.4355
vn 0.7815 0.2342 -0.5783
vn 0.7972 0.4218 -0.4319
vn 0.7972 0.4181 -0.4355
vn 0.7797 0.2122 -0.5891
vn 0.7727 0.0197 -0.6345
vn 0.7815 0.2341 -0.5783
vn 0.7797 0.2121 -0.5892
vn 0.7726 0.0242 -0.6344
vn 0.7792 -0.1278 -0.6136
vn 0.7727 0.0196 -0.6345
vn 0.7726 0.0241 -0.6344
vn 0.7794 -0.1322 -0.6124
vn 0.7821 -0.2483 -0.5716
vn 0.7792 -0.1279 -0.6136
vn 0.7794 -0.1323 -0.6124
vn 0.7825 -0.2547 -0.5681
vn 0.7999 -0.3919 -0.4544
vn 0.7821 -0.2483 -0.5715
vn 0.7825 -0.2548 -0.5681
vn 0.7985 -0.3821 -0.4652
vn 0.8180 -0.4771 -0.3212
vn 0.7985 -0.3822 -0.4652
vn 0.8180 -0.4772 -0.3211
vn 0.8190 -0.4813 -0.3123
vn 0.8251 -0.5105 -0.2421
vn 0.8251 -0.5105 -0.2420
vn -0.6063 -0.7718 0.1916
vn -0.6634 -0.6531 0.3651
vn -0.6652 -0.6472 0.3724
vn -0.6634 -0.6531 0.3652
vn -0.7343 -0.4004 0.5482
vn -0.6652 -0.6471 0.3724
vn -0.6946 -0.4929 0.5241
vn -0.6946 -0.4928 0.5241
vn -0.7609 -0.0931 0.6422
vn -0.7343 -0.4003 0.5482
vn -0.7609 -0.0930 0.6422
vn -0.7976 0.1126 0.5925
vn -0.7948 0.1818 0.5789
vn -0.7949 0.1818 0.5789
vn -0.8114 0.3641 0.4572
vn -0.7977 0.1126 0.5925
vn -0.7948 0.1819 0.5789
vn -0.8117 0.4000 0.4256
vn -0.8114 0.3641 0.4573
vn -0.8055 0.5578 0.2000
vn -0.8114 0.3642 0.4572
vn -0.8053 0.5596 0.1959
vn -0.8055 0.5578 0.1999
vn -0.8053 0.5597 0.1958
vn -0.7948 0.6062 -0.0299
vn -0.8055 0.5579 0.1999
vn -0.7950 0.6060 -0.0281
vn -0.7947 0.6062 -0.0299
vn -0.7913 0.5641 -0.2359
vn -0.7914 0.5574 -0.2511
vn -0.7913 0.5642 -0.2359
vn -0.7972 0.4182 -0.4354
vn -0.7972 0.4218 -0.4318
vn -0.7972 0.4182 -0.4355
vn -0.7972 0.4218 -0.4319
vn -0.7797 0.2122 -0.5891
vn -0.7972 0.4181 -0.4355
vn -0.7815 0.2342 -0.5783
vn -0.7726 0.0242 -0.6344
vn -0.7797 0.2121 -0.5891
vn -0.7727 0.0197 -0.6345
vn -0.7727 0.0196 -0.6345
vn -0.7794 -0.1322 -0.6124
vn -0.7726 0.0241 -0.6344
vn -0.7792 -0.1278 -0.6136
vn -0.7792 -0.1279 -0.6136
vn -0.7825 -0.2547 -0.5681
vn -0.7794 -0.1323 -0.6124
vn -0.7821 -0.2483 -0.5716
vn -0.7985 -0.3821 -0.4652
vn -0.7825 -0.2548 -0.5681
vn -0.7999 -0.3919 -0.4544
vn -0.8190 -0.4813 -0.3123
vn -0.7985 -0.3822 -0.4651
vn -0.8180 -0.4771 -0.3211
vn -0.8190 -0.4813 -0.3124
vn -0.8180 -0.4772 -0.3211
vn -0.8251 -0.5105 -0.2420
vn -0.8181 -0.4771 -0.3211
vn -0.8251 -0.5105 -0.2421
vn 0.6262 0.0408 0.7786
vn 0.6608 -0.0429 0.7493
vn 0.6262 0.0407 0.7786
vn 0.6609 -0.0429 0.7493
vn 0.7332 -0.2492 0.6326
vn 0.7263 -0.2258 0.6492
vn 0.7333 -0.2493 0.6326
vn 0.7621 -0.3574 0.5399
vn 0.7264 -0.2258 0.6491
vn 0.7621 -0.3574 0.5398
vn 0.7839 -0.4147 0.4621
vn 0.8020 -0.4938 0.3361
vn 0.8016 -0.4944 0.3363
vn 0.8009 -0.5752 0.1665
vn 0.7839 -0.4147 0.4620
vn 0.8008 -0.5752 0.1665
vn 0.8118 -0.5822 0.0450
vn 0.8118 -0.5822 0.0449
vn 0.8008 -0.5753 0.1665
vn 0.7945 -0.6034 -0.0688
vn 0.7944 -0.6034 -0.0689
vn 0.7790 -0.5739 -0.2527
vn 0.7766 -0.4694 -0.4202
vn 0.7547 -0.4819 -0.4452
vn 0.7766 -0.4694 -0.4203
vn 0.7790 -0.5738 -0.2528
vn 0.7766 -0.4693 -0.4203
vn 0.7547 -0.4819 -0.4453
vn 0.7679 -0.2493 -0.5901
vn 0.7668 -0.2495 -0.5914
vn 0.7209 -0.1510 -0.6764
vn 0.7209 -0.1511 -0.6764
vn 0.6922 -0.2125 -0.6897
vn 0.6922 -0.2125 -0.6898
vn 0.6819 0.0143 -0.7313
vn 0.6922 -0.2124 -0.6897
vn 0.6819 0.0144 -0.7313
vn 0.7088 0.1783 -0.6825
vn 0.6842 0.2561 -0.6828
vn 0.6833 0.5402 -0.4912
vn 0.7088 0.1784 -0.6824
vn 0.6843 0.2562 -0.6828
vn 0.6590 0.5515 -0.5115
vn 0.6833 0.5402 -0.4911
vn 0.6590 0.5515 -0.5114
vn 0.6430 0.6881 -0.3362
vn -0.6228 -0.7683 -0.1477
vn -0.6356 -0.7685 0.0740
vn -0.6496 -0.7169 -0.2531
vn -0.6228 -0.7684 -0.1476
vn -0.6160 -0.7500 0.2409
vn -0.6161 -0.7499 0.2410
vn -0.6648 -0.5500 0.5055
vn -0.6295 -0.5880 0.5079
vn -0.6591 -0.3181 0.6815
vn -0.6648 -0.5500 0.5056
vn -0.6873 -0.1449 0.7117
vn -0.6804 -0.0678 0.7297
vn -0.6873 -0.1449 0.7118
vn -0.6591 -0.3180 0.6815
vn -0.6969 0.0619 0.7145
vn -0.6873 -0.1448 0.7118
vn -0.6994 0.0967 0.7082
vn -0.7222 0.2744 0.6349
vn -0.7268 0.3038 0.6160
vn -0.7268 0.3039 0.6159
vn -0.7547 0.4601 0.4677
vn -0.7223 0.2745 0.6348
vn -0.7268 0.3038 0.6159
vn -0.7564 0.4678 0.4571
vn -0.7564 0.4679 0.4570
vn -0.7769 0.5567 0.2940
vn -0.7547 0.4602 0.4677
vn -0.7565 0.4678 0.4571
vn -0.7772 0.5574 0.2919
vn -0.7963 0.5975 0.0944
vn -0.7770 0.5567 0.2940
vn -0.7964 0.5975 0.0936
vn -0.7977 0.5852 -0.1459
vn -0.7964 0.5975 0.0935
vn -0.7986 0.5886 -0.1256
vn -0.7986 0.5886 -0.1257
vn -0.7732 0.5085 -0.3790
vn -0.7977 0.5852 -0.1460
vn -0.7810 0.5304 -0.3297
vn -0.7435 0.4045 -0.5325
vn -0.7386 0.3705 -0.5632
vn -0.7732 0.5084 -0.3790
vn -0.7034 0.2019 -0.6815
vn -0.7165 0.2555 -0.6491
vn -0.7035 0.2019 -0.6814
vn -0.7165 0.2554 -0.6492
vn -0.6551 0.0448 -0.7542
vn -0.7165 0.2554 -0.6491
vn -0.6799 0.1235 -0.7228
vn -0.6551 0.0449 -0.7542
vn -0.6799 0.1234 -0.7229
vn -0.6551 0.0448 -0.7543
vn 0.6228 -0.7683 -0.1477
vn 0.6496 -0.7169 -0.2531
vn 0.6356 -0.7685 0.0740
vn 0.6160 -0.7500 0.2409
vn 0.6228 -0.7684 -0.1476
vn 0.6648 -0.5500 0.5055
vn 0.6161 -0.7499 0.2410
vn 0.6295 -0.5880 0.5079
vn 0.6590 -0.3181 0.6815
vn 0.6648 -0.5500 0.5056
vn 0.6873 -0.1449 0.7117
vn 0.6591 -0.3181 0.6815
vn 0.6804 -0.0678 0.7297
vn 0.6591 -0.3180 0.6815
vn 0.6873 -0.1449 0.7118
vn 0.6994 0.0967 0.7082
vn 0.6873 -0.1448 0.7118
vn 0.6969 0.0619 0.7145
vn 0.7268 0.3038 0.6160
vn 0.6969 0.0620 0.7145
vn 0.7223 0.2744 0.6349
vn 0.7564 0.4678 0.4571
vn 0.7268 0.3039 0.6159
vn 0.7223 0.2745 0.6348
vn 0.7547 0.4601 0.4677
vn 0.7772 0.5574 0.2919
vn 0.7564 0.4679 0.4571
vn 0.7547 0.4602 0.4677
vn 0.7770 0.5567 0.2940
vn 0.7769 0.5567 0.2940
vn 0.7964 0.5975 0.0936
vn 0.7963 0.5975 0.0944
vn 0.7986 0.5886 -0.1256
vn 0.7964 0.5975 0.0935
vn 0.7977 0.5852 -0.1459
vn 0.7810 0.5304 -0.3297
vn 0.7986 0.5886 -0.1257
vn 0.7977 0.5852 -0.1460
vn 0.7732 0.5085 -0.3790
vn 0.7732 0.5084 -0.3791
vn 0.7386 0.3705 -0.5632
vn 0.7435 0.4045 -0.5325
vn 0.7165 0.2554 -0.6491
vn 0.7165 0.2555 -0.6491
vn 0.7386 0.3705 -0.5633
vn 0.7035 0.2019 -0.6814
vn 0.6799 0.1234 -0.7229
vn 0.7034 0.2019 -0.6815
vn 0.6799 0.1235 -0.7229
vn 0.7035 0.2019 -0.6815
vn 0.6551 0.0449 -0.7542
vn 0.6551 0.0448 -0.7543
vn -0.6430 0.6881 -0.3362
vn -0.6590 0.5515 -0.5114
vn -0.6833 0.5402 -0.4911
vn -0.6833 0.5402 -0.4912
vn -0.6590 0.5515 -0.5115
vn -0.6843 0.2562 -0.6828
vn -0.7088 0.1784 -0.6824
vn -0.7088 0.1783 -0.6825
vn -0.6848 0.2558 -0.6823
vn -0.6819 0.0144 -0.7313
vn -0.6922 -0.2124 -0.6897
vn -0.6922 -0.2124 -0.6898
vn -0.6820 0.0143 -0.7312
vn -0.7209 -0.1510 -0.6764
vn -0.6922 -0.2125 -0.6897
vn -0.7208 -0.1511 -0.6764
vn -0.7766 -0.4693 -0.4203
vn -0.7679 -0.2492 -0.5901
vn -0.7679 -0.2493 -0.5901
vn -0.7547 -0.4818 -0.4453
vn -0.7547 -0.4819 -0.4452
vn -0.7790 -0.5739 -0.2528
vn -0.7766 -0.4694 -0.4202
vn -0.7790 -0.5739 -0.2527
vn -0.8118 -0.5822 0.0449
vn -0.7945 -0.6034 -0.0689
vn -0.7944 -0.6034 -0.0688
vn -0.8008 -0.5753 0.1665
vn -0.8118 -0.5822 0.0450
vn -0.8008 -0.5752 0.1665
vn -0.7839 -0.4147 0.4620
vn -0.8020 -0.4938 0.3360
vn -0.8009 -0.5752 0.1665
vn -0.7839 -0.4147 0.4621
vn -0.8020 -0.4938 0.3361
vn -0.7621 -0.3574 0.5398
vn -0.7839 -0.4146 0.4621
vn -0.7621 -0.3574 0.5399
vn -0.7333 -0.2493 0.6326
vn -0.7263 -0.2259 0.6492
vn -0.7263 -0.2258 0.6492
vn -0.7333 -0.2492 0.6326
vn -0.6609 -0.0429 0.7493
vn -0.6262 0.0407 0.7786
vn -0.6262 0.0408 0.7786
vn -0.6609 -0.0428 0.7493
vn -0.6873 0.2775 0.6712
vn -0.6863 0.2826 0.6702
vn -0.6197 0.4799 0.6210
vn -0.7030 0.1049 0.7034
vn -0.6874 0.2774 0.6712
vn -0.7347 -0.0507 0.6765
vn -0.7030 0.1048 0.7035
vn -0.7346 -0.0508 0.6765
vn -0.7428 -0.2168 0.6334
vn -0.8036 -0.5462 0.2364
vn -0.7428 -0.2169 0.6334
vn -0.7347 -0.0508 0.6765
vn -0.8036 -0.5462 0.2365
vn -0.7830 -0.4171 0.4614
vn -0.7899 -0.5970 0.1401
vn -0.7830 -0.4172 0.4613
vn -0.7933 -0.6082 0.0273
vn -0.8037 -0.5834 -0.1173
vn -0.7933 -0.6082 0.0274
vn -0.8037 -0.5834 -0.1174
vn -0.7879 -0.5579 -0.2608
vn -0.8037 -0.5833 -0.1174
vn -0.7990 -0.4222 -0.4283
vn -0.7879 -0.5578 -0.2609
vn -0.7989 -0.4180 -0.4324
vn -0.7802 -0.2463 -0.5750
vn -0.7989 -0.4222 -0.4283
vn -0.7989 -0.4180 -0.4325
vn -0.7875 -0.0998 -0.6082
vn -0.7875 -0.0997 -0.6082
vn -0.7735 0.0214 -0.6334
vn -0.7789 0.1495 -0.6090
vn -0.7735 0.0215 -0.6334
vn -0.7791 0.1581 -0.6067
vn -0.7789 0.1496 -0.6090
vn -0.7791 0.1582 -0.6066
vn -0.7789 0.2576 -0.5718
vn -0.8015 0.3692 -0.4704
vn -0.8039 0.4401 -0.4000
vn -0.8015 0.3693 -0.4703
vn -0.8123 0.5163 -0.2711
vn -0.8018 0.3689 -0.4701
vn -0.8127 0.5280 -0.2464
vn -0.8093 0.5661 -0.1567
vn -0.8093 0.5661 -0.1566
vn 0.8093 0.5661 -0.1567
vn 0.8124 0.5163 -0.2711
vn 0.8093 0.5661 -0.1566
vn 0.8127 0.5280 -0.2464
vn 0.8123 0.5163 -0.2711
vn 0.8039 0.4401 -0.4000
vn 0.8015 0.3693 -0.4704
vn 0.8015 0.3692 -0.4704
vn 0.7789 0.2576 -0.5718
vn 0.7790 0.1496 -0.6090
vn 0.7791 0.1582 -0.6067
vn 0.7789 0.1496 -0.6090
vn 0.7791 0.1581 -0.6067
vn 0.7735 0.0214 -0.6334
vn 0.7875 -0.0997 -0.6082
vn 0.7802 -0.2463 -0.5750
vn 0.7875 -0.0998 -0.6082
vn 0.7990 -0.4222 -0.4283
vn 0.7989 -0.4180 -0.4325
vn 0.7989 -0.4222 -0.4283
vn 0.7989 -0.4180 -0.4324
vn 0.7879 -0.5578 -0.2609
vn 0.8037 -0.5833 -0.1174
vn 0.8037 -0.5834 -0.1174
vn 0.7933 -0.6082 0.0273
vn 0.7879 -0.5579 -0.2608
vn 0.8037 -0.5834 -0.1173
vn 0.7899 -0.5970 0.1401
vn 0.7933 -0.6082 0.0274
vn 0.8036 -0.5462 0.2364
vn 0.8036 -0.5462 0.2365
vn 0.7830 -0.4172 0.4613
vn 0.7428 -0.2168 0.6334
vn 0.7830 -0.4171 0.4614
vn 0.7347 -0.0508 0.6765
vn 0.7428 -0.2169 0.6334
vn 0.7030 0.1048 0.7035
vn 0.7346 -0.0507 0.6765
vn 0.7347 -0.0507 0.6765
vn 0.6863 0.2826 0.6702
vn 0.7030 0.1049 0.7034
vn 0.7346 -0.0507 0.6766
vn 0.6873 0.2774 0.6713
vn 0.6873 0.2775 0.6712
vn 0.6197 0.4799 0.6210
vn 0.6634 -0.6531 -0.3651
vn 0.6652 -0.6472 -0.3724
vn 0.6063 -0.7718 -0.1916
vn 0.6946 -0.4929 -0.5241
vn 0.6634 -0.6531 -0.3652
vn 0.7343 -0.4004 -0.5481
vn 0.6652 -0.6471 -0.3724
vn 0.7608 -0.0931 -0.6422
vn 0.7343 -0.4003 -0.5482
vn 0.6946 -0.4928 -0.5241
vn 0.7343 -0.4004 -0.5482
vn 0.7609 -0.0930 -0.6422
vn 0.7976 0.1126 -0.5925
vn 0.7948 0.1818 -0.5789
vn 0.8117 0.4000 -0.4256
vn 0.7977 0.1127 -0.5924
vn 0.7949 0.1819 -0.5789
vn 0.8114 0.3641 -0.4573
vn 0.7976 0.1127 -0.5925
vn 0.8053 0.5596 -0.1958
vn 0.8114 0.3642 -0.4572
vn 0.8055 0.5578 -0.2000
vn 0.7950 0.6060 0.0281
vn 0.8055 0.5579 -0.1999
vn 0.8053 0.5597 -0.1958
vn 0.7948 0.6062 0.0299
vn 0.7914 0.5574 0.2510
vn 0.7914 0.5574 0.2511
vn 0.7913 0.5641 0.2359
vn 0.7972 0.4219 0.4318
vn 0.7972 0.4182 0.4355
vn 0.7913 0.5641 0.2360
vn 0.7815 0.2342 0.5783
vn 0.7972 0.4181 0.4355
vn 0.7972 0.4218 0.4319
vn 0.7797 0.2122 0.5891
vn 0.7727 0.0197 0.6345
vn 0.7797 0.2121 0.5892
vn 0.7726 0.0242 0.6344
vn 0.7792 -0.1278 0.6136
vn 0.7726 0.0241 0.6344
vn 0.7727 0.0196 0.6345
vn 0.7794 -0.1322 0.6124
vn 0.7821 -0.2483 0.5716
vn 0.7794 -0.1323 0.6124
vn 0.7792 -0.1279 0.6136
vn 0.7825 -0.2547 0.5681
vn 0.7999 -0.3919 0.4544
vn 0.7825 -0.2548 0.5681
vn 0.7821 -0.2483 0.5715
vn 0.7985 -0.3821 0.4652
vn 0.8180 -0.4771 0.3212
vn 0.7985 -0.3822 0.4652
vn 0.8181 -0.4772 0.3211
vn 0.8190 -0.4813 0.3123
vn 0.8251 -0.5105 0.2421
vn 0.8180 -0.4772 0.3211
vn 0.8251 -0.5105 0.2420
vn -0.6063 -0.7718 -0.1916
vn -0.6652 -0.6472 -0.3724
vn -0.6634 -0.6531 -0.3651
vn -0.6634 -0.6531 -0.3652
vn -0.6652 -0.6471 -0.3724
vn -0.7343 -0.4004 -0.5482
vn -0.6946 -0.4929 -0.5241
vn -0.6946 -0.4928 -0.5241
vn -0.7343 -0.4003 -0.5482
vn -0.7609 -0.0931 -0.6422
vn -0.7977 0.1126 -0.5925
vn -0.7609 -0.0930 -0.6422
vn -0.7948 0.1818 -0.5789
vn -0.7949 0.1818 -0.5789
vn -0.8114 0.3641 -0.4572
vn -0.7949 0.1819 -0.5789
vn -0.8114 0.3641 -0.4573
vn -0.8117 0.4000 -0.4256
vn -0.8114 0.3642 -0.4572
vn -0.8055 0.5578 -0.2000
vn -0.8055 0.5578 -0.1999
vn -0.8053 0.5596 -0.1959
vn -0.8053 0.5596 -0.1958
vn -0.8055 0.5579 -0.1999
vn -0.7948 0.6062 0.0299
vn -0.8053 0.5597 -0.1958
vn -0.7950 0.6060 0.0281
vn -0.7913 0.5641 0.2359
vn -0.7913 0.5642 0.2359
vn -0.7914 0.5574 0.2511
vn -0.7972 0.4182 0.4354
vn -0.7972 0.4182 0.4355
vn -0.7972 0.4218 0.4318
vn -0.7972 0.4218 0.4319
vn -0.7972 0.4181 0.4355
vn -0.7797 0.2122 0.5891
vn -0.7815 0.2342 0.5783
vn -0.7797 0.2121 0.5892
vn -0.7726 0.0242 0.6344
vn -0.7727 0.0197 0.6345
vn -0.7727 0.0196 0.6345
vn -0.7726 0.0241 0.6344
vn -0.7794 -0.1322 0.6124
vn -0.7792 -0.1278 0.6136
vn -0.7792 -0.1279 0.6136
vn -0.7794 -0.1323 0.6124
vn -0.7825 -0.2547 0.5681
vn -0.7821 -0.2483 0.5716
vn -0.7821 -0.2483 0.5715
vn -0.7825 -0.2548 0.5681
vn -0.7985 -0.3821 0.4652
vn -0.7999 -0.3919 0.4544
vn -0.7985 -0.3822 0.4651
vn -0.8190 -0.4813 0.3123
vn -0.8190 -0.4813 0.3124
vn -0.8180 -0.4771 0.3211
vn -0.8180 -0.4772 0.3211
vn -0.8251 -0.5105 0.2420
vn -0.8181 -0.4771 0.3211
vn -0.8251 -0.5105 0.2421
vn 0.3172 -0.8937 -0.3172
vn -0.3172 -0.8937 0.3172
vn -0.3172 -0.8937 -0.3172
vn 0.3172 -0.8937 0.3172
vn 0.3172 0.8937 0.3172
vn -0.3172 0.8937 -0.3172
vn -0.3172 0.8937 0.3172
vn 0.3172 0.8937 -0.3172
vn 0.2652 0.2298 -0.9364
vn -0.2652 -0.2298 -0.9364
vn -0.2652 0.2298 -0.9364
vn 0.2652 -0.2298 -0.9364
vn 0.9364 -0.2298 -0.2652
vn 0.9364 0.2298 0.2652
vn 0.9364 -0.2298 0.2652
vn 0.9364 0.2298 -0.2652
vn -0.9364 -0.2298 -0.2652
vn -0.9364 0.2298 0.2652
vn -0.9364 0.2298 -0.2652
vn -0.9364 -0.2298 0.2652
vn -0.9364 0.2298 0.2653
vn -0.3172 0.8937 -0.3173
vn -0.2652 -0.2298 0.9364
vn 0.2652 0.2298 0.9364
vn -0.2652 0.2298 0.9364
vn 0.2652 -0.2298 0.9364
vn 0.2653 0.2298 0.9364
vn -0.3173 0.8937 0.3172
vn 0.9364 0.2298 -0.2653
vn 0.3172 0.8937 0.3173
vn -0.2653 0.2298 -0.9364
vn 0.3173 0.8937 -0.3172
vn -0.3172 -0.8938 0.3172
vn -0.9364 -0.2299 -0.2652
vn -0.3172 -0.8937 0.3173
vn 0.2652 -0.2299 -0.9364
vn -0.3173 -0.8937 -0.3172
vn -0.3172 -0.8938 -0.3172
vn 0.9364 -0.2299 0.2652
vn 0.3172 -0.8937 -0.3173
vn 0.3172 -0.8938 -0.3172
vn 0.3172 -0.8938 0.3172
vn -0.2652 -0.2299 0.9364
vn 0.3173 -0.8937 0.3172
vn 0.7009 -0.5769 0.4194
vn 0.4194 -0.5769 0.7009
vn 0.4193 -0.5769 0.7009
vn 0.7010 -0.5769 0.4193
vn 0.4193 -0.5769 0.7010
vn 0.6740 -0.3023 0.6740
vn 0.4194 -0.5769 0.7010
vn 0.6740 -0.3024 0.6740
vn -0.6740 -0.3023 -0.6740
vn -0.7010 -0.5769 -0.4193
vn -0.7010 -0.5769 0.4193
vn -0.4193 -0.5769 0.7010
vn -0.7009 -0.5769 0.4193
vn -0.7009 -0.5769 0.4194
vn -0.4193 -0.5769 0.7009
vn -0.4194 -0.5769 0.7009
vn -0.6740 -0.3023 0.6740
vn -0.4194 -0.5769 0.7010
vn -0.7010 -0.5769 0.4194
vn -0.4193 -0.5769 -0.7010
vn -0.4194 -0.5769 -0.7010
vn -0.6740 -0.3024 -0.6740
vn -0.7009 0.5769 -0.4193
vn -0.4193 0.5769 -0.7009
vn -0.7009 0.5769 -0.4194
vn -0.4194 0.5769 -0.7009
vn -0.4193 0.5769 -0.7010
vn -0.6740 0.3023 -0.6740
vn -0.4194 0.5769 -0.7010
vn -0.6741 0.3023 -0.6740
vn -0.7010 0.5769 -0.4193
vn -0.7010 0.5769 -0.4194
vn -0.7009 -0.5769 -0.4194
vn -0.4194 -0.5769 -0.7009
vn -0.4193 -0.5769 -0.7009
vn 0.7009 0.5769 -0.4194
vn 0.4194 0.5769 -0.7009
vn 0.4193 0.5769 -0.7009
vn 0.7009 0.5769 -0.4193
vn 0.4194 0.5769 -0.7010
vn 0.6740 0.3023 -0.6740
vn 0.4193 0.5769 -0.7010
vn 0.6740 0.3024 -0.6740
vn 0.7010 0.5769 -0.4193
vn 0.6741 0.3023 -0.6740
vn 0.6740 -0.3023 -0.6740
vn 0.7010 -0.5769 -0.4193
vn 0.7010 -0.5769 -0.4194
vn -0.7009 0.5769 0.4194
vn -0.4194 0.5769 0.7009
vn -0.4193 0.5769 0.7009
vn -0.7009 0.5769 0.4193
vn -0.4194 0.5769 0.7010
vn -0.6740 0.3023 0.6740
vn -0.4193 0.5769 0.7010
vn -0.6740 0.3024 0.6740
vn -0.7010 0.5769 0.4193
vn -0.6741 0.3023 0.6740
vn 0.4193 -0.5769 -0.7010
vn 0.4194 -0.5769 -0.7010
vn 0.7009 0.5769 0.4193
vn 0.4193 0.5769 0.7009
vn 0.7009 0.5769 0.4194
vn 0.4194 0.5769 0.7009
vn 0.4193 0.5769 0.7010
vn 0.6740 0.3023 0.6740
vn 0.4194 0.5769 0.7010
vn 0.6741 0.3023 0.6740
vn 0.7010 0.5769 0.4193
vn 0.7010 0.5769 0.4194
vn 0.7009 -0.5769 -0.4193
vn 0.7009 -0.5769 -0.4194
vn 0.4193 -0.5769 -0.7009
vn 0.4194 -0.5769 -0.7009
vn -0.2389 0.9660 -0.0989
vn -0.2586 0.9660 -0.0000
vn -0.0000 1.0000 -0.0000
vn -0.4618 0.8661 -0.1912
vn -0.2390 0.9660 -0.0990
vn -0.4997 0.8662 -0.0000
vn -0.2390 0.9660 0.0989
vn -0.2389 0.9660 0.0989
vn -0.3534 0.8661 -0.3534
vn -0.4618 0.8661 -0.1913
vn -0.4999 0.7072 -0.4999
vn -0.4619 0.8661 -0.1913
vn -0.3535 0.8661 -0.3534
vn -0.4999 0.7073 -0.4999
vn -0.6530 0.7073 -0.2706
vn -0.6531 0.7073 -0.2706
vn -0.4998 0.8661 -0.0000
vn -0.4619 0.8661 -0.1912
vn -0.7068 0.7074 -0.0000
vn -0.4619 0.8661 0.1912
vn -0.4618 0.8661 0.1912
vn -0.2390 0.9660 0.0990
vn -0.4618 0.8661 0.1913
vn -0.1829 0.9660 0.1829
vn -0.1829 0.9660 -0.1829
vn -0.1913 0.8661 -0.4619
vn -0.2706 0.7073 -0.6530
vn -0.3534 0.8661 -0.3535
vn -0.3314 0.5002 -0.8000
vn -0.2707 0.7073 -0.6531
vn -0.6122 0.5004 -0.6122
vn -0.6123 0.5004 -0.6122
vn -0.6531 0.7073 -0.2707
vn -0.8000 0.5002 -0.3314
vn -0.8000 0.5002 -0.3313
vn -0.7069 0.7074 -0.0000
vn -0.2586 -0.9660 -0.0000
vn -0.2389 -0.9660 -0.0989
vn -0.0000 -1.0000 -0.0000
vn -0.2390 -0.9660 -0.0990
vn -0.4997 -0.8662 -0.0000
vn -0.4618 -0.8661 -0.1912
vn -0.1829 -0.9660 -0.1829
vn -0.4618 -0.8661 -0.1913
vn -0.4619 -0.8661 -0.1912
vn -0.4998 -0.8661 -0.0000
vn -0.7068 -0.7074 -0.0000
vn -0.6531 -0.7073 -0.2706
vn -0.3535 -0.8661 -0.3534
vn -0.4619 -0.8661 -0.1913
vn -0.6530 -0.7073 -0.2706
vn -0.3534 -0.8661 -0.3534
vn -0.0990 -0.9660 -0.2390
vn -0.0990 -0.9660 -0.2389
vn -0.6531 -0.7073 0.2706
vn -0.7069 -0.7074 -0.0000
vn -0.8000 -0.5002 0.3313
vn -0.7069 -0.7073 -0.0000
vn -0.8659 -0.5002 -0.0000
vn -0.8000 -0.5002 -0.3313
vn -0.4999 -0.7072 -0.4999
vn -0.6531 -0.7073 -0.2707
vn -0.8000 -0.5002 -0.3314
vn -0.4999 -0.7073 -0.4999
vn -0.1913 -0.8661 -0.4619
vn -0.3534 -0.8661 -0.3535
vn -0.1913 -0.8661 -0.4618
vn -0.4619 -0.8661 0.1912
vn -0.4619 -0.8661 0.1913
vn -0.4999 -0.7072 0.4999
vn -0.6530 -0.7073 0.2706
vn -0.6123 -0.5004 0.6122
vn -0.8000 -0.5002 0.3314
vn -0.8000 -0.5001 0.3314
vn -0.6123 -0.5003 0.6122
vn -0.6830 -0.2590 0.6830
vn -0.6830 -0.2589 0.6830
vn -0.8924 -0.2589 0.3695
vn -0.8660 -0.5001 -0.0000
vn -0.8001 -0.5001 0.3313
vn -0.9659 -0.2589 -0.0000
vn -0.8001 -0.5001 -0.3314
vn -0.9659 -0.2588 -0.0000
vn -0.4618 -0.8661 0.1912
vn -0.2390 -0.9660 0.0990
vn -0.3534 -0.8661 0.3534
vn -0.4618 -0.8661 0.1913
vn -0.3535 -0.8661 0.3534
vn -0.3534 -0.8661 0.3535
vn -0.2706 -0.7073 0.6530
vn -0.4999 -0.7073 0.4999
vn -0.2707 -0.7073 0.6531
vn -0.3314 -0.5002 0.8000
vn -0.6122 -0.5004 0.6122
vn -0.6122 -0.5003 0.6123
vn -0.3314 -0.5001 0.8000
vn -0.3695 -0.2589 0.8924
vn -0.2389 -0.9660 0.0989
vn -0.0989 0.9660 -0.2389
vn -0.1913 0.8661 -0.4618
vn -0.0990 0.9660 -0.2390
vn -0.0000 0.8662 -0.4997
vn -0.1912 0.8661 -0.4618
vn -0.0000 0.7074 -0.7068
vn -0.1912 0.8661 -0.4619
vn -0.0000 0.8661 -0.4998
vn -0.2706 0.7073 -0.6531
vn -0.0000 0.5002 -0.8659
vn -0.0000 0.7073 -0.7069
vn -0.3313 0.5002 -0.8000
vn -0.0989 0.9660 -0.2390
vn -0.0000 0.9660 -0.2586
vn -0.0000 0.2588 -0.9659
vn -0.3314 0.5001 -0.8001
vn -0.0000 0.5001 -0.8660
vn -0.3695 0.2589 -0.8924
vn -0.6122 0.5003 -0.6123
vn -0.3314 0.5001 -0.8000
vn -0.6830 0.2590 -0.6830
vn -0.8000 0.5001 -0.3314
vn -0.6123 0.5003 -0.6122
vn -0.6830 0.2589 -0.6830
vn -0.8924 0.2589 -0.3695
vn -0.8660 0.5001 -0.0000
vn -0.8001 0.5001 -0.3313
vn -0.8659 0.5002 -0.0000
vn -0.7069 0.7073 -0.0000
vn -0.0000 -0.0000 -1.0000
vn -0.3695 0.2589 -0.8925
vn -0.3826 -0.0000 -0.9239
vn -0.3695 0.2588 -0.8925
vn -0.7071 -0.0000 -0.7071
vn -0.8924 0.2589 -0.3696
vn -0.9239 -0.0000 -0.3826
vn -0.9659 0.2588 -0.0000
vn -0.9659 0.2589 -0.0000
vn -0.8001 0.5001 0.3314
vn -0.8000 0.5002 0.3313
vn -0.6531 0.7073 0.2706
vn -0.7068 0.7074 0.0001
vn -0.0000 -0.2588 -0.9659
vn -0.3695 -0.2589 -0.8924
vn -0.3696 -0.2589 -0.8924
vn -0.6830 -0.2589 -0.6830
vn -0.8924 -0.2589 -0.3695
vn -0.8925 -0.2588 -0.3695
vn -1.0000 -0.0000 -0.0000
vn -0.8925 0.2589 0.3695
vn -0.8924 0.2589 0.3695
vn -0.0000 -0.5001 -0.8660
vn -0.0000 -0.2589 -0.9659
vn -0.3313 -0.5001 -0.8001
vn -0.3314 -0.5001 -0.8000
vn -0.6122 -0.5003 -0.6123
vn -0.6830 -0.2590 -0.6830
vn -0.6123 -0.5003 -0.6122
vn -0.8000 -0.5001 -0.3314
vn -0.8925 -0.2589 -0.3695
vn -0.9239 -0.0000 0.3826
vn -0.8925 0.2588 0.3695
vn -0.0000 -0.7073 -0.7069
vn -0.3313 -0.5002 -0.8000
vn -0.0000 -0.5002 -0.8659
vn -0.0000 -0.7074 -0.7069
vn -0.2706 -0.7073 -0.6531
vn -0.6122 -0.5004 -0.6123
vn -0.3314 -0.5002 -0.8000
vn -0.2707 -0.7073 -0.6531
vn -0.4999 -0.7072 -0.5000
vn -0.6122 -0.5004 -0.6122
vn -0.0000 -0.8661 -0.4998
vn -0.0000 -0.7074 -0.7068
vn -0.1912 -0.8661 -0.4619
vn -0.2706 -0.7073 -0.6530
vn -0.0000 -0.9660 -0.2586
vn -0.1912 -0.8661 -0.4618
vn -0.0000 -0.8662 -0.4997
vn -0.0989 -0.9660 -0.2389
vn -0.7071 -0.0000 0.7071
vn -0.6830 0.2589 0.6830
vn -0.6830 0.2590 0.6830
vn -0.6123 0.5003 0.6122
vn -0.8000 0.5001 0.3314
vn -0.8000 0.5002 0.3314
vn -0.6122 0.5004 0.6122
vn -0.4999 0.7072 0.4999
vn -0.6531 0.7073 0.2707
vn -0.8924 -0.2589 0.3696
vn -0.3826 -0.0000 0.9239
vn -0.3696 0.2589 0.8924
vn -0.3695 0.2589 0.8924
vn -0.3314 0.5001 0.8000
vn -0.6122 0.5003 0.6123
vn -0.6122 0.5004 0.6123
vn -0.3314 0.5002 0.8000
vn -0.2706 0.7073 0.6531
vn -0.4999 0.7073 0.4999
vn -0.2706 0.7073 0.6530
vn -0.1913 0.8661 0.4619
vn -0.3534 0.8661 0.3535
vn -0.6530 0.7073 0.2706
vn -0.3535 0.8661 0.3534
vn -0.4619 0.8661 0.1913
vn -0.3695 -0.2588 0.8925
vn -0.0000 -0.0000 1.0000
vn -0.0000 0.2588 0.9659
vn -0.0000 0.2589 0.9659
vn -0.0000 0.5001 0.8660
vn -0.3313 0.5001 0.8001
vn -0.3313 0.5002 0.8000
vn -0.0000 0.5002 0.8659
vn -0.0000 0.7073 0.7069
vn -0.0000 0.7074 0.7069
vn -0.0000 0.7074 0.7068
vn -0.0000 0.8661 0.4998
vn -0.1912 0.8661 0.4619
vn -0.3695 -0.2589 0.8925
vn -0.0000 -0.2588 0.9659
vn -0.3314 -0.5001 0.8001
vn -0.0000 -0.5001 0.8660
vn -0.2706 -0.7073 0.6531
vn -0.0000 -0.5002 0.8659
vn -0.3313 -0.5002 0.8000
vn -0.0000 -0.7073 0.7069
vn -0.1912 -0.8661 0.4619
vn -0.0000 -0.7074 0.7068
vn -0.0000 -0.8661 0.4998
vn -0.0990 -0.9660 0.2390
vn -0.0000 -0.8662 0.4997
vn -0.1912 -0.8661 0.4618
vn -0.0989 -0.9660 0.2390
vn -0.0000 -0.9660 0.2586
vn -0.0989 -0.9660 0.2389
vn -0.1913 -0.8661 0.4619
vn -0.1829 -0.9660 0.1829
vn -0.1913 -0.8661 0.4618
vn -0.2389 -0.9660 0.0990
vn -0.1912 0.8661 0.4618
vn -0.0000 0.8662 0.4997
vn -0.0000 0.9660 0.2586
vn -0.0990 0.9660 0.2390
vn -0.3534 0.8661 0.3534
vn -0.1913 0.8661 0.4618
vn -0.0989 0.9660 0.2389
vn -0.0990 0.9660 0.2389
vn 0.0989 0.9660 -0.2389
vn 0.1912 0.8661 -0.4618
vn 0.0990 0.9660 -0.2390
vn 0.2706 0.7073 -0.6531
vn 0.1912 0.8661 -0.4619
vn 0.3313 0.5002 -0.8000
vn -0.0000 0.7074 -0.7069
vn 0.3534 0.8661 -0.3534
vn 0.1913 0.8661 -0.4618
vn 0.4999 0.7072 -0.4999
vn 0.1913 0.8661 -0.4619
vn 0.3534 0.8661 -0.3535
vn 0.2706 0.7073 -0.6530
vn 0.6122 0.5004 -0.6123
vn 0.3314 0.5002 -0.8000
vn 0.6830 0.2590 -0.6830
vn 0.3314 0.5001 -0.8000
vn 0.6122 0.5003 -0.6123
vn 0.6830 0.2589 -0.6830
vn 0.3695 0.2589 -0.8924
vn 0.3313 0.5001 -0.8001
vn -0.0000 0.2589 -0.9659
vn 0.1829 0.9660 -0.1829
vn 0.4618 0.8661 -0.1913
vn 0.6530 0.7073 -0.2706
vn 0.3535 0.8661 -0.3534
vn 0.4619 0.8661 -0.1913
vn 0.4999 0.7073 -0.4999
vn 0.8000 0.5002 -0.3314
vn 0.6531 0.7073 -0.2707
vn 0.6122 0.5004 -0.6122
vn 0.8924 0.2589 -0.3695
vn 0.6123 0.5003 -0.6122
vn 0.8000 0.5001 -0.3314
vn 0.0990 0.9660 -0.2389
vn 0.0989 -0.9660 -0.2389
vn 0.0989 -0.9660 -0.2390
vn 0.0990 -0.9660 -0.2390
vn 0.1912 -0.8661 -0.4618
vn 0.1829 -0.9660 -0.1829
vn 0.1913 -0.8661 -0.4618
vn 0.1912 -0.8661 -0.4619
vn 0.2706 -0.7073 -0.6531
vn 0.3534 -0.8661 -0.3535
vn 0.1913 -0.8661 -0.4619
vn 0.2706 -0.7073 -0.6530
vn 0.3534 -0.8661 -0.3534
vn 0.2390 -0.9660 -0.0990
vn 0.2389 -0.9660 -0.0990
vn 0.3313 -0.5002 -0.8000
vn 0.4999 -0.7072 -0.4999
vn 0.2707 -0.7073 -0.6531
vn 0.3314 -0.5002 -0.8000
vn 0.4999 -0.7073 -0.4999
vn 0.4619 -0.8661 -0.1913
vn 0.3535 -0.8661 -0.3534
vn 0.4618 -0.8661 -0.1913
vn 0.2586 -0.9660 -0.0000
vn 0.4618 -0.8661 -0.1912
vn 0.2389 -0.9660 -0.0989
vn 0.3314 -0.5001 -0.8001
vn 0.3695 -0.2589 -0.8924
vn 0.6122 -0.5003 -0.6123
vn 0.3314 -0.5001 -0.8000
vn 0.6122 -0.5004 -0.6122
vn 0.6531 -0.7073 -0.2706
vn 0.6123 -0.5004 -0.6122
vn 0.6530 -0.7073 -0.2706
vn 0.4998 -0.8661 -0.0000
vn 0.4619 -0.8661 -0.1912
vn 0.4997 -0.8662 -0.0000
vn 0.2390 -0.9660 0.0990
vn 0.2389 -0.9660 0.0989
vn 0.3695 -0.2589 -0.8925
vn 0.3695 -0.2588 -0.8925
vn 0.3826 -0.0000 -0.9239
vn 0.6830 -0.2589 -0.6830
vn 0.6830 -0.2590 -0.6830
vn 0.8000 -0.5001 -0.3314
vn 0.6123 -0.5003 -0.6122
vn 0.8000 -0.5002 -0.3314
vn 0.7069 -0.7074 -0.0000
vn 0.8000 -0.5002 -0.3313
vn 0.7068 -0.7074 -0.0000
vn 0.4619 -0.8661 0.1912
vn 0.4618 -0.8661 0.1912
vn 0.1829 -0.9660 0.1829
vn 0.4618 -0.8661 0.1913
vn 0.7071 -0.0000 -0.7071
vn 0.3696 0.2589 -0.8924
vn 0.8924 -0.2589 -0.3696
vn 0.8924 -0.2589 -0.3695
vn 0.8660 -0.5001 -0.0000
vn 0.8001 -0.5001 -0.3313
vn 0.7069 -0.7073 -0.0000
vn 0.8659 -0.5002 -0.0000
vn 0.6531 -0.7073 0.2706
vn 0.3535 -0.8661 0.3534
vn 0.4619 -0.8661 0.1913
vn 0.6530 -0.7073 0.2706
vn 0.3534 -0.8661 0.3534
vn 0.0990 -0.9660 0.2390
vn 0.0990 -0.9660 0.2389
vn 0.9239 -0.0000 -0.3826
vn 0.9659 -0.2588 -0.0000
vn 0.9659 -0.2589 -0.0000
vn 0.8001 -0.5001 0.3314
vn 0.8000 -0.5002 0.3313
vn 0.4999 -0.7072 0.4999
vn 0.6531 -0.7073 0.2707
vn 0.8000 -0.5002 0.3314
vn 0.4999 -0.7073 0.4999
vn 0.1913 -0.8661 0.4619
vn 0.3534 -0.8661 0.3535
vn 0.1913 -0.8661 0.4618
vn 0.1912 -0.8661 0.4618
vn 0.0989 -0.9660 0.2389
vn 1.0000 -0.0000 -0.0000
vn 0.8925 0.2588 -0.3695
vn 0.8925 -0.2589 0.3695
vn 0.8924 -0.2589 0.3695
vn 0.6123 -0.5003 0.6122
vn 0.8000 -0.5001 0.3314
vn 0.6122 -0.5004 0.6122
vn 0.2707 -0.7073 0.6531
vn 0.4999 -0.7072 0.5000
vn 0.6122 -0.5004 0.6123
vn 0.2706 -0.7073 0.6530
vn 0.1912 -0.8661 0.4619
vn 0.2706 -0.7073 0.6531
vn 0.8925 0.2589 -0.3695
vn 0.9659 0.2588 -0.0000
vn 0.9239 -0.0000 0.3826
vn 0.8925 -0.2588 0.3695
vn 0.6830 -0.2589 0.6830
vn 0.6830 -0.2590 0.6830
vn 0.3314 -0.5001 0.8000
vn 0.6122 -0.5003 0.6123
vn 0.3314 -0.5002 0.8000
vn -0.0000 -0.7074 0.7069
vn 0.3313 -0.5002 0.8000
vn 0.8001 0.5001 -0.3314
vn 0.8660 0.5001 -0.0000
vn 0.8924 0.2589 0.3695
vn 0.9659 0.2589 -0.0000
vn 0.7071 -0.0000 0.7071
vn 0.3696 -0.2589 0.8924
vn 0.3695 -0.2589 0.8924
vn 0.3313 -0.5001 0.8001
vn 0.8659 0.5002 -0.0000
vn 0.8000 0.5002 -0.3313
vn 0.6531 0.7073 -0.2706
vn 0.7069 0.7073 -0.0000
vn 0.8000 0.5002 0.3313
vn 0.8001 0.5001 0.3313
vn 0.6830 0.2589 0.6830
vn 0.8000 0.5001 0.3314
vn 0.8924 0.2589 0.3696
vn 0.3826 -0.0000 0.9239
vn -0.0000 -0.2589 0.9659
vn 0.7068 0.7074 -0.0001
vn 0.4619 0.8661 -0.1912
vn 0.7068 0.7074 -0.0000
vn 0.4998 0.8661 -0.0000
vn 0.6531 0.7073 0.2706
vn 0.7069 0.7074 -0.0000
vn 0.6123 0.5004 0.6122
vn 0.8000 0.5002 0.3314
vn 0.6830 0.2590 0.6830
vn 0.6123 0.5003 0.6122
vn 0.3695 0.2589 0.8924
vn 0.6122 0.5003 0.6123
vn 0.3695 0.2588 0.8925
vn 0.4997 0.8662 -0.0000
vn 0.4618 0.8661 -0.1912
vn 0.2390 0.9660 -0.0990
vn 0.2390 0.9660 -0.0989
vn 0.2586 0.9660 -0.0000
vn 0.4618 0.8661 0.1912
vn 0.4619 0.8661 0.1912
vn 0.4999 0.7073 0.4999
vn 0.6530 0.7073 0.2706
vn 0.4619 0.8661 0.1913
vn 0.6531 0.7073 0.2707
vn 0.4999 0.7072 0.4999
vn 0.3314 0.5002 0.8000
vn 0.6122 0.5004 0.6122
vn 0.3314 0.5001 0.8000
vn 0.3314 0.5001 0.8001
vn 0.3695 0.2589 0.8925
vn 0.2389 0.9660 -0.0989
vn 0.3313 0.5002 0.8000
vn 0.2706 0.7073 0.6531
vn 0.1912 0.8661 0.4619
vn 0.1912 0.8661 0.4618
vn 0.0990 0.9660 0.2390
vn 0.0989 0.9660 0.2390
vn 0.0989 0.9660 0.2389
vn 0.2707 0.7073 0.6531
vn 0.2706 0.7073 0.6530
vn 0.3534 0.8661 0.3535
vn 0.1913 0.8661 0.4619
vn 0.3534 0.8661 0.3534
vn 0.1829 0.9660 0.1829
vn 0.1913 0.8661 0.4618
vn 0.3535 0.8661 0.3534
vn 0.4618 0.8661 0.1913
vn 0.2390 0.9660 0.0990
vn 0.2389 0.9660 0.0989
vt 0.453720 0.456416
vt 0.497296 0.423723
vt 0.467528 0.493691
vt 0.488768 0.401517
vt 0.472107 0.377546
vt 0.433498 0.424814
vt 0.448149 0.354670
vt 0.405600 0.402061
vt 0.423451 0.338069
vt 0.390077 0.328503
vt 0.369228 0.392125
vt 0.359441 0.328588
vt 0.331386 0.336943
vt 0.337938 0.404420
vt 0.305932 0.352601
vt 0.284022 0.374896
vt 0.268344 0.403221
vt 0.310972 0.432357
vt 0.258227 0.433875
vt 0.297166 0.463405
vt 0.255682 0.466859
vt 0.294690 0.497732
vt 0.266909 0.501272
vt 0.299249 0.530977
vt 0.268538 0.525304
vt 0.299250 0.530977
vt 0.266910 0.501271
vt 0.239886 0.507624
vt 0.255683 0.466858
vt 0.219197 0.480476
vt 0.207229 0.445662
vt 0.208095 0.407139
vt 0.268344 0.403220
vt 0.219312 0.367478
vt 0.284022 0.374895
vt 0.241358 0.329408
vt 0.305932 0.352600
vt 0.270174 0.297969
vt 0.303797 0.275510
vt 0.345062 0.259532
vt 0.359442 0.328587
vt 0.387914 0.256181
vt 0.423452 0.338069
vt 0.431555 0.267186
vt 0.469679 0.290679
vt 0.501498 0.320191
vt 0.525743 0.357569
vt 0.268537 0.525305
vt 0.239884 0.507625
vt 0.219196 0.480476
vt 0.207228 0.445662
vt 0.241358 0.329409
vt 0.270173 0.297970
vt 0.303796 0.275510
vt 0.387913 0.256182
vt 0.431554 0.267186
vt 0.469678 0.290679
vt 0.501497 0.320191
vt 0.294691 0.497731
vt 0.297166 0.463404
vt 0.310973 0.432356
vt 0.337939 0.404420
vt 0.405600 0.402060
vt 0.285660 0.190151
vt 0.299137 0.235429
vt 0.310013 0.189086
vt 0.308388 0.148505
vt 0.266268 0.154372
vt 0.293379 0.111785
vt 0.237310 0.134484
vt 0.267525 0.084816
vt 0.230863 0.073914
vt 0.189352 0.076471
vt 0.191371 0.137090
vt 0.154468 0.086626
vt 0.111729 0.115297
vt 0.154396 0.158380
vt 0.085599 0.157422
vt 0.132660 0.191803
vt 0.075594 0.184490
vt 0.069757 0.234420
vt 0.128496 0.238282
vt 0.074838 0.284082
vt 0.134704 0.281142
vt 0.080558 0.309537
vt 0.103521 0.351456
vt 0.159811 0.320547
vt 0.130532 0.388668
vt 0.194372 0.351960
vt 0.194370 0.351961
vt 0.130530 0.388668
vt 0.103519 0.351456
vt 0.159809 0.320548
vt 0.080556 0.309537
vt 0.134702 0.281142
vt 0.074837 0.284082
vt 0.069756 0.234420
vt 0.128494 0.238282
vt 0.075593 0.184490
vt 0.132659 0.191803
vt 0.085598 0.157423
vt 0.111728 0.115297
vt 0.154395 0.158380
vt 0.154467 0.086626
vt 0.191370 0.137090
vt 0.189351 0.076471
vt 0.230861 0.073914
vt 0.237308 0.134484
vt 0.267523 0.084816
vt 0.293377 0.111785
vt 0.266267 0.154372
vt 0.308386 0.148505
vt 0.310012 0.189086
vt 0.285659 0.190151
vt 0.331862 0.199054
vt 0.352012 0.154280
vt 0.348917 0.104054
vt 0.327067 0.058233
vt 0.288259 0.025940
vt 0.237008 0.010817
vt 0.178360 0.013777
vt 0.121921 0.033659
vt 0.070224 0.069715
vt 0.035464 0.120557
vt 0.017133 0.174129
vt 0.009900 0.230538
vt 0.012466 0.287029
vt 0.025001 0.336238
vt 0.046374 0.382601
vt 0.074410 0.421821
vt 0.331863 0.199055
vt 0.352013 0.154280
vt 0.348918 0.104053
vt 0.327068 0.058233
vt 0.288260 0.025940
vt 0.237009 0.010817
vt 0.178361 0.013777
vt 0.121922 0.033659
vt 0.070226 0.069715
vt 0.035466 0.120557
vt 0.017135 0.174129
vt 0.009902 0.230538
vt 0.012467 0.287029
vt 0.025003 0.336238
vt 0.046375 0.382601
vt 0.074412 0.421821
vt 0.994246 0.968889
vt 0.934815 0.904594
vt 0.994246 0.904594
vt 0.934815 0.968889
vt 0.934816 0.904594
vt 0.934816 0.968889
vt 0.625700 0.968398
vt 0.543908 0.904145
vt 0.625700 0.904145
vt 0.543908 0.968398
vt 0.934814 0.234234
vt 0.994245 0.892817
vt 0.994245 0.234234
vt 0.934814 0.892817
vt 0.543906 0.891631
vt 0.625698 0.318225
vt 0.625698 0.891631
vt 0.543906 0.318225
vt 0.698893 0.980679
vt 0.635903 0.318225
vt 0.698893 0.229025
vt 0.635903 0.894196
vt 0.860634 0.979876
vt 0.924738 0.229578
vt 0.860634 0.109815
vt 0.924738 0.894196
vt 0.850499 0.979876
vt 0.787228 0.229578
vt 0.787228 0.894196
vt 0.850499 0.109815
vt 0.711752 0.980679
vt 0.774714 0.318225
vt 0.774714 0.894196
vt 0.711752 0.229025
vt 0.774713 0.894196
vt 0.316233 0.960979
vt 0.253583 0.960979
vt 0.283354 0.997334
vt 0.316233 0.923167
vt 0.253583 0.923167
vt 0.190168 0.960979
vt 0.222762 0.997334
vt 0.379962 0.923167
vt 0.379962 0.886334
vt 0.316233 0.886334
vt 0.253583 0.886334
vt 0.190168 0.923167
vt 0.126951 0.960979
vt 0.156563 0.997334
vt 0.379962 0.960979
vt 0.442417 0.923167
vt 0.442417 0.886334
vt 0.442417 0.849256
vt 0.379962 0.849256
vt 0.316233 0.849256
vt 0.345466 0.997334
vt 0.253583 0.587088
vt 0.316233 0.587088
vt 0.283354 0.551236
vt 0.253583 0.625897
vt 0.316233 0.625897
vt 0.379962 0.587088
vt 0.345466 0.551236
vt 0.253583 0.662800
vt 0.316233 0.662800
vt 0.379962 0.625897
vt 0.442417 0.587088
vt 0.410350 0.551236
vt 0.190168 0.662800
vt 0.190168 0.699919
vt 0.253583 0.699919
vt 0.316233 0.699919
vt 0.379962 0.662800
vt 0.442417 0.625897
vt 0.190168 0.625897
vt 0.126951 0.662800
vt 0.126951 0.699919
vt 0.126951 0.737206
vt 0.190168 0.737206
vt 0.253583 0.737206
vt 0.190168 0.587088
vt 0.126951 0.625897
vt 0.063741 0.662800
vt 0.063741 0.699919
vt 0.063741 0.737206
vt 0.222762 0.551236
vt 0.442417 0.960979
vt 0.410350 0.997334
vt 0.491887 0.923167
vt 0.491887 0.886334
vt 0.491887 0.849256
vt 0.491887 0.960979
vt 0.473143 0.997334
vt 0.491887 0.811978
vt 0.442417 0.811978
vt 0.379962 0.811978
vt 0.316233 0.811977
vt 0.253583 0.849256
vt 0.491887 0.774595
vt 0.442417 0.774595
vt 0.379962 0.774595
vt 0.316233 0.774595
vt 0.253583 0.811977
vt 0.190168 0.849256
vt 0.190168 0.886334
vt 0.491887 0.737206
vt 0.442417 0.737206
vt 0.379962 0.737206
vt 0.316233 0.737206
vt 0.253583 0.774595
vt 0.190168 0.811977
vt 0.491887 0.699919
vt 0.442417 0.699919
vt 0.379962 0.699919
vt 0.190168 0.774595
vt 0.491887 0.662800
vt 0.442417 0.662800
vt 0.491887 0.625897
vt 0.491887 0.587088
vt 0.473143 0.551236
vt 0.126951 0.774595
vt 0.126951 0.811977
vt 0.126951 0.849256
vt 0.126951 0.886334
vt 0.063741 0.774595
vt 0.063741 0.811977
vt 0.063741 0.849256
vt 0.063741 0.886334
vt 0.063741 0.923167
vt 0.126951 0.923167
vt 0.015004 0.774595
vt 0.015004 0.811977
vt 0.015004 0.849256
vt 0.015004 0.886334
vt 0.015004 0.923167
vt 0.015004 0.737206
vt 0.015004 0.699919
vt 0.015004 0.662800
vt 0.063741 0.625897
vt 0.015004 0.625897
vt 0.063741 0.587088
vt 0.015004 0.587088
vt 0.032120 0.551236
vt 0.126951 0.587088
vt 0.094417 0.551236
vt 0.156563 0.551236
vt 0.015004 0.960979
vt 0.063741 0.960979
vt 0.032120 0.997334
vt 0.094417 0.997334
vt 0.015004 0.960979
vt 0.032120 0.997334
vt 0.015004 0.923167
vt 0.015004 0.886334
vt 0.015004 0.849256
vt 0.015004 0.811978
vt 0.094418 0.997334
vt 0.015004 0.587088
vt 0.032120 0.551236
vt 0.015004 0.625897
vt 0.015004 0.662800
vt 0.015004 0.699919
vt 0.015004 0.737206
vt 0.316234 0.587088
vt 0.015004 0.774595
vt 0.316234 0.625897
vt 0.316234 0.662800
vt 0.316234 0.699919
vt 0.316234 0.737206
vt 0.316234 0.774595
vt 0.316234 0.811978
vt 0.316234 0.849256
vt 0.316234 0.886334
vt 0.316234 0.923167
vt 0.316234 0.960979
s 0
usemtl surface_000
f 161/1/1 211/2/2 212/3/2
f 161/1/1 164/4/3 211/2/2
f 161/1/4 163/5/5 164/4/6
f 161/1/4 162/6/7 163/5/5
f 162/6/7 169/7/8 163/5/9
f 162/6/10 168/8/11 169/7/12
f 168/8/11 215/9/13 169/7/12
f 215/9/14 168/8/15 172/10/16
f 168/8/15 170/11/17 172/10/18
f 170/11/19 171/12/20 172/10/21
f 170/11/19 182/13/22 171/12/23
f 170/11/19 181/14/24 182/13/22
f 184/15/25 182/13/26 181/14/24
f 181/14/27 183/16/28 184/15/29
f 183/16/30 181/14/27 186/17/31
f 181/14/27 185/18/32 186/17/33
f 185/18/34 187/19/35 186/17/31
f 185/18/36 188/20/37 187/19/38
f 188/20/37 196/21/39 187/19/38
f 195/22/40 196/21/41 188/20/42
f 195/22/40 198/23/43 196/21/44
f 195/22/45 197/24/46 198/23/47
f 154/25/48 208/26/49 155/27/50
f 154/25/51 155/27/50 156/28/52
f 156/28/53 155/27/50 152/29/54
f 151/30/55 156/28/53 152/29/54
f 151/30/55 152/29/56 153/31/57
f 153/31/57 152/29/56 146/19/58
f 145/32/59 153/31/60 146/19/61
f 145/32/59 146/19/62 147/33/63
f 145/32/59 147/33/63 148/34/64
f 148/34/64 147/33/63 140/35/65
f 148/34/66 140/35/67 139/36/68
f 139/36/69 140/35/70 141/37/71
f 139/36/69 141/37/71 142/38/72
f 142/38/73 141/37/71 136/13/74
f 142/38/72 136/13/75 135/39/76
f 125/40/77 135/39/76 136/13/74
f 125/40/77 136/13/75 126/41/78
f 125/40/77 126/41/79 127/10/80
f 125/40/77 127/10/80 128/42/81
f 128/42/82 127/10/83 131/43/84
f 128/42/82 131/43/84 130/44/85
f 129/45/86 130/44/85 131/43/84
f 129/45/86 131/43/87 132/7/88
f 129/45/86 132/7/88 200/5/89
f 129/45/86 200/5/90 199/46/91
f 199/46/92 200/5/93 201/4/94
f 199/46/92 201/4/95 202/47/96
f 202/47/97 201/4/98 203/2/99
f 192/48/100 193/23/101 194/24/102
f 191/49/103 193/23/101 192/48/104
f 193/23/101 191/49/105 190/21/106
f 189/50/107 190/21/106 191/49/105
f 224/51/108 190/21/109 189/50/107
f 190/21/109 224/51/110 222/19/111
f 223/32/112 222/19/113 224/51/114
f 221/34/115 222/19/113 223/32/112
f 221/34/115 220/17/116 222/19/113
f 219/52/117 220/17/118 221/34/115
f 219/52/117 218/16/119 220/17/116
f 217/53/120 218/16/121 219/52/122
f 217/53/120 216/15/123 218/16/121
f 177/54/124 216/15/125 217/53/126
f 177/54/124 180/13/127 216/15/125
f 177/54/124 179/12/128 180/13/129
f 177/54/124 178/40/130 179/12/128
f 213/55/131 179/12/132 178/40/130
f 213/55/131 214/10/133 179/12/132
f 173/56/134 214/10/135 213/55/136
f 173/56/134 176/9/137 214/10/135
f 173/56/134 175/7/138 176/9/139
f 173/56/134 174/57/140 175/7/138
f 210/58/141 175/7/138 174/57/140
f 210/58/141 209/5/142 175/7/138
f 165/47/143 209/5/144 210/58/145
f 165/47/143 167/4/146 209/5/147
f 165/47/143 166/2/148 167/4/149
f 159/26/150 157/59/151 160/27/152
f 157/59/153 158/29/154 160/27/155
f 157/59/153 149/60/156 158/29/154
f 149/60/157 150/19/158 158/29/159
f 149/60/157 143/61/160 150/19/158
f 143/61/161 144/33/162 150/19/163
f 143/61/164 137/62/165 144/33/166
f 207/35/167 144/33/162 137/62/165
f 137/62/165 206/37/168 207/35/169
f 206/37/170 137/62/171 138/13/172
f 137/62/173 133/11/174 138/13/175
f 133/11/174 204/41/176 138/13/175
f 133/11/174 134/10/177 204/41/178
f 133/11/179 123/63/180 134/10/181
f 205/43/182 134/10/183 123/63/180
f 123/63/184 124/7/185 205/43/186
f 123/63/187 120/5/188 124/7/189
f 123/63/184 117/6/190 120/5/188
f 117/6/191 119/4/192 120/5/193
f 117/6/191 118/1/194 119/4/192
f 121/3/195 119/4/196 118/1/197
f 121/3/195 122/2/195 119/4/198
f 69/64/199 99/65/200 70/66/201
f 69/64/199 70/66/201 71/67/202
f 69/64/203 71/67/204 72/68/205
f 72/68/206 71/67/204 76/69/207
f 77/70/208 72/68/209 76/69/210
f 77/70/211 76/69/207 78/71/212
f 77/70/211 78/71/213 79/72/214
f 77/70/211 79/72/214 80/73/215
f 77/70/211 80/73/216 81/74/217
f 81/74/218 80/73/215 82/75/219
f 81/74/220 82/75/221 83/76/222
f 81/74/220 83/76/223 84/77/224
f 84/77/225 83/76/226 85/78/227
f 84/77/228 85/78/229 86/79/230
f 86/79/231 85/78/229 87/80/232
f 86/79/231 87/80/233 88/81/234
f 86/79/231 88/81/235 89/82/236
f 89/82/237 88/81/235 90/83/238
f 89/82/239 90/83/238 91/84/240
f 91/84/240 90/83/238 92/85/241
f 91/84/242 92/85/243 66/86/244
f 91/84/242 66/86/244 65/87/245
f 65/87/245 66/86/244 67/88/246
f 65/87/245 67/88/246 68/89/246
f 93/90/247 94/91/247 95/92/248
f 93/90/247 95/92/249 96/93/250
f 96/93/250 95/92/251 116/94/252
f 96/93/250 116/94/253 114/95/254
f 114/95/255 116/94/256 115/96/257
f 114/95/255 115/96/257 113/97/258
f 114/95/255 113/97/259 112/98/260
f 112/98/261 113/97/259 111/99/262
f 112/98/261 111/99/262 109/100/263
f 109/100/263 111/99/262 110/101/264
f 109/100/265 110/101/264 108/102/266
f 109/100/265 108/102/267 107/103/268
f 107/103/269 108/102/270 106/104/271
f 107/103/269 106/104/272 104/105/273
f 104/105/273 106/104/274 105/106/275
f 104/105/276 105/106/277 103/107/278
f 104/105/273 103/107/278 100/108/279
f 100/108/279 103/107/278 102/109/280
f 100/108/281 102/109/282 101/110/283
f 100/108/284 101/110/285 97/111/286
f 98/112/287 97/111/288 101/110/283
f 97/111/289 98/112/290 74/113/291
f 97/111/292 74/113/291 73/114/293
f 73/114/294 74/113/291 75/65/295
f 37/115/296 38/65/297 39/113/298
f 40/116/299 37/115/300 39/113/301
f 40/116/302 39/113/301 41/112/303
f 42/117/304 40/116/305 41/112/306
f 41/112/307 44/110/308 42/117/309
f 43/118/310 42/117/309 44/110/308
f 45/119/311 43/118/312 44/110/313
f 45/119/311 44/110/314 46/109/315
f 47/120/316 45/119/311 46/109/317
f 47/120/316 46/109/317 48/107/318
f 49/121/319 47/120/320 48/107/321
f 49/121/319 48/107/321 50/106/322
f 51/122/323 49/121/319 50/106/324
f 51/122/325 50/106/326 52/104/327
f 53/123/328 51/122/325 52/104/327
f 53/123/329 52/104/330 54/102/331
f 55/124/332 53/123/333 54/102/334
f 55/124/332 54/102/334 56/101/335
f 57/125/336 55/124/332 56/101/335
f 57/125/336 56/101/335 58/99/337
f 59/126/338 57/125/339 58/99/337
f 59/126/338 58/99/337 60/97/340
f 61/127/341 59/126/338 60/97/340
f 61/127/341 60/97/342 62/96/343
f 63/128/344 61/127/345 62/96/343
f 63/128/346 62/96/343 64/94/347
f 34/129/348 63/128/344 64/94/349
f 34/129/350 64/94/351 35/92/352
f 33/130/353 34/129/354 35/92/352
f 33/130/353 35/92/352 36/91/353
f 5/65/355 6/131/356 7/66/357
f 6/131/358 9/67/359 7/66/360
f 6/131/358 8/132/361 9/67/362
f 8/132/363 10/133/364 9/67/365
f 9/67/359 10/133/366 12/69/367
f 10/133/366 11/134/368 12/69/367
f 11/134/369 14/71/370 12/69/371
f 11/134/372 13/135/373 14/71/374
f 13/135/373 16/72/375 14/71/376
f 13/135/373 15/136/377 16/72/378
f 15/136/379 18/73/380 16/72/381
f 15/136/379 17/137/382 18/73/383
f 17/137/382 20/75/384 18/73/380
f 17/137/382 19/138/385 20/75/386
f 19/138/385 22/76/387 20/75/384
f 19/138/385 21/139/388 22/76/389
f 21/139/390 24/78/391 22/76/392
f 21/139/390 23/140/393 24/78/391
f 23/140/393 26/80/394 24/78/395
f 23/140/393 25/141/396 26/80/394
f 25/141/397 28/81/398 26/80/399
f 25/141/397 27/142/400 28/81/398
f 27/142/401 30/83/402 28/81/403
f 27/142/401 29/143/404 30/83/402
f 29/143/405 32/85/406 30/83/402
f 29/143/405 31/144/407 32/85/406
f 31/144/408 4/86/409 32/85/410
f 31/144/408 1/145/411 4/86/409
f 1/145/412 3/88/413 4/86/414
f 1/145/415 2/146/416 3/88/416
f 385/1/417 435/3/418 436/2/418
f 385/1/417 436/2/418 386/4/419
f 385/1/420 386/4/421 387/5/422
f 385/1/420 387/5/423 388/6/424
f 388/6/425 387/5/426 392/7/427
f 388/6/428 392/7/429 393/8/430
f 393/8/430 392/7/429 439/9/431
f 439/9/432 395/10/433 393/8/434
f 393/8/434 395/10/435 394/11/436
f 394/11/437 395/10/438 396/12/439
f 394/11/437 396/12/440 405/13/441
f 394/11/437 405/13/441 406/14/442
f 407/15/443 406/14/444 405/13/445
f 406/14/446 407/15/447 408/16/448
f 408/16/449 409/17/450 406/14/446
f 406/14/446 409/17/451 410/18/452
f 410/18/453 409/17/450 411/19/454
f 410/18/455 411/19/456 412/20/457
f 412/20/457 411/19/456 420/21/458
f 419/22/459 412/20/460 420/21/461
f 419/22/459 420/21/461 421/23/462
f 419/22/463 421/23/464 422/24/465
f 378/25/466 380/27/467 432/26/468
f 378/25/469 379/28/470 380/27/467
f 379/28/471 377/29/472 380/27/467
f 375/30/473 377/29/472 379/28/471
f 375/30/473 376/31/474 377/29/475
f 376/31/476 372/19/477 377/29/475
f 369/32/478 372/19/479 376/31/480
f 369/32/478 371/33/481 372/19/479
f 369/32/478 370/34/482 371/33/481
f 370/34/482 366/35/483 371/33/481
f 370/34/482 363/36/484 366/35/485
f 363/36/486 365/37/487 366/35/488
f 363/36/489 364/38/490 365/37/487
f 364/38/491 359/13/492 365/37/493
f 364/38/494 360/39/495 359/13/492
f 349/40/496 359/13/492 360/39/495
f 349/40/496 352/41/497 359/13/498
f 349/40/496 351/10/499 352/41/500
f 349/40/496 350/42/501 351/10/499
f 350/42/502 355/43/503 351/10/504
f 350/42/502 356/44/505 355/43/503
f 353/45/506 355/43/503 356/44/505
f 353/45/506 354/7/507 355/43/508
f 353/45/506 426/5/509 354/7/507
f 353/45/506 423/46/510 426/5/511
f 423/46/512 425/4/513 426/5/514
f 423/46/512 424/47/515 425/4/516
f 424/47/517 427/2/518 425/4/513
f 416/48/519 417/24/520 418/23/521
f 414/49/522 416/48/523 418/23/521
f 418/23/521 415/21/524 414/49/525
f 413/50/526 414/49/525 415/21/524
f 448/51/527 413/50/526 415/21/528
f 415/21/528 447/19/529 448/51/527
f 446/32/530 448/51/531 447/19/532
f 444/34/533 446/32/530 447/19/534
f 444/34/533 447/19/534 445/17/535
f 442/52/536 444/34/537 445/17/538
f 442/52/536 445/17/535 443/16/539
f 440/53/540 442/52/541 443/16/542
f 440/53/540 443/16/542 441/15/543
f 401/54/544 440/53/545 441/15/546
f 401/54/544 441/15/543 402/13/547
f 401/54/544 402/13/548 403/12/549
f 401/54/544 403/12/549 404/40/550
f 437/55/551 404/40/550 403/12/552
f 437/55/551 403/12/552 438/10/553
f 397/56/554 437/55/555 438/10/556
f 397/56/554 438/10/556 398/9/557
f 397/56/554 398/9/558 399/7/559
f 397/56/554 399/7/559 400/57/560
f 433/58/561 400/57/560 399/7/559
f 433/58/561 399/7/562 434/5/563
f 389/47/564 433/58/565 434/5/566
f 389/47/564 434/5/567 390/4/568
f 389/47/564 390/4/569 391/2/570
f 383/26/571 384/27/572 381/59/573
f 381/59/574 384/27/575 382/29/576
f 381/59/574 382/29/577 373/60/578
f 373/60/579 382/29/580 374/19/581
f 373/60/579 374/19/581 367/61/582
f 367/61/583 374/19/584 368/33/585
f 367/61/586 368/33/587 361/62/588
f 430/35/589 361/62/588 368/33/585
f 361/62/588 430/35/590 431/37/591
f 431/37/592 362/13/593 361/62/594
f 361/62/594 362/13/595 357/11/596
f 357/11/596 362/13/595 428/41/597
f 357/11/596 428/41/598 358/10/599
f 357/11/600 358/10/601 347/63/602
f 429/43/603 347/63/602 358/10/601
f 347/63/604 429/43/605 348/7/606
f 347/63/607 348/7/608 342/5/609
f 347/63/604 342/5/609 341/6/610
f 341/6/611 342/5/612 343/4/613
f 341/6/611 343/4/613 344/1/614
f 345/3/615 344/1/616 343/4/617
f 345/3/615 343/4/613 346/2/615
f 293/64/618 296/66/619 323/65/620
f 293/64/618 295/67/621 296/66/619
f 293/64/622 294/68/623 295/67/624
f 294/68/625 300/69/626 295/67/624
f 301/70/627 300/69/628 294/68/629
f 301/70/630 302/71/631 300/69/626
f 301/70/632 303/72/633 302/71/634
f 301/70/632 305/73/635 303/72/633
f 301/70/632 304/74/636 305/73/637
f 304/74/638 306/75/639 305/73/635
f 304/74/640 308/76/641 306/75/642
f 304/74/638 307/77/643 308/76/644
f 307/77/645 310/78/646 308/76/647
f 307/77/645 309/79/648 310/78/649
f 309/79/648 311/80/650 310/78/649
f 309/79/648 313/81/651 311/80/652
f 309/79/648 312/82/653 313/81/654
f 312/82/655 315/83/656 313/81/654
f 312/82/657 314/84/658 315/83/656
f 314/84/658 316/85/659 315/83/656
f 314/84/660 292/86/661 316/85/662
f 314/84/663 289/87/664 292/86/661
f 289/87/664 291/88/665 292/86/661
f 289/87/664 290/89/665 291/88/665
f 317/90/666 319/92/667 320/91/666
f 317/90/666 318/93/668 319/92/669
f 318/93/668 340/94/670 319/92/671
f 318/93/668 338/95/672 340/94/673
f 338/95/674 339/96/675 340/94/676
f 338/95/674 337/97/677 339/96/675
f 338/95/674 336/98/678 337/97/679
f 336/98/680 335/99/681 337/97/679
f 336/98/680 333/100/682 335/99/681
f 333/100/682 334/101/683 335/99/681
f 333/100/684 332/102/685 334/101/683
f 333/100/684 331/103/686 332/102/687
f 331/103/688 330/104/689 332/102/685
f 331/103/690 328/105/691 330/104/692
f 328/105/693 329/106/694 330/104/695
f 328/105/696 327/107/697 329/106/698
f 328/105/693 324/108/699 327/107/697
f 324/108/699 326/109/700 327/107/697
f 324/108/699 325/110/701 326/109/702
f 324/108/703 321/111/704 325/110/705
f 322/112/706 325/110/701 321/111/707
f 321/111/708 299/113/709 322/112/710
f 321/111/711 297/114/712 299/113/709
f 297/114/713 298/65/714 299/113/709
f 261/115/715 262/113/716 263/65/717
f 264/116/718 262/113/719 261/115/720
f 264/116/718 265/112/721 262/113/719
f 266/117/722 265/112/723 264/116/724
f 265/112/725 266/117/726 268/110/727
f 267/118/728 268/110/727 266/117/726
f 269/119/729 268/110/730 267/118/731
f 269/119/729 270/109/732 268/110/733
f 271/120/734 270/109/735 269/119/729
f 271/120/734 272/107/736 270/109/735
f 273/121/737 272/107/738 271/120/739
f 273/121/737 274/106/740 272/107/738
f 275/122/741 274/106/740 273/121/737
f 275/122/742 276/104/743 274/106/744
f 277/123/745 276/104/746 275/122/742
f 277/123/747 278/102/748 276/104/749
f 279/124/750 278/102/751 277/123/752
f 279/124/750 280/101/753 278/102/751
f 281/125/754 280/101/753 279/124/750
f 281/125/754 282/99/755 280/101/753
f 283/126/756 282/99/755 281/125/757
f 283/126/756 284/97/758 282/99/755
f 285/127/759 284/97/758 283/126/756
f 285/127/759 286/96/760 284/97/761
f 287/128/762 286/96/760 285/127/763
f 287/128/764 288/94/765 286/96/760
f 260/129/766 288/94/767 287/128/762
f 260/129/768 259/92/769 288/94/770
f 257/130/771 259/92/769 260/129/766
f 257/130/771 258/91/771 259/92/769
f 229/65/772 230/66/773 231/131/774
f 231/131/775 230/66/776 232/67/777
f 231/131/775 232/67/777 233/132/778
f 233/132/779 232/67/780 234/133/781
f 232/67/777 235/69/782 234/133/783
f 234/133/783 235/69/782 236/134/784
f 236/134/785 235/69/786 237/71/787
f 236/134/788 237/71/789 238/135/790
f 238/135/790 237/71/791 239/72/792
f 238/135/790 239/72/793 240/136/794
f 240/136/795 239/72/796 241/73/797
f 240/136/798 241/73/797 242/137/799
f 242/137/799 241/73/797 243/75/800
f 242/137/799 243/75/801 244/138/802
f 244/138/802 243/75/800 245/76/803
f 244/138/802 245/76/804 246/139/805
f 246/139/806 245/76/807 247/78/808
f 246/139/806 247/78/808 248/140/809
f 248/140/809 247/78/810 249/80/811
f 248/140/809 249/80/811 250/141/812
f 250/141/813 249/80/814 251/81/815
f 250/141/813 251/81/815 252/142/816
f 252/142/817 251/81/818 253/83/819
f 252/142/817 253/83/819 254/143/820
f 254/143/821 253/83/819 255/85/822
f 254/143/821 255/85/822 256/144/823
f 256/144/824 255/85/825 226/86/826
f 256/144/824 226/86/826 225/145/827
f 225/145/827 226/86/828 227/88/829
f 225/145/830 227/88/831 228/146/831
f 609/1/832 659/2/148 660/3/148
f 609/1/832 612/4/833 659/2/148
f 609/1/834 611/5/835 612/4/836
f 609/1/834 610/6/837 611/5/835
f 610/6/837 617/7/838 611/5/839
f 610/6/840 616/8/841 617/7/842
f 616/8/841 663/9/843 617/7/842
f 663/9/844 616/8/845 620/10/846
f 616/8/845 618/11/847 620/10/848
f 618/11/849 619/12/850 620/10/851
f 618/11/849 630/13/852 619/12/853
f 618/11/849 629/14/854 630/13/852
f 632/15/855 630/13/856 629/14/854
f 629/14/857 631/16/858 632/15/859
f 631/16/860 629/14/857 634/17/861
f 629/14/857 633/18/862 634/17/863
f 633/18/864 635/19/865 634/17/861
f 633/18/864 636/20/866 635/19/867
f 636/20/866 644/21/868 635/19/869
f 643/22/870 644/21/871 636/20/872
f 643/22/870 646/23/873 644/21/874
f 643/22/875 645/24/876 646/23/877
f 602/25/878 656/26/879 603/27/880
f 602/25/881 603/27/880 604/28/882
f 604/28/883 603/27/880 600/29/884
f 599/30/885 604/28/883 600/29/884
f 599/30/885 600/29/886 601/31/887
f 601/31/887 600/29/886 594/19/888
f 593/32/889 601/31/890 594/19/891
f 593/32/889 594/19/892 595/33/893
f 593/32/889 595/33/893 596/34/894
f 596/34/894 595/33/893 588/35/895
f 596/34/896 588/35/897 587/36/898
f 587/36/899 588/35/900 589/37/901
f 587/36/899 589/37/901 590/38/902
f 590/38/903 589/37/901 584/13/904
f 590/38/902 584/13/905 583/39/906
f 573/40/907 583/39/906 584/13/904
f 573/40/907 584/13/905 574/41/908
f 573/40/907 574/41/909 575/10/910
f 573/40/907 575/10/910 576/42/911
f 576/42/912 575/10/913 579/43/914
f 576/42/912 579/43/914 578/44/915
f 577/45/916 578/44/915 579/43/914
f 577/45/916 579/43/917 580/7/918
f 577/45/916 580/7/918 648/5/919
f 577/45/916 648/5/920 647/46/921
f 647/46/922 648/5/923 649/4/924
f 647/46/922 649/4/925 650/47/926
f 650/47/927 649/4/928 651/2/195
f 640/48/929 641/23/930 642/24/931
f 639/49/932 641/23/930 640/48/933
f 641/23/930 639/49/934 638/21/935
f 637/50/936 638/21/935 639/49/934
f 672/51/937 638/21/938 637/50/936
f 638/21/938 672/51/937 670/19/939
f 671/32/940 670/19/941 672/51/942
f 669/34/943 670/19/944 671/32/940
f 669/34/943 668/17/945 670/19/944
f 667/52/946 668/17/947 669/34/943
f 667/52/946 666/16/948 668/17/945
f 665/53/949 666/16/950 667/52/951
f 665/53/949 664/15/952 666/16/950
f 625/54/953 664/15/954 665/53/955
f 625/54/953 628/13/956 664/15/954
f 625/54/953 627/12/957 628/13/958
f 625/54/953 626/40/959 627/12/957
f 661/55/960 627/12/961 626/40/959
f 661/55/960 662/10/962 627/12/961
f 621/56/963 662/10/964 661/55/965
f 621/56/963 624/9/966 662/10/964
f 621/56/963 623/7/967 624/9/968
f 621/56/963 622/57/969 623/7/967
f 658/58/970 623/7/967 622/57/969
f 658/58/970 657/5/971 623/7/967
f 613/47/972 657/5/973 658/58/974
f 613/47/975 615/4/976 657/5/977
f 613/47/972 614/2/2 615/4/978
f 607/26/979 605/59/980 608/27/981
f 605/59/982 606/29/983 608/27/984
f 605/59/982 597/60/985 606/29/983
f 597/60/986 598/19/987 606/29/988
f 597/60/986 591/61/989 598/19/987
f 591/61/990 592/33/991 598/19/992
f 591/61/993 585/62/994 592/33/995
f 655/35/996 592/33/991 585/62/994
f 585/62/994 654/37/997 655/35/998
f 654/37/999 585/62/1000 586/13/1001
f 585/62/1002 581/11/1003 586/13/1004
f 581/11/1003 652/41/1005 586/13/1004
f 581/11/1003 582/10/1006 652/41/1007
f 581/11/1008 571/63/1009 582/10/1010
f 653/43/1011 582/10/1012 571/63/1009
f 571/63/1013 572/7/1014 653/43/1015
f 571/63/1016 568/5/1017 572/7/1018
f 571/63/1013 565/6/1019 568/5/1017
f 565/6/1020 567/4/1021 568/5/1022
f 565/6/1020 566/1/1023 567/4/1021
f 569/3/99 567/4/1024 566/1/1025
f 569/3/99 570/2/99 567/4/1026
f 517/64/1027 547/65/1028 518/66/1029
f 517/64/1027 518/66/1029 519/67/1030
f 517/64/1031 519/67/1032 520/68/1033
f 520/68/1034 519/67/1032 524/69/1035
f 525/70/1036 520/68/1037 524/69/1038
f 525/70/1039 524/69/1035 526/71/1040
f 525/70/1041 526/71/1042 527/72/1043
f 525/70/1039 527/72/1043 528/73/1044
f 525/70/1039 528/73/1045 529/74/1046
f 529/74/1047 528/73/1044 530/75/1048
f 529/74/1049 530/75/1050 531/76/1051
f 529/74/1049 531/76/1051 532/77/1052
f 532/77/1052 531/76/1053 533/78/1054
f 532/77/1055 533/78/1056 534/79/1057
f 534/79/1058 533/78/1054 535/80/1059
f 534/79/1058 535/80/1060 536/81/1061
f 534/79/1058 536/81/1062 537/82/1063
f 537/82/1064 536/81/1062 538/83/1065
f 537/82/1066 538/83/1065 539/84/1067
f 539/84/1067 538/83/1065 540/85/1068
f 539/84/1069 540/85/1068 514/86/1070
f 539/84/1069 514/86/1070 513/87/1071
f 513/87/1071 514/86/1070 515/88/1072
f 513/87/1071 515/88/1073 516/89/1073
f 541/90/1074 542/91/1074 543/92/1075
f 541/90/1074 543/92/1076 544/93/1077
f 544/93/1077 543/92/1076 564/94/1078
f 544/93/1077 564/94/1078 562/95/1079
f 562/95/1080 564/94/1078 563/96/1081
f 562/95/1080 563/96/1081 561/97/1082
f 562/95/1080 561/97/1083 560/98/1084
f 560/98/1085 561/97/1083 559/99/1086
f 560/98/1085 559/99/1086 557/100/1087
f 557/100/1087 559/99/1086 558/101/1088
f 557/100/1089 558/101/1088 556/102/1090
f 557/100/1087 556/102/1090 555/103/1091
f 555/103/1091 556/102/1090 554/104/1092
f 555/103/1091 554/104/1092 552/105/1093
f 552/105/1093 554/104/1094 553/106/1095
f 552/105/1096 553/106/1097 551/107/1098
f 552/105/1093 551/107/1098 548/108/1099
f 548/108/1099 551/107/1098 550/109/1100
f 548/108/1101 550/109/1102 549/110/1103
f 548/108/1104 549/110/1105 545/111/1106
f 546/112/1107 545/111/1108 549/110/1103
f 545/111/1109 546/112/1110 522/113/1111
f 545/111/1112 522/113/1111 521/114/1113
f 521/114/1114 522/113/1111 523/65/1115
f 485/115/1116 486/65/1117 487/113/1118
f 488/116/1119 485/115/1120 487/113/1121
f 488/116/1119 487/113/1121 489/112/1122
f 490/117/1123 488/116/1124 489/112/1125
f 489/112/1126 492/110/1127 490/117/1128
f 491/118/1129 490/117/1128 492/110/1127
f 493/119/1130 491/118/1131 492/110/1132
f 493/119/1130 492/110/1133 494/109/1134
f 495/120/1135 493/119/1130 494/109/1136
f 495/120/1135 494/109/1136 496/107/1137
f 497/121/1138 495/120/1139 496/107/1140
f 497/121/1138 496/107/1140 498/106/1141
f 499/122/1142 497/121/1138 498/106/1143
f 499/122/1144 498/106/1143 500/104/1145
f 501/123/1146 499/122/1144 500/104/1145
f 501/123/1147 500/104/1148 502/102/1149
f 503/124/1150 501/123/1151 502/102/1152
f 503/124/1150 502/102/1152 504/101/1153
f 505/125/1154 503/124/1155 504/101/1156
f 505/125/1154 504/101/1156 506/99/1157
f 507/126/1158 505/125/1159 506/99/1160
f 507/126/1161 506/99/1157 508/97/1162
f 509/127/1163 507/126/1161 508/97/1162
f 509/127/1163 508/97/1164 510/96/1165
f 511/128/1166 509/127/1167 510/96/1168
f 511/128/1166 510/96/1168 512/94/1169
f 482/129/1170 511/128/1166 512/94/1171
f 482/129/1172 512/94/1171 483/92/1173
f 481/130/1174 482/129/1172 483/92/1173
f 481/130/1175 483/92/1173 484/91/1175
f 453/65/1176 454/131/1177 455/66/1178
f 454/131/1179 457/67/1180 455/66/1181
f 454/131/1179 456/132/1182 457/67/1180
f 456/132/1183 458/133/1184 457/67/1185
f 457/67/1180 458/133/1186 460/69/1187
f 458/133/1186 459/134/1188 460/69/1189
f 459/134/1190 462/71/1191 460/69/1187
f 459/134/1192 461/135/1193 462/71/1194
f 461/135/1193 464/72/1195 462/71/1196
f 461/135/1193 463/136/1197 464/72/1198
f 463/136/1199 466/73/1200 464/72/1201
f 463/136/1199 465/137/1202 466/73/1203
f 465/137/1202 468/75/1204 466/73/1203
f 465/137/1202 467/138/1205 468/75/1206
f 467/138/1205 470/76/1207 468/75/1204
f 467/138/1205 469/139/1208 470/76/1209
f 469/139/1210 472/78/1211 470/76/1212
f 469/139/1210 471/140/1213 472/78/1214
f 471/140/1213 474/80/1215 472/78/1216
f 471/140/1213 473/141/1217 474/80/1215
f 473/141/1218 476/81/1219 474/80/1220
f 473/141/1218 475/142/1221 476/81/1219
f 475/142/1222 478/83/1223 476/81/1224
f 475/142/1222 477/143/1225 478/83/1223
f 477/143/1226 480/85/1227 478/83/1228
f 477/143/1226 479/144/1229 480/85/1227
f 479/144/1229 452/86/1230 480/85/1231
f 479/144/1229 449/145/1232 452/86/1233
f 449/145/1234 451/88/1235 452/86/1230
f 449/145/1236 450/146/1237 451/88/1237
f 833/1/1238 883/3/570 884/2/570
f 833/1/1238 884/2/570 834/4/1239
f 833/1/1240 834/4/1241 835/5/1242
f 833/1/1240 835/5/1243 836/6/1244
f 836/6/1245 835/5/1246 840/7/1247
f 836/6/1248 840/7/1249 841/8/1250
f 841/8/1250 840/7/1249 887/9/1251
f 887/9/1252 843/10/1253 841/8/1254
f 841/8/1254 843/10/1255 842/11/1256
f 842/11/1257 843/10/1258 844/12/1259
f 842/11/1257 844/12/1260 853/13/1261
f 842/11/1257 853/13/1261 854/14/1262
f 855/15/1263 854/14/1264 853/13/1265
f 854/14/1266 855/15/1267 856/16/1268
f 856/16/1269 857/17/1270 854/14/1266
f 854/14/1266 857/17/1271 858/18/1272
f 858/18/1273 857/17/1270 859/19/1274
f 858/18/1275 859/19/1276 860/20/1277
f 860/20/1277 859/19/1276 868/21/1278
f 867/22/1279 860/20/1280 868/21/1281
f 867/22/1279 868/21/1281 869/23/1282
f 867/22/1283 869/23/1284 870/24/1285
f 826/25/1286 828/27/1287 880/26/1288
f 826/25/1289 827/28/1290 828/27/1287
f 827/28/1291 825/29/1292 828/27/1287
f 823/30/1293 825/29/1292 827/28/1291
f 823/30/1293 824/31/1294 825/29/1295
f 824/31/1296 820/19/1297 825/29/1295
f 817/32/1298 820/19/1299 824/31/1300
f 817/32/1298 819/33/1301 820/19/1302
f 817/32/1298 818/34/1303 819/33/1301
f 818/34/1303 814/35/1304 819/33/1301
f 818/34/1303 811/36/1305 814/35/1304
f 811/36/1306 813/37/1307 814/35/1308
f 811/36/1309 812/38/1310 813/37/1307
f 812/38/1311 807/13/1312 813/37/1313
f 812/38/1314 808/39/1315 807/13/1312
f 797/40/1316 807/13/1312 808/39/1315
f 797/40/1316 800/41/1317 807/13/1318
f 797/40/1316 799/10/1319 800/41/1320
f 797/40/1316 798/42/1321 799/10/1319
f 798/42/1322 803/43/1323 799/10/1324
f 798/42/1322 804/44/1325 803/43/1323
f 801/45/1326 803/43/1323 804/44/1325
f 801/45/1326 802/7/1327 803/43/1328
f 801/45/1326 874/5/1329 802/7/1327
f 801/45/1326 871/46/1330 874/5/1331
f 871/46/1332 873/4/1333 874/5/1334
f 871/46/1332 872/47/1335 873/4/1336
f 872/47/1337 875/2/615 873/4/1333
f 864/48/1338 865/24/1339 866/23/1340
f 862/49/1341 864/48/1342 866/23/1340
f 866/23/1340 863/21/1343 862/49/1344
f 861/50/1345 862/49/1344 863/21/1343
f 896/51/1346 861/50/1345 863/21/1347
f 863/21/1347 895/19/1348 896/51/1346
f 894/32/1349 896/51/1350 895/19/1351
f 892/34/1352 894/32/1349 895/19/1353
f 892/34/1352 895/19/1353 893/17/1354
f 890/52/1355 892/34/1352 893/17/1356
f 890/52/1355 893/17/1354 891/16/1357
f 888/53/1358 890/52/1359 891/16/1360
f 888/53/1358 891/16/1360 889/15/1361
f 849/54/1362 888/53/1363 889/15/1364
f 849/54/1362 889/15/1361 850/13/1365
f 849/54/1362 850/13/1366 851/12/1367
f 849/54/1362 851/12/1367 852/40/1368
f 885/55/1369 852/40/1368 851/12/1370
f 885/55/1369 851/12/1370 886/10/1371
f 845/56/1372 885/55/1373 886/10/1374
f 845/56/1372 886/10/1374 846/9/1375
f 845/56/1372 846/9/1376 847/7/1377
f 845/56/1372 847/7/1377 848/57/1378
f 881/58/1379 848/57/1378 847/7/1377
f 881/58/1379 847/7/1380 882/5/1381
f 837/47/1382 881/58/1383 882/5/1384
f 837/47/1385 882/5/1386 838/4/1387
f 837/47/1382 838/4/1388 839/2/418
f 831/26/1389 832/27/1390 829/59/1391
f 829/59/1392 832/27/1393 830/29/1394
f 829/59/1392 830/29/1395 821/60/1396
f 821/60/1397 830/29/1398 822/19/1399
f 821/60/1397 822/19/1400 815/61/1401
f 815/61/1401 822/19/1402 816/33/1403
f 815/61/1404 816/33/1405 809/62/1406
f 878/35/1407 809/62/1406 816/33/1403
f 809/62/1406 878/35/1408 879/37/1409
f 879/37/1410 810/13/1411 809/62/1412
f 809/62/1412 810/13/1413 805/11/1414
f 805/11/1414 810/13/1413 876/41/1415
f 805/11/1414 876/41/1416 806/10/1417
f 805/11/1418 806/10/1419 795/63/1420
f 877/43/1421 795/63/1420 806/10/1419
f 795/63/1422 877/43/1423 796/7/1424
f 795/63/1425 796/7/1426 790/5/1427
f 795/63/1422 790/5/1427 789/6/1428
f 789/6/1429 790/5/1430 791/4/1431
f 789/6/1429 791/4/1431 792/1/1432
f 793/3/518 792/1/1433 791/4/1434
f 793/3/518 791/4/1431 794/2/518
f 741/64/1435 744/66/1436 771/65/1437
f 741/64/1435 743/67/1438 744/66/1436
f 741/64/1439 742/68/1440 743/67/1441
f 742/68/1442 748/69/1443 743/67/1441
f 749/70/1444 748/69/1445 742/68/1446
f 749/70/1447 750/71/1448 748/69/1443
f 749/70/1449 751/72/1450 750/71/1451
f 749/70/1449 753/73/1452 751/72/1450
f 749/70/1449 752/74/1453 753/73/1454
f 752/74/1455 754/75/1456 753/73/1452
f 752/74/1457 756/76/1458 754/75/1459
f 752/74/1455 755/77/1460 756/76/1458
f 755/77/1460 758/78/1461 756/76/1462
f 755/77/1463 757/79/1464 758/78/1465
f 757/79/1466 759/80/1467 758/78/1461
f 757/79/1466 761/81/1468 759/80/1469
f 757/79/1466 760/82/1470 761/81/1471
f 760/82/1472 763/83/1473 761/81/1471
f 760/82/1470 762/84/1474 763/83/1473
f 762/84/1474 764/85/1475 763/83/1473
f 762/84/1476 740/86/1477 764/85/1475
f 762/84/1478 737/87/1479 740/86/1477
f 737/87/1479 739/88/1480 740/86/1477
f 737/87/1479 738/89/1481 739/88/1481
f 765/90/1482 767/92/1483 768/91/1482
f 765/90/1484 766/93/1485 767/92/1486
f 766/93/1485 788/94/1487 767/92/1486
f 766/93/1485 786/95/1488 788/94/1487
f 786/95/1489 787/96/1490 788/94/1487
f 786/95/1489 785/97/1491 787/96/1490
f 786/95/1489 784/98/1492 785/97/1493
f 784/98/1494 783/99/1495 785/97/1493
f 784/98/1494 781/100/1496 783/99/1495
f 781/100/1496 782/101/1497 783/99/1495
f 781/100/1498 780/102/1499 782/101/1497
f 781/100/1496 779/103/1500 780/102/1499
f 779/103/1501 778/104/1502 780/102/1503
f 779/103/1501 776/105/1504 778/104/1502
f 776/105/1505 777/106/1506 778/104/1507
f 776/105/1508 775/107/1509 777/106/1510
f 776/105/1505 772/108/1511 775/107/1509
f 772/108/1512 774/109/1513 775/107/1509
f 772/108/1511 773/110/1514 774/109/1515
f 772/108/1516 769/111/1517 773/110/1518
f 770/112/1519 773/110/1514 769/111/1520
f 769/111/1521 747/113/1522 770/112/1523
f 769/111/1524 745/114/1525 747/113/1522
f 745/114/1526 746/65/1527 747/113/1522
f 709/115/1528 710/113/1529 711/65/1530
f 712/116/1531 710/113/1529 709/115/1532
f 712/116/1531 713/112/1533 710/113/1534
f 714/117/1535 713/112/1536 712/116/1537
f 713/112/1538 714/117/1539 716/110/1540
f 715/118/1541 716/110/1542 714/117/1539
f 717/119/1543 716/110/1540 715/118/1544
f 717/119/1543 718/109/1545 716/110/1546
f 719/120/1547 718/109/1548 717/119/1543
f 719/120/1547 720/107/1549 718/109/1548
f 721/121/1550 720/107/1551 719/120/1552
f 721/121/1550 722/106/1553 720/107/1551
f 723/122/1554 722/106/1553 721/121/1550
f 723/122/1555 724/104/1556 722/106/1557
f 725/123/1558 724/104/1556 723/122/1555
f 725/123/1558 726/102/1559 724/104/1560
f 727/124/1561 726/102/1562 725/123/1563
f 727/124/1561 728/101/1564 726/102/1562
f 729/125/1565 728/101/1566 727/124/1561
f 729/125/1565 730/99/1567 728/101/1566
f 731/126/1568 730/99/1569 729/125/1570
f 731/126/1571 732/97/1572 730/99/1567
f 733/127/1573 732/97/1572 731/126/1571
f 733/127/1573 734/96/1574 732/97/1575
f 735/128/1576 734/96/1577 733/127/1578
f 735/128/1576 736/94/1579 734/96/1577
f 708/129/1580 736/94/1581 735/128/1576
f 708/129/1582 707/92/1583 736/94/1581
f 705/130/1584 707/92/1583 708/129/1585
f 705/130/1586 706/91/1586 707/92/1583
f 677/65/1587 678/66/1588 679/131/1589
f 679/131/1590 678/66/1591 680/67/1592
f 679/131/1590 680/67/1592 681/132/1593
f 681/132/1594 680/67/1595 682/133/1596
f 680/67/1592 683/69/1597 682/133/1598
f 682/133/1598 683/69/1597 684/134/1599
f 684/134/1600 683/69/1597 685/71/1601
f 684/134/1602 685/71/1603 686/135/1604
f 686/135/1604 685/71/1605 687/72/1606
f 686/135/1604 687/72/1607 688/136/1608
f 688/136/1609 687/72/1610 689/73/1611
f 688/136/1612 689/73/1611 690/137/1613
f 690/137/1613 689/73/1614 691/75/1615
f 690/137/1613 691/75/1616 692/138/1617
f 692/138/1617 691/75/1615 693/76/1618
f 692/138/1617 693/76/1619 694/139/1620
f 694/139/1621 693/76/1622 695/78/1623
f 694/139/1621 695/78/1623 696/140/1624
f 696/140/1624 695/78/1625 697/80/1626
f 696/140/1624 697/80/1626 698/141/1627
f 698/141/1628 697/80/1629 699/81/1630
f 698/141/1628 699/81/1630 700/142/1631
f 700/142/1632 699/81/1633 701/83/1634
f 700/142/1632 701/83/1634 702/143/1635
f 702/143/1636 701/83/1637 703/85/1638
f 702/143/1636 703/85/1638 704/144/1639
f 704/144/1639 703/85/1640 674/86/1641
f 704/144/1639 674/86/1642 673/145/1643
f 673/145/1644 674/86/1641 675/88/1645
f 673/145/1646 675/88/1647 676/146/1647
f 1057/1/1648 1107/2/1649 1108/3/1649
f 1057/1/1648 1060/4/1650 1107/2/1649
f 1057/1/1651 1059/5/1652 1060/4/1653
f 1057/1/1651 1058/6/1654 1059/5/1652
f 1058/6/1654 1065/7/1655 1059/5/1656
f 1058/6/1657 1064/8/1658 1065/7/1659
f 1064/8/1658 1111/9/1660 1065/7/1659
f 1111/9/1661 1064/8/1662 1068/10/1663
f 1064/8/1662 1066/11/1664 1068/10/1665
f 1066/11/1666 1067/12/1667 1068/10/1668
f 1066/11/1666 1078/13/1669 1067/12/1670
f 1066/11/1666 1077/14/1671 1078/13/1669
f 1080/15/1672 1078/13/1673 1077/14/1671
f 1077/14/1674 1079/16/1675 1080/15/1676
f 1079/16/1677 1077/14/1674 1082/17/1678
f 1077/14/1674 1081/18/1679 1082/17/1680
f 1081/18/1681 1083/19/1682 1082/17/1678
f 1081/18/1683 1084/20/1684 1083/19/1685
f 1084/20/1684 1092/21/1686 1083/19/1687
f 1091/22/1688 1092/21/1689 1084/20/1690
f 1091/22/1688 1094/23/1691 1092/21/1692
f 1091/22/1693 1093/24/1694 1094/23/1695
f 1050/25/1696 1104/26/1697 1051/27/1698
f 1050/25/1699 1051/27/1698 1052/28/1700
f 1052/28/1701 1051/27/1698 1048/29/1702
f 1047/30/1703 1052/28/1701 1048/29/1702
f 1047/30/1703 1048/29/1704 1049/31/1705
f 1049/31/1706 1048/29/1704 1042/19/1707
f 1041/32/1708 1049/31/1709 1042/19/1710
f 1041/32/1708 1042/19/1711 1043/33/1712
f 1041/32/1708 1043/33/1712 1044/34/1713
f 1044/34/1713 1043/33/1712 1036/35/1714
f 1044/34/1713 1036/35/1715 1035/36/1716
f 1035/36/1717 1036/35/1718 1037/37/1719
f 1035/36/1717 1037/37/1719 1038/38/1720
f 1038/38/1721 1037/37/1719 1032/13/1722
f 1038/38/1720 1032/13/1723 1031/39/1724
f 1021/40/1725 1031/39/1724 1032/13/1723
f 1021/40/1725 1032/13/1723 1022/41/1726
f 1021/40/1725 1022/41/1727 1023/10/1728
f 1021/40/1725 1023/10/1728 1024/42/1729
f 1024/42/1730 1023/10/1731 1027/43/1732
f 1024/42/1730 1027/43/1732 1026/44/1733
f 1025/45/1734 1026/44/1733 1027/43/1732
f 1025/45/1734 1027/43/1735 1028/7/1736
f 1025/45/1734 1028/7/1736 1096/5/1737
f 1025/45/1734 1096/5/1738 1095/46/1739
f 1095/46/1740 1096/5/1741 1097/4/1742
f 1095/46/1740 1097/4/1742 1098/47/1743
f 1098/47/1744 1097/4/1745 1099/2/1746
f 1088/48/1747 1089/23/1748 1090/24/1749
f 1087/49/1750 1089/23/1748 1088/48/1751
f 1089/23/1748 1087/49/1752 1086/21/1753
f 1085/50/1754 1086/21/1753 1087/49/1752
f 1120/51/1755 1086/21/1756 1085/50/1754
f 1086/21/1756 1120/51/1755 1118/19/1757
f 1119/32/1758 1118/19/1759 1120/51/1760
f 1117/34/1761 1118/19/1762 1119/32/1758
f 1117/34/1761 1116/17/1763 1118/19/1762
f 1115/52/1764 1116/17/1765 1117/34/1761
f 1115/52/1764 1114/16/1766 1116/17/1763
f 1113/53/1767 1114/16/1768 1115/52/1769
f 1113/53/1767 1112/15/1770 1114/16/1768
f 1073/54/1771 1112/15/1772 1113/53/1773
f 1073/54/1771 1076/13/1774 1112/15/1770
f 1073/54/1771 1075/12/1775 1076/13/1774
f 1073/54/1771 1074/40/1776 1075/12/1775
f 1109/55/1777 1075/12/1778 1074/40/1776
f 1109/55/1777 1110/10/1779 1075/12/1778
f 1069/56/1780 1110/10/1781 1109/55/1782
f 1069/56/1780 1072/9/1783 1110/10/1779
f 1069/56/1780 1071/7/1784 1072/9/1785
f 1069/56/1780 1070/57/1786 1071/7/1784
f 1106/58/1787 1071/7/1784 1070/57/1786
f 1106/58/1787 1105/5/1788 1071/7/1784
f 1061/47/1789 1105/5/1790 1106/58/1791
f 1061/47/1792 1063/4/1793 1105/5/1794
f 1061/47/1789 1062/2/1795 1063/4/1796
f 1055/26/1797 1053/59/1798 1056/27/1799
f 1053/59/1800 1054/29/1801 1056/27/1802
f 1053/59/1800 1045/60/1803 1054/29/1801
f 1045/60/1804 1046/19/1805 1054/29/1806
f 1045/60/1804 1039/61/1807 1046/19/1805
f 1039/61/1808 1040/33/1809 1046/19/1810
f 1039/61/1811 1033/62/1812 1040/33/1813
f 1103/35/1814 1040/33/1809 1033/62/1812
f 1033/62/1812 1102/37/1815 1103/35/1816
f 1102/37/1817 1033/62/1818 1034/13/1819
f 1033/62/1820 1029/11/1821 1034/13/1822
f 1029/11/1821 1100/41/1823 1034/13/1822
f 1029/11/1821 1030/10/1824 1100/41/1825
f 1029/11/1826 1019/63/1827 1030/10/1828
f 1101/43/1829 1030/10/1830 1019/63/1827
f 1019/63/1831 1020/7/1832 1101/43/1833
f 1019/63/1834 1016/5/1835 1020/7/1836
f 1019/63/1831 1013/6/1837 1016/5/1835
f 1013/6/1838 1015/4/1839 1016/5/1840
f 1013/6/1838 1014/1/1841 1015/4/1839
f 1017/3/1842 1015/4/1843 1014/1/1844
f 1017/3/1842 1018/2/1842 1015/4/1839
f 965/64/1845 995/65/1846 966/66/1847
f 965/64/1845 966/66/1847 967/67/1848
f 965/64/1849 967/67/1850 968/68/1851
f 968/68/1852 967/67/1850 972/69/1853
f 973/70/1854 968/68/1855 972/69/1856
f 973/70/1857 972/69/1853 974/71/1858
f 973/70/1854 974/71/1859 975/72/1860
f 973/70/1857 975/72/1860 976/73/1861
f 973/70/1857 976/73/1861 977/74/1862
f 977/74/1863 976/73/1861 978/75/1864
f 977/74/1865 978/75/1866 979/76/1867
f 977/74/1865 979/76/1868 980/77/1869
f 980/77/1870 979/76/1867 981/78/1871
f 980/77/1872 981/78/1871 982/79/1873
f 982/79/1874 981/78/1871 983/80/1875
f 982/79/1874 983/80/1876 984/81/1877
f 982/79/1874 984/81/1878 985/82/1879
f 985/82/1880 984/81/1878 986/83/1881
f 985/82/1882 986/83/1881 987/84/1883
f 987/84/1883 986/83/1881 988/85/1884
f 987/84/1885 988/85/1886 962/86/1887
f 987/84/1885 962/86/1887 961/87/1888
f 961/87/1888 962/86/1887 963/88/1889
f 961/87/1888 963/88/1889 964/89/1889
f 989/90/1890 990/91/1890 991/92/1891
f 989/90/1890 991/92/1892 992/93/1893
f 992/93/1893 991/92/1891 1012/94/1894
f 992/93/1895 1012/94/1894 1010/95/1896
f 1010/95/1897 1012/94/1898 1011/96/1899
f 1010/95/1897 1011/96/1899 1009/97/1900
f 1010/95/1897 1009/97/1901 1008/98/1902
f 1008/98/1903 1009/97/1901 1007/99/1904
f 1008/98/1903 1007/99/1904 1005/100/1905
f 1005/100/1905 1007/99/1904 1006/101/1906
f 1005/100/1907 1006/101/1906 1004/102/1908
f 1005/100/1907 1004/102/1909 1003/103/1910
f 1003/103/1911 1004/102/1909 1002/104/1912
f 1003/103/1911 1002/104/1913 1000/105/1914
f 1000/105/1915 1002/104/1916 1001/106/1917
f 1000/105/1918 1001/106/1919 999/107/1920
f 1000/105/1915 999/107/1920 996/108/1921
f 996/108/1922 999/107/1920 998/109/1923
f 996/108/1922 998/109/1924 997/110/1925
f 996/108/1926 997/110/1927 993/111/1928
f 994/112/1929 993/111/1930 997/110/1925
f 993/111/1931 994/112/1932 970/113/1933
f 993/111/1934 970/113/1933 969/114/1935
f 969/114/1936 970/113/1933 971/65/1937
f 933/115/1938 934/65/1939 935/113/1940
f 936/116/1941 933/115/1942 935/113/1940
f 936/116/1943 935/113/1944 937/112/1945
f 938/117/1946 936/116/1947 937/112/1948
f 937/112/1949 940/110/1950 938/117/1951
f 939/118/1952 938/117/1951 940/110/1953
f 941/119/1954 939/118/1955 940/110/1956
f 941/119/1954 940/110/1957 942/109/1958
f 943/120/1959 941/119/1954 942/109/1960
f 943/120/1959 942/109/1960 944/107/1961
f 945/121/1962 943/120/1963 944/107/1964
f 945/121/1965 944/107/1964 946/106/1966
f 947/122/1967 945/121/1962 946/106/1968
f 947/122/1969 946/106/1968 948/104/1970
f 949/123/1971 947/122/1969 948/104/1970
f 949/123/1972 948/104/1973 950/102/1974
f 951/124/1975 949/123/1976 950/102/1977
f 951/124/1975 950/102/1977 952/101/1978
f 953/125/1979 951/124/1975 952/101/1978
f 953/125/1979 952/101/1978 954/99/1980
f 955/126/1981 953/125/1982 954/99/1980
f 955/126/1981 954/99/1980 956/97/1983
f 957/127/1984 955/126/1981 956/97/1983
f 957/127/1984 956/97/1985 958/96/1986
f 959/128/1987 957/127/1988 958/96/1986
f 959/128/1989 958/96/1986 960/94/1990
f 930/129/1991 959/128/1987 960/94/1992
f 930/129/1991 960/94/1993 931/92/1994
f 929/130/1995 930/129/1996 931/92/1994
f 929/130/1995 931/92/1994 932/91/1995
f 901/65/1997 902/131/1998 903/66/1999
f 902/131/2000 905/67/2001 903/66/2002
f 902/131/2000 904/132/2003 905/67/2004
f 904/132/2005 906/133/2006 905/67/2007
f 905/67/2001 906/133/2008 908/69/2009
f 906/133/2008 907/134/2010 908/69/2009
f 907/134/2011 910/71/2012 908/69/2013
f 907/134/2014 909/135/2015 910/71/2016
f 909/135/2015 912/72/2017 910/71/2018
f 909/135/2015 911/136/2019 912/72/2020
f 911/136/2021 914/73/2022 912/72/2023
f 911/136/2021 913/137/2024 914/73/2025
f 913/137/2024 916/75/2026 914/73/2022
f 913/137/2024 915/138/2027 916/75/2028
f 915/138/2027 918/76/2029 916/75/2026
f 915/138/2027 917/139/2030 918/76/2031
f 917/139/2032 920/78/2033 918/76/2034
f 917/139/2032 919/140/2035 920/78/2033
f 919/140/2035 922/80/2036 920/78/2037
f 919/140/2035 921/141/2038 922/80/2036
f 921/141/2039 924/81/2040 922/80/2041
f 921/141/2039 923/142/2042 924/81/2040
f 923/142/2043 926/83/2044 924/81/2045
f 923/142/2043 925/143/2046 926/83/2044
f 925/143/2047 928/85/2048 926/83/2044
f 925/143/2047 927/144/2049 928/85/2048
f 927/144/2050 900/86/2051 928/85/2052
f 927/144/2050 897/145/2053 900/86/2051
f 897/145/2054 899/88/2055 900/86/2056
f 897/145/2057 898/146/2058 899/88/2058
f 1281/1/2059 1331/3/2060 1332/2/2060
f 1281/1/2059 1332/2/2060 1282/4/2061
f 1281/1/2062 1282/4/2061 1283/5/2063
f 1281/1/2062 1283/5/2064 1284/6/2065
f 1284/6/2065 1283/5/2066 1288/7/2067
f 1284/6/2068 1288/7/2069 1289/8/2070
f 1289/8/2070 1288/7/2069 1335/9/2071
f 1335/9/2072 1291/10/2073 1289/8/2074
f 1289/8/2074 1291/10/2075 1290/11/2076
f 1290/11/2077 1291/10/2078 1292/12/2079
f 1290/11/2077 1292/12/2080 1301/13/2081
f 1290/11/2077 1301/13/2081 1302/14/2082
f 1303/15/2083 1302/14/2084 1301/13/2085
f 1302/14/2086 1303/15/2087 1304/16/2088
f 1304/16/2089 1305/17/2090 1302/14/2086
f 1302/14/2086 1305/17/2091 1306/18/2092
f 1306/18/2093 1305/17/2090 1307/19/2094
f 1306/18/2095 1307/19/2094 1308/20/2096
f 1308/20/2096 1307/19/2097 1316/21/2098
f 1315/22/2099 1308/20/2100 1316/21/2101
f 1315/22/2099 1316/21/2101 1317/23/2102
f 1315/22/2103 1317/23/2104 1318/24/2105
f 1274/25/2106 1276/27/2107 1328/26/2108
f 1274/25/2109 1275/28/2110 1276/27/2107
f 1275/28/2111 1273/29/2112 1276/27/2107
f 1271/30/2113 1273/29/2112 1275/28/2111
f 1271/30/2113 1272/31/2114 1273/29/2115
f 1272/31/2114 1268/19/2116 1273/29/2115
f 1265/32/2117 1268/19/2118 1272/31/2119
f 1265/32/2117 1267/33/2120 1268/19/2121
f 1265/32/2117 1266/34/2122 1267/33/2120
f 1266/34/2122 1262/35/2123 1267/33/2120
f 1266/34/2122 1259/36/2124 1262/35/2123
f 1259/36/2125 1261/37/2126 1262/35/2127
f 1259/36/2128 1260/38/2129 1261/37/2126
f 1260/38/2130 1255/13/2131 1261/37/2132
f 1260/38/2133 1256/39/2134 1255/13/2131
f 1245/40/2135 1255/13/2136 1256/39/2134
f 1245/40/2135 1248/41/2137 1255/13/2136
f 1245/40/2135 1247/10/2138 1248/41/2139
f 1245/40/2135 1246/42/2140 1247/10/2138
f 1246/42/2141 1251/43/2142 1247/10/2143
f 1246/42/2141 1252/44/2144 1251/43/2142
f 1249/45/2145 1251/43/2142 1252/44/2144
f 1249/45/2145 1250/7/2146 1251/43/2147
f 1249/45/2145 1322/5/2148 1250/7/2146
f 1249/45/2145 1319/46/2149 1322/5/2150
f 1319/46/2151 1321/4/2152 1322/5/2148
f 1319/46/2153 1320/47/2154 1321/4/2155
f 1320/47/2156 1323/2/2157 1321/4/2158
f 1312/48/2159 1313/24/2160 1314/23/2161
f 1310/49/2162 1312/48/2163 1314/23/2161
f 1314/23/2161 1311/21/2164 1310/49/2165
f 1309/50/2166 1310/49/2165 1311/21/2164
f 1344/51/2167 1309/50/2166 1311/21/2168
f 1311/21/2169 1343/19/2170 1344/51/2171
f 1342/32/2172 1344/51/2173 1343/19/2174
f 1340/34/2175 1342/32/2172 1343/19/2176
f 1340/34/2175 1343/19/2176 1341/17/2177
f 1338/52/2178 1340/34/2175 1341/17/2179
f 1338/52/2178 1341/17/2177 1339/16/2180
f 1336/53/2181 1338/52/2182 1339/16/2183
f 1336/53/2181 1339/16/2183 1337/15/2184
f 1297/54/2185 1336/53/2186 1337/15/2187
f 1297/54/2185 1337/15/2184 1298/13/2188
f 1297/54/2189 1298/13/2188 1299/12/2190
f 1297/54/2185 1299/12/2190 1300/40/2191
f 1333/55/2192 1300/40/2191 1299/12/2193
f 1333/55/2192 1299/12/2193 1334/10/2194
f 1293/56/2195 1333/55/2196 1334/10/2197
f 1293/56/2195 1334/10/2194 1294/9/2198
f 1293/56/2195 1294/9/2199 1295/7/2200
f 1293/56/2195 1295/7/2200 1296/57/2201
f 1329/58/2202 1296/57/2201 1295/7/2200
f 1329/58/2202 1295/7/2200 1330/5/2203
f 1285/47/2204 1329/58/2205 1330/5/2206
f 1285/47/2207 1330/5/2208 1286/4/2209
f 1285/47/2210 1286/4/2211 1287/2/2212
f 1279/26/2213 1280/27/2214 1277/59/2215
f 1277/59/2216 1280/27/2217 1278/29/2218
f 1277/59/2216 1278/29/2219 1269/60/2220
f 1269/60/2221 1278/29/2222 1270/19/2223
f 1269/60/2221 1270/19/2224 1263/61/2225
f 1263/61/2226 1270/19/2227 1264/33/2228
f 1263/61/2229 1264/33/2230 1257/62/2231
f 1326/35/2232 1257/62/2231 1264/33/2228
f 1257/62/2231 1326/35/2233 1327/37/2234
f 1327/37/2235 1258/13/2236 1257/62/2237
f 1257/62/2237 1258/13/2238 1253/11/2239
f 1253/11/2239 1258/13/2238 1324/41/2240
f 1253/11/2239 1324/41/2241 1254/10/2242
f 1253/11/2243 1254/10/2244 1243/63/2245
f 1325/43/2246 1243/63/2245 1254/10/2247
f 1243/63/2248 1325/43/2249 1244/7/2250
f 1243/63/2251 1244/7/2252 1238/5/2253
f 1243/63/2248 1238/5/2253 1237/6/2254
f 1237/6/2255 1238/5/2256 1239/4/2257
f 1237/6/2255 1239/4/2257 1240/1/2258
f 1241/3/2259 1240/1/2260 1239/4/2261
f 1241/3/2259 1239/4/2257 1242/2/2259
f 1189/64/2262 1192/66/2263 1219/65/2264
f 1189/64/2262 1191/67/2265 1192/66/2263
f 1189/64/2266 1190/68/2267 1191/67/2268
f 1190/68/2269 1196/69/2270 1191/67/2268
f 1197/70/2271 1196/69/2272 1190/68/2273
f 1197/70/2274 1198/71/2275 1196/69/2270
f 1197/70/2274 1199/72/2276 1198/71/2277
f 1197/70/2278 1201/73/2279 1199/72/2276
f 1197/70/2278 1200/74/2280 1201/73/2279
f 1200/74/2281 1202/75/2282 1201/73/2279
f 1200/74/2283 1204/76/2284 1202/75/2285
f 1200/74/2281 1203/77/2286 1204/76/2287
f 1203/77/2288 1206/78/2289 1204/76/2287
f 1203/77/2290 1205/79/2291 1206/78/2289
f 1205/79/2291 1207/80/2292 1206/78/2289
f 1205/79/2291 1209/81/2293 1207/80/2294
f 1205/79/2291 1208/82/2295 1209/81/2296
f 1208/82/2297 1211/83/2298 1209/81/2296
f 1208/82/2297 1210/84/2299 1211/83/2298
f 1210/84/2299 1212/85/2300 1211/83/2298
f 1210/84/2301 1188/86/2302 1212/85/2303
f 1210/84/2304 1185/87/2305 1188/86/2302
f 1185/87/2305 1187/88/2306 1188/86/2302
f 1185/87/2305 1186/89/2306 1187/88/2306
f 1213/90/2307 1215/92/2308 1216/91/2307
f 1213/90/2307 1214/93/2309 1215/92/2310
f 1214/93/2309 1236/94/2311 1215/92/2310
f 1214/93/2312 1234/95/2313 1236/94/2311
f 1234/95/2314 1235/96/2315 1236/94/2316
f 1234/95/2314 1233/97/2317 1235/96/2315
f 1234/95/2314 1232/98/2318 1233/97/2319
f 1232/98/2320 1231/99/2321 1233/97/2319
f 1232/98/2320 1229/100/2322 1231/99/2321
f 1229/100/2322 1230/101/2323 1231/99/2321
f 1229/100/2324 1228/102/2325 1230/101/2323
f 1229/100/2324 1227/103/2326 1228/102/2325
f 1227/103/2327 1226/104/2328 1228/102/2325
f 1227/103/2329 1224/105/2330 1226/104/2331
f 1224/105/2332 1225/106/2333 1226/104/2334
f 1224/105/2335 1223/107/2336 1225/106/2337
f 1224/105/2332 1220/108/2338 1223/107/2336
f 1220/108/2339 1222/109/2340 1223/107/2336
f 1220/108/2338 1221/110/2341 1222/109/2342
f 1220/108/2339 1217/111/2343 1221/110/2344
f 1218/112/2345 1221/110/2341 1217/111/2346
f 1217/111/2347 1195/113/2348 1218/112/2349
f 1217/111/2350 1193/114/2351 1195/113/2348
f 1193/114/2352 1194/65/2353 1195/113/2348
f 1157/115/2354 1158/113/2355 1159/65/2356
f 1160/116/2357 1158/113/2355 1157/115/2358
f 1160/116/2357 1161/112/2359 1158/113/2360
f 1162/117/2361 1161/112/2362 1160/116/2363
f 1161/112/2364 1162/117/2365 1164/110/2366
f 1163/118/2367 1164/110/2366 1162/117/2365
f 1165/119/2368 1164/110/2369 1163/118/2370
f 1165/119/2368 1166/109/2371 1164/110/2372
f 1167/120/2373 1166/109/2374 1165/119/2368
f 1167/120/2373 1168/107/2375 1166/109/2374
f 1169/121/2376 1168/107/2377 1167/120/2378
f 1169/121/2379 1170/106/2380 1168/107/2377
f 1171/122/2381 1170/106/2380 1169/121/2376
f 1171/122/2382 1172/104/2383 1170/106/2380
f 1173/123/2384 1172/104/2383 1171/122/2382
f 1173/123/2384 1174/102/2385 1172/104/2386
f 1175/124/2387 1174/102/2388 1173/123/2389
f 1175/124/2387 1176/101/2390 1174/102/2388
f 1177/125/2391 1176/101/2392 1175/124/2387
f 1177/125/2391 1178/99/2393 1176/101/2392
f 1179/126/2394 1178/99/2393 1177/125/2395
f 1179/126/2394 1180/97/2396 1178/99/2393
f 1181/127/2397 1180/97/2396 1179/126/2394
f 1181/127/2397 1182/96/2398 1180/97/2399
f 1183/128/2400 1182/96/2398 1181/127/2401
f 1183/128/2402 1184/94/2403 1182/96/2398
f 1156/129/2404 1184/94/2405 1183/128/2400
f 1156/129/2406 1155/92/2407 1184/94/2408
f 1153/130/2409 1155/92/2407 1156/129/2410
f 1153/130/2409 1154/91/2409 1155/92/2407
f 1125/65/2411 1126/66/2412 1127/131/2413
f 1127/131/2414 1126/66/2415 1128/67/2416
f 1127/131/2414 1128/67/2416 1129/132/2417
f 1129/132/2418 1128/67/2419 1130/133/2420
f 1128/67/2416 1131/69/2421 1130/133/2422
f 1130/133/2422 1131/69/2421 1132/134/2423
f 1132/134/2424 1131/69/2421 1133/71/2425
f 1132/134/2426 1133/71/2427 1134/135/2428
f 1134/135/2428 1133/71/2429 1135/72/2430
f 1134/135/2428 1135/72/2431 1136/136/2432
f 1136/136/2433 1135/72/2434 1137/73/2435
f 1136/136/2436 1137/73/2435 1138/137/2437
f 1138/137/2437 1137/73/2435 1139/75/2438
f 1138/137/2437 1139/75/2439 1140/138/2440
f 1140/138/2440 1139/75/2438 1141/76/2441
f 1140/138/2440 1141/76/2442 1142/139/2443
f 1142/139/2444 1141/76/2445 1143/78/2446
f 1142/139/2444 1143/78/2446 1144/140/2447
f 1144/140/2447 1143/78/2448 1145/80/2449
f 1144/140/2447 1145/80/2449 1146/141/2450
f 1146/141/2451 1145/80/2452 1147/81/2453
f 1146/141/2451 1147/81/2453 1148/142/2454
f 1148/142/2455 1147/81/2456 1149/83/2457
f 1148/142/2455 1149/83/2457 1150/143/2458
f 1150/143/2459 1149/83/2457 1151/85/2460
f 1150/143/2459 1151/85/2460 1152/144/2461
f 1152/144/2462 1151/85/2463 1122/86/2464
f 1152/144/2462 1122/86/2464 1121/145/2465
f 1121/145/2465 1122/86/2466 1123/88/2467
f 1121/145/2468 1123/88/2469 1124/146/2469
f 1505/1/2470 1555/2/1795 1556/3/1795
f 1505/1/2470 1508/4/2471 1555/2/1795
f 1505/1/2472 1507/5/2473 1508/4/2471
f 1505/1/2472 1506/6/2474 1507/5/2475
f 1506/6/2474 1513/7/2476 1507/5/2477
f 1506/6/2478 1512/8/2479 1513/7/2480
f 1512/8/2479 1559/9/2481 1513/7/2480
f 1559/9/2482 1512/8/2483 1516/10/2484
f 1512/8/2483 1514/11/2485 1516/10/2486
f 1514/11/2487 1515/12/2488 1516/10/2489
f 1514/11/2487 1526/13/2490 1515/12/2491
f 1514/11/2487 1525/14/2492 1526/13/2490
f 1528/15/2493 1526/13/2494 1525/14/2492
f 1525/14/2495 1527/16/2496 1528/15/2497
f 1527/16/2498 1525/14/2495 1530/17/2499
f 1525/14/2495 1529/18/2500 1530/17/2501
f 1529/18/2502 1531/19/2503 1530/17/2499
f 1529/18/2504 1532/20/2505 1531/19/2506
f 1532/20/2505 1540/21/2507 1531/19/2506
f 1539/22/2508 1540/21/2509 1532/20/2510
f 1539/22/2508 1542/23/2511 1540/21/2509
f 1539/22/2512 1541/24/2513 1542/23/2514
f 1498/25/2515 1552/26/2516 1499/27/2517
f 1498/25/2518 1499/27/2517 1500/28/2519
f 1500/28/2520 1499/27/2517 1496/29/2521
f 1495/30/2522 1500/28/2520 1496/29/2521
f 1495/30/2522 1496/29/2523 1497/31/2524
f 1497/31/2525 1496/29/2523 1490/19/2526
f 1489/32/2527 1497/31/2528 1490/19/2529
f 1489/32/2527 1490/19/2530 1491/33/2531
f 1489/32/2527 1491/33/2531 1492/34/2532
f 1492/34/2532 1491/33/2531 1484/35/2533
f 1492/34/2532 1484/35/2534 1483/36/2535
f 1483/36/2536 1484/35/2537 1485/37/2538
f 1483/36/2536 1485/37/2538 1486/38/2539
f 1486/38/2540 1485/37/2538 1480/13/2541
f 1486/38/2539 1480/13/2542 1479/39/2543
f 1469/40/2544 1479/39/2543 1480/13/2542
f 1469/40/2544 1480/13/2542 1470/41/2545
f 1469/40/2544 1470/41/2546 1471/10/2547
f 1469/40/2544 1471/10/2547 1472/42/2548
f 1472/42/2549 1471/10/2550 1475/43/2551
f 1472/42/2549 1475/43/2551 1474/44/2552
f 1473/45/2553 1474/44/2552 1475/43/2551
f 1473/45/2553 1475/43/2554 1476/7/2555
f 1473/45/2553 1476/7/2555 1544/5/2556
f 1473/45/2553 1544/5/2557 1543/46/2558
f 1543/46/2559 1544/5/2556 1545/4/2560
f 1543/46/2559 1545/4/2560 1546/47/2561
f 1546/47/2562 1545/4/2563 1547/2/1842
f 1536/48/2564 1537/23/2565 1538/24/2566
f 1535/49/2567 1537/23/2565 1536/48/2568
f 1537/23/2565 1535/49/2569 1534/21/2570
f 1533/50/2571 1534/21/2570 1535/49/2569
f 1568/51/2572 1534/21/2573 1533/50/2571
f 1534/21/2573 1568/51/2572 1566/19/2574
f 1567/32/2575 1566/19/2576 1568/51/2577
f 1565/34/2578 1566/19/2579 1567/32/2575
f 1565/34/2578 1564/17/2580 1566/19/2579
f 1563/52/2581 1564/17/2582 1565/34/2578
f 1563/52/2581 1562/16/2583 1564/17/2580
f 1561/53/2584 1562/16/2585 1563/52/2586
f 1561/53/2584 1560/15/2587 1562/16/2585
f 1521/54/2588 1560/15/2589 1561/53/2590
f 1521/54/2588 1524/13/2591 1560/15/2587
f 1521/54/2588 1523/12/2592 1524/13/2591
f 1521/54/2588 1522/40/2593 1523/12/2592
f 1557/55/2594 1523/12/2595 1522/40/2593
f 1557/55/2594 1558/10/2596 1523/12/2595
f 1517/56/2597 1558/10/2598 1557/55/2599
f 1517/56/2597 1520/9/2600 1558/10/2598
f 1517/56/2597 1519/7/2601 1520/9/2602
f 1517/56/2597 1518/57/2603 1519/7/2601
f 1554/58/2604 1519/7/2601 1518/57/2603
f 1554/58/2604 1553/5/2605 1519/7/2601
f 1509/47/2606 1553/5/2607 1554/58/2608
f 1509/47/2609 1511/4/2610 1553/5/2611
f 1509/47/2606 1510/2/1649 1511/4/2612
f 1503/26/2613 1501/59/2614 1504/27/2615
f 1501/59/2616 1502/29/2617 1504/27/2618
f 1501/59/2616 1493/60/2619 1502/29/2617
f 1493/60/2620 1494/19/2621 1502/29/2622
f 1493/60/2620 1487/61/2623 1494/19/2621
f 1487/61/2624 1488/33/2625 1494/19/2626
f 1487/61/2627 1481/62/2628 1488/33/2629
f 1551/35/2630 1488/33/2625 1481/62/2628
f 1481/62/2628 1550/37/2631 1551/35/2632
f 1550/37/2633 1481/62/2634 1482/13/2635
f 1481/62/2634 1477/11/2636 1482/13/2637
f 1477/11/2636 1548/41/2638 1482/13/2637
f 1477/11/2636 1478/10/2639 1548/41/2640
f 1477/11/2641 1467/63/2642 1478/10/2643
f 1549/43/2644 1478/10/2645 1467/63/2642
f 1467/63/2646 1468/7/2647 1549/43/2648
f 1467/63/2649 1464/5/2650 1468/7/2651
f 1467/63/2646 1461/6/2652 1464/5/2650
f 1461/6/2653 1463/4/2654 1464/5/2655
f 1461/6/2653 1462/1/2656 1463/4/2654
f 1465/3/1746 1463/4/2657 1462/1/2658
f 1465/3/1746 1466/2/1746 1463/4/2659
f 1413/64/2660 1443/65/2661 1414/66/2662
f 1413/64/2660 1414/66/2662 1415/67/2663
f 1413/64/2664 1415/67/2665 1416/68/2666
f 1416/68/2667 1415/67/2665 1420/69/2668
f 1421/70/2669 1416/68/2670 1420/69/2671
f 1421/70/2672 1420/69/2668 1422/71/2673
f 1421/70/2669 1422/71/2674 1423/72/2675
f 1421/70/2672 1423/72/2675 1424/73/2676
f 1421/70/2672 1424/73/2677 1425/74/2678
f 1425/74/2679 1424/73/2676 1426/75/2680
f 1425/74/2681 1426/75/2682 1427/76/2683
f 1425/74/2681 1427/76/2683 1428/77/2684
f 1428/77/2684 1427/76/2685 1429/78/2686
f 1428/77/2687 1429/78/2686 1430/79/2688
f 1430/79/2689 1429/78/2686 1431/80/2690
f 1430/79/2689 1431/80/2691 1432/81/2692
f 1430/79/2689 1432/81/2693 1433/82/2694
f 1433/82/2695 1432/81/2693 1434/83/2696
f 1433/82/2697 1434/83/2696 1435/84/2698
f 1435/84/2698 1434/83/2696 1436/85/2699
f 1435/84/2700 1436/85/2699 1410/86/2701
f 1435/84/2700 1410/86/2701 1409/87/2702
f 1409/87/2702 1410/86/2701 1411/88/2703
f 1409/87/2702 1411/88/2704 1412/89/2704
f 1437/90/2705 1438/91/2705 1439/92/2706
f 1437/90/2705 1439/92/2707 1440/93/2708
f 1440/93/2708 1439/92/2707 1460/94/2709
f 1440/93/2708 1460/94/2709 1458/95/2710
f 1458/95/2711 1460/94/2709 1459/96/2712
f 1458/95/2711 1459/96/2712 1457/97/2713
f 1458/95/2711 1457/97/2714 1456/98/2715
f 1456/98/2716 1457/97/2714 1455/99/2717
f 1456/98/2716 1455/99/2717 1453/100/2718
f 1453/100/2718 1455/99/2717 1454/101/2719
f 1453/100/2720 1454/101/2719 1452/102/2721
f 1453/100/2718 1452/102/2721 1451/103/2722
f 1451/103/2722 1452/102/2723 1450/104/2724
f 1451/103/2722 1450/104/2724 1448/105/2725
f 1448/105/2725 1450/104/2726 1449/106/2727
f 1448/105/2728 1449/106/2729 1447/107/2730
f 1448/105/2725 1447/107/2730 1444/108/2731
f 1444/108/2732 1447/107/2730 1446/109/2733
f 1444/108/2732 1446/109/2734 1445/110/2735
f 1444/108/2731 1445/110/2736 1441/111/2737
f 1442/112/2738 1441/111/2739 1445/110/2735
f 1441/111/2740 1442/112/2741 1418/113/2742
f 1441/111/2743 1418/113/2742 1417/114/2744
f 1417/114/2745 1418/113/2742 1419/65/2746
f 1381/115/2747 1382/65/2748 1383/113/2749
f 1384/116/2750 1381/115/2751 1383/113/2749
f 1384/116/2750 1383/113/2752 1385/112/2753
f 1386/117/2754 1384/116/2755 1385/112/2756
f 1385/112/2757 1388/110/2758 1386/117/2759
f 1387/118/2760 1386/117/2759 1388/110/2758
f 1389/119/2761 1387/118/2762 1388/110/2763
f 1389/119/2761 1388/110/2764 1390/109/2765
f 1391/120/2766 1389/119/2761 1390/109/2767
f 1391/120/2766 1390/109/2767 1392/107/2768
f 1393/121/2769 1391/120/2770 1392/107/2771
f 1393/121/2769 1392/107/2771 1394/106/2772
f 1395/122/2773 1393/121/2769 1394/106/2774
f 1395/122/2775 1394/106/2776 1396/104/2777
f 1397/123/2778 1395/122/2775 1396/104/2777
f 1397/123/2779 1396/104/2780 1398/102/2781
f 1399/124/2782 1397/123/2783 1398/102/2784
f 1399/124/2782 1398/102/2784 1400/101/2785
f 1401/125/2786 1399/124/2787 1400/101/2788
f 1401/125/2786 1400/101/2788 1402/99/2789
f 1403/126/2790 1401/125/2791 1402/99/2792
f 1403/126/2790 1402/99/2789 1404/97/2793
f 1405/127/2794 1403/126/2795 1404/97/2796
f 1405/127/2794 1404/97/2796 1406/96/2797
f 1407/128/2798 1405/127/2799 1406/96/2800
f 1407/128/2798 1406/96/2800 1408/94/2801
f 1378/129/2802 1407/128/2798 1408/94/2803
f 1378/129/2804 1408/94/2803 1379/92/2805
f 1377/130/2806 1378/129/2804 1379/92/2805
f 1377/130/2807 1379/92/2805 1380/91/2807
f 1349/65/2808 1350/131/2809 1351/66/2810
f 1350/131/2811 1353/67/2812 1351/66/2813
f 1350/131/2811 1352/132/2814 1353/67/2812
f 1352/132/2815 1354/133/2816 1353/67/2817
f 1353/67/2812 1354/133/2818 1356/69/2819
f 1354/133/2818 1355/134/2820 1356/69/2819
f 1355/134/2821 1358/71/2822 1356/69/2823
f 1355/134/2824 1357/135/2825 1358/71/2826
f 1357/135/2825 1360/72/2827 1358/71/2828
f 1357/135/2825 1359/136/2829 1360/72/2830
f 1359/136/2831 1362/73/2832 1360/72/2833
f 1359/136/2831 1361/137/2834 1362/73/2835
f 1361/137/2834 1364/75/2836 1362/73/2832
f 1361/137/2834 1363/138/2837 1364/75/2838
f 1363/138/2837 1366/76/2839 1364/75/2836
f 1363/138/2837 1365/139/2840 1366/76/2841
f 1365/139/2842 1368/78/2843 1366/76/2844
f 1365/139/2842 1367/140/2845 1368/78/2843
f 1367/140/2845 1370/80/2846 1368/78/2847
f 1367/140/2845 1369/141/2848 1370/80/2846
f 1369/141/2849 1372/81/2850 1370/80/2851
f 1369/141/2849 1371/142/2852 1372/81/2850
f 1371/142/2853 1374/83/2854 1372/81/2855
f 1371/142/2853 1373/143/2856 1374/83/2854
f 1373/143/2856 1376/85/2857 1374/83/2858
f 1373/143/2856 1375/144/2859 1376/85/2857
f 1375/144/2859 1348/86/2860 1376/85/2861
f 1375/144/2859 1345/145/2862 1348/86/2863
f 1345/145/2864 1347/88/2865 1348/86/2860
f 1345/145/2866 1346/146/2867 1347/88/2867
f 1729/1/2868 1779/3/2212 1780/2/2212
f 1729/1/2868 1780/2/2212 1730/4/2869
f 1729/1/2870 1730/4/2871 1731/5/2872
f 1729/1/2870 1731/5/2872 1732/6/2873
f 1732/6/2873 1731/5/2874 1736/7/2875
f 1732/6/2876 1736/7/2877 1737/8/2878
f 1737/8/2878 1736/7/2877 1783/9/2879
f 1783/9/2880 1739/10/2881 1737/8/2882
f 1737/8/2882 1739/10/2883 1738/11/2884
f 1738/11/2885 1739/10/2886 1740/12/2887
f 1738/11/2885 1740/12/2888 1749/13/2889
f 1738/11/2885 1749/13/2889 1750/14/2890
f 1751/15/2891 1750/14/2892 1749/13/2893
f 1750/14/2894 1751/15/2895 1752/16/2896
f 1752/16/2897 1753/17/2898 1750/14/2894
f 1750/14/2894 1753/17/2899 1754/18/2900
f 1754/18/2901 1753/17/2898 1755/19/2902
f 1754/18/2903 1755/19/2904 1756/20/2905
f 1756/20/2905 1755/19/2904 1764/21/2906
f 1763/22/2907 1756/20/2908 1764/21/2909
f 1763/22/2907 1764/21/2909 1765/23/2910
f 1763/22/2911 1765/23/2912 1766/24/2913
f 1722/25/2914 1724/27/2915 1776/26/2916
f 1722/25/2917 1723/28/2918 1724/27/2915
f 1723/28/2919 1721/29/2920 1724/27/2915
f 1719/30/2921 1721/29/2920 1723/28/2919
f 1719/30/2921 1720/31/2922 1721/29/2923
f 1720/31/2922 1716/19/2924 1721/29/2923
f 1713/32/2925 1716/19/2926 1720/31/2927
f 1713/32/2925 1715/33/2928 1716/19/2929
f 1713/32/2925 1714/34/2930 1715/33/2928
f 1714/34/2930 1710/35/2931 1715/33/2928
f 1714/34/2930 1707/36/2932 1710/35/2931
f 1707/36/2933 1709/37/2934 1710/35/2935
f 1707/36/2936 1708/38/2937 1709/37/2934
f 1708/38/2938 1703/13/2939 1709/37/2940
f 1708/38/2941 1704/39/2942 1703/13/2939
f 1693/40/2943 1703/13/2944 1704/39/2942
f 1693/40/2943 1696/41/2945 1703/13/2944
f 1693/40/2943 1695/10/2946 1696/41/2947
f 1693/40/2943 1694/42/2948 1695/10/2946
f 1694/42/2949 1699/43/2950 1695/10/2951
f 1694/42/2949 1700/44/2952 1699/43/2950
f 1697/45/2953 1699/43/2950 1700/44/2952
f 1697/45/2953 1698/7/2954 1699/43/2955
f 1697/45/2953 1770/5/2956 1698/7/2954
f 1697/45/2953 1767/46/2957 1770/5/2958
f 1767/46/2959 1769/4/2960 1770/5/2956
f 1767/46/2961 1768/47/2962 1769/4/2963
f 1768/47/2964 1771/2/2259 1769/4/2965
f 1760/48/2966 1761/24/2967 1762/23/2968
f 1758/49/2969 1760/48/2970 1762/23/2968
f 1762/23/2968 1759/21/2971 1758/49/2972
f 1757/50/2973 1758/49/2972 1759/21/2971
f 1792/51/2974 1757/50/2973 1759/21/2975
f 1759/21/2975 1791/19/2976 1792/51/2977
f 1790/32/2978 1792/51/2979 1791/19/2980
f 1788/34/2981 1790/32/2978 1791/19/2982
f 1788/34/2981 1791/19/2982 1789/17/2983
f 1786/52/2984 1788/34/2981 1789/17/2985
f 1786/52/2984 1789/17/2983 1787/16/2986
f 1784/53/2987 1786/52/2988 1787/16/2989
f 1784/53/2987 1787/16/2989 1785/15/2990
f 1745/54/2991 1784/53/2992 1785/15/2993
f 1745/54/2991 1785/15/2990 1746/13/2994
f 1745/54/2991 1746/13/2995 1747/12/2996
f 1745/54/2991 1747/12/2996 1748/40/2997
f 1781/55/2998 1748/40/2997 1747/12/2999
f 1781/55/2998 1747/12/2999 1782/10/3000
f 1741/56/3001 1781/55/3002 1782/10/3003
f 1741/56/3001 1782/10/3003 1742/9/3004
f 1741/56/3001 1742/9/3005 1743/7/3006
f 1741/56/3001 1743/7/3006 1744/57/3007
f 1777/58/3008 1744/57/3007 1743/7/3006
f 1777/58/3009 1743/7/3010 1778/5/3011
f 1733/47/3012 1777/58/3008 1778/5/3013
f 1733/47/3014 1778/5/3015 1734/4/3016
f 1733/47/3012 1734/4/3017 1735/2/2060
f 1727/26/3018 1728/27/3019 1725/59/3020
f 1725/59/3021 1728/27/3022 1726/29/3023
f 1725/59/3021 1726/29/3023 1717/60/3024
f 1717/60/3025 1726/29/3026 1718/19/3027
f 1717/60/3025 1718/19/3027 1711/61/3028
f 1711/61/3029 1718/19/3030 1712/33/3031
f 1711/61/3032 1712/33/3033 1705/62/3034
f 1774/35/3035 1705/62/3034 1712/33/3031
f 1705/62/3034 1774/35/3036 1775/37/3037
f 1775/37/3038 1706/13/3039 1705/62/3040
f 1705/62/3040 1706/13/3041 1701/11/3042
f 1701/11/3042 1706/13/3041 1772/41/3043
f 1701/11/3042 1772/41/3044 1702/10/3045
f 1701/11/3046 1702/10/3047 1691/63/3048
f 1773/43/3049 1691/63/3048 1702/10/3050
f 1691/63/3051 1773/43/3052 1692/7/3053
f 1691/63/3054 1692/7/3055 1686/5/3056
f 1691/63/3051 1686/5/3056 1685/6/3057
f 1685/6/3058 1686/5/3059 1687/4/3060
f 1685/6/3058 1687/4/3060 1688/1/3061
f 1689/3/2157 1688/1/3062 1687/4/3063
f 1689/3/2157 1687/4/3060 1690/2/2157
f 1637/64/3064 1640/66/3065 1667/65/3066
f 1637/64/3064 1639/67/3067 1640/66/3065
f 1637/64/3068 1638/68/3069 1639/67/3070
f 1638/68/3071 1644/69/3072 1639/67/3070
f 1645/70/3073 1644/69/3074 1638/68/3075
f 1645/70/3076 1646/71/3077 1644/69/3072
f 1645/70/3076 1647/72/3078 1646/71/3079
f 1645/70/3073 1649/73/3080 1647/72/3078
f 1645/70/3073 1648/74/3081 1649/73/3082
f 1648/74/3083 1650/75/3084 1649/73/3080
f 1648/74/3085 1652/76/3086 1650/75/3087
f 1648/74/3083 1651/77/3088 1652/76/3086
f 1651/77/3088 1654/78/3089 1652/76/3090
f 1651/77/3091 1653/79/3092 1654/78/3089
f 1653/79/3093 1655/80/3094 1654/78/3089
f 1653/79/3093 1657/81/3095 1655/80/3096
f 1653/79/3093 1656/82/3097 1657/81/3098
f 1656/82/3099 1659/83/3100 1657/81/3098
f 1656/82/3097 1658/84/3101 1659/83/3100
f 1658/84/3101 1660/85/3102 1659/83/3100
f 1658/84/3103 1636/86/3104 1660/85/3102
f 1658/84/3105 1633/87/3106 1636/86/3104
f 1633/87/3106 1635/88/3107 1636/86/3104
f 1633/87/3106 1634/89/3108 1635/88/3108
f 1661/90/3109 1663/92/3110 1664/91/3109
f 1661/90/3111 1662/93/3112 1663/92/3113
f 1662/93/3112 1684/94/3114 1663/92/3113
f 1662/93/3112 1682/95/3115 1684/94/3114
f 1682/95/3116 1683/96/3117 1684/94/3114
f 1682/95/3116 1681/97/3118 1683/96/3117
f 1682/95/3116 1680/98/3119 1681/97/3120
f 1680/98/3121 1679/99/3122 1681/97/3120
f 1680/98/3121 1677/100/3123 1679/99/3122
f 1677/100/3123 1678/101/3124 1679/99/3122
f 1677/100/3125 1676/102/3126 1678/101/3124
f 1677/100/3123 1675/103/3127 1676/102/3128
f 1675/103/3129 1674/104/3130 1676/102/3126
f 1675/103/3129 1672/105/3131 1674/104/3130
f 1672/105/3132 1673/106/3133 1674/104/3134
f 1672/105/3135 1671/107/3136 1673/106/3137
f 1672/105/3132 1668/108/3138 1671/107/3136
f 1668/108/3139 1670/109/3140 1671/107/3136
f 1668/108/3138 1669/110/3141 1670/109/3142
f 1668/108/3139 1665/111/3143 1669/110/3144
f 1666/112/3145 1669/110/3141 1665/111/3146
f 1665/111/3147 1643/113/3148 1666/112/3149
f 1665/111/3150 1641/114/3151 1643/113/3148
f 1641/114/3152 1642/65/3153 1643/113/3148
f 1605/115/3154 1606/113/3155 1607/65/3156
f 1608/116/3157 1606/113/3155 1605/115/3158
f 1608/116/3157 1609/112/3159 1606/113/3160
f 1610/117/3161 1609/112/3162 1608/116/3163
f 1609/112/3164 1610/117/3165 1612/110/3166
f 1611/118/3167 1612/110/3166 1610/117/3165
f 1613/119/3168 1612/110/3169 1611/118/3170
f 1613/119/3168 1614/109/3171 1612/110/3172
f 1615/120/3173 1614/109/3174 1613/119/3168
f 1615/120/3173 1616/107/3175 1614/109/3174
f 1617/121/3176 1616/107/3177 1615/120/3178
f 1617/121/3176 1618/106/3179 1616/107/3177
f 1619/122/3180 1618/106/3179 1617/121/3176
f 1619/122/3181 1620/104/3182 1618/106/3179
f 1621/123/3183 1620/104/3182 1619/122/3181
f 1621/123/3183 1622/102/3184 1620/104/3185
f 1623/124/3186 1622/102/3187 1621/123/3188
f 1623/124/3186 1624/101/3189 1622/102/3187
f 1625/125/3190 1624/101/3191 1623/124/3186
f 1625/125/3190 1626/99/3192 1624/101/3191
f 1627/126/3193 1626/99/3194 1625/125/3195
f 1627/126/3193 1628/97/3196 1626/99/3192
f 1629/127/3197 1628/97/3198 1627/126/3199
f 1629/127/3197 1630/96/3200 1628/97/3198
f 1631/128/3201 1630/96/3202 1629/127/3203
f 1631/128/3201 1632/94/3204 1630/96/3202
f 1604/129/3205 1632/94/3206 1631/128/3201
f 1604/129/3207 1603/92/3208 1632/94/3206
f 1601/130/3209 1603/92/3208 1604/129/3210
f 1601/130/3211 1602/91/3211 1603/92/3208
f 1573/65/3212 1574/66/3213 1575/131/3214
f 1575/131/3215 1574/66/3216 1576/67/3217
f 1575/131/3215 1576/67/3217 1577/132/3218
f 1577/132/3219 1576/67/3220 1578/133/3221
f 1576/67/3217 1579/69/3222 1578/133/3223
f 1578/133/3223 1579/69/3222 1580/134/3224
f 1580/134/3225 1579/69/3222 1581/71/3226
f 1580/134/3227 1581/71/3228 1582/135/3229
f 1582/135/3229 1581/71/3230 1583/72/3231
f 1582/135/3229 1583/72/3232 1584/136/3233
f 1584/136/3234 1583/72/3235 1585/73/3236
f 1584/136/3237 1585/73/3236 1586/137/3238
f 1586/137/3238 1585/73/3236 1587/75/3239
f 1586/137/3238 1587/75/3240 1588/138/3241
f 1588/138/3241 1587/75/3239 1589/76/3242
f 1588/138/3241 1589/76/3243 1590/139/3244
f 1590/139/3245 1589/76/3246 1591/78/3247
f 1590/139/3245 1591/78/3247 1592/140/3248
f 1592/140/3248 1591/78/3249 1593/80/3250
f 1592/140/3248 1593/80/3250 1594/141/3251
f 1594/141/3252 1593/80/3253 1595/81/3254
f 1594/141/3252 1595/81/3254 1596/142/3255
f 1596/142/3256 1595/81/3257 1597/83/3258
f 1596/142/3256 1597/83/3258 1598/143/3259
f 1598/143/3260 1597/83/3261 1599/85/3262
f 1598/143/3259 1599/85/3262 1600/144/3263
f 1600/144/3263 1599/85/3264 1570/86/3265
f 1600/144/3263 1570/86/3266 1569/145/3267
f 1569/145/3268 1570/86/3265 1571/88/3269
f 1569/145/3270 1571/88/3271 1572/146/3271
f 1957/147/3272 1959/148/3273 1960/149/3274
f 1957/147/3272 1958/150/3275 1959/148/3273
f 1953/147/3276 1955/151/3277 1956/149/3278
f 1953/147/3276 1954/152/3279 1955/151/3277
f 1949/153/3280 1951/154/3281 1952/155/3282
f 1949/153/3280 1950/156/3283 1951/154/3281
f 1945/153/3284 1947/154/3285 1948/155/3286
f 1945/153/3284 1946/156/3287 1947/154/3285
f 1941/155/3288 1943/156/3289 1944/154/3290
f 1941/155/3288 1942/153/3291 1943/156/3289
f 1937/157/3277 1939/158/3292 1940/159/3278
f 1937/157/3293 1938/160/3290 1939/158/3292
f 1933/155/3294 1935/156/3295 1936/154/3296
f 1933/155/3294 1934/153/3297 1935/156/3295
f 1929/159/3278 1931/160/3298 1932/157/3276
f 1929/159/3299 1930/158/3296 1931/160/3298
f 1925/161/3291 1927/162/3296 1928/163/3289
f 1925/161/3291 1926/164/3294 1927/162/3296
f 1921/158/3300 1923/157/3301 1924/160/3285
f 1921/158/3300 1922/159/3279 1923/157/3276
f 1917/159/3279 1919/160/3302 1920/157/3277
f 1917/159/3303 1918/158/3280 1919/160/3302
f 1913/159/3304 1915/160/3305 1916/157/3274
f 1913/159/3306 1914/158/3291 1915/160/3305
f 1909/158/3307 1911/157/3308 1912/160/3281
f 1909/158/3307 1910/159/3272 1911/157/3309
f 1905/160/3310 1907/159/3311 1908/158/3284
f 1905/160/3310 1906/157/3275 1907/159/3312
f 1901/157/3313 1903/158/3314 1904/159/3273
f 1901/157/3315 1902/160/3297 1903/158/3314
f 1897/161/3297 1899/162/3285 1900/163/3295
f 1897/161/3297 1898/164/3286 1899/162/3285
f 1893/161/3281 1895/162/3290 1896/163/3282
f 1893/161/3281 1894/164/3288 1895/162/3290
f 1889/161/3284 1891/162/3280 1892/163/3287
f 1889/161/3284 1890/164/3283 1891/162/3280
f 1885/165/3316 1887/166/3317 1888/167/3318
f 1885/165/3319 1886/168/3316 1887/166/3320
f 1881/169/3320 1883/170/3321 1884/171/3321
f 1881/169/3320 1882/172/3322 1883/170/3323
f 1877/171/3321 1879/172/3319 1880/169/3319
f 1877/171/3321 1878/170/3321 1879/172/3319
f 1873/171/3324 1875/172/3325 1876/169/3325
f 1873/171/3324 1874/170/3324 1875/172/3325
f 1869/167/3326 1871/168/3327 1872/166/3328
f 1869/167/3329 1870/165/3330 1871/168/3331
f 1865/173/3327 1867/174/3332 1868/175/3327
f 1865/173/3333 1866/176/3332 1867/174/3332
f 1861/176/3332 1863/175/3326 1864/174/3332
f 1861/176/3332 1862/173/3326 1863/175/3334
f 1857/169/3335 1859/170/3324 1860/171/3324
f 1857/169/3335 1858/172/3336 1859/170/3337
f 1853/177/3338 1855/178/3339 1856/179/3340
f 1853/177/3340 1854/180/3339 1855/178/3341
f 1849/169/3342 1851/170/3343 1852/172/3342
f 1849/169/3344 1850/171/3343 1851/170/3343
f 1845/171/3345 1847/172/3346 1848/170/3345
f 1845/171/3343 1846/169/3346 1847/172/3347
f 1841/165/3348 1843/166/3349 1844/167/3350
f 1841/165/3325 1842/168/3348 1843/166/3335
f 1837/180/3351 1839/181/3352 1840/177/3353
f 1837/180/3354 1838/178/3351 1839/181/3353
f 1833/173/3355 1835/174/3356 1836/176/3356
f 1833/173/3357 1834/175/3355 1835/174/3358
f 1829/176/3356 1831/175/3359 1832/173/3359
f 1829/176/3360 1830/174/3360 1831/175/3359
f 1825/176/3361 1827/175/3362 1828/174/3361
f 1825/176/3361 1826/173/3362 1827/175/3363
f 1821/180/3364 1823/181/3365 1824/177/3366
f 1821/180/3367 1822/178/3364 1823/181/3366
f 1817/173/3368 1819/174/3369 1820/176/3369
f 1817/173/3370 1818/175/3368 1819/174/3371
f 1813/176/3369 1815/175/3372 1816/173/3372
f 1813/176/3373 1814/174/3373 1815/175/3372
f 1809/173/3374 1811/174/3361 1812/175/3374
f 1809/173/3375 1810/176/3361 1811/174/3361
f 1805/177/3376 1807/178/3377 1808/179/3378
f 1805/177/3378 1806/180/3377 1807/178/3379
f 1801/169/3380 1803/170/3381 1804/172/3380
f 1801/169/3382 1802/171/3381 1803/170/3381
f 1797/171/3383 1799/172/3384 1800/170/3383
f 1797/171/3381 1798/169/3384 1799/172/3385
f 1793/167/3362 1795/168/3374 1796/166/3386
f 1793/167/3387 1794/165/3388 1795/168/3389
f 2180/182/3390 1983/183/3391 2086/184/3392
f 2179/185/3393 1983/183/3391 2180/182/3394
f 2179/185/3393 1981/186/3395 1983/183/3391
f 1981/186/3395 1982/187/3396 1983/183/3391
f 1983/183/3391 1982/187/3397 1984/188/3392
f 2167/189/3398 2179/185/3399 2180/182/3394
f 2166/190/3400 2179/185/3401 2167/189/3402
f 2166/190/3403 2178/191/3404 2179/185/3401
f 2178/191/3405 1981/186/3406 2179/185/3407
f 2178/191/3405 1979/192/3408 1981/186/3406
f 1979/192/3408 1980/193/3409 1981/186/3406
f 1981/186/3395 1980/193/3410 1982/187/3411
f 1980/193/3412 1996/194/3413 1982/187/3411
f 1982/187/3397 1996/194/3413 1997/195/3392
f 2167/189/3398 2180/182/3394 2168/196/3414
f 2154/197/3415 2167/189/3398 2168/196/3414
f 2152/198/3416 2167/189/3417 2154/197/3415
f 2152/198/3416 2166/190/3403 2167/189/3417
f 2150/199/3418 2166/190/3400 2152/198/3419
f 2150/199/3418 2165/200/3420 2166/190/3400
f 2165/200/3421 2178/191/3422 2166/190/3400
f 2165/200/3421 2177/201/3423 2178/191/3405
f 2177/201/3424 1979/192/3425 2178/191/3405
f 2168/196/3414 2180/182/3390 2073/202/3392
f 2181/203/3426 2169/204/3427 2075/205/3428
f 2169/204/3429 2181/203/3426 1965/206/3430
f 2169/204/3429 1965/206/3430 2171/207/3431
f 2158/208/3432 2169/204/3429 2171/207/3433
f 2169/204/3427 2158/208/3432 2170/209/3428
f 2171/207/3434 1965/206/3435 1967/210/3436
f 2171/207/3434 1967/210/3436 2172/211/3437
f 2159/212/3438 2171/207/3439 2172/211/3440
f 2158/208/3432 2171/207/3433 2159/212/3441
f 2136/213/3442 2158/208/3432 2159/212/3441
f 2158/208/3432 2136/213/3443 2049/214/3428
f 1965/206/3435 1966/215/3444 1967/210/3436
f 1967/210/3445 1966/215/3444 1968/216/3446
f 1967/210/3447 1968/216/3446 1969/217/3448
f 2172/211/3437 1967/210/3447 1969/217/3448
f 2172/211/3437 1969/217/3448 2173/218/3449
f 2160/219/3450 2172/211/3451 2173/218/3452
f 2159/212/3438 2172/211/3440 2160/219/3453
f 2138/220/3454 2159/212/3455 2160/219/3450
f 2136/213/3442 2159/212/3441 2138/220/3456
f 1965/206/3435 1964/221/3457 1966/215/3444
f 1964/221/3458 1988/222/3459 1966/215/3460
f 1966/215/3444 1988/222/3459 1989/223/3461
f 1966/215/3444 1989/223/3461 1968/216/3462
f 1968/216/3463 1989/223/3464 1990/224/3465
f 1968/216/3463 1990/224/3466 1970/225/3467
f 1969/217/3468 1968/216/3469 1970/225/3467
f 1969/217/3468 1970/225/3467 1971/226/3470
f 2173/218/3471 1969/217/3468 1971/226/3472
f 1962/203/3426 1964/221/3473 1965/206/3430
f 1962/203/3426 1961/227/3474 1964/221/3473
f 1961/227/3474 1987/228/3475 1964/221/3476
f 1964/221/3458 1987/228/3477 1988/222/3459
f 1987/228/3478 2001/229/3479 1988/222/3480
f 1988/222/3459 2001/229/3481 2002/230/3482
f 1988/222/3459 2002/230/3482 1989/223/3483
f 1989/223/3484 2002/230/3485 2003/231/3486
f 1989/223/3484 2003/231/3486 1990/224/3465
f 1961/227/3487 1962/203/3426 1963/232/3428
f 2156/233/3488 2168/196/3414 2060/234/3392
f 2154/197/3489 2168/196/3414 2156/233/3490
f 2155/235/3491 2154/197/3492 2156/233/3490
f 2153/236/3493 2154/197/3494 2155/235/3495
f 2153/236/3493 2152/198/3496 2154/197/3494
f 2151/237/3497 2152/198/3496 2153/236/3498
f 2151/237/3497 2150/199/3499 2152/198/3496
f 2155/235/3491 2156/233/3500 2157/238/3501
f 2157/238/3501 2156/233/3488 2047/239/3392
f 2149/240/3502 2150/199/3503 2151/237/3504
f 2149/240/3502 2148/241/3505 2150/199/3503
f 2148/241/3505 2165/200/3506 2150/199/3507
f 2148/241/3505 2164/242/3508 2165/200/3506
f 2164/242/3508 2177/201/3509 2165/200/3510
f 2164/242/3511 2176/243/3512 2177/201/3509
f 2176/243/3512 1977/244/3513 2177/201/3514
f 2177/201/3424 1977/244/3515 1979/192/3516
f 2147/245/3517 2148/241/3518 2149/240/3502
f 2147/245/3517 2146/246/3519 2148/241/3520
f 2146/246/3519 2164/242/3511 2148/241/3505
f 2146/246/3519 2163/247/3521 2164/242/3511
f 2163/247/3521 2176/243/3522 2164/242/3511
f 2163/247/3521 2175/248/3523 2176/243/3512
f 2175/248/3523 1975/249/3524 2176/243/3512
f 2176/243/3512 1975/249/3525 1977/244/3513
f 1975/249/3524 1976/250/3526 1977/244/3513
f 1977/244/3515 1976/250/3527 1978/251/3528
f 1977/244/3515 1978/251/3528 1979/192/3516
f 1979/192/3529 1978/251/3528 1980/193/3409
f 2145/252/3530 2146/246/3519 2147/245/3517
f 2145/252/3530 2144/253/3531 2146/246/3519
f 2144/253/3531 2163/247/3521 2146/246/3519
f 2144/253/3532 2162/254/3533 2163/247/3521
f 2162/254/3533 2175/248/3523 2163/247/3521
f 2162/254/3533 2174/255/3534 2175/248/3523
f 2174/255/3535 1973/256/3536 2175/248/3523
f 2175/248/3523 1973/256/3536 1975/249/3524
f 1973/256/3536 1974/257/3537 1975/249/3524
f 1975/249/3524 1974/257/3538 1976/250/3526
f 2143/258/3539 2144/253/3531 2145/252/3540
f 2143/258/3539 2142/259/3541 2144/253/3531
f 2142/259/3542 2162/254/3533 2144/253/3531
f 2142/259/3542 2161/260/3543 2162/254/3544
f 2161/260/3545 2174/255/3534 2162/254/3544
f 2161/260/3545 2173/218/3546 2174/255/3534
f 2173/218/3471 1971/226/3472 2174/255/3534
f 2174/255/3547 1971/226/3472 1973/256/3536
f 1971/226/3472 1972/261/3548 1973/256/3536
f 1973/256/3536 1972/261/3548 1974/257/3549
f 2141/262/3550 2142/259/3551 2143/258/3552
f 2141/262/3553 2140/263/3554 2142/259/3551
f 2140/263/3554 2161/260/3555 2142/259/3556
f 2140/263/3557 2160/219/3558 2161/260/3555
f 2160/219/3450 2173/218/3452 2161/260/3559
f 2139/264/3560 2140/263/3554 2141/262/3561
f 2139/264/3560 2138/220/3562 2140/263/3554
f 2138/220/3454 2160/219/3453 2140/263/3563
f 2137/265/3564 2138/220/3565 2139/264/3566
f 2137/265/3564 2136/213/3442 2138/220/3565
f 2136/213/3567 2137/265/3564 2026/266/3428
f 1971/226/3472 1970/225/3467 1972/261/3548
f 1970/225/3467 1991/267/3568 1972/261/3548
f 1972/261/3548 1991/267/3568 1992/268/3569
f 1972/261/3548 1992/268/3569 1974/257/3538
f 1974/257/3538 1992/268/3570 1993/269/3571
f 1974/257/3538 1993/269/3571 1976/250/3572
f 1976/250/3573 1993/269/3574 1994/270/3575
f 1976/250/3573 1994/270/3575 1978/251/3576
f 1970/225/3577 1990/224/3466 1991/267/3568
f 1990/224/3466 2004/271/3578 1991/267/3568
f 1991/267/3568 2004/271/3578 2005/272/3579
f 1991/267/3568 2005/272/3579 1992/268/3569
f 1992/268/3569 2005/272/3580 2006/273/3581
f 1992/268/3570 2006/273/3581 1993/269/3582
f 1993/269/3583 2006/273/3584 2007/274/3585
f 1993/269/3583 2007/274/3585 1994/270/3575
f 1994/270/3586 2007/274/3587 2008/275/3588
f 1994/270/3575 2008/275/3588 1995/276/3589
f 1978/251/3590 1994/270/3586 1995/276/3591
f 1978/251/3590 1995/276/3591 1980/193/3592
f 1990/224/3466 2003/231/3486 2004/271/3578
f 2003/231/3593 2017/277/3594 2004/271/3578
f 2004/271/3578 2017/277/3594 2018/278/3595
f 2004/271/3578 2018/278/3595 2005/272/3580
f 2005/272/3580 2018/278/3596 2019/279/3597
f 2005/272/3580 2019/279/3597 2006/273/3598
f 2006/273/3599 2019/279/3600 2020/280/3601
f 2006/273/3599 2020/280/3602 2007/274/3585
f 2007/274/3585 2020/280/3603 2021/281/3604
f 2007/274/3585 2021/281/3604 2008/275/3605
f 2003/231/3606 2016/282/3607 2017/277/3594
f 2002/230/3608 2016/282/3607 2003/231/3486
f 2002/230/3608 2015/283/3609 2016/282/3607
f 2001/229/3610 2015/283/3611 2002/230/3612
f 2001/229/3610 2014/284/3613 2015/283/3611
f 2000/285/3614 2014/284/3615 2001/229/3610
f 2000/285/3614 2013/286/3616 2014/284/3615
f 1998/287/3617 2013/286/3618 2000/285/3619
f 1998/287/3620 2011/288/3621 2013/286/3618
f 2011/288/3621 1998/287/3622 2012/289/3428
f 1987/228/3478 2000/285/3623 2001/229/3479
f 1985/290/3624 2000/285/3625 1987/228/3475
f 1985/290/3624 1998/287/3617 2000/285/3625
f 1998/287/3622 1985/290/3624 1999/291/3428
f 1961/227/3474 1985/290/3624 1987/228/3475
f 1985/290/3624 1961/227/3626 1986/292/3428
f 2008/275/3627 2021/281/3628 2022/293/3629
f 2008/275/3627 2022/293/3629 2009/294/3630
f 1995/276/3631 2008/275/3632 2009/294/3630
f 1995/276/3631 2009/294/3630 1996/194/3413
f 1980/193/3412 1995/276/3631 1996/194/3413
f 2009/294/3633 2022/293/3629 2023/295/3392
f 1996/194/3413 2009/294/3634 2010/296/3392
f 2121/294/3635 2134/297/3501 2135/298/3392
f 2120/275/3636 2134/297/3501 2121/294/3637
f 2120/275/3636 2133/299/3491 2134/297/3501
f 2119/274/3638 2133/299/3495 2120/275/3639
f 2119/274/3638 2132/300/3493 2133/299/3495
f 2118/273/3640 2132/300/3641 2119/274/3638
f 2118/273/3640 2131/301/3497 2132/300/3498
f 2109/276/3642 2120/275/3643 2121/294/3637
f 2108/270/3644 2120/275/3645 2109/276/3646
f 2108/270/3644 2119/274/3647 2120/275/3645
f 2107/269/3648 2119/274/3638 2108/270/3644
f 2107/269/3648 2118/273/3649 2119/274/3638
f 2106/268/3650 2118/273/3651 2107/269/3652
f 2106/268/3653 2117/272/3654 2118/273/3651
f 2117/272/3654 2131/301/3504 2118/273/3655
f 2117/272/3654 2130/302/3656 2131/301/3504
f 2109/276/3642 2121/294/3637 2110/194/3657
f 2097/193/3658 2109/276/3642 2110/194/3657
f 2096/251/3659 2109/276/3660 2097/193/3661
f 2096/251/3659 2108/270/3662 2109/276/3660
f 2095/250/3663 2108/270/3644 2096/251/3664
f 2095/250/3663 2107/269/3665 2108/270/3644
f 2094/257/3666 2107/269/3667 2095/250/3668
f 2094/257/3666 2106/268/3650 2107/269/3667
f 2110/194/3657 2121/294/3669 2122/303/3392
f 2123/304/3564 2111/287/3670 2124/305/3428
f 2111/287/3671 2123/304/3564 2125/306/3566
f 2111/287/3672 2125/306/3566 2112/285/3673
f 2100/290/3674 2111/287/3672 2112/285/3675
f 2111/287/3670 2100/290/3674 1999/291/3428
f 2112/285/3676 2125/306/3560 2126/307/3561
f 2112/285/3676 2126/307/3561 2113/229/3677
f 2101/228/3678 2112/285/3679 2113/229/3680
f 2100/290/3674 2112/285/3675 2101/228/3681
f 2087/227/3682 2100/290/3674 2101/228/3681
f 2100/290/3674 2087/227/3683 1986/292/3428
f 2113/229/3677 2126/307/3550 2127/308/3552
f 2113/229/3677 2127/308/3552 2114/230/3684
f 2102/222/3685 2113/229/3686 2114/230/3687
f 2101/228/3678 2113/229/3680 2102/222/3688
f 2089/221/3689 2101/228/3690 2102/222/3685
f 2087/227/3682 2101/228/3681 2089/221/3691
f 2074/203/3692 2087/227/3682 2089/221/3693
f 2087/227/3694 2074/203/3692 2088/232/3428
f 2114/230/3695 2127/308/3539 2128/309/3530
f 2114/230/3695 2128/309/3530 2115/231/3696
f 2103/223/3697 2114/230/3698 2115/231/3696
f 2102/222/3685 2114/230/3687 2103/223/3699
f 2090/215/3700 2102/222/3685 2103/223/3701
f 2089/221/3689 2102/222/3685 2090/215/3702
f 2076/206/3703 2089/221/3704 2090/215/3700
f 2074/203/3692 2089/221/3693 2076/206/3705
f 2061/310/3706 2074/203/3692 2076/206/3705
f 2074/203/3692 2061/310/3707 2075/205/3428
f 2115/231/3708 2128/309/3530 2129/311/3517
f 2115/231/3709 2129/311/3517 2116/271/3710
f 2104/224/3711 2115/231/3696 2116/271/3710
f 2103/223/3697 2115/231/3696 2104/224/3712
f 2091/216/3713 2103/223/3714 2104/224/3712
f 2090/215/3700 2103/223/3701 2091/216/3715
f 2077/210/3716 2090/215/3700 2091/216/3717
f 2076/206/3703 2090/215/3700 2077/210/3718
f 2063/312/3719 2076/206/3703 2077/210/3718
f 2061/310/3706 2076/206/3705 2063/312/3720
f 2048/208/3721 2061/310/3706 2063/312/3722
f 2061/310/3707 2048/208/3721 2062/209/3428
f 2116/271/3710 2129/311/3517 2130/302/3502
f 2116/271/3710 2130/302/3502 2117/272/3654
f 2105/267/3723 2116/271/3710 2117/272/3724
f 2104/224/3711 2116/271/3710 2105/267/3723
f 2092/225/3725 2104/224/3711 2105/267/3723
f 2091/216/3713 2104/224/3711 2092/225/3726
f 2078/217/3727 2091/216/3728 2092/225/3726
f 2077/210/3729 2091/216/3717 2078/217/3730
f 2064/313/3731 2077/210/3729 2078/217/3730
f 2063/312/3719 2077/210/3718 2064/313/3731
f 2050/212/3732 2063/312/3733 2064/313/3734
f 2048/208/3721 2063/312/3722 2050/212/3735
f 2024/213/3736 2048/208/3721 2050/212/3735
f 2048/208/3721 2024/213/3737 2049/214/3428
f 2105/267/3723 2117/272/3724 2106/268/3653
f 2093/261/3738 2105/267/3723 2106/268/3653
f 2092/225/3726 2105/267/3723 2093/261/3738
f 2079/226/3739 2092/225/3726 2093/261/3738
f 2078/217/3727 2092/225/3726 2079/226/3740
f 2065/314/3741 2078/217/3727 2079/226/3739
f 2064/313/3731 2078/217/3730 2065/314/3742
f 2051/219/3743 2064/313/3744 2065/314/3745
f 2050/212/3732 2064/313/3734 2051/219/3746
f 2027/220/3747 2050/212/3748 2051/219/3743
f 2024/213/3736 2050/212/3735 2027/220/3749
f 2025/265/3621 2024/213/3736 2027/220/3750
f 2024/213/3751 2025/265/3621 2026/266/3428
f 2093/261/3738 2106/268/3653 2094/257/3666
f 2080/256/3752 2093/261/3738 2094/257/3753
f 2079/226/3739 2093/261/3738 2080/256/3752
f 2066/315/3754 2079/226/3739 2080/256/3752
f 2065/314/3741 2079/226/3739 2066/315/3755
f 2052/260/3756 2065/314/3757 2066/315/3755
f 2051/219/3743 2065/314/3745 2052/260/3758
f 2029/263/3759 2051/219/3760 2052/260/3761
f 2027/220/3747 2051/219/3743 2029/263/3762
f 2028/264/3616 2027/220/3763 2029/263/3764
f 2025/265/3621 2027/220/3750 2028/264/3618
f 2080/256/3752 2094/257/3765 2081/249/3766
f 2067/316/3767 2080/256/3752 2081/249/3766
f 2066/315/3768 2080/256/3752 2067/316/3767
f 2053/254/3769 2066/315/3755 2067/316/3767
f 2052/260/3756 2066/315/3755 2053/254/3770
f 2031/259/3771 2052/260/3772 2053/254/3770
f 2029/263/3764 2052/260/3761 2031/259/3773
f 2030/262/3774 2029/263/3764 2031/259/3775
f 2028/264/3616 2029/263/3764 2030/262/3615
f 2081/249/3766 2094/257/3666 2095/250/3776
f 2081/249/3766 2095/250/3776 2082/244/3777
f 2068/317/3778 2081/249/3779 2082/244/3777
f 2067/316/3767 2081/249/3766 2068/317/3778
f 2054/247/3780 2067/316/3767 2068/317/3778
f 2053/254/3769 2067/316/3767 2054/247/3780
f 2033/253/3781 2053/254/3769 2054/247/3780
f 2031/259/3771 2053/254/3769 2033/253/3782
f 2032/258/3609 2031/259/3783 2033/253/3782
f 2030/262/3613 2031/259/3775 2032/258/3611
f 2082/244/3784 2095/250/3785 2096/251/3786
f 2082/244/3784 2096/251/3786 2083/192/3787
f 2069/318/3788 2082/244/3784 2083/192/3787
f 2068/317/3778 2082/244/3777 2069/318/3789
f 2055/242/3790 2068/317/3778 2069/318/3791
f 2054/247/3780 2068/317/3792 2055/242/3790
f 2035/246/3793 2054/247/3780 2055/242/3790
f 2033/253/3782 2054/247/3780 2035/246/3793
f 2034/252/3607 2033/253/3782 2035/246/3793
f 2032/258/3609 2033/253/3782 2034/252/3794
f 2083/192/3795 2096/251/3786 2097/193/3796
f 2083/192/3797 2097/193/3796 2084/186/3798
f 2070/319/3799 2083/192/3797 2084/186/3798
f 2069/318/3788 2083/192/3800 2070/319/3799
f 2056/200/3801 2069/318/3802 2070/319/3799
f 2055/242/3803 2069/318/3791 2056/200/3804
f 2037/241/3805 2055/242/3803 2056/200/3806
f 2035/246/3793 2055/242/3790 2037/241/3805
f 2036/245/3594 2035/246/3793 2037/241/3807
f 2034/252/3607 2035/246/3793 2036/245/3594
f 2084/186/3808 2097/193/3809 2098/187/3810
f 2084/186/3808 2098/187/3811 2085/183/3812
f 2071/320/3813 2084/186/3808 2085/183/3812
f 2070/319/3799 2084/186/3798 2071/320/3814
f 2057/190/3815 2070/319/3816 2071/320/3817
f 2056/200/3801 2070/319/3818 2057/190/3819
f 2039/199/3820 2056/200/3821 2057/190/3819
f 2037/241/3805 2056/200/3806 2039/199/3822
f 2038/240/3595 2037/241/3805 2039/199/3823
f 2036/245/3594 2037/241/3824 2038/240/3595
f 2097/193/3658 2110/194/3657 2098/187/3810
f 2098/187/3825 2110/194/3657 1997/195/3392
f 2085/183/3812 2098/187/3825 2099/188/3392
f 2038/240/3595 2039/199/3823 2040/237/3597
f 2040/237/3600 2039/199/3826 2041/198/3827
f 2040/237/3600 2041/198/3827 2042/236/3601
f 2042/236/3603 2041/198/3827 2043/197/3828
f 2042/236/3603 2043/197/3828 2044/235/3604
f 2044/235/3628 2043/197/3829 2045/233/3830
f 2044/235/3628 2045/233/3831 2046/238/3629
f 2046/238/3629 2045/233/3832 2047/239/3392
f 2039/199/3820 2057/190/3819 2041/198/3833
f 2041/198/3834 2057/190/3815 2058/189/3835
f 2041/198/3834 2058/189/3835 2043/197/3836
f 2043/197/3836 2058/189/3837 2059/196/3838
f 2043/197/3839 2059/196/3838 2045/233/3830
f 2045/233/3832 2059/196/3838 2060/234/3392
f 2057/190/3819 2071/320/3817 2058/189/3840
f 2058/189/3837 2071/320/3841 2072/321/3842
f 2058/189/3837 2072/321/3842 2059/196/3838
f 2059/196/3838 2072/321/3843 2073/202/3392
f 2071/320/3813 2085/183/3812 2072/321/3842
f 2072/321/3843 2085/183/3812 2086/184/3392
o model_2713
v 1.060660 1.500000 -1.060660
v 0.815040 1.321212 -0.815040
v 0.688617 1.500000 -0.941462
v 0.688617 1.500000 -0.941462
v 0.815040 1.321212 -0.815040
v 0.646899 1.500000 -0.646899
v 0.941462 1.500000 -0.688617
v 0.815040 1.678788 -0.815040
v 0.646899 1.500000 -0.646899
v 0.688617 1.500000 -0.941462
v 0.646899 1.500000 -0.646899
v 0.815040 1.678788 -0.815040
v 0.941462 1.500000 -0.688617
v 1.060660 1.500000 -1.060660
v 0.815040 1.678788 -0.815040
v 0.688617 1.500000 -0.941462
v 0.815040 1.678788 -0.815040
v 1.060660 1.500000 -1.060660
v 1.060660 1.500000 -1.060660
v 0.941462 1.500000 -0.688617
v 0.815040 1.321212 -0.815040
v 0.941462 1.500000 -0.688617
v 0.646899 1.500000 -0.646899
v 0.815040 1.321212 -0.815040
v -1.060660 1.500000 1.060660
v -0.941462 1.500000 0.688617
v -0.815040 1.321212 0.815040
v -0.941462 1.500000 0.688617
v -0.646899 1.500000 0.646899
v -0.815040 1.321212 0.815040
v -0.688617 1.500000 0.941462
v -0.646899 1.500000 0.646899
v -0.815040 1.678788 0.815040
v -0.941462 1.500000 0.688617
v -0.815040 1.678788 0.815040
v -0.646899 1.500000 0.646899
v -0.688617 1.500000 0.941462
v -0.815040 1.678788 0.815040
v -1.060660 1.500000 1.060660
v -0.941462 1.500000 0.688617
v -1.060660 1.500000 1.060660
v -0.815040 1.678788 0.815040
v -1.060660 1.500000 1.060660
v -0.815040 1.321212 0.815040
v -0.688617 1.500000 0.941462
v -0.688617 1.500000 0.941462
v -0.815040 1.321212 0.815040
v -0.646899 1.500000 0.646899
v -1.060660 1.500000 -1.060660
v -0.688617 1.500000 -0.941462
v -0.815040 1.321212 -0.815040
v -0.688617 1.500000 -0.941462
v -0.646899 1.500000 -0.646899
v -0.815040 1.321212 -0.815040
v -0.941462 1.500000 -0.688617
v -0.646899 1.500000 -0.646899
v -0.815040 1.678788 -0.815040
v -0.688617 1.500000 -0.941462
v -0.815040 1.678788 -0.815040
v -0.646899 1.500000 -0.646899
v -0.941462 1.500000 -0.688617
v -0.815040 1.678788 -0.815040
v -1.060660 1.500000 -1.060660
v -0.688617 1.500000 -0.941462
v -1.060660 1.500000 -1.060660
v -0.815040 1.678788 -0.815040
v -1.060660 1.500000 -1.060660
v -0.815040 1.321212 -0.815040
v -0.941462 1.500000 -0.688617
v -0.941462 1.500000 -0.688617
v -0.815040 1.321212 -0.815040
v -0.646899 1.500000 -0.646899
v 1.060660 1.500000 1.060660
v 0.815040 1.321212 0.815040
v 0.941462 1.500000 0.688617
v 0.941462 1.500000 0.688617
v 0.815040 1.321212 0.815040
v 0.646899 1.500000 0.646899
v 0.688617 1.500000 0.941462
v 0.815040 1.678788 0.815040
v 0.646899 1.500000 0.646899
v 0.941462 1.500000 0.688617
v 0.646899 1.500000 0.646899
v 0.815040 1.678788 0.815040
v 0.688617 1.500000 0.941462
v 1.060660 1.500000 1.060660
v 0.815040 1.678788 0.815040
v 0.941462 1.500000 0.688617
v 0.815040 1.678788 0.815040
v 1.060660 1.500000 1.060660
v 1.060660 1.500000 1.060660
v 0.688617 1.500000 0.941462
v 0.815040 1.321212 0.815040
v 0.688617 1.500000 0.941462
v 0.646899 1.500000 0.646899
v 0.815040 1.321212 0.815040
vn 0.1095 -0.6243 0.7734
vn 0.7117 -0.6645 0.2280
vn -0.2280 0.6645 -0.7117
vn 0.7117 0.6645 0.2280
vn -0.7734 0.6243 -0.1095
vn 0.1095 0.6244 0.7734
vn -0.7734 -0.6244 -0.1095
vn -0.2280 -0.6645 -0.7117
vn 0.7734 -0.6243 0.1095
vn 0.2280 -0.6645 0.7117
vn -0.7117 0.6645 -0.2280
vn 0.2280 0.6645 0.7117
vn -0.1095 0.6243 -0.7734
vn 0.7734 0.6244 0.1095
vn -0.1095 -0.6244 -0.7734
vn -0.7117 -0.6645 -0.2280
vn -0.1095 -0.6244 0.7734
vn -0.7117 -0.6645 0.2280
vn 0.2280 0.6645 -0.7117
vn -0.7117 0.6645 0.2280
vn 0.7734 0.6244 -0.1095
vn -0.1095 0.6244 0.7734
vn 0.7734 -0.6244 -0.1095
vn 0.2280 -0.6645 -0.7117
vn -0.7734 -0.6244 0.1095
vn -0.2280 -0.6645 0.7117
vn 0.7117 0.6645 -0.2280
vn -0.2280 0.6645 0.7117
vn 0.1095 0.6243 -0.7734
vn -0.7734 0.6243 0.1095
vn 0.1095 -0.6244 -0.7734
vn 0.7117 -0.6645 -0.2280
vt 0.558850 0.193346
vt 0.399544 0.118223
vt 0.558850 0.043545
vt 0.795853 0.118223
vt 0.575313 0.193346
vt 0.575313 0.043545
vt 0.558850 0.043546
vt 0.399544 0.118224
vt 0.575313 0.043546
s 0
usemtl surface_000.001
f 2203/322/3844 2204/323/3844 2205/324/3844
f 2200/325/3845 2201/326/3845 2202/327/3845
f 2197/327/3846 2198/326/3846 2199/325/3846
f 2194/327/3847 2195/325/3847 2196/326/3847
f 2191/324/3848 2192/323/3848 2193/322/3848
f 2188/324/3849 2189/322/3849 2190/323/3849
f 2185/322/3850 2186/328/3850 2187/329/3850
f 2182/325/3851 2183/330/3851 2184/326/3851
f 2227/322/3852 2228/324/3852 2229/323/3852
f 2224/325/3853 2225/327/3853 2226/326/3853
f 2221/327/3854 2222/325/3854 2223/326/3854
f 2218/327/3855 2219/326/3855 2220/325/3855
f 2215/324/3856 2216/322/3856 2217/323/3856
f 2212/324/3857 2213/323/3857 2214/322/3857
f 2209/322/3858 2210/329/3858 2211/328/3858
f 2206/325/3859 2207/326/3859 2208/330/3859
f 2251/322/3860 2252/324/3860 2253/323/3860
f 2248/325/3861 2249/327/3861 2250/326/3861
f 2245/327/3862 2246/325/3862 2247/326/3862
f 2242/327/3863 2243/326/3863 2244/325/3863
f 2239/324/3864 2240/322/3864 2241/323/3864
f 2236/324/3865 2237/323/3865 2238/322/3865
f 2233/322/3866 2234/329/3866 2235/328/3866
f 2230/325/3867 2231/326/3867 2232/330/3867
f 2275/322/3868 2276/323/3868 2277/324/3868
f 2272/325/3869 2273/326/3869 2274/327/3869
f 2269/327/3870 2270/326/3870 2271/325/3870
f 2266/327/3871 2267/325/3871 2268/326/3871
f 2263/324/3872 2264/323/3872 2265/322/3872
f 2260/324/3873 2261/322/3873 2262/323/3873
f 2257/322/3874 2258/328/3874 2259/329/3874
f 2254/325/3875 2255/330/3875 2256/326/3875
